course_name,current_round,date_end,date_start,event_id,event_name,last_updated,multi_course,tour_x,tz_offset,am,country,dg_id,dg_rank,owgr_rank,player_name,player_num,pre_tourn_pageviews,tour_rank,r1_course,r2_course,r3_teetime,r3_course,r4_teetime,r4_course,Birthday,c_exp,player_age,std_dev,skill_est,ema_8_great_shots,max_skill,sma_50_max_skill,tour_y,Date,age_squared,adj_skill_est,delta_adj_skill_est,delta_sg_putt,delta_sg_ott,dsle,consecutive_weeks_played,sample,relative_consecutive_weeks,relative_dsle,course_adjustment,putt_adj,app_adj,dd_adj,acc_adj,arg_adj,course_history_raw,comp_adj_skill_est,comp_max_skill,comp_ema_sg_adj,comp_putt,comp_ott,comp_max_skill_50,comp_6m_sg,comp_sma20_sg,pred_step2,comp_sma50_sg,comp_sma6m_sg,majors_history_raw,links_adj,comp_age,comp_relative_dsle,comp_c_exp,comp_c_adj,comp_c_hist,comp_major,comp_links,pred,r1_teetime,r2_teetime
Colonial Country Club,1,2026-05-31,2026-05-28,21,Charles Schwab Challenge,2026-05-26 00:41:04 UTC,no,pga,-18000,0,SWE,23950,5.0,13.0,"aberg, ludvig",52955,703,6.0,0.0,0.0,0.0,0.0,0.0,0.0,1999-10-31,-6.5,26,3.0321127396628307,1.829182076156579,0.5291620524178668,1.94196489416066,1.7412,pga,2026-05-17,676,1.829182076156579,0.1999999999999999,-0.19,0.2199999999999999,7.0,3.0,41.0,0.8769230769230769,3.9538461538461536,-0.0524046348745845,0.0361036121772751,0.0001810252978368,0.0110474232485093,0.0130851932400346,-0.1128218888382405,0.0,0.9598376766532498,,0.2266132074675695,-0.0072528881003265,0.1138220793411584,0.3674363533117908,0.148310494637026,,1.8144175426022195,-0.0190190807499495,-0.0327037489973186,11.606757144893251,0.0251800084519753,0.0573734490390198,-0.0513999999999999,-0.0416,-0.0275124333091568,0.0,0.0,0.0,1.6939051092930628,2026-05-28 12:24,2026-05-29 07:44
Colonial Country Club,1,2026-05-31,2026-05-28,21,Charles Schwab Challenge,2026-05-26 00:41:04 UTC,no,pga,-18000,0,USA,19846,94.0,159.0,"bauchou, zach",48001,328,77.0,0.0,0.0,0.0,0.0,0.0,0.0,1996-01-01,-6.5,30,3.0,-2.5,0.6541620524178668,0.1469444444444445,0.1413793103448276,pga,2026-05-18,900,-2.5,0.2299999999999999,-0.11,-0.01,0.0,2.0,45.0,-0.123076923076923,-3.0461538461538464,0.0,0.0,0.0,0.0,0.0,0.0,0.0,0.0307034924789364,0.0042319597241308,0.2086698346655525,-0.0013747241474796,0.0110416765683584,,,-0.0013539385755927,0.2917779535663759,-0.0070031783885536,0.0213115773080379,-2.6800633315034075,0.0,0.0255512539329856,0.03564,-0.03575,0.0,0.0,-0.0,0.0,0.2916679535663759,2026-05-28 13:08,2026-05-29 08:28
Colonial Country Club,1,2026-05-31,2026-05-28,21,Charles Schwab Challenge,2026-05-26 00:41:04 UTC,no,pga,-18000,0,RSA,18103,59.0,91.0,"bezuidenhout, christiaan",45522,303,89.0,0.0,0.0,0.0,0.0,0.0,0.0,1994-05-18,11.5,32,2.3,0.6920895891462187,0.5291620524178668,1.2024297193622373,1.028,pga,2026-05-18,1024,0.6920895891462187,0.09,0.17,-0.42,2.0,3.0,50.0,0.8769230769230769,-1.0461538461538464,-0.0751122310853101,0.0409134795826916,5.1146645438416e-05,-0.0148338972585458,-0.0019162638083681,-0.0993266962465262,15.205995981629128,0.3507794759430117,,0.0689691151153112,-0.0235612780240627,-0.0752804942800798,0.2169334776042504,0.0641919894653476,,0.5868696528096293,-0.0092897019935727,-0.0118766923795363,6.90256996254224,0.0794554318585559,0.0060037613589599,0.0136,0.0736,-0.0394339213197878,0.0760299799081456,0.0,0.0,0.7106657113979872,2026-05-28 07:00,2026-05-29 11:40
Colonial Country Club,1,2026-05-31,2026-05-28,21,Charles Schwab Challenge,2026-05-26 00:41:04 UTC,no,pga,-18000,0,USA,26096,34.0,26.0,"bhatia, akshay",56630,519,10.0,0.0,0.0,0.0,0.0,0.0,0.0,2002-01-31,3.5,24,3.07557691962486,1.0874824721909382,-0.2208379475821331,1.4612419125796994,1.0296,pga,2026-05-15,576,1.0874824721909382,-0.2,-0.25,-0.05,9.0,0.0,48.0,-2.123076923076923,5.953846153846154,-0.0029639640774906,0.0673086687583137,0.0001519379948366,-0.0007490074681345,-0.0369601337515848,-0.0327154296109216,-2.3326801827374792,0.5958359647757503,,0.0324811798234326,-0.0255029960981659,-0.0488694154063127,0.2173133222148416,0.0996888744676273,,0.9126703094876478,-0.0125417688448393,-0.0185294763915025,-8.884778276346674,-0.0267900657862778,0.0727946249468162,-0.0774,0.0224,-0.0015560811406825,-0.0116634009136873,-0.0,-0.0,0.8444508274332777,2026-05-28 12:35,2026-05-29 07:55
Colonial Country Club,1,2026-05-31,2026-05-28,21,Charles Schwab Challenge,2026-05-26 00:41:04 UTC,no,pga,-18000,0,USA,17639,161.0,199.0,"blair, zac",40058,91,165.0,0.0,0.0,0.0,0.0,0.0,0.0,1990-08-20,5.5,35,2.379516469582507,0.0304616227017789,-0.5958379475821332,0.0421997022077154,-0.0366,pga,2026-05-18,1225,0.0304616227017789,0.21,0.0,0.0,0.0,4.0,43.0,1.876923076923077,-3.0461538461538464,0.0928510980338315,-0.0325231107972243,0.0001195806757175,-0.0141680505473396,0.0808988894531655,0.0585237892495124,-11.439358163175678,0.00335385690123,0.0012153398571041,-0.0896571361151601,0.0136800908504464,-0.0573126226980831,,,-0.0058670671609019,-0.1657696593677033,-0.0115902516327327,0.0121054722645118,6.428192867983726,0.0,-0.0316973416341178,0.03564,0.03025,0.0441042715660699,-0.1143935816317567,0.0,0.0,-0.1701689694333901,2026-05-28 07:00,2026-05-29 11:40
Colonial Country Club,1,2026-05-31,2026-05-28,21,Charles Schwab Challenge,2026-05-26 00:41:04 UTC,no,pga,-18000,0,USA,24956,177.0,110.0,"blanchet, chandler",54788,103,84.0,0.0,0.0,0.0,0.0,0.0,0.0,1995-02-01,-6.5,31,2.9471112329724165,-0.0229990653256225,-0.7208379475821332,0.3819243834746473,0.1024,pga,2026-05-18,961,-0.0229990653256225,0.18,0.09,-0.0199999999999999,2.0,4.0,42.0,1.876923076923077,-1.0461538461538464,0.1629985068695683,-0.0211417337435384,3.741359234254759e-05,-0.0056528253288019,0.0691347314946061,0.1206209208549599,0.0,-0.0222526058784875,0.0110351162087311,-0.1068097856448255,0.0026067458227729,0.0227223549543007,,,-0.0248222072192006,-0.1223569272374381,-0.0045378448383491,-0.0166546536305377,3.479862007285381,0.0,0.0163559529881577,0.01224,-0.03575,0.0774242907630449,0.0,0.0,0.0,-0.0684426364743931,2026-05-28 13:08,2026-05-29 08:28
Colonial Country Club,1,2026-05-31,2026-05-28,21,Charles Schwab Challenge,2026-05-26 00:41:04 UTC,no,pga,-18000,0,USA,13872,44.0,35.0,"bradley, keegan",33141,287,82.0,0.0,0.0,0.0,0.0,0.0,0.0,1986-06-07,1.5,39,2.990602579511948,0.9568293061604204,-0.4708379475821331,1.4832308145433144,1.2553999999999998,pga,2026-05-15,1521,0.9568293061604204,-0.0499999999999999,0.21,0.09,9.0,0.0,45.0,-2.123076923076923,5.953846153846154,-0.0545121228228996,0.0227150210282623,1.703302197923804e-05,0.0037089413040982,0.0141665452662794,-0.0951196634435189,14.615373795327564,0.5105261103544327,,0.0517372535572613,-0.0136721072345618,0.0529723807343739,0.2649205134089261,0.0946713554707,,0.8359252834052813,-0.0092821127694853,-0.008482856440225,18.158269723472788,-0.2147742604822792,-0.1074652536761405,-0.0774,0.0096,-0.0286188644820222,0.0730768689766378,0.0,-0.0,0.8125832878998968,2026-05-28 07:44,2026-05-29 12:24
Colonial Country Club,1,2026-05-31,2026-05-28,21,Charles Schwab Challenge,2026-05-26 00:41:04 UTC,no,pga,-18000,0,USA,29197,122.0,60.0,"brennan, michael",61522,103,125.0,0.0,0.0,0.0,0.0,0.0,0.0,2002-06-01,-6.5,23,2.5788550186445454,0.2227673436671199,1.0291620524178668,0.4625787639125214,0.1636,pga,2026-05-18,529,0.2227673436671199,-0.91,0.12,0.0,2.0,2.0,44.0,-0.123076923076923,-1.0461538461538464,0.11175522778427,-0.0283470143103337,1.860607972973243e-05,0.0149924736624514,0.0017697265587105,0.123321435793712,0.0,0.1178396304524702,0.0133215772856655,-0.0736269905679846,0.0021074054972122,0.1369044216705296,,,0.0442286601360302,0.3050167488997796,-0.0047654678060792,0.0012072988335006,-0.3401306526444489,0.0,0.0678002133984349,0.01224,-0.03575,0.0530837331975282,0.0,-0.0,0.0,0.3345904820973078,2026-05-28 12:35,2026-05-29 07:55
Colonial Country Club,1,2026-05-31,2026-05-28,21,Charles Schwab Challenge,2026-05-26 00:41:04 UTC,no,pga,-18000,0,ENG,20766,169.0,109.0,"brown, dan",57259,74,132.0,0.0,0.0,0.0,0.0,0.0,0.0,1995-01-01,-6.5,31,2.3,0.142419425871497,0.0,0.3449542869414761,0.0227999999999999,euro,2025-12-21,961,0.142419425871497,0.13,-0.27,0.0399999999999999,0.0,4.0,39.0,1.876923076923077,-3.0461538461538464,0.0659448460484917,0.0013396144356471,4.55367330618802e-05,-0.0009256799335692,0.0122330502776023,0.0532523245357495,0.0,-0.2270574041284896,0.0063359397003999,-0.0462558249768461,0.0125993372140087,0.0105813204202065,,,-0.0662928443308753,-0.3300956422937146,0.0212237896272883,-0.0556701418462251,-0.289190483023293,0.2401636918981784,0.0144401860268179,0.03564,-0.03575,0.0313238018730335,0.0,-0.0,0.0,-0.298881840420681,2026-05-28 13:30,2026-05-29 08:50
Colonial Country Club,1,2026-05-31,2026-05-28,21,Charles Schwab Challenge,2026-05-26 00:41:04 UTC,no,pga,-18000,0,USA,18628,343.0,111.0,"campbell, brian",46443,87,144.0,0.0,0.0,0.0,0.0,0.0,0.0,1993-05-23,-4.5,33,3.2,-0.7215489141576328,-0.3458379475821331,0.4943252169258131,0.1624,pga,2026-05-17,1089,-0.7215489141576328,-0.4,0.22,-0.29,7.0,4.0,43.0,1.876923076923077,3.9538461538461536,0.0601830639896387,0.030812819198369,-0.0001199271580835,-0.0237533577139361,0.0426038896933937,0.0106396399698956,-1.0397734416723412,-0.3036289375615545,0.0142230151555726,-0.2418552011214696,-0.0147624879187085,-0.125739067331026,,,-0.1214031589448177,-0.8243383780962976,0.0278010143569066,-0.057167123798812,4.22820380894327,-0.0575922938773371,-0.0018064309323881,-0.0462599999999999,-0.0247499999999999,0.0285869553950783,-0.0103977344167234,0.0,-0.0,-0.8771591571179427,2026-05-28 08:06,2026-05-29 12:46
Colonial Country Club,1,2026-05-31,2026-05-28,21,Charles Schwab Challenge,2026-05-26 00:41:04 UTC,no,pga,-18000,0,USA,27819,113.0,93.0,"castillo, ricky",59440,99,54.0,0.0,0.0,0.0,0.0,0.0,0.0,2001-02-01,-2.5,25,2.3775373640952155,0.1927812048401124,-0.4708379475821331,0.68465044811912,0.3246,pga,2026-05-15,625,0.1927812048401124,-0.29,0.08,-0.52,9.0,0.0,47.0,-2.123076923076923,5.953846153846154,-0.0313500909320365,0.0173041702347803,-5.113799189720294e-05,0.0047705075181185,-0.0096530998541616,-0.0437205308388766,-0.9954199703854708,0.1058067676233448,0.0197177452482344,-0.0835573678511402,-0.0011371233480185,0.0085337662090237,,,0.044138397564324,0.1651031291347845,-0.0184365343750647,0.0275333046814595,-3.487802967913873,0.0,0.0625041733826215,-0.06966,-0.0137499999999999,-0.0148912931927173,-0.0099541997038547,-0.0,0.0,0.0568476362382124,2026-05-28 07:33,2026-05-29 12:13
Colonial Country Club,1,2026-05-31,2026-05-28,21,Charles Schwab Challenge,2026-05-26 00:41:04 UTC,no,pga,-18000,0,USA,14502,61.0,67.0,"cauley, bud",34021,508,57.0,0.0,0.0,0.0,0.0,0.0,0.0,1990-03-16,7.5,36,2.525313030370798,0.6288602113455454,-0.4708379475821331,0.8472122133869852,0.6165999999999999,pga,2026-05-17,1296,0.6288602113455454,-0.0699999999999999,0.16,-0.1,7.0,4.0,50.0,1.876923076923077,3.9538461538461536,-0.0939646326484459,-0.024510765481062,0.0001097641899933,-0.0042780813060917,0.0046087221915768,-0.0698942722428623,10.282977812282144,0.3324815358672014,,0.0931139040792571,0.0035066420230805,0.0638917140902897,0.1301178816058179,0.0378593107589911,,0.5991849171485333,-0.0055904947888724,-0.0075411861672537,-3.396820080897545,-0.005390388865768,-0.0486543903199784,-0.0513999999999999,0.048,-0.0493314321404341,0.0514148890614107,-0.0,-0.0,0.5978683740695099,,
Colonial Country Club,1,2026-05-31,2026-05-28,21,Charles Schwab Challenge,2026-05-26 00:41:04 UTC,no,pga,-18000,0,USA,30620,328.0,294.0,"chatfield, davis",59006,50,172.0,0.0,0.0,0.0,0.0,0.0,0.0,1999-06-01,-6.5,27,2.3,-0.6591591928773378,-1.0958379475821332,0.090499800813656,-0.2092,pga,2026-05-18,729,-0.6591591928773378,-0.54,0.0,0.0,2.0,1.0,29.0,-1.123076923076923,-1.0461538461538464,-0.0051196823230471,-0.0275645290009264,-0.0001178922126376,-0.0086139438904178,0.0713941836397623,-0.0402175008588275,0.0,-0.2791523307774227,0.0025849799050305,-0.1820544468446525,0.0124107369778274,-0.0338327413955176,,,-0.1088566614776581,-0.5705819315444925,0.0127967920975616,-0.0465121483637459,0.0,0.0,0.0520338883340849,0.01224,-0.03575,-0.0024318491034473,0.0,0.0,0.0,-0.5965237806479399,2026-05-28 08:50,2026-05-29 13:30
Colonial Country Club,1,2026-05-31,2026-05-28,21,Charles Schwab Challenge,2026-05-26 00:41:04 UTC,no,pga,-18000,0,USA,32330,300.0,238.0,"clanton, luke",66743,145,137.0,0.0,0.0,0.0,0.0,0.0,0.0,2003-11-05,-6.5,22,2.535346643160501,-0.9151395540213968,0.7791620524178668,1.01,1.01,pga,2026-05-18,484,-0.9151395540213968,0.19,-0.26,-0.13,0.0,2.0,30.0,-0.123076923076923,-3.0461538461538464,0.0623311760418325,-0.0610942732335742,7.82606621655936e-05,0.0029682491297502,0.0042091768308098,0.1161697626526809,0.0,-0.369153576116366,0.028799725910909,-0.0395774745271624,0.0160033841258542,-0.0845681115142223,,,-0.1334983435534464,-0.5999496914086007,0.0237722589607689,-0.0716367504366666,0.0,0.0,0.0299091957417309,0.03564,-0.03575,0.0296073086198704,0.0,0.0,0.0,-0.5704523827887301,2026-05-28 08:50,2026-05-29 13:30
Colonial Country Club,1,2026-05-31,2026-05-28,21,Charles Schwab Challenge,2026-05-26 00:41:04 UTC,no,pga,-18000,0,USA,21756,67.0,117.0,"cole, eric",47591,294,81.0,0.0,0.0,0.0,0.0,0.0,0.0,1988-06-12,1.5,37,2.5426860188084377,0.5372090980344623,0.2791620524178668,1.239088852308764,0.9788,pga,2026-05-18,1369,0.5372090980344623,0.28,0.08,0.0499999999999999,0.0,2.0,41.0,-0.123076923076923,-3.0461538461538464,-0.1575913048478874,0.0362153339205132,6.936624452326535e-05,-0.0033043162287249,-0.0728226765584306,-0.1177490122257683,-2.0864554690037203,0.2153716364439722,0.0356854193257552,0.1847440075919889,-0.016371499707091,-0.1090769231628436,,,0.0640864259113908,0.31893833930284,-0.017196866382724,0.0206907055740972,10.01858285460368,0.0067366832119681,-0.0589945662917056,0.0396,0.0096,-0.0827354350451408,-0.0104322773450186,0.0,0.0,0.2749706269126805,2026-05-28 11:51,2026-05-29 07:11
Colonial Country Club,1,2026-05-31,2026-05-28,21,Charles Schwab Challenge,2026-05-26 00:41:04 UTC,no,pga,-18000,0,USA,28309,63.0,56.0,"coody, pierceson",59836,291,44.0,0.0,0.0,0.0,0.0,0.0,0.0,2000-01-07,3.5,26,2.812473592032884,0.4908090052532573,1.0291620524178668,0.940801363076882,0.5758,pga,2026-05-18,676,0.4908090052532573,0.0399999999999999,0.09,-0.02,0.0,5.0,52.0,2.876923076923077,-3.0461538461538464,0.1248404507136847,0.0006809910526467,1.955322557292436e-05,0.0115208747853845,-0.0064797752453484,0.1190988068954289,16.27923503947595,0.2687993908608331,,0.0690107823536174,-0.0210808496364328,0.1131930205837668,0.1208327911247021,0.0547948970222879,,0.6425643091607919,-0.0094831474234963,-0.0123701627289713,-2.4904286197144785,0.0,0.058867587004485,0.03564,0.01925,0.0592992140890002,0.1627923503947595,-0.0,0.0,0.9195458736445516,2026-05-28 08:28,2026-05-29 13:08
Colonial Country Club,1,2026-05-31,2026-05-28,21,Charles Schwab Challenge,2026-05-26 00:41:04 UTC,no,pga,-18000,0,USA,27780,210.0,209.0,"crowe, trace",52514,58,143.0,0.0,0.0,0.0,0.0,0.0,0.0,1996-10-09,-6.5,29,2.7,-0.2495557483310119,-0.9291712809154666,-0.0059208233802414,-0.2434,pga,2026-05-18,841,-0.2495557483310119,-0.1699999999999999,-0.03,-0.09,2.0,1.0,15.0,-1.123076923076923,-1.0461538461538464,-0.1071057906561388,-0.0068258795164955,-5.9301056299085206e-05,0.0026360808338228,-0.0690207065741914,-0.0338359843429755,0.0,-0.1120151416304444,-0.0001769385271021,-0.128905496002939,0.0065442769997652,-0.0649079265603147,,,-0.0464207511631804,-0.3387927065409958,0.0006234582543462,-0.0259814419657303,0.0,0.0,0.0324472540546038,0.01224,-0.03575,-0.0508752505616659,0.0,0.0,0.0,-0.4131779571026617,2026-05-28 08:50,2026-05-29 13:30
Colonial Country Club,1,2026-05-31,2026-05-28,21,Charles Schwab Challenge,2026-05-26 00:41:04 UTC,no,pga,-18000,0,USA,14509,249.0,202.0,"dahmen, joel",34076,54,106.0,0.0,0.0,0.0,0.0,0.0,0.0,1987-11-11,19.5,38,2.662206773002004,-0.4138732619133778,-0.4708379475821331,1.0630111122475323,0.6338,pga,2026-05-18,1444,-0.4138732619133778,-0.32,0.0499999999999999,-0.22,2.0,1.0,33.0,-1.123076923076923,-1.0461538461538464,0.087916848320253,-0.0320602505140906,3.929615746460809e-05,-0.0066914375284005,0.044160232801815,0.0824690074034646,-9.76111568694175,-0.168455976270406,0.0306144286604868,-0.2782012548037001,0.0129673476156088,-0.0118593240553743,,,-0.0168791009090564,-0.4964809185980414,0.0085310056641959,-0.0058865004495401,-0.2211291401173909,-0.063428908724144,-0.0673115440502559,0.01224,0.10725,0.0417605029521201,-0.0976111568694175,-0.0,-0.0,-0.4328415725153386,2026-05-28 11:51,2026-05-29 07:11
Colonial Country Club,1,2026-05-31,2026-05-28,21,Charles Schwab Challenge,2026-05-26 00:41:04 UTC,no,pga,-18000,0,AUS,17786,0.0,262.0,"davis, cameron",45157,54,197.0,0.0,0.0,0.0,0.0,0.0,0.0,1995-02-21,11.5,31,3.2,-1.5544744132639148,0.4041620524178668,1.124458990221918,0.7678,pga,2026-05-18,961,-1.5544744132639148,0.04,-0.09,0.07,2.0,1.0,34.0,-1.123076923076923,-1.0461538461538464,0.0195067095668091,-0.0126327132270578,-0.0001316277312505,-0.001708821302127,-0.040881057751665,0.0748609295789096,-3.421791343715143,-0.7218984892840047,0.0323835923130577,-0.2974795783289916,0.0061278050805239,-0.1230112853785441,,,-0.249937061054424,-1.4185221841923568,0.0462805606107897,-0.1282919762730442,2.3193858109023022,-0.0394579974820971,0.0173042481222807,0.01224,0.06325,0.0092656870442343,-0.0342179134371514,0.0,-0.0,-1.367984410585274,2026-05-28 07:44,2026-05-29 12:24
Colonial Country Club,1,2026-05-31,2026-05-28,21,Charles Schwab Challenge,2026-05-26 00:41:04 UTC,no,pga,-18000,0,CHN,16757,135.0,187.0,"dou, zecheng",37338,74,104.0,0.0,0.0,0.0,0.0,0.0,0.0,1997-01-22,-2.5,29,2.664978789543728,0.0013670129149064,0.5291620524178668,0.2718647602300157,0.021,pga,2026-05-18,841,0.0013670129149064,-0.09,0.11,-0.21,2.0,1.0,41.0,-1.123076923076923,-1.0461538461538464,-0.1266369602364636,-0.0098944052216345,3.8064146852556245e-05,0.0028750610196588,-0.0633749136620297,-0.0562807665193106,-0.4727849566196193,0.0002928747594609,0.0078295933650268,0.0165576219008458,0.0009132484911557,-0.0801500666894217,,,0.009838620315974,-0.0205432606773224,-0.0161233036244315,0.0061908190293706,0.0,0.0,0.0341073317746967,0.01224,-0.0137499999999999,-0.0601525561123202,-0.0047278495661961,0.0,0.0,-0.0869336663558388,2026-05-28 13:08,2026-05-29 08:28
Colonial Country Club,1,2026-05-31,2026-05-28,21,Charles Schwab Challenge,2026-05-26 00:41:04 UTC,no,pga,-18000,0,BEL,22002,116.0,161.0,"dumont de chassart, adrien",50497,113,95.0,0.0,0.0,0.0,0.0,0.0,0.0,2000-03-01,-6.5,26,2.3,0.2226534191196443,-0.4708379475821331,0.43,0.43,pga,2026-05-18,676,0.2226534191196443,-0.3199999999999999,0.04,-0.41,2.0,1.0,39.0,-1.123076923076923,-1.0461538461538464,-0.1275976997546643,-0.0143081814979774,-3.4568360931754257e-05,0.00432542741113,-0.053858144521653,-0.063722232785232,0.0,0.100858021733858,0.0121485510480207,-0.0038739982547462,-0.0040050170614341,-0.0538616693337657,,,0.044138397564324,0.1544382536265937,-0.0153648355169606,0.0172076018320732,0.0,0.0,0.0571912016152242,0.01224,-0.03575,-0.0606089073834655,0.0,0.0,0.0,0.0703193462431281,2026-05-28 08:50,2026-05-29 13:30
Colonial Country Club,1,2026-05-31,2026-05-28,21,Charles Schwab Challenge,2026-05-26 00:41:04 UTC,no,pga,-18000,0,USA,28270,339.0,308.0,"dunlap, nick",59866,63,171.0,0.0,0.0,0.0,0.0,0.0,0.0,2003-12-23,-6.5,22,2.9307351488981417,-0.9773289401896158,-0.4708379475821331,0.6417159272133469,0.3903125,pga,2026-05-18,484,-0.9773289401896158,0.31,-0.0199999999999999,0.3400000000000001,2.0,1.0,23.0,-1.123076923076923,-1.0461538461538464,-0.0318674394257094,0.0016938385672877,3.577960534949785e-05,-0.0060033912242185,-0.0519070739935915,0.0243134076194633,0.0,-0.474503539051678,0.0184812428164092,-0.0671053114628563,0.0014158147868915,-0.151378698834534,,,-0.1917177023039352,-0.8378810177131957,0.0266804418915474,-0.0758548953344327,-21.92218309764229,0.0,0.0761016297793925,0.01224,-0.03575,-0.0151370337272119,0.0,-0.0,0.0,-0.8765280514404076,2026-05-28 07:00,2026-05-29 11:40
Colonial Country Club,1,2026-05-31,2026-05-28,21,Charles Schwab Challenge,2026-05-26 00:41:04 UTC,no,pga,-18000,0,COL,22833,171.0,51.0,"echavarria, nicolas",51349,128,35.0,0.0,0.0,0.0,0.0,0.0,0.0,1994-08-04,-0.5,31,3.2,-0.0960238535792046,-0.3458379475821331,0.6427304347099492,0.3772,pga,2026-05-15,961,-0.0960238535792046,0.1099999999999999,-0.1599999999999999,-0.18,9.0,0.0,44.0,-2.123076923076923,5.953846153846154,0.0770760418324785,0.025834590566215,-3.370659013182839e-05,-0.008343809285476,-0.0087299740606645,0.0683489412025359,-1.913300328607772,-0.0408104804788827,0.0185104603542459,-0.1256104326220732,-0.0050123355902252,-0.0925796826895215,,,-0.014712799188108,-0.2559271596867538,0.0035168896918149,-0.0117276293053575,-13.269352034592222,0.0349696511401835,0.0124988501413536,-0.06966,-0.00275,0.0366111198704272,-0.0191330032860777,-0.0,0.0,-0.3108590431024042,2026-05-28 07:33,2026-05-29 12:13
Colonial Country Club,1,2026-05-31,2026-05-28,21,Charles Schwab Challenge,2026-05-26 00:41:04 UTC,no,pga,-18000,0,USA,26653,108.0,171.0,"eckroat, austin",57362,247,99.0,0.0,0.0,0.0,0.0,0.0,0.0,1999-01-12,3.5,27,2.3748346705949928,0.3310029313464703,0.5291620524178668,0.7784374407081582,0.4724,pga,2026-05-18,729,0.3310029313464703,0.01,-0.06,-0.0999999999999999,0.0,2.0,38.0,-0.123076923076923,-3.0461538461538464,0.0785108662772873,-0.0092774258897971,0.0001186687089709,-0.000147688416178,-0.0111031331669543,0.0989204450412459,2.610225654703048,0.1467859850930779,0.0224187849311844,0.0646850781061956,-0.0030721262731118,-0.0177752441084898,,,0.0344803023917623,0.305361514414008,-0.0059274432027333,0.0144643593273556,-2.2665994790642188,-0.0309788513625022,0.0493018181487671,0.03564,0.01925,0.0372926614817114,0.0261022565470304,-0.0,-0.0,0.4236464324427499,2026-05-28 08:28,2026-05-29 13:08
Colonial Country Club,1,2026-05-31,2026-05-28,21,Charles Schwab Challenge,2026-05-26 00:41:04 UTC,no,pga,-18000,0,CAN,21883,203.0,212.0,"ewart, a.j.",50286,121,85.0,0.0,0.0,0.0,0.0,0.0,0.0,1995-01-01,-6.5,31,2.4429072717689344,-0.0374847842764378,0.6541620524178668,0.6308357267375401,0.5069230769230769,pga,2026-05-18,961,-0.0374847842764378,-0.53,-0.0399999999999999,0.0999999999999999,0.0,2.0,41.0,-0.123076923076923,-3.0461538461538464,-0.0061456919758905,0.0156532398054606,-3.9742568958613255e-05,-0.003443381258351,-0.0117181963666664,-0.0065976115873751,0.0,0.0518012490847979,0.0181678960248502,0.0675025767829308,-0.0152638398048224,-0.0470868758699192,,,0.0202188160621852,0.149684022956315,-0.0103415841224421,0.0119848594958981,0.0,0.0,0.0527009253028364,0.03564,-0.03575,-0.0029192036885479,0.0,0.0,0.0,0.146654819267767,2026-05-28 13:30,2026-05-29 08:50
Colonial Country Club,1,2026-05-31,2026-05-28,21,Charles Schwab Challenge,2026-05-26 00:41:04 UTC,no,pga,-18000,0,USA,11676,115.0,103.0,"finau, tony",29725,472,75.0,0.0,0.0,0.0,0.0,0.0,0.0,1989-09-14,19.5,36,3.0428997681611083,-0.2079430781484104,1.1541620524178668,1.9728075854306049,1.8806,pga,2026-05-18,1296,-0.2079430781484104,0.31,-0.02,0.14,0.0,2.0,48.0,-0.123076923076923,-3.0461538461538464,-0.160524092627532,0.0034240524616221,2.221179005679095e-06,-0.0005204845343124,-0.0371214299828698,-0.1263084517509775,13.757816939193662,-0.0094823335030902,0.0568287794672961,0.1466314123009562,0.0034795264486818,-0.0108218049752112,,,0.0104704583179173,0.1643987800316684,-0.001444431398378,0.0117881450994687,9.083247916223469,0.0241203040271608,-0.0430509717259723,0.03564,0.10725,-0.0762489439980777,0.1375781693919366,0.0,0.0,0.3686180054255273,2026-05-28 12:35,2026-05-29 07:55
Colonial Country Club,1,2026-05-31,2026-05-28,21,Charles Schwab Challenge,2026-05-26 00:41:04 UTC,no,pga,-18000,0,USA,26657,132.0,132.0,"fisk, steven",57123,76,101.0,0.0,0.0,0.0,0.0,0.0,0.0,1997-04-17,-2.5,29,2.3,-0.002645076312612,0.1541620524178668,0.2541768497279949,0.0426,pga,2026-05-18,841,-0.002645076312612,-0.08,0.0799999999999999,-0.02,0.0,4.0,44.0,1.876923076923077,-3.0461538461538464,-0.0129742678965225,0.0026239191446211,-3.155991461775704e-05,0.0035376257795403,0.0183926330926304,-0.0374968859986967,-1.7714724566512683,0.0200446481579749,0.0073202195722949,0.0641771812207092,-0.0158913283703315,0.0158307547065947,,,0.013268598040809,0.1420545913256592,-0.0025936687729429,0.0033486801484486,-3.546254493037952,0.0,0.0365495066221021,0.03564,-0.0137499999999999,-0.0061627772508481,-0.0177147245665126,-0.0,0.0,0.1400670895082983,2026-05-28 07:44,2026-05-29 12:24
Colonial Country Club,1,2026-05-31,2026-05-28,21,Charles Schwab Challenge,2026-05-26 00:41:04 UTC,no,pga,-18000,0,USA,12965,15.0,38.0,"fowler, rickie",32102,998,19.0,0.0,0.0,0.0,0.0,0.0,0.0,1988-12-13,17.5,37,2.737747422376926,1.3802989672692112,-0.3458379475821331,1.8606103650794563,1.74375,pga,2026-05-17,1369,1.3802989672692112,0.02,-0.14,-0.0299999999999999,7.0,4.0,45.0,1.876923076923077,3.9538461538461536,0.067013832350523,0.0562237845662337,0.0001075254507894,-0.0029177685449408,0.0147219878579015,-0.0011216969794609,0.6632796611569582,0.7377031959415931,,0.1151442467304176,-0.0088880023181673,0.0360535168415448,0.4051675846305067,0.1226752445742779,,1.2963060417519805,-0.0189097041383552,-0.0260059005789122,20.620991182027684,-0.0337606810516027,-0.0666341399309253,-0.0513999999999999,0.112,0.0351822619840245,0.0033163983057847,0.0,-0.0,1.39540470204179,2026-05-28 12:13,2026-05-29 07:33
Colonial Country Club,1,2026-05-31,2026-05-28,21,Charles Schwab Challenge,2026-05-26 00:41:04 UTC,no,pga,-18000,0,USA,11451,363.0,407.0,"garnett, brice",29535,39,157.0,0.0,0.0,0.0,0.0,0.0,0.0,1983-09-06,9.5,42,2.90676017114249,-0.9047618062271146,0.5291620524178668,0.4435316590466689,0.2576,pga,2026-05-18,1764,-0.9047618062271146,0.15,-0.1699999999999999,0.09,2.0,1.0,32.0,-1.123076923076923,-1.0461538461538464,0.0255705174814536,0.0023521460935855,-8.84554539673853e-05,-0.0130718171575011,0.0300489265828372,0.0063297174164994,6.46355930106181,-0.4171175984454001,0.0127735903617449,-0.2390971512225212,0.0077408399900128,-0.081043295036582,,,-0.1545295227609874,-1.0375205710418538,0.019941111511178,-0.0542147881997717,7.51502810020307,0.0,-0.1319737572395271,0.01224,0.05225,0.0121459958036904,0.0646355930106181,0.0,0.0,-0.8962489822275452,2026-05-28 08:28,2026-05-29 13:08
Colonial Country Club,1,2026-05-31,2026-05-28,21,Charles Schwab Challenge,2026-05-26 00:41:04 UTC,no,pga,-18000,0,USA,29767,57.0,37.0,"gerard, ryan",59018,275,32.0,0.0,0.0,0.0,0.0,0.0,0.0,1999-08-02,-2.5,26,2.768503421901067,0.6362777384951224,-0.0958379475821331,1.052923409241311,0.8760000000000001,pga,2026-05-17,676,0.6362777384951224,-0.4499999999999999,0.0,-0.11,7.0,4.0,57.0,1.876923076923077,3.9538461538461536,0.0731789834199172,0.0121964587470892,0.0001496677466121,-0.0017290312518195,0.0086289532759332,0.0539329349021021,-5.689396004346659,0.3627034021866427,,-0.0188292034885491,-0.0024438975431531,-0.0079524293658303,0.1853641699684568,0.0784742962557973,,0.6227471652993266,-0.0122505695002286,-0.0181687397830978,7.261065459132532,0.0,0.0558501365692888,-0.0513999999999999,-0.016,0.0384189662954565,-0.0284469800217332,0.0,0.0,0.5653191515730498,2026-05-28 07:44,2026-05-29 12:24
Colonial Country Club,1,2026-05-31,2026-05-28,21,Charles Schwab Challenge,2026-05-26 00:41:04 UTC,no,pga,-18000,0,USA,24550,111.0,185.0,"ghim, doug",52375,162,112.0,0.0,0.0,0.0,0.0,0.0,0.0,1996-04-16,11.5,30,2.3,0.2933707188572426,-0.2208379475821331,0.7331355125377563,0.4422,pga,2026-05-18,900,0.2933707188572426,0.13,0.0999999999999999,0.06,0.0,2.0,36.0,-0.123076923076923,-3.0461538461538464,-0.0412590921356599,-0.0369587755479508,3.065559329221274e-05,0.002667017845019,0.0478353047302242,-0.0548332947562444,-6.667459589842255,0.1374813264273325,0.0211141018166412,0.0933386294677607,0.0102730397452257,0.0654117989612769,,,0.0435968221340869,0.4008564374416229,-0.0094662683915373,0.0109217915695097,-2.7046539435173163,0.0085541995940026,0.0281851957113262,0.03564,0.06325,-0.0195980687644384,-0.0666745958984225,-0.0,0.0,0.4134737727787619,2026-05-28 12:02,2026-05-29 07:22
Colonial Country Club,1,2026-05-31,2026-05-28,21,Charles Schwab Challenge,2026-05-26 00:41:04 UTC,no,pga,-18000,0,USA,7399,131.0,98.0,"glover, lucas",25900,172,116.0,0.0,0.0,0.0,0.0,0.0,0.0,1979-11-12,15.5,46,2.7284240695364432,0.2847477490222893,0.0291620524178668,1.0755915933954925,1.03,pga,2026-05-15,2116,0.2847477490222893,0.0099999999999999,0.0,0.05,9.0,0.0,32.0,-2.123076923076923,5.953846153846154,0.0102262300683204,-0.0295154004769811,8.809715321966893e-05,-0.0132943341299198,0.0705967319186203,-0.0176488643966186,23.134339495365573,0.1398167207527916,0.0345051061881217,-0.0475900877955909,0.0037029279971791,-0.0134121671819761,,,0.025995620651381,-0.079748551915197,-0.0035472858954487,-0.0209390530733315,4.06442052872664,-0.1780794891774132,-0.1982803335583232,-0.06966,0.0852499999999999,0.0048574592824521,0.2313433949536557,0.0,-0.0,0.1720423023209109,2026-05-28 12:24,2026-05-29 07:44
Colonial Country Club,1,2026-05-31,2026-05-28,21,Charles Schwab Challenge,2026-05-26 00:41:04 UTC,no,pga,-18000,0,USA,23465,71.0,62.0,"greyserman, max",51977,445,78.0,0.0,0.0,0.0,0.0,0.0,0.0,1995-05-31,-0.5,31,3.009316759190176,0.4104694240789088,1.0291620524178668,1.1902183946185847,0.8933999999999999,pga,2026-05-18,961,0.4104694240789088,0.27,-0.21,0.14,0.0,5.0,43.0,2.876923076923077,-3.0461538461538464,-0.0610198212739681,0.0141620314956478,2.3302369003016693e-06,0.0079408348981941,-0.0428792238458029,-0.0402457940589075,-0.3605569575730971,0.2011996861660559,0.034277963539134,0.2356731091710638,0.0103777592210838,0.032726512442496,,,0.029425598376216,0.5623455730608427,-0.0112314502489598,0.0097856142552896,22.74730688887176,0.0484689644080234,0.020110780138463,0.03564,-0.00275,-0.0289844151051348,-0.0036055695757309,0.0,0.0,0.5626455883799768,2026-05-28 12:46,2026-05-29 08:06
Colonial Country Club,1,2026-05-31,2026-05-28,21,Charles Schwab Challenge,2026-05-26 00:41:04 UTC,no,pga,-18000,0,USA,24968,26.0,17.0,"griffin, ben",54591,712,36.0,0.0,0.0,0.0,0.0,0.0,0.0,1996-05-06,3.5,30,2.4654817738411405,1.1113862984415013,0.0291620524178668,1.6449779556914352,1.4462000000000002,pga,2026-05-17,900,1.1113862984415013,-0.28,0.16,0.08,7.0,4.0,51.0,1.876923076923077,3.9538461538461536,-0.0788444658494539,0.054450720046254,-8.553513926146425e-06,0.0001429143094774,0.0095120723785817,-0.142941619069841,7.893941514400734,0.5940764416675746,,0.1115433092886529,-0.0356917517170428,0.0458367888594848,0.3051840421315827,0.1190545038292761,,1.14227200623876,-0.0106057483752423,-0.0146349839189597,10.93711268640906,0.0028415105768994,0.0275094044734336,-0.0513999999999999,0.0224,-0.0413933445709632,0.0394697075720036,0.0,0.0,1.1113483692398003,2026-05-28 12:13,2026-05-29 07:33
Colonial Country Club,1,2026-05-31,2026-05-28,21,Charles Schwab Challenge,2026-05-26 00:41:04 UTC,no,pga,-18000,0,USA,15330,206.0,217.0,"griffin, lanto",35310,30,156.0,0.0,0.0,0.0,0.0,0.0,0.0,1988-06-15,-2.5,37,2.307870957339518,-0.0691905086893452,0.4041620524178668,1.0135960728639095,0.8042,pga,2026-05-18,1369,-0.0691905086893452,0.26,0.35,-0.03,0.0,2.0,24.0,-0.123076923076923,-3.0461538461538464,-0.0003285359711773,0.0156469695035714,-2.3544591411298925e-05,-0.0087014967748813,0.0093073085562614,-0.0165577726647175,-14.765995230773148,-0.0390243319969721,0.0291912890828543,-0.0926885667185523,0.0032998045007684,0.0024539240306601,,,-0.0382713304034221,-0.1968210881392167,-0.0002922760237406,-0.0024950343191068,-3.202943605527274,0.0,-0.0589945662917056,0.03564,-0.0137499999999999,-0.0001560545863092,-0.1476599523077315,-0.0,0.0,-0.3227470950332574,2026-05-28 07:11,2026-05-29 11:51
Colonial Country Club,1,2026-05-31,2026-05-28,21,Charles Schwab Challenge,2026-05-26 00:41:04 UTC,no,pga,-18000,0,ARG,12808,207.0,115.0,"grillo, emiliano",31646,305,124.0,0.0,0.0,0.0,0.0,0.0,0.0,1992-09-14,27.5,33,3.089021318881115,-0.4713541958635719,-0.2208379475821331,1.068710810834124,0.8361538461538461,pga,2026-05-18,1089,-0.4713541958635719,-0.2399999999999999,-0.2,0.12,0.0,4.0,40.0,1.876923076923077,-3.0461538461538464,0.0864475825606743,-0.0204265103181863,3.6101008070980034e-05,-0.0094055246443923,0.06960780218273,0.046635714332452,14.92240993966493,-0.1458904036502774,0.0339836765748726,-0.0567349016191495,0.0173713636291261,-0.0025697492449073,,,-0.0579485710353702,-0.2496898096981365,0.0116568161605242,-0.0423389496516783,-11.728161854928787,0.0310532923431282,-0.0072190908612767,0.03564,0.15125,0.0410626017163202,0.1492240993966493,-0.0,0.0,0.1274868914148331,2026-05-28 08:17,2026-05-29 12:57
Colonial Country Club,1,2026-05-31,2026-05-28,21,Charles Schwab Challenge,2026-05-26 00:41:04 UTC,no,pga,-18000,0,ENG,27194,39.0,63.0,"hall, harry",57975,506,47.0,0.0,0.0,0.0,0.0,0.0,0.0,1997-08-06,3.5,28,2.350930331699854,0.9596057748788356,0.1541620524178668,1.2995695087988848,1.1098,pga,2026-05-15,784,0.9596057748788356,0.12,-0.22,0.14,9.0,0.0,43.0,-2.123076923076923,5.953846153846154,-0.0822989814537871,0.0655807177717978,3.391693034601149e-05,2.632054708527001e-05,0.0028255868506507,-0.150765523553667,11.163880703598489,0.513356271335085,,0.0566825141214213,-0.0055402455400594,-0.0361849619550296,0.2344485346481734,0.0914554713740277,,0.8703236368304803,-0.0083561635965224,-0.0145501976939712,-5.757872042183171,0.0641066112747627,0.0390124141373556,-0.0774,0.0224,-0.0432069652632382,0.0558194035179924,-0.0,0.0,0.8279360750852345,2026-05-28 07:33,2026-05-29 12:13
Colonial Country Club,1,2026-05-31,2026-05-28,21,Charles Schwab Challenge,2026-05-26 00:41:04 UTC,no,pga,-18000,1,SWE,27646,0.0,0.0,"hansson, albert",59326,49,0.0,0.0,0.0,0.0,0.0,0.0,0.0,1995-01-01,-6.5,31,3.0,-2.5,0.0,0.0,0.0,0,2026-05-15,961,-2.5,0.0,0.0,0.0,3.046153846153846,0.0,0.0,0.0,-4.440892098500626e-16,0.0,0.0,0.0,0.0,0.0,0.0,0.0,,,,,,,,,,,,0.0,0.0,,5.1958437552457335e-18,-0.03575,0.0,0.0,0.0,0.0,-2.61830421586718,2026-05-28 13:30,2026-05-29 08:50
Colonial Country Club,1,2026-05-31,2026-05-28,21,Charles Schwab Challenge,2026-05-26 00:41:04 UTC,no,pga,-18000,0,USA,19865,371.0,0.0,"hardy, nick",47988,42,189.0,0.0,0.0,0.0,0.0,0.0,0.0,1996-01-26,5.5,30,2.3,-0.8910923947743142,-1.3458379475821332,0.4817378367558085,0.2075999999999999,pga,2026-05-18,900,-0.8910923947743142,-0.0599999999999999,-0.2999999999999999,-0.14,2.0,3.0,31.0,0.8769230769230769,-1.0461538461538464,-0.0604652902344122,-0.0347426501626611,-3.26543198438154e-05,0.0060997352779687,-0.0892370207985036,0.0574472997686276,11.582992725476148,-0.3985113037917501,0.0138927037308751,-0.1413325103182584,0.0262875466176683,-0.072891359406729,,,-0.1415317124352968,-0.725235184466126,0.0236341879798174,-0.060333990775438,15.820914315601346,0.0,0.0255512539329856,0.01224,0.03025,-0.0287210128613457,0.1158299272547614,0.0,0.0,-0.5956362700727102,2026-05-28 07:00,2026-05-29 11:40
Colonial Country Club,1,2026-05-31,2026-05-28,21,Charles Schwab Challenge,2026-05-26 00:41:04 UTC,no,pga,-18000,0,USA,8825,68.0,55.0,"harman, brian",27644,415,73.0,0.0,0.0,0.0,0.0,0.0,0.0,1987-01-19,27.5,39,2.9605574853552308,0.5131165147123131,-0.8458379475821332,1.4231282539601562,1.1544,pga,2026-05-17,1521,0.5131165147123131,-0.06,0.24,-0.01,7.0,4.0,54.0,1.876923076923077,3.9538461538461536,-0.0858522246609218,0.005567330029568,7.371699160372754e-05,-0.0064485047815598,0.0059570231583518,-0.0910017900588856,9.970493293255108,0.2768272059031377,,0.0487266337314087,-0.0172843537076141,-0.0753556057734997,0.2436070102590921,0.0392276524286757,,0.4121496424708427,-0.0042036674856737,-0.0021451831931837,22.06307098470244,0.2863727045513295,-0.0972500496915,-0.0513999999999999,0.176,-0.0450724179469839,0.0498524664662755,0.0,0.0,0.5415296909901343,2026-05-28 07:44,2026-05-29 12:24
Colonial Country Club,1,2026-05-31,2026-05-28,21,Charles Schwab Challenge,2026-05-26 00:41:04 UTC,no,pga,-18000,0,USA,14578,10.0,12.0,"henley, russell",34098,584,26.0,0.0,0.0,0.0,0.0,0.0,0.0,1989-04-12,1.5,37,2.3,1.5932867574734877,-0.4708379475821331,1.9459490445991008,1.7548,pga,2026-05-15,1369,1.5932867574734877,-0.6699999999999999,-0.2599999999999999,-0.0199999999999999,9.0,0.0,39.0,-2.123076923076923,5.953846153846154,0.0233275399599148,0.0477411733900433,0.0001512814588589,-0.0109071149499641,0.1099326911790817,-0.1235904911181051,1.9156003564127289,0.8807410782623123,,0.0509970039270695,-0.002647449322857,0.0602581955961028,0.3703062903695902,0.1631049171020446,,1.4173162363257703,-0.019078437375451,-0.0243246236567496,26.79841931271148,0.0536388889131015,-0.0620407385762913,-0.0774,0.0096,0.0122469584789552,0.0095780017820636,0.0,0.0,1.3713411965867894,2026-05-28 08:06,2026-05-29 12:46
Colonial Country Club,1,2026-05-31,2026-05-28,21,Charles Schwab Challenge,2026-05-26 00:41:04 UTC,no,pga,-18000,0,RSA,24342,205.0,90.0,"higgo, garrick",54421,124,152.0,0.0,0.0,0.0,0.0,0.0,0.0,1999-05-12,-0.5,27,2.6740010033381925,-0.3288724326925817,0.2791620524178668,0.9208652411283962,0.3933333333333333,pga,2026-05-18,729,-0.3288724326925817,-0.14,0.02,0.06,0.0,4.0,43.0,1.876923076923077,-3.0461538461538464,0.0139737973715573,-0.0102347561005425,-0.0001045792542993,0.0057449538463718,-0.0111802543417684,0.0297484332217959,-15.759679646361407,-0.1502884810551911,0.0265206665453809,0.0574119453896409,0.0079790324249307,0.0095025754163283,,,-0.0751887222312514,-0.1208786781241873,0.0071804800393473,-0.0560300629874579,-9.262490584346668,-0.1242646759365121,0.0520338883340849,0.03564,-0.00275,0.0066375537514897,-0.157596796463614,-0.0,-0.0,-0.2389479208363116,2026-05-28 07:55,2026-05-29 12:35
Colonial Country Club,1,2026-05-31,2026-05-28,21,Charles Schwab Challenge,2026-05-26 00:41:04 UTC,no,pga,-18000,0,USA,28469,464.0,160.0,"highsmith, joe",60067,40,155.0,0.0,0.0,0.0,0.0,0.0,0.0,2000-04-19,-4.5,26,2.7710091581489684,-0.8028130433924179,-1.0958379475821332,0.6200960023458516,0.3129999999999999,pga,2026-05-18,676,-0.8028130433924179,-0.26,0.05,0.13,2.0,3.0,46.0,0.8769230769230769,-1.0461538461538464,-0.0267222726991779,-0.0388991296031036,-3.015134410836909e-05,-0.0001576035784027,-0.0291474142023435,0.0415120260287803,-5.264362285219532,-0.3685069794618102,0.0178585949060109,-0.3600038261456151,0.0113009471879142,-0.0745776960005987,,,-0.1341301815553897,-0.8839180543765284,0.0283577319141188,-0.062023745956885,2.984089560798729,0.0,0.0578071007357264,0.01224,-0.0247499999999999,-0.0126930795321095,-0.0526436228521953,0.0,0.0,-0.9617647567608332,2026-05-28 07:33,2026-05-29 12:13
Colonial Country Club,1,2026-05-31,2026-05-28,21,Charles Schwab Challenge,2026-05-26 00:41:04 UTC,no,pga,-18000,0,JPN,20954,316.0,245.0,"hirata, kensei",49120,65,142.0,0.0,0.0,0.0,0.0,0.0,0.0,1995-01-01,-6.5,31,2.467569286061205,-0.9669895255629266,-0.2208379475821331,-0.0417358564265721,-0.1588,pga,2026-05-18,961,-0.9669895255629266,-0.12,0.11,-0.14,0.0,2.0,36.0,-0.123076923076923,-3.0461538461538464,0.1069584612218731,-0.0015339889605515,-0.000132604045362,-0.0077244625808976,0.0846123926285206,0.0317371241801638,0.0,-0.3378679621355882,-0.0012019812257423,-0.0273772452309937,0.004120030994241,0.0007626795887291,,,-0.1514605953229771,-0.4590521752181648,0.0305663300025518,-0.0385328439987542,0.0,0.0,0.0619394121103688,0.03564,-0.03575,0.0508052690803897,0.0,0.0,0.0,-0.4083569061377751,2026-05-28 13:19,2026-05-29 08:39
Colonial Country Club,1,2026-05-31,2026-05-28,21,Charles Schwab Challenge,2026-05-26 00:41:04 UTC,no,pga,-18000,0,JPN,22760,58.0,59.0,"hisatsune, ryo",51287,509,33.0,0.0,0.0,0.0,0.0,0.0,0.0,2002-09-09,-0.5,23,2.7199565057025827,0.4139051282524826,-0.2208379475821331,0.6291231682789116,0.5052,pga,2026-05-18,529,0.4139051282524826,0.23,0.1399999999999999,0.1399999999999999,0.0,5.0,63.0,2.876923076923077,-3.0461538461538464,0.0175474623057464,-0.0028097475268194,7.269669348284142e-05,0.0020186888016323,0.0497776215271459,-0.0315117971896952,4.836855970466921,0.2027550284222349,0.0181185748106353,0.1337115404398287,0.0004588724603138,0.0433421877991318,,,0.0733834707971277,0.5600985405575514,-0.0351817425775317,0.052839598087384,7.658787113840114,-0.1069033545804496,0.0706710103184267,0.03564,-0.00275,0.0083350445952295,0.0483685597046692,0.0,-0.0,0.6496921448574501,2026-05-28 11:40,2026-05-29 07:00
Colonial Country Club,1,2026-05-31,2026-05-28,21,Charles Schwab Challenge,2026-05-26 00:41:04 UTC,no,pga,-18000,0,USA,25157,166.0,153.0,"hodges, lee",54628,113,117.0,0.0,0.0,0.0,0.0,0.0,0.0,1995-06-14,9.5,30,2.574080599237823,-0.0319876114455272,-0.5958379475821332,0.6392606690239749,0.4116,pga,2026-05-18,900,-0.0319876114455272,-0.36,-0.24,0.03,2.0,1.0,34.0,-1.123076923076923,-1.0461538461538464,0.107328612916322,-0.0035595533320415,8.472228197779003e-05,-0.0038871735701291,0.0663358599998196,0.0483547575366953,14.464388513591617,-0.0027425014691997,0.0184105320535147,-0.1143320669942949,0.013801671936824,0.0381408504237445,,,0.0210311792075409,-0.001675244535634,-0.0017557276743001,0.004737311632075,-5.81563485774928,0.0095425379496958,0.0210335063484612,0.01224,0.05225,0.0509810911352529,0.1446438851359161,-0.0,0.0,0.2584397317355351,2026-05-28 12:57,2026-05-29 08:17
Colonial Country Club,1,2026-05-31,2026-05-28,21,Charles Schwab Challenge,2026-05-26 00:41:04 UTC,no,pga,-18000,0,PHI,23504,105.0,83.0,"hoey, rico",51696,98,108.0,0.0,0.0,0.0,0.0,0.0,0.0,1995-09-19,-2.5,30,2.584808105142076,0.1600027397828076,0.0291620524178668,0.6595695018722173,0.4269999999999999,pga,2026-05-18,900,0.1600027397828076,0.03,-0.14,0.09,0.0,4.0,50.0,1.876923076923077,-3.0461538461538464,0.1162891454371028,-0.0282173967934267,4.679509908738351e-05,0.0068369142205549,0.0430107953452825,0.0946120375656047,-1.3977979283896942,0.0951513674023927,0.0189954208731146,0.0902900697427909,-0.0009944208758322,0.0571391302691154,,,0.0420623584150818,0.3172901369754703,-0.0012638234416646,-0.0069497474848929,-7.081890251374528,0.0,0.0228597820753646,0.03564,-0.0137499999999999,0.0552373440826238,-0.0139779792838969,-0.0,0.0,0.3804395017741972,2026-05-28 12:02,2026-05-29 07:22
Colonial Country Club,1,2026-05-31,2026-05-28,21,Charles Schwab Challenge,2026-05-26 00:41:04 UTC,no,pga,-18000,0,USA,5768,387.0,458.0,"hoffman, charley",12716,36,200.0,0.0,0.0,0.0,0.0,0.0,0.0,1976-12-27,21.5,49,2.3,-1.0126210599011378,-0.0958379475821331,1.224694664634649,1.0112,pga,2026-05-18,2401,-1.0126210599011378,0.1799999999999999,-0.0199999999999999,0.14,0.0,2.0,24.0,-0.123076923076923,-3.0461538461538464,-0.0944775275832693,-0.0662154052931536,-4.1609747357599087e-05,0.0009357015809331,-0.0494152722977113,0.0202590581740201,5.562811048651423,-0.4222400569181365,0.0352708706660305,-0.1376698808077257,0.0095204498623709,-0.01405116899956,,,-0.1758314896836468,-1.0461058098738407,0.0239709524914062,-0.1066088718327964,9.644462492291762,-0.0568906939289445,-0.2584666146517826,0.03564,0.11825,-0.0448768256020529,0.0556281104865142,0.0,-0.0,-0.8814645249893794,2026-05-28 11:51,2026-05-29 07:11
Colonial Country Club,1,2026-05-31,2026-05-28,21,Charles Schwab Challenge,2026-05-26 00:41:04 UTC,no,pga,-18000,0,USA,15575,172.0,100.0,"hoge, tom",35532,276,68.0,0.0,0.0,0.0,0.0,0.0,0.0,1989-05-25,17.5,37,2.800572108097391,-0.5793028687027308,1.2791620524178668,1.0865769669231191,0.9014,pga,2026-05-18,1369,-0.5793028687027308,0.38,0.0199999999999999,0.2299999999999999,0.0,5.0,51.0,2.876923076923077,-3.0461538461538464,0.0071487702197802,-0.0274097248437567,7.940832306280697e-05,-0.0097677625828596,-0.0162278370378741,0.0604746863612079,-10.43711568001286,-0.2062341027554586,0.0312931188284926,0.1490856095213782,-0.0022520012028603,-0.0881410249028634,,,-0.0936925494310192,-0.2663631665439706,0.0044022498696898,-0.0138738912228448,3.631669743354452,-0.1652732153641483,-0.0469505752484847,0.03564,0.0962499999999999,0.0033956658543955,-0.1043711568001286,0.0,-0.0,-0.2354486574897035,2026-05-28 12:13,2026-05-29 07:33
Colonial Country Club,1,2026-05-31,2026-05-28,21,Charles Schwab Challenge,2026-05-26 00:41:04 UTC,no,pga,-18000,0,DEN,23838,91.0,70.0,"hojgaard, rasmus",52686,83,96.0,0.0,0.0,0.0,0.0,0.0,0.0,2001-03-12,-6.5,25,2.443543813695657,0.3463106935310631,0.6541620524178668,0.9923546393517833,0.7859999999999999,pga,2026-05-18,625,0.3463106935310631,0.06,0.04,0.12,0.0,4.0,45.0,1.876923076923077,-3.0461538461538464,0.0716476051808628,0.0346125876500966,2.767898010865303e-05,0.0144320138096674,-0.0712021754882209,0.093777500229211,0.0,0.1614255716050507,0.0293010641746396,-0.0569043988256936,0.0059866408605253,0.0589049740015784,,,0.0675164036362258,0.3260109321596007,-0.0151413087784109,0.0118594430618422,-12.796178033320633,-0.0477869584189669,0.0630625424238431,0.03564,-0.03575,0.0340326124609098,0.0,-0.0,-0.0,0.3599335446205105,2026-05-28 07:11,2026-05-29 11:51
Colonial Country Club,1,2026-05-31,2026-05-28,21,Charles Schwab Challenge,2026-05-26 00:41:04 UTC,no,pga,-18000,0,USA,17538,118.0,123.0,"homa, max",39977,158,74.0,0.0,0.0,0.0,0.0,0.0,0.0,1990-11-19,9.5,35,2.728270651605954,0.2085060106311971,-0.2208379475821331,1.831191375634629,1.606,pga,2026-05-15,1225,0.2085060106311971,-0.49,0.2299999999999999,-0.1699999999999999,9.0,0.0,45.0,-2.123076923076923,5.953846153846154,0.0145459685436121,0.0234921531111931,-1.021412027121016e-05,0.00164437380489,-0.031953151426089,0.0213728071738892,-1.1381203174924628,0.1226441962823067,0.052738690148043,-0.1397874767060322,-0.0137093768055593,0.0193899261206642,,,0.0519912413027621,0.0719394498252586,-0.0133588768675541,0.0188486081729545,-16.703759001726986,0.0451587880855835,-0.0268174818223262,-0.06966,0.05225,0.0069093350582157,-0.0113812031749246,-0.0,0.0,0.0500575817085497,2026-05-28 07:11,2026-05-29 11:51
Colonial Country Club,1,2026-05-31,2026-05-28,21,Charles Schwab Challenge,2026-05-26 00:41:04 UTC,no,pga,-18000,0,USA,11276,178.0,130.0,"horschel, billy",29420,103,94.0,0.0,0.0,0.0,0.0,0.0,0.0,1986-12-07,19.5,39,2.69513330585456,-0.2973545545889528,-0.4708379475821331,1.3223860575649735,1.1952,pga,2026-05-18,1521,-0.2973545545889528,-0.1899999999999999,-0.2299999999999999,-0.09,2.0,3.0,51.0,0.8769230769230769,-1.0461538461538464,0.0271262655456215,0.0229821888204292,3.143498097485308e-05,-0.0017650814524194,-0.0363670814732797,0.0422448046699166,2.4431676573171925,-0.1278312682077022,0.0380843560063261,-0.1733136742394249,0.0058070203358331,-0.0163460787530333,,,-0.0200382909187728,-0.3908275176760493,0.0111741015098791,-0.0281451971264693,5.434566742309875,-0.0956618276175551,-0.0802184862826848,0.01224,0.10725,0.0128849761341702,0.0244316765731719,0.0,-0.0,-0.2340208649687071,2026-05-28 12:24,2026-05-29 07:44
Colonial Country Club,1,2026-05-31,2026-05-28,21,Charles Schwab Challenge,2026-05-26 00:41:04 UTC,no,pga,-18000,0,USA,15470,144.0,151.0,"hossler, beau",35461,94,109.0,0.0,0.0,0.0,0.0,0.0,0.0,1995-03-16,19.5,31,2.579294769322896,0.2726079083955335,-0.7208379475821332,0.8268559368717394,0.69,pga,2026-05-18,961,0.2726079083955335,0.36,0.21,0.2,2.0,1.0,32.0,-1.123076923076923,-1.0461538461538464,-0.0672825660546953,0.0354190011655478,-0.0001107049584265,0.0015831217280385,0.0042237074909611,-0.1083976914808164,-12.062644774727618,0.1156468561797914,0.0238132243497139,0.0581608478311697,-0.0172478301457409,-0.0080734100608718,,,0.0169693634807626,0.2184864927878837,-0.0034872963801613,0.0144585865078474,11.770813586289568,0.0,0.0182461510253725,0.01224,0.10725,-0.0319592188759802,-0.1206264477472761,0.0,0.0,0.1853908261646273,2026-05-28 11:51,2026-05-29 07:11
Colonial Country Club,1,2026-05-31,2026-05-28,21,Charles Schwab Challenge,2026-05-26 00:41:04 UTC,no,pga,-18000,1,USA,33759,0.0,0.0,"howell, mason",68607,38,0.0,0.0,0.0,0.0,0.0,0.0,0.0,1995-01-01,-6.5,31,2.3,-2.0817,0.0,0.0,0.0,0,2026-05-18,961,-2.0817,0.0,0.0,0.0,3.046153846153846,0.0,0.0,0.0,-4.440892098500626e-16,0.0102367114976968,0.0,0.0,0.0,0.0102367114976968,-0.0,0.0,,,,,,,,,,,,0.0,0.0,,5.1958437552457335e-18,-0.03575,0.0048624379614059,0.0,0.0,0.0,-1.57626858501166,2026-05-28 13:30,2026-05-29 08:50
Colonial Country Club,1,2026-05-31,2026-05-28,21,Charles Schwab Challenge,2026-05-26 00:41:04 UTC,no,pga,-18000,0,USA,16333,168.0,114.0,"hubbard, mark",36801,180,90.0,0.0,0.0,0.0,0.0,0.0,0.0,1989-05-24,17.5,37,2.880513944415885,-0.0846341285288559,1.6541620524178668,0.7031299554061573,0.4833999999999999,pga,2026-05-18,1369,-0.0846341285288559,0.6699999999999999,0.25,0.05,0.0,2.0,40.0,-0.123076923076923,-3.0461538461538464,-0.0136816935617611,-0.0171195587241388,5.404418647760343e-05,-0.0056070135730694,-0.0008954656651278,0.0098863002140973,5.252599056043205,-0.0276556983002005,0.020230210612066,0.0972938917208333,0.0174943054770544,-0.0458638401330381,,,-0.040708419839489,-0.0391914818698358,0.010821873736112,-0.0238532298946889,-3.144239299826284,0.0,-0.0469505752484847,0.03564,0.0962499999999999,-0.0064988044418365,0.052525990560432,-0.0,0.0,0.1387257042487597,2026-05-28 12:46,2026-05-29 08:06
Colonial Country Club,1,2026-05-31,2026-05-28,21,Charles Schwab Challenge,2026-05-26 00:41:04 UTC,no,pga,-18000,0,CAN,15556,162.0,152.0,"hughes, mackenzie",35506,76,135.0,0.0,0.0,0.0,0.0,0.0,0.0,1990-11-23,9.5,35,2.640158050034266,-0.047519268748788,0.5291620524178668,0.9003400135189873,0.6146,pga,2026-05-18,1225,-0.047519268748788,0.04,0.0,-0.13,0.0,2.0,38.0,-0.123076923076923,-3.0461538461538464,-0.1297306579978792,0.0210365321292843,-4.434647987970167e-05,0.0017219549425162,-0.0745644790820694,-0.0778803195077307,5.848099051166379,-0.001264813469908,0.0259295456159709,-0.0910915297997367,-0.0095247392194328,-0.1155493931861128,,,0.0139004360427523,-0.2113344842258532,-0.0030188212812275,-0.0038976871058322,-6.322882835796199,0.1331175980445354,-0.0268174818223262,0.03564,0.05225,-0.0616220625489926,0.0584809905116637,-0.0,0.0,-0.126585556263182,2026-05-28 07:22,2026-05-29 12:02
Colonial Country Club,1,2026-05-31,2026-05-28,21,Charles Schwab Challenge,2026-05-26 00:41:04 UTC,no,pga,-18000,0,KOR,17488,82.0,68.0,"im, sungjae",39971,462,55.0,0.0,0.0,0.0,0.0,0.0,0.0,1998-03-30,11.5,28,3.054106941973787,0.5226584110807229,1.1541620524178668,1.745243834945784,1.5532,pga,2026-05-18,784,0.5226584110807229,0.0299999999999999,-0.08,-0.0099999999999999,0.0,5.0,35.0,2.876923076923077,-3.0461538461538464,-0.1593278876442529,0.006593111092381,-0.0001053759102343,-0.0010412098943297,0.0007539327103085,-0.1655283456423784,-0.2295867399221061,0.3134553880725147,,0.1138120549289123,-0.0072563976137697,0.0583710193239282,0.3274260543295282,0.0385682148572111,,0.8724841245233865,-0.0054790373874015,-0.010783235149264,-36.43691992097007,-0.1720431914395261,0.0443700631617273,0.0396,0.0736,-0.0836471410132327,-0.0011479336996105,-0.0,-0.0,0.9008890498105432,2026-05-28 08:06,2026-05-29 12:46
Colonial Country Club,1,2026-05-31,2026-05-28,21,Charles Schwab Challenge,2026-05-26 00:41:04 UTC,no,pga,-18000,0,GER,16394,89.0,84.0,"jaeger, stephan",36799,233,67.0,0.0,0.0,0.0,0.0,0.0,0.0,1989-05-30,-0.5,37,3.058601051465617,0.1400500716025914,1.4041620524178668,0.8328450755275756,0.7352,pga,2026-05-18,1369,0.1400500716025914,0.32,0.1899999999999999,0.06,0.0,4.0,44.0,1.876923076923077,-3.0461538461538464,-0.1888882446034672,0.0259769537424447,-1.6848869380631005e-05,0.0053236324996524,-0.0924125413191045,-0.1277594406570793,-7.048182562794781,0.1276590727274223,0.0239857099014445,0.1590987824331428,-0.0039246729663972,0.0018208116307498,,,0.0575875207485455,0.3363732237711604,-0.0146103911438013,0.031706965688539,-11.344109603169564,-0.0766001826268289,-0.0469505752484847,0.03564,-0.00275,-0.0897219161866469,-0.0704818256279478,-0.0,-0.0,0.2090594819565657,2026-05-28 12:13,2026-05-29 07:33
Colonial Country Club,1,2026-05-31,2026-05-28,21,Charles Schwab Challenge,2026-05-26 00:41:04 UTC,no,pga,-18000,0,JPN,19729,198.0,145.0,"kanaya, takumi",47917,88,133.0,0.0,0.0,0.0,0.0,0.0,0.0,1998-05-23,-4.5,28,2.8895378426147045,-0.1783693985076503,-0.5958379475821332,0.4214133603846722,0.1884,pga,2026-05-18,784,-0.1783693985076503,-0.15,-0.06,-0.16,2.0,1.0,42.0,-1.123076923076923,-1.0461538461538464,-0.0231775902005315,0.0373769266866573,-0.0001939958642214,-0.009208423813159,0.0274535188409574,-0.0786056160507658,-4.932304854789326,-0.0820668592681349,0.0121365888156891,-0.17953979483437,-0.0037168905939602,-0.034492356174959,,,-0.0307795369518088,-0.2945890773633556,0.0039858094386974,-0.0251279837343643,-8.836503128872597,-0.0451068264694925,0.045011945939855,0.01224,-0.0247499999999999,-0.0110093553452524,-0.0493230485478932,-0.0,-0.0,-0.3674314812565012,2026-05-28 11:40,2026-05-29 07:00
Colonial Country Club,1,2026-05-31,2026-05-28,21,Charles Schwab Challenge,2026-05-26 00:41:04 UTC,no,pga,-18000,0,USA,21889,366.0,258.0,"kang, jeffrey",47393,28,146.0,0.0,0.0,0.0,0.0,0.0,0.0,1991-06-24,-6.5,34,2.6654516087006948,-1.1281259873537683,0.4041620524178668,-0.3078197588270265,-0.7424,pga,2026-05-18,1156,-1.1281259873537683,-0.38,0.0299999999999999,-0.1099999999999999,0.0,2.0,30.0,-0.123076923076923,-3.0461538461538464,-0.0680185611346575,-0.0329643580565053,-7.230092716437172e-05,0.0003531232998407,-0.0399297510497466,0.004594725598918,0.0,-0.4470738582566494,-0.0088866549909306,-0.1191560343577029,0.0077112582171715,-0.0895564482837482,,,-0.200924484617966,-0.9430374508992854,0.0156902940344526,-0.0799800403881239,0.0,0.0,-0.0208614822557883,0.03564,-0.03575,-0.0323088165389623,0.0,0.0,0.0,-0.9754562674382476,2026-05-28 13:30,2026-05-29 08:50
Colonial Country Club,1,2026-05-31,2026-05-28,21,Charles Schwab Challenge,2026-05-26 00:41:04 UTC,no,pga,-18000,0,USA,32457,147.0,74.0,"keefer, johnny",63454,203,79.0,0.0,0.0,0.0,0.0,0.0,0.0,2001-06-01,-6.5,24,2.687465653589445,-0.1187557363734208,1.5291620524178668,0.924779664915473,0.7310000000000001,pga,2026-05-18,576,-0.1187557363734208,-0.07,0.09,-0.01,0.0,4.0,47.0,1.876923076923077,-3.0461538461538464,0.0496689925378869,-0.0328408411075688,9.722391580964183e-06,0.0102027730497942,-0.0417985760424471,0.1140959142465277,0.0,-0.026403818592011,0.0266334008775479,0.1379102658069823,0.0098710826158585,0.0272297226138172,,,-0.0105607208896235,0.2158740068094891,0.0022827298011336,-0.0130280675345846,-15.244720060957246,0.0,0.0619394121103688,0.03564,-0.03575,0.0235927714554962,0.0,-0.0,0.0,0.2393567782649853,2026-05-28 12:57,2026-05-29 08:17
Colonial Country Club,1,2026-05-31,2026-05-28,21,Charles Schwab Challenge,2026-05-26 00:41:04 UTC,no,pga,-18000,0,USA,17543,64.0,48.0,"kim, michael",39975,336,60.0,0.0,0.0,0.0,0.0,0.0,0.0,1993-07-14,9.5,32,3.2,0.5936585098738492,0.7791620524178668,0.9509200201948074,0.743,pga,2026-05-17,1024,0.5936585098738492,-0.1799999999999999,0.24,-0.03,7.0,4.0,50.0,1.876923076923077,3.9538461538461536,-0.0397230655054952,0.039259890858231,3.918397166035716e-05,-0.0019931956082934,-0.0320713694543071,-0.044957575272786,8.614338487734608,0.3206802506996963,,0.0752521568252935,-0.0330554690278685,-0.1101510051002615,0.1567914142606596,0.042270993398346,,0.4365703588184971,-0.005151288999197,-0.0066513112318972,-8.608307051381226,0.0148211451648871,-0.0034153820062741,-0.0513999999999999,0.0608,-0.0208546093903849,0.043071692438673,-0.0,0.0,0.4681874418667852,2026-05-28 12:46,2026-05-29 08:06
Colonial Country Club,1,2026-05-31,2026-05-28,21,Charles Schwab Challenge,2026-05-26 00:41:04 UTC,no,pga,-18000,0,KOR,24766,119.0,144.0,"kim, tom",55182,366,110.0,0.0,0.0,0.0,0.0,0.0,0.0,2002-06-21,1.5,23,2.3,0.2900698703122186,-0.2208379475821331,1.5550730404439697,1.3952,pga,2026-05-18,529,0.2900698703122186,0.3299999999999999,-0.03,0.22,0.0,2.0,43.0,-0.123076923076923,-3.0461538461538464,-0.0509244640423853,-0.0052627761787402,9.41150784318333e-05,-0.0091417409589219,0.0363361633325368,-0.0729502253156918,3.748280216304978,0.1380253809457963,0.0447856773362302,0.048733835636558,0.0120174177261298,-0.0375362035425899,,,0.0443189227077364,0.3312334526067821,-0.0101863556774154,0.021335130538449,24.895404135096385,0.3986653825208517,0.0697396469358875,0.03564,0.00825,-0.024189120420133,0.0374828021630497,0.0,0.0,0.3884171343496989,2026-05-28 12:02,2026-05-29 07:22
Colonial Country Club,1,2026-05-31,2026-05-28,21,Charles Schwab Challenge,2026-05-26 00:41:04 UTC,no,pga,-18000,0,USA,12423,83.0,96.0,"kirk, chris",30926,208,126.0,0.0,0.0,0.0,0.0,0.0,0.0,1985-05-08,19.5,41,2.3,0.4179484306755779,0.2791620524178668,1.0337888013312124,0.8336000000000001,pga,2026-05-18,1681,0.4179484306755779,0.0899999999999999,0.06,-0.18,0.0,3.0,38.0,0.8769230769230769,-3.0461538461538464,-0.0289832330148192,-0.0162932531689929,0.0001056699540643,-0.0014974500242084,0.0142718350139302,-0.0255700347896124,-17.75303350748188,0.2070450387991349,0.0297728341281061,0.1035953110865373,0.0091436076581459,0.0267968504148088,,,0.0727516327951844,0.3374234578835228,-0.0170925507151834,0.0098533412855818,34.6276904709895,-0.0492962123866515,-0.1044426075687932,0.03564,0.10725,-0.0137670356820391,-0.1775303350748188,0.0,-0.0,0.2890160871266649,2026-05-28 07:44,2026-05-29 12:24
Colonial Country Club,1,2026-05-31,2026-05-28,21,Charles Schwab Challenge,2026-05-26 00:41:04 UTC,no,pga,-18000,0,USA,11328,0.0,0.0,"kisner, kevin",29478,78,0.0,0.0,0.0,0.0,0.0,0.0,0.0,1984-02-15,21.5,42,2.979137499534954,0.0780831913685405,0.4755906238464389,1.375374277789069,1.024,pga,2025-11-21,1764,0.0780831913685405,0.1099999999999999,0.41,0.07,30.0,0.0,0.0,-2.123076923076923,26.95384615384616,-0.0087291049886243,0.0028830702184731,-0.0001632929103625,-0.0175854794517029,0.0319048869728532,-0.0257682898178851,2.4857481647295394,-0.3966205818523546,0.0396104022249533,-0.0726500335032357,-0.0148294984188711,-0.0724925321747986,,,-0.1948768923136517,-0.8048668466243374,0.0317919345483115,-0.0076313227438504,-14.902225482067353,-0.0099088131818122,-0.1171683223908398,-0.31536,0.11825,-0.0041463248695965,0.0248574816472953,-0.0,-0.0,-0.9812656898466386,2026-05-28 07:00,2026-05-29 11:40
Colonial Country Club,1,2026-05-31,2026-05-28,21,Charles Schwab Challenge,2026-05-26 00:41:04 UTC,no,pga,-18000,0,USA,13470,392.0,320.0,"kizzire, patton",32757,43,140.0,0.0,0.0,0.0,0.0,0.0,0.0,1986-03-03,17.5,40,2.67764471718738,-0.8432276022913345,-1.7208379475821332,0.6535119157436504,0.3826,pga,2026-05-18,1600,-0.8432276022913345,-0.6699999999999999,-0.49,0.15,2.0,1.0,28.0,-1.123076923076923,-1.0461538461538464,-0.2040243600529623,-0.0053574400800774,7.214101711822252e-06,-0.0070807271057692,-0.0436662198633447,-0.1479271871054827,-0.2139720783821619,-0.3495249747960136,0.0188209640529302,-0.267080641401846,0.0164093643763279,-0.1773126978986042,,,-0.0936925494310192,-0.9750377358677343,0.0113995687390399,-0.0419307739758076,-7.306797758175287,0.0,-0.0921259955327416,0.01224,0.0962499999999999,-0.096911571025157,-0.0021397207838216,-0.0,0.0,-0.9655990276767132,2026-05-28 07:22,2026-05-29 12:02
Colonial Country Club,1,2026-05-31,2026-05-28,21,Charles Schwab Challenge,2026-05-26 00:41:04 UTC,no,pga,-18000,0,USA,16395,214.0,292.0,"kohles, ben",36884,40,166.0,0.0,0.0,0.0,0.0,0.0,0.0,1990-02-24,-2.5,36,2.6439815269053524,-0.3410495064626296,-0.5958379475821332,0.3543587171995049,0.0843999999999999,pga,2026-05-18,1296,-0.3410495064626296,0.38,0.12,-0.16,2.0,3.0,34.0,0.8769230769230769,-1.0461538461538464,0.0009264440270728,-0.0772969274722774,0.0001539232428727,-0.0102644803107133,0.1026846309648455,-0.0143507023976547,-2.3754420857057266,-0.1904452285480558,0.0102054338993428,-0.1169926741640788,0.018703043010258,0.0611670557046861,,,-0.0684190293532876,-0.3328883087359477,0.0108733434295191,-0.0200392611172729,9.75272907043792,0.0,-0.0379409915970586,0.01224,-0.0137499999999999,0.0004400609128595,-0.0237544208570572,0.0,0.0,-0.3577126686801453,2026-05-28 12:02,2026-05-29 07:22
Colonial Country Club,1,2026-05-31,2026-05-28,21,Charles Schwab Challenge,2026-05-26 00:41:04 UTC,no,pga,-18000,0,USA,6169,179.0,189.0,"kuchar, matt",23108,76,179.0,0.0,0.0,0.0,0.0,0.0,0.0,1978-06-21,15.5,47,2.3,-0.1225061204792236,-0.5958379475821332,1.574220152208637,1.4921428571428572,pga,2026-05-18,2209,-0.1225061204792236,0.12,-0.44,0.25,2.0,1.0,23.0,-1.123076923076923,-1.0461538461538464,0.0217853199243454,0.0365435652465115,-5.008025237531899e-05,-0.0158817897328248,0.0511591895945215,-0.0499855649314875,7.043859945138985,-0.0568696746682013,0.0453488948037753,-0.1054037312438094,-0.0040097501450887,-0.0643674088938279,,,-0.0096580951725617,-0.4632954159923984,-0.007483261633686,-0.0331980409249522,-4.356110143468117,-0.0858243480974794,-0.2276543481140461,0.01224,0.0852499999999999,0.010348026964064,0.0704385994513898,-0.0,-0.0,-0.2850187895769444,2026-05-28 12:24,2026-05-29 07:44
Colonial Country Club,1,2026-05-31,2026-05-28,21,Charles Schwab Challenge,2026-05-26 00:41:04 UTC,no,pga,-18000,0,RSA,24343,369.0,233.0,"lamprecht, christo",54422,43,182.0,0.0,0.0,0.0,0.0,0.0,0.0,2001-01-30,-6.5,25,2.9582265896235125,-0.7981982887789763,0.1541620524178668,-0.0081175472239101,-0.4368,pga,2026-05-18,625,-0.7981982887789763,-0.04,-0.25,-0.31,2.0,1.0,38.0,-1.123076923076923,-1.0461538461538464,-0.0816828300170316,-0.0212874659280314,-0.0003506573447789,0.0163852103688939,-0.0886111099065799,0.0121811927934646,0.0,-0.384693528501979,-0.0002124627105495,-0.2388646539321868,0.0079507522500944,0.0049333688712391,,,-0.1529950590419822,-0.7543068872101935,0.0195408947925043,-0.0719056110477025,0.0,0.0,0.0619394121103688,0.01224,-0.03575,-0.03879934425809,0.0,0.0,0.0,-0.8166162314682834,2026-05-28 13:19,2026-05-29 08:39
Colonial Country Club,1,2026-05-31,2026-05-28,21,Charles Schwab Challenge,2026-05-26 00:41:04 UTC,no,pga,-18000,0,USA,21943,236.0,221.0,"lebioda, hank",49766,44,123.0,0.0,0.0,0.0,0.0,0.0,0.0,1994-01-14,-6.5,32,2.595367453602518,-0.4646738319309894,-0.0958379475821331,0.4918878806476133,0.1598,pga,2026-05-18,1024,-0.4646738319309894,-0.33,0.01,-0.2399999999999999,0.0,2.0,38.0,-0.123076923076923,-3.0461538461538464,0.0192110436737261,-0.0076390514416243,-2.880439562917552e-05,-0.0047536968549197,-0.0425811381210403,0.0742137344869397,0.0,-0.172747066246751,0.0141662361415492,-0.1547218987712316,0.0016623773065881,-0.055613771091657,,,-0.0565043698880713,-0.431314613093298,0.010901899279575,-0.0249794487635118,-14.647313543940292,0.0,0.0065214289402124,0.03564,-0.03575,0.0091252457450198,0.0,-0.0,0.0,-0.4222993673482781,2026-05-28 08:17,2026-05-29 12:57
Colonial Country Club,1,2026-05-31,2026-05-28,21,Charles Schwab Challenge,2026-05-26 00:41:04 UTC,no,pga,-18000,0,CHN,15310,121.0,80.0,"li, haotong",35296,94,97.0,0.0,0.0,0.0,0.0,0.0,0.0,1995-08-03,-6.5,30,2.689237414737178,0.1931020226031792,-0.2208379475821331,1.185,1.1949999999999998,pga,2026-05-18,900,0.1931020226031792,0.03,0.0999999999999999,0.0199999999999999,2.0,3.0,43.0,0.8769230769230769,-1.0461538461538464,0.041036414216929,0.00644762145578,4.845311040690634e-05,0.0043270256563799,-0.0384936411132791,0.0687069551076412,0.0,0.0904367548877634,0.0281241186121568,0.0229147988149266,0.0020977026757203,0.0159887874141692,,,0.0392642186921901,0.2359223876263528,-0.0159083163066971,0.0310544825086947,0.0,-0.0165663019813963,0.0219498403274285,0.01224,-0.03575,0.0194922967530412,0.0,0.0,-0.0,0.231904684379394,2026-05-28 13:19,2026-05-29 08:39
Colonial Country Club,1,2026-05-31,2026-05-28,21,Charles Schwab Challenge,2026-05-26 00:41:04 UTC,no,pga,-18000,0,USA,15980,165.0,97.0,"lipsky, david",36326,142,61.0,0.0,0.0,0.0,0.0,0.0,0.0,1988-07-14,7.5,37,2.688897078398031,-0.1756558503842604,-0.2208379475821331,0.3740266594666083,0.387,pga,2026-05-15,1369,-0.1756558503842604,0.1899999999999999,-0.1,-0.12,9.0,0.0,35.0,-2.123076923076923,5.953846153846154,-0.0447823448468427,0.0194132943046869,1.5980642512268544e-05,-0.0102470294519479,0.0004535570887495,-0.0544181474308435,18.52291681754552,-0.0808570490069594,0.0108275722968162,-0.036154722662431,-0.0035412931903744,-0.0586026505610011,,,-0.0188648774865925,-0.2483268408623799,-0.0009893037388734,-0.0025137403724076,-3.966702889902202,-0.0116043704170849,-0.0576307761405565,-0.06966,0.0412499999999999,-0.0212716138022502,0.1852291681754552,-0.0,-0.0,-0.112779286489175,2026-05-28 08:17,2026-05-29 12:57
Colonial Country Club,1,2026-05-31,2026-05-28,21,Charles Schwab Challenge,2026-05-26 00:41:04 UTC,no,pga,-18000,0,SCO,23323,19.0,15.0,"macintyre, robert",52215,481,29.0,0.0,0.0,0.0,0.0,0.0,0.0,1996-08-03,-0.5,29,2.6953224978351207,1.194500489420819,0.1541620524178668,1.6777964440968958,1.4111999999999998,pga,2026-05-15,841,1.194500489420819,-0.7200000000000001,-0.2700000000000001,-0.19,9.0,0.0,45.0,-2.123076923076923,5.953846153846154,0.0560761186711313,0.0867101988521002,-4.743441507510252e-05,0.005795652170056,0.0272828530131541,-0.063665150949104,2.6855592505671124,0.6671576128677419,,0.0043076798189454,-0.0176490240590272,0.1555652918092595,0.2977981747034224,0.1364874788070852,,1.2362236053663789,-0.015377164791459,-0.021565952801008,27.23830205423852,0.47852972872031,0.0294995090114186,-0.0774,-0.0032,0.0294399623023439,0.0134277962528355,0.0,0.0,1.1984913639215584,2026-05-28 07:55,2026-05-29 12:35
Colonial Country Club,1,2026-05-31,2026-05-28,21,Charles Schwab Challenge,2026-05-26 00:41:04 UTC,no,pga,-18000,0,USA,14007,440.0,454.0,"martin, ben",33413,36,145.0,0.0,0.0,0.0,0.0,0.0,0.0,1987-08-26,9.5,38,2.9848507988954265,-1.062919764533825,-1.0958379475821332,0.3350630349627889,0.0402,pga,2026-05-18,1444,-1.062919764533825,0.1599999999999999,-0.08,-0.02,2.0,3.0,33.0,0.8769230769230769,-1.0461538461538464,-0.0139064470284353,-0.0061926570770095,-1.579248332582903e-05,-0.0058806528445038,0.0285491071952385,-0.0303664518188345,3.603407583121738,-0.4766064696663629,0.0096497235698056,-0.2638703025860957,0.0066817618106846,0.0007459929053206,,,-0.158771863631178,-0.986007205193762,0.02842024424073,-0.0606999637882149,0.0,0.0,-0.0715563280484516,0.01224,0.05225,-0.0066055623385067,0.0360340758312173,0.0,0.0,-0.8920886917010512,2026-05-28 07:22,2026-05-29 12:02
Colonial Country Club,1,2026-05-31,2026-05-28,21,Charles Schwab Challenge,2026-05-26 00:41:04 UTC,no,pga,-18000,0,JPN,13562,31.0,20.0,"matsuyama, hideki",32839,520,27.0,0.0,0.0,0.0,0.0,0.0,0.0,1992-02-25,-2.5,34,2.5376247349143,0.9160677869766012,0.5291620524178668,2.0161150804116263,1.7754,pga,2026-05-17,1156,0.9160677869766012,-0.54,0.01,-0.12,7.0,4.0,53.0,1.876923076923077,3.9538461538461536,-0.1425185470074916,0.0222502436205382,0.000161425341055,-0.0038660745858825,-0.0327711341469127,-0.1282930072362895,-1.2600531068379113,0.5057965715330746,,0.0132247272121814,-0.0001716471120386,-0.0468414050839758,0.3746534009130217,0.1352772509133918,,0.9211439215542876,-0.0160598152624174,-0.0224007352463961,31.94480961730206,-0.1963907298013587,-0.022334426312554,-0.0513999999999999,-0.016,-0.0748222371789331,-0.0063002655341895,0.0,-0.0,0.7726214188411649,2026-05-28 07:55,2026-05-29 12:35
Colonial Country Club,1,2026-05-31,2026-05-28,21,Charles Schwab Challenge,2026-05-26 00:41:04 UTC,no,pga,-18000,0,USA,28635,51.0,49.0,"mccarty, matt",59141,332,30.0,0.0,0.0,0.0,0.0,0.0,0.0,1997-12-11,-4.5,28,2.565285126743908,0.8339686996435108,0.0291620524178668,0.9220770323028248,0.6414,pga,2026-05-15,784,0.8339686996435108,-0.28,0.0199999999999999,-0.29,9.0,0.0,57.0,-2.123076923076923,5.953846153846154,0.0384385969322301,0.0371566964041811,6.07061118702061e-05,-0.0028344025449025,-0.0118591780889337,0.015914775050015,-1.820594953050422,0.466257974890474,,0.0259907813181952,-0.0139088398686375,0.017613645206963,0.1353512962406286,0.0642119310588441,,0.7193165960005765,-0.0078202478134777,-0.0109932996902826,-10.5894105560255,0.0647122568645135,0.0426133546578693,-0.0774,-0.0288,0.0201802633894208,-0.0091029747652521,-0.0,0.0,0.6241938846247451,2026-05-28 12:35,2026-05-29 07:55
Colonial Country Club,1,2026-05-31,2026-05-28,21,Charles Schwab Challenge,2026-05-26 00:41:04 UTC,no,pga,-18000,0,USA,23505,110.0,88.0,"mcgreevy, max",51950,112,120.0,0.0,0.0,0.0,0.0,0.0,0.0,1995-05-03,1.5,31,2.539971206924289,0.2186318963148558,-1.2208379475821332,0.5807308969005499,0.4247999999999999,pga,2026-05-18,961,0.2186318963148558,-0.37,-0.05,-0.12,2.0,3.0,43.0,0.8769230769230769,-1.0461538461538464,0.01997729563352,-0.0261352454003343,3.3415464699761863e-05,-0.0053771501196994,0.0478219195091353,0.0036343561797187,2.005925716817684,0.1109744098059665,0.0167248906585551,-0.0581518430100525,0.0148778568327895,0.0341969037216675,,,0.0601148727563187,0.2093664443911934,-0.0207687105159968,0.0312872840034824,-4.269530567272807,0.0,0.020110780138463,0.01224,0.00825,0.009489215425922,0.0200592571681768,-0.0,0.0,0.2594049169852922,2026-05-28 07:11,2026-05-29 11:51
Colonial Country Club,1,2026-05-31,2026-05-28,21,Charles Schwab Challenge,2026-05-26 00:41:04 UTC,no,pga,-18000,0,USA,28159,60.0,108.0,"meissner, mac",59143,389,93.0,0.0,0.0,0.0,0.0,0.0,0.0,1999-02-08,1.5,27,2.3,0.4889922376701031,0.4041620524178668,0.5187102080796325,0.4254,pga,2026-05-18,729,0.4889922376701031,0.12,0.03,0.03,0.0,2.0,39.0,-0.123076923076923,-3.0461538461538464,-0.1115369603586963,-0.0017054955673906,5.692688074743775e-05,-0.0021680940204744,-0.048396760612205,-0.0593235370393735,15.421943109935585,0.2260397660517361,0.0149387117738093,0.1369517562549335,-0.0098422108055654,-0.0127525524025346,,,0.0681482416381691,0.4863703541354303,-0.0203070221793625,0.0331992397626016,-4.372864319217184,0.0,0.0499944240416432,0.03564,0.00825,-0.0529800561703807,0.1542194310993558,-0.0,0.0,0.6314997290644053,2026-05-28 08:28,2026-05-29 13:08
Colonial Country Club,1,2026-05-31,2026-05-28,21,Charles Schwab Challenge,2026-05-26 00:41:04 UTC,no,pga,-18000,0,USA,17365,47.0,95.0,"mitchell, keith",39546,331,62.0,0.0,0.0,0.0,0.0,0.0,0.0,1992-01-07,7.5,34,2.490313357083921,0.4365445258462488,0.6541620524178668,1.161148580946895,0.8478,pga,2026-05-18,1156,0.4365445258462488,-0.16,-0.1099999999999999,-0.0899999999999999,0.0,3.0,51.0,0.8769230769230769,-3.0461538461538464,0.0068723748451829,-0.0166516924145127,4.639396586492363e-05,0.0155649216914909,-0.014343686712294,0.0222564383146339,-6.222665191902489,0.3045466754450406,,0.1371475753215066,-0.0008649355404031,0.1219247316938284,0.1789068115884081,0.0525163819789447,,0.7486735250613517,-0.0097280805953005,-0.0121215898891686,-15.70860848005684,-0.1123806977315934,-0.0236540449415045,0.03564,0.0412499999999999,0.0032643780514618,-0.0622266519190248,-0.0,-0.0,0.7666012511937886,2026-05-28 12:57,2026-05-29 08:17
Colonial Country Club,1,2026-05-31,2026-05-28,21,Charles Schwab Challenge,2026-05-26 00:41:04 UTC,no,pga,-18000,0,USA,21944,114.0,140.0,"moore, taylor",49947,173,71.0,0.0,0.0,0.0,0.0,0.0,0.0,1993-07-28,3.5,32,2.4307950962596583,0.1286885120340016,1.0291620524178668,0.9130504924581354,0.6539999999999999,pga,2026-05-18,1024,0.1286885120340016,0.29,-0.0499999999999999,0.1199999999999999,0.0,2.0,37.0,-0.123076923076923,-3.0461538461538464,-0.0656683124381992,0.0174758241153644,-0.0001019579402578,0.0079880744901304,-0.0498504727036141,-0.041179780399822,-19.07647797040748,0.0906518198620883,0.0262956039256148,0.1472321527044206,-0.0087311194176472,0.054933543350358,,,0.0268079837967367,0.3603295576881062,-0.0048150562770367,0.0265901714910007,4.410398896633921,-0.1124266841033258,0.0013644582525708,0.03564,0.01925,-0.0311924484081446,-0.1907647797040748,0.0,-0.0,0.1932623295758867,2026-05-28 12:46,2026-05-29 08:06
Colonial Country Club,1,2026-05-31,2026-05-28,21,Charles Schwab Challenge,2026-05-26 00:41:04 UTC,no,pga,-18000,0,USA,29770,148.0,136.0,"mouw, william",63121,81,111.0,0.0,0.0,0.0,0.0,0.0,0.0,2000-10-01,-4.5,25,2.583465848982166,0.0718250009234412,0.2791620524178668,0.3445926215781586,0.1002,pga,2026-05-18,625,0.0718250009234412,0.0,0.14,-0.04,2.0,2.0,36.0,-0.123076923076923,-1.0461538461538464,0.0597029100322908,0.0044026046897125,3.332501540806803e-06,0.0019662439799096,0.0065819654635769,0.0467487633975509,-7.298680610479076,0.0138079956128846,0.0099241790265245,-0.0588146978227756,0.0072998349204951,0.0395906287410585,,,0.0248222072192006,0.0908716491174053,0.0003887913998922,-0.006354064887298,-0.3512794326765558,0.0,0.0602067749074233,0.01224,-0.0247499999999999,0.0283588822653381,-0.0729868061047907,-0.0,0.0,0.0337337252779526,2026-05-28 08:06,2026-05-29 12:46
Colonial Country Club,1,2026-05-31,2026-05-28,21,Charles Schwab Challenge,2026-05-26 00:41:04 UTC,no,pga,-18000,0,JPN,21074,221.0,138.0,"nakajima, keita",49228,64,175.0,0.0,0.0,0.0,0.0,0.0,0.0,2000-06-24,-6.5,25,2.661384926371191,-0.1797165870231365,-0.4708379475821331,0.420382153485382,0.2025,pga,2026-05-18,625,-0.1797165870231365,0.0199999999999999,0.07,0.25,2.0,1.0,21.0,-1.123076923076923,-1.0461538461538464,0.0868726360617418,-0.02913942248839,6.57583722884765e-05,-0.0022932233940307,0.0013054157384935,0.1169341078333805,0.0,-0.0959295780313806,0.0121791899473398,-0.0705147173235109,0.0100985212062965,-0.0228763459046482,,,-0.028432710087448,-0.1638212732035473,0.0025631984673949,-0.029928553761228,-19.29117948010369,-0.2137532421068375,0.0590197222836373,0.01224,-0.03575,0.0412645021293273,0.0,-0.0,-0.0,-0.1460667710742199,2026-05-28 08:39,2026-05-29 13:19
Colonial Country Club,1,2026-05-31,2026-05-28,21,Charles Schwab Challenge,2026-05-26 00:41:04 UTC,no,pga,-18000,0,DEN,23841,120.0,78.0,"neergaard-petersen, rasmus",52689,117,119.0,0.0,0.0,0.0,0.0,0.0,0.0,1999-07-03,-6.5,26,2.477516749537244,-0.0822960800581592,-0.4708379475821331,0.795270146859748,0.7101999999999999,pga,2026-05-18,676,-0.0822960800581592,0.0099999999999999,-0.0499999999999999,-0.04,0.0,4.0,49.0,1.876923076923077,-3.0461538461538464,0.0048537888099722,-0.0198770790103991,6.2506236041750245e-06,0.0020150983751006,0.0079929822291597,0.0147165365925068,0.0,0.0195196640750157,0.022901721338182,0.0193188456424991,0.0070659022608663,0.0600043319673142,,,0.0074917934516132,0.1790277798950753,-0.003083960842969,-0.0068914433002827,2.9891149115685884,0.0,0.0527009253028364,0.03564,-0.03575,0.0023055496847367,0.0,0.0,0.0,0.181223329579812,2026-05-28 13:08,2026-05-29 08:28
Colonial Country Club,1,2026-05-31,2026-05-28,21,Charles Schwab Challenge,2026-05-26 00:41:04 UTC,no,pga,-18000,0,USA,23475,78.0,54.0,"novak, andrew",51997,336,69.0,0.0,0.0,0.0,0.0,0.0,0.0,1995-03-31,3.5,31,2.544591557729328,0.4057385158405971,0.0291620524178668,0.7788460782854927,0.6412,pga,2026-05-17,961,0.4057385158405971,0.32,0.02,0.21,7.0,4.0,54.0,1.876923076923077,3.9538461538461536,-0.0597998125294074,-0.0182849185579295,7.532229297825478e-05,0.0001271096869036,-0.0123975895382671,-0.0293197364130925,8.19375321563657,0.1723763848779766,0.0224305535814085,0.154055377784804,0.0159026877711026,0.009653737136617,,,0.0639059007679784,0.4648117345622652,-0.0079610938232974,0.0162020354403027,-8.794350513665186,-0.0335533868287946,0.0182461510253725,-0.0462599999999999,0.01925,-0.0284049109514685,0.0819375321563657,-0.0,-0.0,0.4913343557671624,2026-05-28 07:33,2026-05-29 12:13
Colonial Country Club,1,2026-05-31,2026-05-28,21,Charles Schwab Challenge,2026-05-26 00:41:04 UTC,no,pga,-18000,0,SWE,25475,270.0,250.0,"nyholm, pontus",55851,56,121.0,0.0,0.0,0.0,0.0,0.0,0.0,1998-02-10,-6.5,28,3.2,-0.2007842026396864,-0.0958379475821331,0.18,0.18,pga,2026-05-18,784,-0.2007842026396864,-0.11,-0.07,0.31,2.0,1.0,32.0,-1.123076923076923,-1.0461538461538464,-0.0823515923149955,0.0018327805243873,1.6638202123945584e-05,0.0043511056085205,-0.0700184958931254,-0.0185336207569019,0.0,-0.0925141966352928,0.0051839506639636,-0.1107363583620094,0.0008266330602765,0.007070245917138,,,-0.0604759230431434,-0.2380085047028876,0.0118422647768876,-0.041985835797186,0.0,0.0,0.0427807147164783,0.01224,-0.03575,-0.0391170063496228,0.0,0.0,0.0,-0.3006355110525104,2026-05-28 13:08,2026-05-29 08:28
Colonial Country Club,1,2026-05-31,2026-05-28,21,Charles Schwab Challenge,2026-05-26 00:41:04 UTC,no,pga,-18000,0,DEN,13412,88.0,121.0,"olesen, thorbjorn",33968,116,149.0,0.0,0.0,0.0,0.0,0.0,0.0,1989-12-21,-2.5,36,2.7753767186021308,0.4718422050928348,-0.4708379475821331,0.862490598580591,0.666,pga,2026-05-18,1296,0.4718422050928348,-0.1899999999999999,-0.32,0.01,0.0,2.0,37.0,-0.123076923076923,-3.0461538461538464,-0.0062479781094135,-0.0050388389828791,3.891420816524376e-05,0.0012509159664542,-0.0213907668724926,0.0188917975713387,-0.8605010226877634,0.204937325463694,0.0248394928398568,-0.0280909425743708,0.0046668204834391,0.042290926744397,,,0.0826805156828647,0.2932976081110037,-0.0173989022181597,0.0185812699720227,-13.03142134643175,0.1319470017994719,-0.0392088982827401,0.03564,-0.0137499999999999,-0.0029677896019714,-0.0086050102268776,-0.0,0.0,0.3036148082821546,2026-05-28 07:22,2026-05-29 12:02
Colonial Country Club,1,2026-05-31,2026-05-28,21,Charles Schwab Challenge,2026-05-26 00:41:04 UTC,no,pga,-18000,0,USA,7820,0.0,0.0,"palmer, ryan",23320,34,0.0,0.0,0.0,0.0,0.0,0.0,0.0,1976-09-19,19.5,49,2.7,-1.8750397988718568,-1.3458379475821332,1.2933537422020704,1.061,pga,2026-05-18,2401,-1.8750397988718568,-0.1999999999999999,0.0899999999999999,-0.09,2.0,1.0,11.0,-1.123076923076923,-1.0461538461538464,-0.0083350333545623,-0.0881964465358916,-0.0002544992025639,-0.0040876595165729,0.0172455750764276,0.0669579968240386,2.524245824487484,-0.8836095420007928,0.037248233281026,-0.4515348903210469,-0.0025572174831015,-0.0080096080360747,,,-0.3348741410299435,-1.9598668054510693,0.0643623184293016,-0.1160903000932656,-19.896621745143936,-0.0924893999277703,-0.2648016581971718,0.01224,0.10725,-0.003959140843417,0.0252424582448748,-0.0,-0.0,-1.819093488049612,2026-05-28 11:51,2026-05-29 07:11
Colonial Country Club,1,2026-05-31,2026-05-28,21,Charles Schwab Challenge,2026-05-26 00:41:04 UTC,no,pga,-18000,0,ENG,13764,96.0,86.0,"parry, john",28723,126,88.0,0.0,0.0,0.0,0.0,0.0,0.0,1986-11-17,-6.5,39,2.3,0.2510713716872257,-0.4708379475821331,0.6273523930556788,0.4238,pga,2026-05-18,1521,0.2510713716872257,-0.21,0.15,-0.0199999999999999,0.0,4.0,60.0,1.876923076923077,-3.0461538461538464,-0.0007655392146513,-0.0170005320809632,0.0001104227068224,-0.004479249147416,0.0306252984562349,-0.0100214791493294,0.0,0.120636945295427,0.0178317803473263,0.0068821157768694,0.0040699786345936,-0.0486191060346633,,,0.0589414593241383,0.0907792631178608,-0.0151821888851897,0.0264367649420441,3.262292725003526,0.0331923093494978,-0.0802184862826848,0.03564,-0.03575,-0.0003636311269593,0.0,0.0,0.0,0.0903056319909014,2026-05-28 08:50,2026-05-29 13:30
Colonial Country Club,1,2026-05-31,2026-05-28,21,Charles Schwab Challenge,2026-05-26 00:41:04 UTC,no,pga,-18000,0,FRA,19960,201.0,260.0,"pavon, matthieu",48153,76,102.0,0.0,0.0,0.0,0.0,0.0,0.0,1992-11-02,-6.5,33,2.3,-0.459794606233558,-0.4708379475821331,0.8495533184368377,0.5202,pga,2026-05-18,1089,-0.459794606233558,-0.4599999999999999,-0.03,0.19,0.0,2.0,41.0,-0.123076923076923,-3.0461538461538464,0.083511334308134,0.0337699174608922,-0.0001226064908026,-0.0017134697496067,-0.0035497253520529,0.055127218439704,0.0,-0.1746152496301687,0.0244992037828227,-0.0289315748436178,-0.005361992145209,0.0077642156330087,,,-0.0591219844675506,-0.2419643199558407,-0.0005593275560595,-0.0006027605324387,5.015477332092258,-0.0091580506005313,-0.0050348501966276,0.03564,-0.03575,0.0396678837963636,0.0,0.0,-0.0,-0.202406436159477,2026-05-28 11:40,2026-05-29 07:00
Colonial Country Club,1,2026-05-31,2026-05-28,21,Charles Schwab Challenge,2026-05-26 00:41:04 UTC,no,pga,-18000,0,USA,16341,220.0,226.0,"peterson, paul",36824,100,139.0,0.0,0.0,0.0,0.0,0.0,0.0,1997-12-11,-6.5,28,2.5695286035004115,-0.2438131342548463,0.1541620524178668,-0.1739661188189639,-0.4886,pga,2026-05-18,784,-0.2438131342548463,0.21,0.03,-0.03,2.0,3.0,35.0,0.8769230769230769,-1.0461538461538464,0.0324153046446115,0.0248480926407855,-2.1917541806343748e-05,-0.021586557412949,0.0818361487646152,-0.0526604618060337,0.0,-0.1345776083151802,-0.0050101415186742,0.0042738511540107,0.0001956341243902,-0.089643480789369,,,-0.0778965993824369,-0.3708896427198233,0.0129542425112185,-0.0221909742120766,0.0,0.0,-0.0589945662917056,0.01224,-0.03575,0.0153972697061904,0.0,0.0,0.0,-0.3790023730136327,2026-05-28 08:39,2026-05-29 13:19
Colonial Country Club,1,2026-05-31,2026-05-28,21,Charles Schwab Challenge,2026-05-26 00:41:04 UTC,no,pga,-18000,0,USA,27164,284.0,174.0,"phillips, chandler",57900,53,122.0,0.0,0.0,0.0,0.0,0.0,0.0,1996-12-02,-0.5,29,3.0232704470619947,-0.5297148203169273,1.1541620524178668,0.2828086668489721,0.0922,pga,2026-05-18,841,-0.5297148203169273,0.35,-0.07,-0.04,2.0,1.0,35.0,-1.123076923076923,-1.0461538461538464,-0.0167757568151418,0.0263140740813072,-0.0001726963021479,-0.0034194245962698,0.0015207123696871,-0.0410184223677185,6.964286814824895,-0.242427355383429,0.0081448120904789,-0.1596899817332958,0.0015337557582742,-0.0134946190294062,,,-0.1012746054543387,-0.5078594365790703,0.0119354625209963,-0.0466942371230466,0.0,0.0,0.0341073317746967,0.01224,-0.00275,-0.0079684844871923,0.0696428681482489,0.0,0.0,-0.4366950529180137,2026-05-28 11:40,2026-05-29 07:00
Colonial Country Club,1,2026-05-31,2026-05-28,21,Charles Schwab Challenge,2026-05-26 00:41:04 UTC,no,pga,-18000,0,USA,21554,75.0,85.0,"poston, j.t.",49771,190,118.0,0.0,0.0,0.0,0.0,0.0,0.0,1993-06-01,21.5,33,2.778306625424568,0.5702954913520634,-0.3458379475821331,1.332320222533357,1.1106,pga,2026-05-15,1089,0.5702954913520634,-0.28,-0.36,0.18,9.0,0.0,41.0,-2.123076923076923,5.953846153846154,0.0927663751368894,0.0079071397549177,5.396030180474647e-05,-0.0034418909564611,0.0707215634607075,0.0175256025759206,-10.295025178636427,0.3100496508566294,,0.0398255755316757,0.0116474370245292,0.0348141772001167,0.2343641247347087,0.0578732236351499,,0.670971107281356,-0.0057433835547506,-0.0072341019024756,-18.49977003671566,0.0429351979255343,-0.0046255962442274,-0.0774,0.1376,0.0487023469468669,-0.0514751258931821,-0.0,0.0,0.7283983283350408,2026-05-28 08:06,2026-05-29 12:46
Colonial Country Club,1,2026-05-31,2026-05-28,21,Charles Schwab Challenge,2026-05-26 00:41:04 UTC,no,pga,-18000,0,IRL,10104,137.0,184.0,"power, seamus",28252,123,100.0,0.0,0.0,0.0,0.0,0.0,0.0,1987-03-04,0.5,39,2.6047489485591973,-0.1009622180362219,0.4041620524178668,1.1087623974102496,0.9002,pga,2026-05-18,1521,-0.1009622180362219,-0.27,-0.21,-0.02,0.0,2.0,39.0,-0.123076923076923,-3.0461538461538464,-0.0326026613466531,0.0092408654773586,-3.4612457941434454e-05,-0.0053225111883191,0.0028457923089058,-0.0393321954866569,-3.7420389634947138,-0.0048688858493883,0.0319320531458002,0.0254067780773408,-0.0005566106377813,-0.0061976305318352,,,0.0048741788721339,-0.0288361453319789,-0.0119509658529319,0.0098304687251655,3.5353817617087184,-0.0701248712791656,-0.0773055312804825,0.03564,0.00275,-0.0154862641396602,-0.0374203896349471,0.0,-0.0,-0.0433527991065862,2026-05-28 12:02,2026-05-29 07:22
Colonial Country Club,1,2026-05-31,2026-05-28,21,Charles Schwab Challenge,2026-05-26 00:41:04 UTC,no,pga,-18000,0,USA,14704,66.0,81.0,"putnam, andrew",34256,367,58.0,0.0,0.0,0.0,0.0,0.0,0.0,1989-01-25,19.5,37,2.3,0.5750816138994065,-0.4708379475821331,0.9523349062859509,0.8013999999999999,pga,2026-05-17,1369,0.5750816138994065,-0.12,-0.0299999999999999,0.0899999999999999,7.0,4.0,45.0,1.876923076923077,3.9538461538461536,-0.0501812287275179,0.0299673882877566,8.957390048888988e-05,-0.0271090734360234,0.0989907943414257,-0.1521199118211658,11.819474650504064,0.3152193225025578,,0.0598134375831309,-0.018585745101677,-0.0758719972907614,0.1920325531321672,0.0313681265700502,,0.4173884191454068,-0.0091945772191698,-0.0122969885109103,5.159182078631136,0.0095659773240518,-0.0650957125199808,-0.0513999999999999,0.1248,-0.0263451450819469,0.0590973732525203,0.0,0.0,0.5235406473159803,2026-05-28 08:17,2026-05-29 12:57
Colonial Country Club,1,2026-05-31,2026-05-28,21,Charles Schwab Challenge,2026-05-26 00:41:04 UTC,no,pga,-18000,0,USA,19840,146.0,163.0,"ramey, chad",47983,56,105.0,0.0,0.0,0.0,0.0,0.0,0.0,1992-08-03,5.5,33,2.530414136065478,-0.0232384117334438,0.1541620524178668,0.5209359098856003,0.361,pga,2026-05-18,1089,-0.0232384117334438,-0.26,-0.0799999999999999,0.12,0.0,2.0,45.0,-0.123076923076923,-3.0461538461538464,0.0522651659480666,0.0441960555867297,-6.0624714528642445e-05,-0.0001692498707449,-0.0298787825925382,0.0381777675391487,7.818785249406861,0.0073022558738417,0.0150028114218552,-0.0668791604273815,-0.0035760813552357,0.0089391544588887,,,0.0142614863295771,-0.0317833516787991,-0.0019874592690479,0.0034744408288508,-5.6299820282172615,0.0,-0.0083207995401477,0.03564,0.03025,0.0248259538253316,0.0781878524940686,-0.0,0.0,0.1371204546406011,2026-05-28 07:22,2026-05-29 12:02
Colonial Country Club,1,2026-05-31,2026-05-28,21,Charles Schwab Challenge,2026-05-26 00:41:04 UTC,no,pga,-18000,0,USA,19872,473.0,154.0,"riley, davis",47995,250,130.0,0.0,0.0,0.0,0.0,0.0,0.0,1996-12-17,5.5,29,3.2,-1.3600006254299382,0.2791620524178668,0.8385916832123137,0.48,pga,2026-05-18,841,-1.3600006254299382,0.1,-0.37,0.2799999999999999,2.0,3.0,37.0,0.8769230769230769,-1.0461538461538464,-0.1162657635494914,0.0109201877220931,-0.0001127811269642,0.0011920674089051,-0.1050457356583134,-0.0232195018952119,24.93944315060092,-0.6092423625847752,0.0241512013993242,-0.29913476727016,0.0126947219971036,-0.1729221370229471,,,-0.2201504123913833,-1.2723160277367769,0.0339997417481845,-0.0758193453868203,-2.2276992190985982,-0.0525887272237726,0.0341073317746967,0.01224,0.03025,-0.0552262376860084,0.2493944315060092,-0.0,-0.0,-1.035657833916776,2026-05-28 07:33,2026-05-29 12:13
Colonial Country Club,1,2026-05-31,2026-05-28,21,Charles Schwab Challenge,2026-05-26 00:41:04 UTC,no,pga,-18000,0,USA,16283,104.0,77.0,"rodgers, patrick",36699,130,45.0,0.0,0.0,0.0,0.0,0.0,0.0,1992-06-30,19.5,33,2.6704835430300613,0.2072073739305215,0.5291620524178668,0.7230798199621963,0.5886,pga,2026-05-18,1089,0.2072073739305215,-0.0199999999999999,-0.0699999999999999,-0.0699999999999999,0.0,5.0,59.0,2.876923076923077,-3.0461538461538464,-0.0215056365292422,0.0217692524569195,-2.421602837691014e-05,0.0032451298062396,-0.0405366388205763,-0.0059591639434481,9.31316110530038,0.1014517239504924,0.0208245006266207,-0.0110799575506402,-0.0062254249309001,-0.0127937783262497,,,0.0251832575060254,0.1229641465696633,-0.0111691337817504,0.0262018595261155,-4.24229750577156,-0.0471378434034159,-0.00942890045005,0.03564,0.10725,-0.01021517735139,0.0931316110530038,-0.0,-0.0,0.3487705802712771,2026-05-28 12:57,2026-05-29 08:17
Colonial Country Club,1,2026-05-31,2026-05-28,21,Charles Schwab Challenge,2026-05-26 00:41:04 UTC,no,pga,-18000,0,USA,18424,133.0,125.0,"roy, kevin",39335,59,83.0,0.0,0.0,0.0,0.0,0.0,0.0,1993-05-20,-2.5,33,2.741969897788425,0.3554947100014244,-0.0958379475821331,0.5377960352629155,0.225,pga,2026-05-18,1089,0.3554947100014244,0.31,0.15,-0.1899999999999999,2.0,1.0,40.0,-1.123076923076923,-1.0461538461538464,-0.0427138999607461,0.023684620440317,-6.81842737854347e-05,0.0013387426220809,-0.0182180841611176,-0.0494509945882409,2.0742652721083745,0.1171803282422647,0.0154883382136193,-0.0851290817947227,-0.0044706341659558,-0.0093101877723245,,,0.0403473695526643,0.0508432571079143,-0.0060937314958466,0.0195103334706238,0.0,0.0,-0.0366794771424082,0.01224,-0.0137499999999999,-0.0202891024813543,0.0207426527210837,0.0,0.0,0.0497868073476436,2026-05-28 11:40,2026-05-29 07:00
Colonial Country Club,1,2026-05-31,2026-05-28,21,Charles Schwab Challenge,2026-05-26 00:41:04 UTC,no,pga,-18000,0,COL,16591,449.0,0.0,"rozo, marcelo",37076,32,193.0,0.0,0.0,0.0,0.0,0.0,0.0,1989-11-06,-6.5,36,2.3,-1.1213014340825964,-0.0958379475821331,-0.5376613387757069,-0.7276,pga,2026-05-18,1296,-1.1213014340825964,0.5900000000000001,0.0,0.0,2.0,1.0,28.0,-1.123076923076923,-1.0461538461538464,0.0545529608862758,-0.0581688772643619,2.9084650269903213e-05,-0.0052551847372584,0.0655684334897189,0.0523795047479073,0.0,-0.5308059134912831,-0.015483611464704,-0.1552448528083958,0.0344295154474088,-0.0370208794961512,,,-0.2307111332810068,-1.0173526062369844,0.0408221591308981,-0.0802869185477779,0.0,0.0,-0.0430509717259723,0.01224,-0.03575,0.025912656420981,0.0,0.0,0.0,-1.0149499498160033,2026-05-28 13:30,2026-05-29 08:50
Colonial Country Club,1,2026-05-31,2026-05-28,21,Charles Schwab Challenge,2026-05-26 00:41:04 UTC,no,pga,-18000,0,USA,16715,141.0,211.0,"ryder, sam",37275,104,127.0,0.0,0.0,0.0,0.0,0.0,0.0,1989-12-15,7.5,36,2.4514720071609912,0.0887875679211719,1.0291620524178668,0.6216848392991361,0.38,pga,2026-05-18,1296,0.0887875679211719,0.1,-0.31,0.07,0.0,2.0,33.0,-0.123076923076923,-3.0461538461538464,0.1353346788898913,0.0356526005833487,6.509470951949407e-05,-0.0028995841866773,0.0157264316615176,0.0867901361221828,-17.690340733179543,0.0453256412511302,0.0179043529747826,0.0926292699109473,-0.0044959561635079,-0.0038752368292185,,,-0.0101996706027988,0.1074730126253287,0.0001960642488707,0.0091974461178631,-5.626795415208038,0.0,-0.0392088982827401,0.03564,0.0412499999999999,0.0642839724726983,-0.1769034073317954,-0.0,0.0,0.0717435777662316,2026-05-28 08:17,2026-05-29 12:57
Colonial Country Club,1,2026-05-31,2026-05-28,21,Charles Schwab Challenge,2026-05-26 00:41:04 UTC,no,pga,-18000,0,FRA,14792,235.0,106.0,"saddier, adrien",34371,55,173.0,0.0,0.0,0.0,0.0,0.0,0.0,1992-05-15,-6.5,34,2.780147835940122,-0.5010824637632512,-0.3458379475821331,0.4477851456656292,0.0582,pga,2026-05-18,1156,-0.5010824637632512,-0.54,-0.25,-0.3,0.0,3.0,37.0,0.8769230769230769,-3.0461538461538464,0.0335743010688221,0.0106787629772368,-8.487746442758717e-05,-0.0023453190938952,0.0033311117581338,0.0219946228917742,0.0,-0.1874055137087457,0.0125627511965893,-0.085273329633972,0.0074768522491772,0.0379278498178832,,,-0.055872531886128,-0.2891083413071328,0.0206577547193227,-0.0286387804702759,-3.974787304766974,-0.0614320669837039,-0.0105433935909837,0.03564,-0.03575,0.0159477930076904,0.0,-0.0,-0.0,-0.2732705482994423,2026-05-28 13:08,2026-05-29 08:28
Colonial Country Club,1,2026-05-31,2026-05-28,21,Charles Schwab Challenge,2026-05-26 00:41:04 UTC,no,pga,-18000,0,USA,19477,443.0,164.0,"schenk, adam",47347,48,136.0,0.0,0.0,0.0,0.0,0.0,0.0,1992-01-26,14.5,34,3.2,-0.9388862761755048,-1.3458379475821332,0.8600480068756723,0.6346,pga,2026-05-18,1156,-0.9388862761755048,-0.1999999999999999,-0.03,-0.21,2.0,3.0,40.0,0.8769230769230769,-1.0461538461538464,-0.0578875025536981,-0.0392499764461446,-6.39720588154311e-05,0.00203782644679,-0.0410614524114734,0.0204500719159453,-12.429343828597885,-0.4389211435718931,0.0247691468682429,-0.2412534938092929,0.0116078876629153,-0.0220627401748592,,,-0.1696936348076263,-0.9165027581124844,0.0344038802385022,-0.1002873720534435,-2.3181107235665057,-0.1046015356582546,-0.0150652884650295,0.01224,0.07975,-0.0274965637130065,-0.1242934382859788,-0.0,-0.0,-0.9763027601114698,2026-05-28 07:55,2026-05-29 12:35
Colonial Country Club,1,2026-05-31,2026-05-28,21,Charles Schwab Challenge,2026-05-26 00:41:04 UTC,no,pga,-18000,0,USA,32055,263.0,182.0,"shipley, neal",63807,49,181.0,0.0,0.0,0.0,0.0,0.0,0.0,2001-06-06,-4.5,24,2.358556479605202,-0.4220549026962711,-0.8458379475821332,0.58,0.58,pga,2026-05-18,576,-0.4220549026962711,0.0899999999999999,-0.27,0.0799999999999999,0.0,2.0,30.0,-0.123076923076923,-3.0461538461538464,0.1573846217314033,-0.0429912249757066,-4.48042637704694e-05,0.0063246282868268,0.0716197299428719,0.1224762927411817,-1.022775946309713,-0.1763157330275392,0.0167038410283272,0.0015091931078889,0.0023872490682906,0.1193284361933294,,,-0.0770842362370813,-0.1020856092160437,0.010451857964588,-0.0610056294242163,0.0,0.0,0.0619394121103688,0.03564,-0.0247499999999999,0.0747576953224165,-0.0102277594630971,0.0,0.0,-0.0266656733567242,2026-05-28 08:39,2026-05-29 13:19
Colonial Country Club,1,2026-05-31,2026-05-28,21,Charles Schwab Challenge,2026-05-26 00:41:04 UTC,no,pga,-18000,0,USA,11049,187.0,441.0,"simpson, webb",29221,57,160.0,0.0,0.0,0.0,0.0,0.0,0.0,1985-08-08,13.5,40,2.7,-0.0845244480931958,-0.8458379475821332,2.0810379378221424,1.8924,pga,2026-05-10,1600,-0.0845244480931958,0.05,0.12,0.1399999999999999,14.0,0.0,18.0,-2.123076923076923,10.953846153846154,-0.1134152436813063,-0.0030656215501682,-1.439727302689526e-05,-0.0006248265761541,-0.0322827793046782,-0.0774276189772788,2.770928921454876,-0.043646499703098,0.0599371109576582,0.0368487586620617,-0.0092573199929477,-0.057290291989404,,,-0.0080333688818503,-0.1399759756801782,-0.0039633854054459,-0.0147950430046117,14.831463186155592,0.015717892514579,-0.0997759363225402,-0.12816,0.07425,-0.0538722407486204,0.0277092892145487,0.0,0.0,-0.2200489272142499,2026-05-28 12:13,2026-05-29 07:33
Colonial Country Club,1,2026-05-31,2026-05-28,21,Charles Schwab Challenge,2026-05-26 00:41:04 UTC,no,pga,-18000,0,ENG,10873,239.0,268.0,"skinns, david",27139,34,148.0,0.0,0.0,0.0,0.0,0.0,0.0,1982-02-01,-4.5,44,2.4772773147325817,-0.3573346124746571,-0.0958379475821331,-0.0875556911250561,-0.307,pga,2026-05-18,1936,-0.3573346124746571,-0.07,0.35,0.0,2.0,1.0,30.0,-1.123076923076923,-1.0461538461538464,-0.0131019541979811,-0.0351582856240512,3.898084044208157e-05,-0.0004978758564138,-0.0066298609282851,0.029145087370327,-4.423922666102831,-0.1737097624239877,-0.0025215799063418,-0.0118005635197887,-0.007440837785369,0.0074706370853406,,,-0.0972127897275604,-0.4617410020227511,0.0128399844156481,-0.0297931136505981,0.0,0.0,-0.1595729765100939,0.01224,-0.0247499999999999,-0.006223428244041,-0.0442392266610283,0.0,0.0,-0.5247136569278203,2026-05-28 08:39,2026-05-29 13:19
Colonial Country Club,1,2026-05-31,2026-05-28,21,Charles Schwab Challenge,2026-05-26 00:41:04 UTC,no,pga,-18000,0,USA,18474,25.0,41.0,"smalley, alex",46340,580,15.0,0.0,0.0,0.0,0.0,0.0,0.0,1996-10-21,4.5,29,2.529207152371636,0.9468774766589698,1.7791620524178668,0.9468774766589698,0.5344000000000001,pga,2026-05-17,841,0.9468774766589698,0.2399999999999998,0.48,0.09,7.0,4.0,51.0,1.876923076923077,3.9538461538461536,0.0041402238905263,0.0047160650789024,0.0001004473049762,-0.0006554638995968,0.0259944464223719,-0.0260152710161274,-5.057209918091828,0.4829663720777429,,0.1978988898382195,-0.0285993440950721,0.0347015099599869,0.1087621734992516,0.0491589285643775,,0.8457445633899403,-0.0123424456513277,-0.018261959848376,17.55085018828784,0.0134656233444639,0.0314604390451377,-0.0513999999999999,0.0288,0.0021736175425263,-0.0252860495904591,0.0,0.0,0.8000321313420076,2026-05-28 07:55,2026-05-29 12:35
Colonial Country Club,1,2026-05-31,2026-05-28,21,Charles Schwab Challenge,2026-05-26 00:41:04 UTC,no,pga,-18000,0,ENG,18586,106.0,72.0,"smith, jordan",46464,100,66.0,0.0,0.0,0.0,0.0,0.0,0.0,1992-11-09,-6.5,33,2.3798671150659527,0.3094828627207744,-0.3458379475821331,0.8422547797510109,0.4996,pga,2026-05-18,1089,0.3094828627207744,-0.26,-0.21,0.0,0.0,3.0,49.0,0.8769230769230769,-3.0461538461538464,0.0352080497466839,-0.0245386677597627,0.000102469647861,0.001722447008339,0.0302283557220631,0.0276934451281835,0.0,0.1467607354446968,0.0242599421423302,-0.0973541601827811,0.0164240369356571,0.0460218728406126,,,0.0837636665433389,0.2203987677399304,-0.014574117573635,0.0201316417863383,1.1995946881087445,0.0604714586511623,-0.0050348501966276,0.03564,-0.03575,0.0167238236296748,0.0,0.0,0.0,0.2370125913696052,2026-05-28 08:28,2026-05-29 13:08
Colonial Country Club,1,2026-05-31,2026-05-28,21,Charles Schwab Challenge,2026-05-26 00:41:04 UTC,no,pga,-18000,0,USA,22985,139.0,89.0,"smotherman, austin",50095,151,59.0,0.0,0.0,0.0,0.0,0.0,0.0,1994-05-19,5.5,32,3.2,0.102641327315822,-0.4708379475821331,0.4981774177373707,0.1258,pga,2026-05-15,1024,0.102641327315822,0.25,0.36,0.08,9.0,0.0,41.0,-2.123076923076923,5.953846153846154,0.1422878282831882,-0.0410940736513234,0.000112033840324,-0.0023988795345657,0.0693403265765767,0.1163284210521766,5.743746357432361,0.0407833570217617,0.0143471648360114,0.0275483455139422,-0.0004465664428118,0.0413702144480933,,,0.0184135646280615,0.1821904787290532,-0.0034086442894086,0.0330510976816388,-5.578988874865545,0.0,0.0105319453317644,-0.06966,0.03025,0.0675867184345143,0.0574374635743236,-0.0,0.0,0.2678046607378912,2026-05-28 11:40,2026-05-29 07:00
Colonial Country Club,1,2026-05-31,2026-05-28,21,Charles Schwab Challenge,2026-05-26 00:41:04 UTC,no,pga,-18000,0,USA,8820,170.0,133.0,"snedeker, brandt",27649,124,72.0,0.0,0.0,0.0,0.0,0.0,0.0,1980-12-08,17.5,45,2.71505284198717,0.0783296015472931,0.1541620524178668,1.071609309862442,0.8838000000000001,pga,2026-05-15,2025,0.0783296015472931,0.35,0.04,0.0,9.0,0.0,24.0,-2.123076923076923,5.953846153846154,0.0052235323058783,0.0283756604934606,-1.546165220570249e-05,-0.0174843760636664,0.0831076174308512,-0.0887599079025614,7.5965635461050205,0.0237811828014974,0.0308615441023199,0.1227351003225089,-0.0096520591697417,-0.0780612865545238,,,-0.0301476989498655,-0.1191746892640493,-0.0065846208267476,0.0073898350772407,-8.964711633002059,0.0868829814847646,-0.1794966860667377,-0.06966,0.0962499999999999,0.0024811778452921,0.0759656354610502,-0.0,0.0,-0.0141378759577068,2026-05-28 12:35,2026-05-29 07:55
Colonial Country Club,1,2026-05-31,2026-05-28,21,Charles Schwab Challenge,2026-05-26 00:41:04 UTC,no,pga,-18000,0,USA,17536,20.0,9.0,"spaun, j.j.",39324,697,21.0,0.0,0.0,0.0,0.0,0.0,0.0,1990-08-21,7.5,35,2.3718791288782937,1.3280990199116394,0.4041620524178668,1.589178299847509,1.2997999999999998,pga,2026-05-15,1225,1.3280990199116394,0.1800000000000001,0.07,-0.1599999999999999,9.0,0.0,45.0,-2.123076923076923,5.953846153846154,0.0133142412618905,-0.0207741643624315,0.0002113736071172,-0.0014343087552468,0.0669371004910029,-0.0316257597185512,-9.093685175105016,0.7044673988956816,,0.1054582250285792,0.0056943450848822,0.0972599950420737,0.2742900138035065,0.1177451388002936,,1.229694310819938,-0.0139469880201481,-0.0183792813311411,4.394578789777578,-0.0394008475776578,-0.0428945364837896,-0.0774,0.048,0.0069899766624925,-0.045468425875525,0.0,-0.0,1.1618158616069056,2026-05-28 12:24,2026-05-29 07:44
Colonial Country Club,1,2026-05-31,2026-05-28,21,Charles Schwab Challenge,2026-05-26 00:41:04 UTC,no,pga,-18000,0,USA,21995,208.0,259.0,"springer, hayden",50484,59,114.0,0.0,0.0,0.0,0.0,0.0,0.0,1997-01-09,-0.5,29,2.6343768087794355,-0.2884853813540256,-0.0958379475821331,0.1874070551588431,-0.049,pga,2026-05-18,841,-0.2884853813540256,-0.19,-0.09,0.16,2.0,1.0,37.0,-1.123076923076923,-1.0461538461538464,0.1229832858137773,0.0341046905408252,-0.0001074995679752,0.0072560402484649,0.0086093112031803,0.0731207433892821,-7.353499181634182,-0.1388189648752129,0.0053977749821651,-0.0348056693768018,0.0174934771874148,0.0779955213905021,,,-0.0498249395818136,-0.1044052327657509,0.0108198407165381,-0.0267696049832395,0.0,0.0,0.0341073317746967,0.01224,-0.00275,0.0584170607615442,-0.0735349918163418,0.0,0.0,-0.1100331638205485,2026-05-28 13:19,2026-05-29 08:39
Colonial Country Club,1,2026-05-31,2026-05-28,21,Charles Schwab Challenge,2026-05-26 00:41:04 UTC,no,pga,-18000,0,USA,23048,411.0,0.0,"stanger, jimmy",51600,43,151.0,0.0,0.0,0.0,0.0,0.0,0.0,1995-03-23,-4.5,31,2.5734696256180087,-0.6245721359300962,-0.2208379475821331,0.05031508968481,-0.0725,pga,2026-05-18,961,-0.6245721359300962,-0.13,0.39,0.0999999999999999,2.0,1.0,32.0,-1.123076923076923,-1.0461538461538464,0.0300130047383909,-0.0138998445157787,-0.0002181045958064,0.0072871668889615,-0.0056141022913995,0.0424578892524142,-1.5925352288628725,-0.3074071200639947,0.0014490607919686,-0.1199829766212321,-0.0039710571862124,0.0738287583864412,,,-0.1173413432180395,-0.4767779998842403,0.0290783501016774,-0.0506778231002214,0.0,0.0,0.0182461510253725,0.01224,-0.0247499999999999,0.0142561772507356,-0.0159253522886287,0.0,0.0,-0.4909571749221333,2026-05-28 13:19,2026-05-29 08:39
Colonial Country Club,1,2026-05-31,2026-05-28,21,Charles Schwab Challenge,2026-05-26 00:41:04 UTC,no,pga,-18000,0,USA,25569,77.0,52.0,"stevens, samuel",55893,178,52.0,0.0,0.0,0.0,0.0,0.0,0.0,1996-07-04,3.5,29,2.3,0.4060073417181668,0.0291620524178668,0.8122251858579677,0.6489999999999999,pga,2026-05-17,841,0.4060073417181668,-0.5,0.07,-0.23,7.0,4.0,55.0,1.876923076923077,3.9538461538461536,-0.0153280013897939,-0.0022560222899597,1.071221572893754e-05,0.0073209369362845,-0.006600342172698,-0.0138032860791496,4.339538958956295,0.20911351447157,0.0233918627306466,-0.0513170257315316,0.0011181910134,0.0013192295588828,,,0.1144529409234415,0.350239104137951,-0.0210316535420116,0.0424304373031665,2.83104127927101,0.0013679923970237,0.0307616074103864,-0.0462599999999999,0.01925,-0.0072808006601521,0.0433953895895629,0.0,0.0,0.3593436930673619,2026-05-28 12:57,2026-05-29 08:17
Colonial Country Club,1,2026-05-31,2026-05-28,21,Charles Schwab Challenge,2026-05-26 00:41:04 UTC,no,pga,-18000,0,USA,8480,351.0,425.0,"streelman, kevin",27214,63,150.0,0.0,0.0,0.0,0.0,0.0,0.0,1978-11-04,21.5,47,2.5820610740259418,-0.4937559705811316,-0.5958379475821332,1.0962134568879176,0.8127272727272727,pga,2026-05-18,2209,-0.4937559705811316,-0.04,0.07,0.03,2.0,1.0,26.0,-1.123076923076923,-1.0461538461538464,0.1298094132851883,0.0098243215368358,-3.135024084227534e-05,-0.0080189707505412,0.0225617726415633,0.1054736400981726,10.330924004430232,-0.2497780699344708,0.0316110885452994,-0.1381999342488258,-0.004948065296389,-0.047684651763788,,,-0.1042532703206428,-0.7392105104448035,0.0228633590639218,-0.0291403180067406,16.766427983769795,-0.0162531697157329,-0.2196806484831676,0.01224,0.11825,0.0616594713104644,0.1033092400443023,0.0,-0.0,-0.4437517990900367,2026-05-28 12:46,2026-05-29 08:06
Colonial Country Club,1,2026-05-31,2026-05-28,21,Charles Schwab Challenge,2026-05-26 00:41:04 UTC,no,pga,-18000,0,USA,29279,186.0,166.0,"suber, jackson",60019,271,103.0,0.0,0.0,0.0,0.0,0.0,0.0,1999-10-18,-2.5,26,3.2,-0.4603161358052662,0.5291620524178668,0.1102024127297444,-0.263,pga,2026-05-18,676,-0.4603161358052662,0.1599999999999999,-0.02,0.15,0.0,2.0,34.0,-0.123076923076923,-3.0461538461538464,0.0434994085968832,-0.0177274729350967,2.6276102570867737e-05,0.0033552371275457,0.0119530892595558,0.0458922790423074,4.82787990048752,-0.1327465296820797,0.0031737992813375,0.2390410853205763,0.0052305307467024,-0.0005771629320112,,,-0.0802434262467977,0.0630863943704122,0.0029835641556058,-0.0284391490958249,-2.0128287213712057,0.0,0.0546636828229039,0.03564,-0.0137499999999999,0.0206622190835195,0.0482787990048752,-0.0,0.0,0.1539174124588069,2026-05-28 08:39,2026-05-29 13:19
Colonial Country Club,1,2026-05-31,2026-05-28,21,Charles Schwab Challenge,2026-05-26 00:41:04 UTC,no,pga,-18000,0,CAN,13997,216.0,403.0,"svensson, adam",40115,101,161.0,0.0,0.0,0.0,0.0,0.0,0.0,1993-12-31,5.5,32,2.45653237155001,-0.4204996781273453,-0.9708379475821332,0.692673427848337,0.566,pga,2026-05-18,1024,-0.4204996781273453,-0.01,0.14,-0.19,0.0,2.0,32.0,-0.123076923076923,-3.0461538461538464,-0.1292185482034861,-0.0756715948289739,5.279712935616163e-05,-0.0091162875544733,0.026293573785287,-0.0707770367346819,10.7924395598116,-0.2063447618459874,0.0199488048678019,-0.0209347470936298,0.0180821544669561,-0.0545075421386355,,,-0.0814168396789781,-0.3375974876378478,0.0090906563930381,-0.0280366415486256,-8.433666563113697,0.0,0.0065214289402124,0.03564,0.03025,-0.0613788103966558,0.107924395598116,-0.0,0.0,-0.2251619024363876,2026-05-28 08:17,2026-05-29 12:57
Colonial Country Club,1,2026-05-31,2026-05-28,21,Charles Schwab Challenge,2026-05-26 00:41:04 UTC,no,pga,-18000,0,USA,23014,70.0,79.0,"theegala, sahith",51634,230,37.0,0.0,0.0,0.0,0.0,0.0,0.0,1997-12-04,-0.5,28,3.0454278220796587,0.4582029142393669,-0.0958379475821331,1.3629450612009806,1.2166,pga,2026-05-17,784,0.4582029142393669,-0.56,0.1299999999999999,0.0099999999999999,7.0,4.0,55.0,1.876923076923077,3.9538461538461536,-0.1357681324875117,0.0157353027750606,5.7720561610797767e-05,-0.0001752348983651,-0.040715904753691,-0.1106700161721269,-2.492438289355104,0.2694540297243731,,-0.0073207521562507,0.0021146413728484,-0.0175667005235756,0.2567327518028512,0.0530397407655395,,0.5717892466809118,-0.0120300970917112,-0.0152477218710324,6.513866190258503,-0.0476074015899027,0.0426133546578693,-0.0462599999999999,-0.00275,-0.064489862931568,-0.024924382893551,0.0,-0.0,0.4333650008557927,2026-05-28 12:46,2026-05-29 08:06
Colonial Country Club,1,2026-05-31,2026-05-28,21,Charles Schwab Challenge,2026-05-26 00:41:04 UTC,no,pga,-18000,0,USA,14139,35.0,16.0,"thomas, justin",33448,880,38.0,0.0,0.0,0.0,0.0,0.0,0.0,1993-04-29,3.5,33,3.2,1.120226959855338,1.2791620524178668,2.2806007753143565,2.1792,pga,2026-05-17,1089,1.120226959855338,0.5699999999999998,-0.16,-0.18,7.0,4.0,31.0,1.876923076923077,3.9538461538461536,-0.1159003443884155,0.0075652622695868,6.47771092058799e-05,0.0058998477071894,-7.914438218210051e-05,-0.1293510870922156,-6.998014145772887,0.5668090498229019,,0.1771651356238724,-0.0033850852392761,0.0619482041980502,0.4639667629871593,0.078561901738951,,1.3241959034549111,-0.0081194534661069,-0.0056827066123069,-52.70862113106181,-0.3709587878632811,-0.0070679055983337,-0.0513999999999999,0.0224,-0.0608476808039181,-0.0349900707288644,-0.0,-0.0,1.1993581519221286,2026-05-28 08:06,2026-05-29 12:46
Colonial Country Club,1,2026-05-31,2026-05-28,21,Charles Schwab Challenge,2026-05-26 00:41:04 UTC,no,pga,-18000,0,USA,27364,84.0,137.0,"thompson, davis",58168,151,87.0,0.0,0.0,0.0,0.0,0.0,0.0,1999-06-05,-0.5,26,2.539558592821337,0.4999460151291907,0.0291620524178668,1.199266141697349,0.873,pga,2026-05-18,676,0.4999460151291907,0.24,0.2199999999999999,-0.03,2.0,1.0,38.0,-1.123076923076923,-1.0461538461538464,-0.0065509516808849,-0.0384073796787828,6.360168052603295e-05,0.0030495514133468,0.019317415873475,0.00942585903055,0.8173065264950341,0.2078957760900233,0.034538536175117,-0.0260361167857346,0.012334770985171,0.0345885499969609,,,0.0669748282059887,0.3908987303910765,-0.0128097444417615,0.0207112048624752,-7.089829782122554,-0.0711519791453231,0.0527009253028364,0.01224,-0.00275,-0.0031117020484203,0.0081730652649503,-0.0,-0.0,0.4054500936076065,2026-05-28 12:35,2026-05-29 07:55
Colonial Country Club,1,2026-05-31,2026-05-28,21,Charles Schwab Challenge,2026-05-26 00:41:04 UTC,no,pga,-18000,0,USA,26649,87.0,75.0,"thorbjornsen, michael",57364,167,70.0,0.0,0.0,0.0,0.0,0.0,0.0,2001-09-16,-6.5,24,3.2,0.4203739551272994,0.2791620524178668,0.8257063865802567,0.6286,pga,2026-05-18,576,0.4203739551272994,-0.39,-0.17,0.0299999999999999,2.0,2.0,44.0,-0.123076923076923,-1.0461538461538464,-0.0506648805852782,-0.013506260459615,1.0554178588151738e-05,0.0082104246902435,0.0023409491718406,-0.0477205481663355,0.0,0.2706594736310534,,-0.0547487196253618,0.0107719729437965,0.089514122283148,0.1326501790097586,0.0562491660730971,,0.5593047481948095,-0.0069633662729117,-0.0092179189489743,-3.357494106550527,0.0,0.0703898391012035,0.01224,-0.03575,-0.0240658182780071,0.0,-0.0,0.0,0.5117289299168024,2026-05-28 07:00,2026-05-29 11:40
Colonial Country Club,1,2026-05-31,2026-05-28,21,Charles Schwab Challenge,2026-05-26 00:41:04 UTC,no,pga,-18000,0,ARG,17032,0.0,344.0,"tosti, alejandro",38991,46,184.0,0.0,0.0,0.0,0.0,0.0,0.0,1996-05-30,-0.5,30,2.6525784952256046,-1.2458531460731588,0.5291620524178668,0.6906195565309858,0.3833999999999999,pga,2026-05-18,900,-1.2458531460731588,-0.1200000000000001,-0.06,-0.03,2.0,1.0,26.0,-1.123076923076923,-1.0461538461538464,-0.0544045589590027,-0.0633857467795423,-0.0001740355676137,0.0088691142759906,-0.0347463934454189,0.0350325025575816,4.967665812668654,-0.5654725027263083,0.0193702569253714,-0.2179759970002751,0.0219445873832954,0.0102171580940565,,,-0.2595048936552796,-1.0625017054615218,0.0350214549195076,-0.1351521612439341,-1.6321468746976304,0.0,0.0290503918420441,0.01224,-0.00275,-0.0258421655055262,0.0496766581266865,-0.0,0.0,-1.0291772128403616,2026-05-28 08:50,2026-05-29 13:30
Colonial Country Club,1,2026-05-31,2026-05-28,21,Charles Schwab Challenge,2026-05-26 00:41:04 UTC,no,pga,-18000,0,RSA,17550,229.0,175.0,"van rooyen, erik",40006,80,147.0,0.0,0.0,0.0,0.0,0.0,0.0,1990-02-21,3.5,36,2.3,-0.52740016673923,0.6541620524178668,0.9983466614083296,0.8068000000000001,pga,2026-05-18,1296,-0.52740016673923,0.06,-0.08,-0.12,0.0,2.0,34.0,-0.123076923076923,-3.0461538461538464,0.0429606240353007,-0.0187429837288999,-9.111916788532755e-05,0.0035245284059961,0.008207950602774,0.0500622479233158,-9.57293678052473,-0.2002986008923874,0.0289876214930787,0.0451379921805356,-0.0050901948163434,0.0086780569420265,,,-0.1140918906366168,-0.3040861475858901,0.0189647710327222,-0.0484329112918469,-15.517167561833984,0.0495839609164901,-0.0379409915970586,0.03564,0.01925,0.0204062964167678,-0.0957293678052473,-0.0,0.0,-0.3245192189743695,2026-05-28 12:02,2026-05-29 07:22
Colonial Country Club,1,2026-05-31,2026-05-28,21,Charles Schwab Challenge,2026-05-26 00:41:04 UTC,no,pga,-18000,0,USA,25319,287.0,275.0,"vanderlaan, john",55573,26,164.0,0.0,0.0,0.0,0.0,0.0,0.0,1996-06-28,-6.5,29,3.0026035741551715,-0.5050883710190419,-0.3458379475821331,0.2266666666666666,0.2214814814814815,pga,2026-05-18,841,-0.5050883710190419,-0.1199999999999999,0.1699999999999999,-0.27,0.0,2.0,36.0,-0.123076923076923,-3.0461538461538464,0.0364128233332138,0.0026389739559903,-5.678150641033834e-05,0.0007209366679665,0.0124933333295047,0.0206163608861626,0.0,-0.1923639826327479,0.0074879287368363,-0.1953121586775712,0.007699425508035,-0.0161262071598862,,,-0.070585331074236,-0.45157510292444,0.0030319302081482,-0.0253159035747489,0.0,0.0,0.0299091957417309,0.03564,-0.03575,0.0172960910832765,0.0,0.0,0.0,-0.4343890118411634,2026-05-28 08:39,2026-05-29 13:19
Colonial Country Club,1,2026-05-31,2026-05-28,21,Charles Schwab Challenge,2026-05-26 00:41:04 UTC,no,pga,-18000,0,NOR,15651,183.0,276.0,"ventura, kristoffer",35658,52,113.0,0.0,0.0,0.0,0.0,0.0,0.0,1995-02-24,-2.5,31,2.611694409442209,-0.2553087726263685,-0.2208379475821331,0.6250491183699132,0.3496969696969697,pga,2026-05-18,961,-0.2553087726263685,-0.39,0.03,0.0099999999999999,2.0,1.0,22.0,-1.123076923076923,-1.0461538461538464,0.0733830990655548,0.0316225085709155,-9.316007276798502e-05,0.0040957339371017,-0.0079112670172607,0.0456692836475662,8.69206494398439,-0.1135971850858585,0.0180012432899088,-0.1734370959929905,-0.004579507545495,0.0580562262563213,,,-0.004422866013603,-0.2288711692673156,-0.0011143008516205,-0.0250819314462588,0.0,0.0,0.0173042481222807,0.01224,-0.0137499999999999,0.0348569720561385,0.0869206494398439,0.0,0.0,-0.1086035477713331,2026-05-28 13:19,2026-05-29 08:39
Colonial Country Club,1,2026-05-31,2026-05-28,21,Charles Schwab Challenge,2026-05-26 00:41:04 UTC,no,pga,-18000,0,AUS,24304,181.0,176.0,"vilips, karl",54304,164,107.0,0.0,0.0,0.0,0.0,0.0,0.0,2001-08-16,-2.5,24,2.5751822595050764,-0.0761512321090081,0.2791620524178668,0.1230555555555555,0.120625,pga,2026-05-18,576,-0.0761512321090081,-0.0199999999999999,0.03,0.33,2.0,1.0,37.0,-1.123076923076923,-1.0461538461538464,0.0452669464343656,0.0157674342963357,3.840255849011753e-05,0.0042778928284813,-0.0288394010754463,0.0540226178265047,8.692941029202428,-0.0459114595262061,0.0037439643684181,-0.0040211315778054,-0.010897688460542,-0.0489763973735275,,,-0.0549699061690661,-0.096006878895899,0.0025295623428882,-0.0027359187784759,-7.367433568214189,0.0,0.0652320962784178,0.01224,-0.0137499999999999,0.0215017995563236,0.0869294102920242,-0.0,0.0,0.0109143309524489,2026-05-28 12:13,2026-05-29 07:33
Colonial Country Club,1,2026-05-31,2026-05-28,21,Charles Schwab Challenge,2026-05-26 00:41:04 UTC,no,pga,-18000,0,COL,9171,393.0,453.0,"villegas, camilo",27770,45,185.0,0.0,0.0,0.0,0.0,0.0,0.0,1982-01-07,6.5,44,2.841992062037088,-1.1048697965317549,-0.0958379475821331,-0.0160691669877972,-0.3264,pga,2026-05-18,1936,-1.1048697965317549,0.1799999999999999,-0.0399999999999999,0.04,0.0,2.0,34.0,-0.123076923076923,-3.0461538461538464,-0.055951097337243,-0.000713394275894,-2.212420440471757e-05,-0.0100334281259254,-0.0573933725851288,0.01221122185411,0.4820588027032597,-0.4468593230606288,-0.0004628270968268,-0.0531981374028126,0.0023312127385942,-0.1069910877367824,,,-0.1918079648756414,-0.9886053024662572,0.0265457193513857,-0.0568106327052756,1.2617993484570738,0.0,-0.1613522616782692,0.03564,0.03575,-0.0265767712351904,0.0048205880270325,0.0,0.0,-0.9389714856744152,2026-05-28 11:51,2026-05-29 07:11
Colonial Country Club,1,2026-05-31,2026-05-28,21,Charles Schwab Challenge,2026-05-26 00:41:04 UTC,no,pga,-18000,0,USA,25003,336.0,230.0,"walker, danny",54607,24,138.0,0.0,0.0,0.0,0.0,0.0,0.0,1995-10-04,-4.5,30,3.021956229203115,-0.5999515312640563,0.4041620524178668,0.107348273928075,-0.259,pga,2026-05-18,900,-0.5999515312640563,-0.0899999999999999,0.04,0.12,2.0,1.0,42.0,-1.123076923076923,-1.0461538461538464,-0.0830845527721022,0.006375119047636,-2.895119931595675e-05,0.0044460380541585,-0.0696788542804988,-0.0241979043940821,-2.8115182599427344,-0.2863885478311461,0.0030914864476343,-0.1445666959215735,0.0128950497627847,-0.0849734997640873,,,-0.0983862031597408,-0.588254510434786,0.0184371747197789,-0.0321266062807057,0.0,0.0,0.0237633315922695,0.01224,-0.0247499999999999,-0.0394651625667485,-0.0281151825994273,0.0,0.0,-0.668344855600962,2026-05-28 07:11,2026-05-29 11:51
Colonial Country Club,1,2026-05-31,2026-05-28,21,Charles Schwab Challenge,2026-05-26 00:41:04 UTC,no,pga,-18000,0,USA,25908,140.0,150.0,"whaley, vince",51894,68,159.0,0.0,0.0,0.0,0.0,0.0,0.0,1995-03-14,3.5,31,2.591376231008327,-0.0110922981410808,-0.9708379475821332,0.4964458806996562,0.3301999999999999,pga,2026-05-18,961,-0.0110922981410808,-0.29,0.0899999999999999,0.13,2.0,1.0,36.0,-1.123076923076923,-1.0461538461538464,-0.0258393034561754,0.0600183720459771,-9.119981114884311e-05,-0.000617161368222,-0.0670057860970981,-0.0181435282256835,10.491010943454675,0.0048635274375372,0.0142975048829433,-0.0814231782343292,-0.0231226519049262,-0.0727431423952771,,,0.0012636760038865,-0.1604909865477371,-0.0060506951903776,-0.0158221781725666,0.0,0.0,0.0182461510253725,0.01224,0.01925,-0.0122736691416833,0.1049101094345467,0.0,0.0,-0.0363645462548736,2026-05-28 07:11,2026-05-29 11:51
Colonial Country Club,1,2026-05-31,2026-05-28,21,Charles Schwab Challenge,2026-05-26 00:41:04 UTC,no,pga,-18000,0,USA,12577,55.0,47.0,"woodland, gary",31323,315,28.0,0.0,0.0,0.0,0.0,0.0,0.0,1984-05-21,11.5,42,2.989208747886917,0.7438225710852366,-0.0958379475821331,1.4633114491137509,1.3612,pga,2026-05-15,1764,0.7438225710852366,-0.5,-0.07,0.26,9.0,0.0,43.0,-2.123076923076923,5.953846153846154,0.1565519009597472,0.0438199804962126,0.0001199968372758,0.0114762503270734,-0.0056145491637257,0.1067502224629109,14.654115591446082,0.4141676262310617,,0.0602789227865129,-0.0086442506572053,0.1163852590541119,0.354823100528353,0.0434593794267829,,0.8170046222219203,-0.0064377966636007,-0.0117414078718701,-5.342189638029329,-0.0946000879028521,-0.145286210612226,-0.0774,0.0736,0.0821897480038672,0.0732705779572304,-0.0,-0.0,0.9686649481830178,2026-05-28 12:24,2026-05-29 07:44
Colonial Country Club,1,2026-05-31,2026-05-28,21,Charles Schwab Challenge,2026-05-26 00:41:04 UTC,no,pga,-18000,0,USA,25002,259.0,370.0,"wu, dylan",54783,42,153.0,0.0,0.0,0.0,0.0,0.0,0.0,1996-07-20,1.5,29,2.3975428475310148,-0.5385890416202483,-0.4708379475821331,0.2057607887524076,0.0462,pga,2026-05-18,841,-0.5385890416202483,-0.51,0.1699999999999999,-0.28,2.0,1.0,31.0,-1.123076923076923,-1.0461538461538464,-0.012575242310082,-0.0415662676869399,-2.332522384415988e-05,-0.0028194545374755,0.0050447586633266,0.0267890464748509,-8.56022548484321,-0.2308326028800011,0.0059258543192817,-0.2053289621378616,0.0143284641475814,-0.0574208407478352,,,-0.0820486776809214,-0.5514216797326357,0.0064796962895314,-0.0324338067841417,4.434105300763563,0.0,0.0299091957417309,0.01224,0.00825,-0.0059732400972889,-0.0856022548484321,0.0,0.0,-0.6225071746783567,2026-05-28 08:28,2026-05-29 13:08
Colonial Country Club,1,2026-05-31,2026-05-28,21,Charles Schwab Challenge,2026-05-26 00:41:04 UTC,no,pga,-18000,0,CAN,29925,93.0,107.0,"yellamaraju, sudarshan",60386,209,43.0,0.0,0.0,0.0,0.0,0.0,0.0,2001-08-01,-6.5,24,2.534299855076875,0.455904099316634,-0.8458379475821332,0.5266699122569692,0.0768,pga,2026-05-15,576,0.455904099316634,-0.4600000000000001,-0.35,0.0399999999999999,9.0,0.0,54.0,-2.123076923076923,5.953846153846154,0.0634703075048298,0.0310773723983853,0.0001147228845074,0.0042181938648444,0.0122203769952736,0.0158396413618188,0.0,0.2679904057023569,,0.0066829037384253,-0.0001301710440739,0.077430560779224,0.0117329779715917,0.0006821530001739,,0.4095359591870857,-0.0108589991712779,-0.0137642803639685,-9.202871131449688,0.0,0.0697704085746341,-0.06966,-0.03575,0.0301483960647941,0.0,-0.0,0.0,0.3342743552518798,2026-05-28 07:22,2026-05-29 12:02
Colonial Country Club,1,2026-05-31,2026-05-28,21,Charles Schwab Challenge,2026-05-26 00:41:04 UTC,no,pga,-18000,0,TPE,17881,163.0,122.0,"yu, kevin",45242,61,131.0,0.0,0.0,0.0,0.0,0.0,0.0,1998-08-11,-0.5,27,2.685626031821202,0.2562425437105339,0.7791620524178668,0.7647842980943127,0.6118,pga,2026-05-18,729,0.2562425437105339,0.02,-0.06,0.0699999999999999,2.0,1.0,32.0,-1.123076923076923,-1.0461538461538464,-0.0184049362301212,-0.01606772037926,1.922144087479268e-06,0.0071750926854536,-0.0093267146168924,-0.0001875160635099,-6.457875911994394,0.1108826813335385,0.0220255788759568,-0.0166629315412697,0.0133523839709108,0.0269205281859541,,,0.0121854471803348,0.1889774628129018,-0.001336876095454,-0.02485682136402,-4.775076354423327,-0.0899807890952583,0.0464674722669505,0.01224,-0.00275,-0.0087423447093075,-0.0645787591199439,-0.0,-0.0,0.1251463589836502,2026-05-28 07:55,2026-05-29 12:35
