course_name,current_round,date_end,date_start,event_id,event_name,last_updated,multi_course,tour_x,tz_offset,am,country,dg_id,dg_rank,owgr_rank,player_name,player_num,pre_tourn_pageviews,tour_rank,r1_course,r2_course,r3_teetime,r3_course,r4_teetime,r4_course,Birthday,c_exp,player_age,std_dev,skill_est,ema_8_great_shots,max_skill,sma_50_max_skill,tour_y,Date,age_squared,adj_skill_est,delta_adj_skill_est,delta_sg_putt,delta_sg_ott,dsle,consecutive_weeks_played,sample,relative_consecutive_weeks,relative_dsle,course_adjustment,putt_adj,app_adj,dd_adj,acc_adj,arg_adj,course_history_raw,comp_adj_skill_est,comp_max_skill,comp_ema_sg_adj,comp_putt,comp_ott,comp_max_skill_50,comp_6m_sg,comp_sma20_sg,pred_step2,comp_sma50_sg,comp_sma6m_sg,majors_history_raw,links_adj,comp_age,comp_relative_dsle,comp_c_exp,comp_c_adj,comp_c_hist,comp_major,comp_links,pred,r1_teetime,r2_teetime
TPC Deere Run,1,2026-07-05,2026-07-02,30,John Deere Classic,2026-06-30 00:51:14 UTC,no,pga,-18000,0,USA,19846,95.0,161.0,"bauchou, zach",48001,473,84.0,0.0,0.0,0.0,0.0,0.0,0.0,1996-01-01,-6.5,30,3.0,-2.5,-0.1685546874999999,0.3143791794167036,0.1413793103448276,pga,2026-06-12,900,-2.5,-0.01,0.06,0.09,16.0,0.0,51.0,-1.0592592592592591,5.474074074074075,0.0,0.0,0.0,0.0,0.0,0.0,0.0,0.1456447125619061,0.0074582254773293,0.0815581195503085,0.0006155368610943,0.0276830635437362,,,0.0177157496148927,0.3124182951225497,-0.0170025713019856,0.0263297674640762,-2.6829010792341665,0.0,0.0224156913511915,-0.0640466666666666,-0.03575,0.0,0.0,-0.0,0.0,0.212621628455883,2026-06-29 10:00,2026-06-29 10:00
TPC Deere Run,1,2026-07-05,2026-07-02,30,John Deere Classic,2026-06-30 00:51:14 UTC,no,pga,-18000,0,USA,17606,73.0,47.0,"berger, daniel",40026,517,50.0,0.0,0.0,0.0,0.0,0.0,0.0,1993-04-07,7.5,33,2.908486272737297,0.5579035933035302,-0.1685546874999999,1.7234642606912147,1.5714,pga,2026-06-15,1089,0.5579035933035302,-0.13,-0.12,0.09,0.0,3.0,57.0,1.9407407407407409,-10.525925925925923,0.0230464635315294,-0.0011053706429898,0.0484066720103234,0.0338754206867346,-0.0034803391340911,-0.0546499193884476,-3.8925271906098566,0.185013682527885,0.0408868286613138,0.0819731965808625,0.0021953744943627,0.003637290640965,,,0.0905571566608986,0.4172568842195068,-0.0140112651257366,0.0311379782971747,-25.23663090195275,0.043914789367887,-0.0041333585182189,0.136837037037037,0.048,0.0120993933540529,-0.0194626359530492,-0.0,0.0,0.5947306786575476,2026-06-29 10:00,2026-06-29 10:00
TPC Deere Run,1,2026-07-05,2026-07-02,30,John Deere Classic,2026-06-30 00:51:14 UTC,no,pga,-18000,0,RSA,18103,68.0,100.0,"bezuidenhout, christiaan",45522,396,95.0,0.0,0.0,0.0,0.0,0.0,0.0,1994-05-18,1.5,32,2.3,0.6199539012637691,-1.1685546875,1.2024297193622373,1.028,pga,2026-06-14,1024,0.6199539012637691,-0.0899999999999999,-0.3299999999999999,0.26,14.0,0.0,51.0,-1.0592592592592591,3.4740740740740748,0.1931609452164812,-0.0224554400963224,0.022247519911028,0.1702338212636517,-0.0398859603763321,0.0630210045144561,2.1083672106991944,0.3466104423259507,,0.0237348492403822,-0.0010311064151756,-0.0600868276179307,0.2050151138171911,0.072632654562895,,0.5602393916221426,-0.0237040402495773,-0.0083477994358567,2.8194800613802045,0.0655624607261426,0.0054161053942637,-0.0451629629629629,0.0096,0.1014094962386526,0.0105418360534959,0.0,0.0,0.6366277609513283,2026-06-29 10:00,2026-06-29 10:00
TPC Deere Run,1,2026-07-05,2026-07-02,30,John Deere Classic,2026-06-30 00:51:14 UTC,no,pga,-18000,0,USA,17639,146.0,187.0,"blair, zac",40058,75,160.0,0.0,0.0,0.0,0.0,0.0,0.0,1990-08-20,7.5,35,2.388948969572347,-0.379655371958489,-0.1685546874999999,0.0421997069847846,-0.0438,kft,2026-06-15,1225,-0.379655371958489,0.0,0.0,0.0,0.0,3.0,57.0,1.9407407407407409,-10.525925925925923,0.1567228485369512,0.0168788049573679,0.0331616764371684,0.1853712303414879,-0.0512000536706899,-0.0274888095283831,6.735517080460084,-0.0383899329069678,0.0010011302400622,0.0194336452159152,0.007980695404923,-0.0797605876268774,,,-0.0216725667877622,-0.1462432206704921,-0.0070530774612576,0.0075408546722762,13.462899543355723,0.0,-0.0353233814208037,0.1231533333333333,0.0412499999999999,0.0744433530550518,0.0673551708046008,0.0,0.0,0.1599586365224938,2026-06-29 10:00,2026-06-29 10:00
TPC Deere Run,1,2026-07-05,2026-07-02,30,John Deere Classic,2026-06-30 00:51:14 UTC,no,pga,-18000,0,USA,24956,188.0,111.0,"blanchet, chandler",54788,134,94.0,0.0,0.0,0.0,0.0,0.0,0.0,1995-02-01,-6.5,31,3.0153605019354908,-0.1084280634483687,-0.4185546874999999,0.3819243834746473,0.1024,pga,2026-06-14,961,-0.1084280634483687,-0.0499999999999999,-0.1,-0.05,14.0,0.0,50.0,-1.0592592592592591,3.4740740740740748,-0.0616454710536178,0.0116233947045305,0.0143141386721421,0.0814820183166638,-0.0705305277848922,-0.0985344949620622,0.0,-0.0398948015904373,0.0089659528265869,-0.1136124306579287,0.0050788442224438,0.0209554432604474,,,-0.0151977750503395,-0.1363641915951811,0.0079008829981506,-0.0246419793358452,3.4592255926336004,0.0,0.0140816717317407,-0.0406466666666666,-0.03575,-0.0292815987504684,0.0,0.0,0.0,-0.2420424570123162,2026-06-29 10:00,2026-06-29 10:00
TPC Deere Run,1,2026-07-05,2026-07-02,30,John Deere Classic,2026-06-30 00:51:14 UTC,no,pga,-18000,0,USA,13872,31.0,38.0,"bradley, keegan",33141,574,69.0,0.0,0.0,0.0,0.0,0.0,0.0,1986-06-07,-6.5,40,2.881476878212859,1.034480503736711,-0.5435546874999999,1.4832308145433144,1.2553999999999998,pga,2026-06-15,1600,1.034480503736711,0.0,0.0,0.0,0.0,3.0,57.0,1.9407407407407409,-10.525925925925923,0.0447500342995837,-0.0134018139067146,0.0237281669959223,-0.044301207063713,0.0302167957405345,0.0485080925335545,0.0,0.5796255269197282,,0.1395598606994026,0.0002414358970323,0.0032674271352467,0.250365733352239,0.1094763022531009,,0.9326050617920008,-0.0303385617616005,-0.0107770862761762,19.95188383621814,-0.2090047483851869,-0.1088155764269725,0.136837037037037,-0.0416,0.0234937680072814,0.0,0.0,-0.0,1.0513358668363193,2026-06-29 10:00,2026-06-29 10:00
TPC Deere Run,1,2026-07-05,2026-07-02,30,John Deere Classic,2026-06-30 00:51:14 UTC,no,pga,-18000,0,USA,10423,0.0,0.0,"brehm, ryan",28420,16,189.0,0.0,0.0,0.0,0.0,0.0,0.0,1986-04-05,3.5,40,2.76343917603357,-1.7354202726733552,-0.1685546874999999,0.0111701274558386,-0.2338,kft,2026-06-15,1600,-1.7354202726733552,-0.1300000000000001,0.0499999999999999,-0.03,2.0,1.0,33.0,-0.0592592592592593,-8.525925925925925,-0.2144990583355527,0.033274186737531,-0.0640248904046041,-0.1185419577472634,0.0451340828898957,-0.110340479811112,-5.49667104866077,-0.8007758150505739,0.0002651719559094,-0.2323356149215259,0.0151151183238071,0.0847447697269969,,,-0.3044051393218887,-1.3755939806145636,0.0541409705655819,-0.0977659027151006,-1.6604332969242537,0.0,-0.09457753917777,0.0997533333333333,0.01925,-0.1018870527093875,-0.0549667104866077,-0.0,0.0,-1.4134444104772257,2026-06-29 10:00,2026-06-29 10:00
TPC Deere Run,1,2026-07-05,2026-07-02,30,John Deere Classic,2026-06-30 00:51:14 UTC,no,pga,-18000,0,USA,29197,98.0,60.0,"brennan, michael",61522,152,102.0,0.0,0.0,0.0,0.0,0.0,0.0,2002-06-01,-6.5,24,2.519798988976621,0.1950882099348181,1.0814453125,0.4625787639125214,0.201,pga,2026-06-15,576,0.1950882099348181,0.06,-0.09,-0.08,7.0,3.0,54.0,1.9407407407407409,-3.525925925925925,-0.2841134026974603,0.0116142281341542,-0.0066506678451971,-0.2164245174821943,0.0104540928761483,-0.0831065383803714,0.0,0.1133924997407353,0.0109735826388981,0.0638248579044257,0.002753590241084,0.132774782420192,,,0.0530573211816585,0.4382668578770622,-0.0114921593789573,0.0076724345571489,1.3517737860437509,0.0,0.0653099485718766,0.0412533333333333,-0.03575,-0.1349538662812936,0.0,0.0,0.0,0.3088163249291018,2026-06-29 10:00,2026-06-29 10:00
TPC Deere Run,1,2026-07-05,2026-07-02,30,John Deere Classic,2026-06-30 00:51:14 UTC,no,pga,-18000,0,USA,29433,45.0,27.0,"bridgeman, jacob",60004,768,11.0,0.0,0.0,0.0,0.0,0.0,0.0,1999-12-06,-0.5,26,2.9751700471665665,0.8712104866412305,0.2064453125000001,1.3061276476055252,0.9554,pga,2026-06-15,676,0.8712104866412305,0.0,0.0,0.0,0.0,5.0,67.0,3.9407407407407407,-10.525925925925923,0.0036709453968041,-0.0274895226450772,0.0233990905111838,0.0401817440802477,-0.0316108885986035,-0.0008094779509465,4.461536805213997,0.4537555455741837,,0.0912808201571309,0.0043464716281803,0.054584729608169,0.1900577854744972,0.0971791069500396,,0.8940403958785212,-0.0378119380046124,-0.0180948500528681,-8.805344125445504,0.0,0.0587427245438008,0.136837037037037,-0.0032,0.0019272463333221,0.0223076840260699,-0.0,0.0,1.0519123632749503,2026-06-29 10:00,2026-06-29 10:00
TPC Deere Run,1,2026-07-05,2026-07-02,30,John Deere Classic,2026-06-30 00:51:14 UTC,no,pga,-18000,0,USA,32152,117.0,106.0,"brown, blades",66417,491,0.0,0.0,0.0,0.0,0.0,0.0,0.0,2007-05-21,-6.5,19,2.733665966565303,0.3526815618771216,0.0,0.3526815618771216,0.0111999999999999,kft,2026-06-15,361,0.3526815618771216,-0.02,0.0,0.0,0.0,2.0,59.0,0.9407407407407408,-10.525925925925923,-0.023011362808991,-0.0076021488011334,0.0325131804133273,-0.0021314869129189,-0.0081914686211246,-0.0375994388871412,0.0,0.1641850823164503,0.0084076472285904,-0.0616680267304624,-0.0082648521317121,-0.0100418620844313,,,0.061510521505516,0.1916111833933771,-0.01707316245828,0.0277329511321571,0.0,0.0,0.0268228846155488,0.1231533333333333,-0.03575,-0.0109303973342707,0.0,0.0,0.0,0.2680841193924397,2026-06-29 10:00,2026-06-29 10:00
TPC Deere Run,1,2026-07-05,2026-07-02,30,John Deere Classic,2026-06-30 00:51:14 UTC,no,pga,-18000,0,USA,6931,450.0,0.0,"byrd, jonathan",24925,55,205.0,0.0,0.0,0.0,0.0,0.0,0.0,1978-01-27,9.5,48,2.7,-0.8623163481020957,-0.4185546874999999,0.25,0.25,pga,2026-05-24,2304,-0.8623163481020957,0.18,-0.0499999999999999,-0.15,30.0,0.0,17.0,-1.0592592592592591,19.474074074074075,0.2432487487022561,-0.0064964897513433,-0.0249947678992929,0.1836899581699415,-0.0013248752336211,0.0923749234165719,-3.738952545147109,-0.4006787769142212,0.0027467628144577,-0.1463863216900546,-0.0210008116498308,-0.234349997876216,,,-0.1253991300997769,-1.227690061628032,0.0154509647841893,-0.0778720429483686,0.0,0.0,-0.2402007080482108,-0.2278466666666666,0.05225,0.1155431556335716,-0.037389525451471,0.0,0.0,-1.3251330981125984,2026-06-29 10:00,2026-06-29 10:00
TPC Deere Run,1,2026-07-05,2026-07-02,30,John Deere Classic,2026-06-30 00:51:14 UTC,no,pga,-18000,0,USA,18628,334.0,128.0,"campbell, brian",46443,363,147.0,0.0,0.0,0.0,0.0,0.0,0.0,1993-05-23,1.5,33,3.2,-1.165132424252428,-0.6685546874999999,0.4943252169258131,0.1624,pga,2026-06-15,1089,-1.165132424252428,-0.1300000000000001,-0.24,0.25,0.0,2.0,53.0,0.9407407407407408,-10.525925925925923,0.1845639239182676,-0.0124251087748239,-0.0340076303899927,0.2922592159338874,-0.0471181886740333,-0.0141443641767697,12.591616711250996,-0.5267368881342979,0.0117237650947682,-0.0917826625912854,-0.0017230194885799,-0.1131115345190348,,,-0.1645676233261614,-0.9239249653012324,0.0261088445257826,-0.0586300631467583,4.523852403108857,-0.0562386909670935,-0.0052057837156654,0.1231533333333333,0.00825,0.0876678638611771,0.1259161671125099,0.0,-0.0,-0.578937600994212,2026-06-29 10:00,2026-06-29 10:00
TPC Deere Run,1,2026-07-05,2026-07-02,30,John Deere Classic,2026-06-30 00:51:14 UTC,no,pga,-18000,0,PUR,12909,0.0,0.0,"campos, rafael",32070,16,181.0,0.0,0.0,0.0,0.0,0.0,0.0,1988-04-15,-0.5,38,2.357938473870946,-1.6335836494818832,-0.2935546874999999,-0.4062673227481591,-0.6186,pga,2026-06-12,1444,-1.6335836494818832,-0.4499999999999999,-0.47,-0.32,16.0,0.0,29.0,-1.0592592592592591,5.474074074074075,-0.0384538129750572,0.0117578845792631,-0.0345891995530458,-0.0013502897357849,0.0872984319958621,-0.1015706402613517,-6.368919348142969,-0.7302630697490752,-0.0096381354417943,-0.4100510096979066,0.0170569013058487,-0.0967027045597938,,,-0.254405358682902,-1.5997861451428987,0.0481935320778412,-0.0984230647677552,7.095998872643102,0.0,-0.0655532356273612,-0.0640466666666666,-0.00275,-0.0182655611631521,-0.0636891934814296,0.0,0.0,-1.7485375664541472,2026-06-29 10:00,2026-06-29 10:00
TPC Deere Run,1,2026-07-05,2026-07-02,30,John Deere Classic,2026-06-30 00:51:14 UTC,no,pga,-18000,0,USA,23542,444.0,362.0,"champ, cameron",52372,67,0.0,0.0,0.0,0.0,0.0,0.0,0.0,1995-06-15,11.5,31,2.877260893627827,-0.617895440435233,-0.1685546874999999,0.6312666986913391,0.3804,kft,2026-06-15,961,-0.617895440435233,-0.6499999999999999,-0.04,-0.1,2.0,1.0,26.0,-0.0592592592592593,-8.525925925925925,-0.1777525698892506,0.0049746072806061,-0.0146391530132763,-0.145875401089512,0.0355157808729391,-0.0577284039400076,2.619033044521193,-0.2647507743617349,0.0262805102652054,-0.422640277289487,0.0059062515316004,-0.1128107059697821,,,-0.0838125819344166,-0.8941279680454018,0.0229336145039853,-0.0830833474237942,4.287534433427374,0.0,0.0178493426330217,0.0997533333333333,0.06325,-0.084432470697394,0.0261903304452119,0.0,0.0,-0.7893667749642506,2026-06-29 10:00,2026-06-29 10:00
TPC Deere Run,1,2026-07-05,2026-07-02,30,John Deere Classic,2026-06-30 00:51:14 UTC,no,pga,-18000,0,USA,30620,354.0,319.0,"chatfield, davis",59006,131,177.0,0.0,0.0,0.0,0.0,0.0,0.0,1999-06-01,-6.5,27,2.3,-0.781929944845705,-1.5435546875,0.0904096543254353,-0.2094,pga,2026-06-12,729,-0.781929944845705,-0.4399999999999999,0.11,-0.55,16.0,0.0,33.0,-1.0592592592592591,5.474074074074075,0.0437300646704431,0.0158420034355076,-0.0408293238116346,0.121301374748759,-0.0743538707000271,0.0217698809978382,0.0,-0.3466526531837204,0.002132443850464,-0.1913367969354277,0.004236078724415,-0.0614373941723916,,,-0.1119599404596016,-0.6897382922359174,0.0221917091266919,-0.0561577991859846,0.0,0.0,0.0492460599996376,-0.0640466666666666,-0.03575,0.0207717807184604,0.0,0.0,0.0,-0.7687631781841237,2026-06-29 10:00,2026-06-29 10:00
TPC Deere Run,1,2026-07-05,2026-07-02,30,John Deere Classic,2026-06-30 00:51:14 UTC,no,pga,-18000,0,USA,32330,275.0,270.0,"clanton, luke",66743,317,142.0,0.0,0.0,0.0,0.0,0.0,0.0,2003-11-05,-0.5,22,2.8877667922715893,-0.4572645321277537,-0.0435546874999999,1.01,1.01,pga,2026-06-14,484,-0.4572645321277537,0.07,0.6499999999999999,-0.1999999999999999,14.0,0.0,38.0,-1.0592592592592591,3.4740740740740748,-0.0295841848863249,0.0288005186316253,0.0268215368545662,-0.0005982748859552,-0.006629335477272,-0.0779786300092892,-2.0067877211241614,-0.2125130523516774,0.0237236301290721,-0.0382886954843015,-0.002419338004529,-0.0867480143845209,,,-0.1284167027922177,-0.4490673251698393,0.018815879643419,-0.0500439165406326,0.0,0.0,0.0268228846155488,-0.0406466666666666,-0.00275,-0.0140524878210043,-0.0200678772112416,0.0,0.0,-0.5265843568687519,2026-06-29 10:00,2026-06-29 10:00
TPC Deere Run,1,2026-07-05,2026-07-02,30,John Deere Classic,2026-06-30 00:51:14 UTC,no,pga,-18000,0,USA,21756,42.0,69.0,"cole, eric",47591,733,41.0,0.0,0.0,0.0,0.0,0.0,0.0,1988-06-12,7.5,38,2.9687454463387786,0.9835101266612858,0.3314453125000001,1.239088852308764,0.9788,pga,2026-06-15,1444,0.9835101266612858,-0.1399999999999999,-0.05,0.0499999999999999,0.0,2.0,55.0,0.9407407407407408,-10.525925925925923,0.177240065832971,-0.0300967081778283,0.0316457314392407,0.0437408198010909,0.0455574464817275,0.0863927762887402,2.499547166733196,0.5286866997000871,,0.0651242175108616,-0.0285995206111552,-0.020868798923756,0.1952031064243839,0.0517767502802623,,0.6657661424554213,-0.0365416501313825,-0.0134338860986039,8.887062561943376,-0.0002295222219357,-0.075580775695276,0.136837037037037,0.048,0.0930510345623097,0.0124977358336659,0.0,-0.0,0.9561519498884342,2026-06-29 10:00,2026-06-29 10:00
TPC Deere Run,1,2026-07-05,2026-07-02,30,John Deere Classic,2026-06-30 00:51:14 UTC,no,pga,-18000,0,USA,28309,64.0,59.0,"coody, pierceson",59836,244,51.0,0.0,0.0,0.0,0.0,0.0,0.0,2000-01-07,-0.5,26,2.7454737849458946,0.4482800560903279,0.2064453125000001,0.940801363076882,0.5914,pga,2026-06-15,676,0.4482800560903279,-0.0899999999999999,0.0399999999999999,-0.03,7.0,2.0,62.0,0.9407407407407408,-3.525925925925925,-0.2260602716674813,-0.0145672689202278,-0.0048008416956287,-0.1384940468455499,0.0053272837188851,-0.07352539792496,-6.303372854725127,0.2753759038457465,,0.0890329692520905,-0.0307452352349101,0.068509132985624,0.1179435197582556,0.0640263946058389,,0.6071661598625591,-0.0246102265640398,-0.0118528292217615,2.5688813732178524,0.0,0.059486530435715,0.0412533333333333,-0.00275,-0.1073786290420536,-0.0630337285472512,0.0,0.0,0.4752571356065875,2026-06-29 10:00,2026-06-29 10:00
TPC Deere Run,1,2026-07-05,2026-07-02,30,John Deere Classic,2026-06-30 00:51:14 UTC,no,pga,-18000,0,USA,27780,242.0,239.0,"crowe, trace",52514,26,156.0,0.0,0.0,0.0,0.0,0.0,0.0,1996-10-09,-0.5,29,2.7,-0.5465558057008981,0.0814453125,-0.0059208233802414,-0.2434,pga,2026-06-12,841,-0.5465558057008981,-0.79,-0.13,0.0899999999999999,16.0,0.0,19.0,-1.0592592592592591,5.474074074074075,0.0361488634263916,0.004570409829079,-0.0254552694326551,-0.0373988522829865,0.0804284636162842,0.01400411169667,0.5871744634091868,-0.2232376954606664,-0.0001415880174192,-0.1995987432221341,0.0142456271585285,-0.0500742794256172,,,-0.0637487211184523,-0.5273742651319537,0.0064352043189419,-0.040644875321468,0.0,0.0,0.0293908059563333,-0.0640466666666666,-0.00275,0.017170710127536,0.0058717446340918,0.0,0.0,-0.5711284770369925,2026-06-29 10:00,2026-06-29 10:00
TPC Deere Run,1,2026-07-05,2026-07-02,30,John Deere Classic,2026-06-30 00:51:14 UTC,no,pga,-18000,0,USA,14509,241.0,211.0,"dahmen, joel",34076,174,115.0,0.0,0.0,0.0,0.0,0.0,0.0,1987-11-11,11.5,38,2.7226191500599413,-0.5005196782039913,-0.5435546874999999,1.0630111122475323,0.6338,pga,2026-06-12,1444,-0.5005196782039913,0.25,0.0999999999999999,0.03,16.0,0.0,39.0,-1.0592592592592591,5.474074074074075,-0.0318171330583504,0.0181055144456857,0.0126278668778927,0.0908806252113768,-0.0767530037629959,-0.0766781358303098,-8.630880314738183,-0.2411927342054292,0.0252184824397633,-0.123855520449621,0.0155354731625427,-0.0252422500872991,,,-0.0662766876455633,-0.4909950957594146,0.0109905464092307,-0.0150180280264756,-0.3654279674914287,-0.0645734605693889,-0.0711543773565628,-0.0640466666666666,0.06325,-0.0151131382027164,-0.0863088031473818,-0.0,-0.0,-0.5932137037761795,2026-06-29 10:00,2026-06-29 10:00
TPC Deere Run,1,2026-07-05,2026-07-02,30,John Deere Classic,2026-06-30 00:51:14 UTC,no,pga,-18000,0,CHN,16757,160.0,192.0,"dou, zecheng",37338,40,117.0,0.0,0.0,0.0,0.0,0.0,0.0,1997-01-22,-0.5,29,2.693898056319792,-0.0720098638843902,0.2064453125000001,0.271864760254165,0.0282,pga,2026-06-12,841,-0.0720098638843902,-0.0999999999999999,-0.12,0.52,16.0,0.0,45.0,-1.0592592592592591,5.474074074074075,0.0423607492639962,0.0056183156934943,0.0083097408489167,-0.0352766878916475,0.0250054073210676,0.038703973292165,-8.967514460470333,-0.0261343809580659,0.0064494277054106,-0.0736880773979665,0.0052870867518749,-0.0307665561735769,,,-0.009352476954055,-0.1063412493615569,-0.0055887156041857,-0.0044489880647374,0.0,0.0,0.0319014313337451,-0.0640466666666666,-0.00275,0.0201213559003981,-0.0896751446047033,0.0,0.0,-0.2426917047325287,2026-06-29 10:00,2026-06-29 10:00
TPC Deere Run,1,2026-07-05,2026-07-02,30,John Deere Classic,2026-06-30 00:51:14 UTC,no,pga,-18000,0,BEL,22002,132.0,168.0,"dumont de chassart, adrien",50497,127,103.0,0.0,0.0,0.0,0.0,0.0,0.0,2000-03-01,-2.5,26,2.321582136376404,-0.0741219969596303,0.4564453125000001,0.43,0.43,pga,2026-06-15,676,-0.0741219969596303,-0.16,-0.02,0.1999999999999999,7.0,3.0,47.0,1.9407407407407409,-3.525925925925925,0.0682187956245442,0.004877102795811,-0.0230009925328288,-0.0528181547137282,0.0781943264670468,0.0609665136082434,2.5984036671898028,-0.0008328021569803,0.0100073081444926,0.0130829496047756,-0.0093863929438936,-0.0612186097729351,,,0.0283272138512245,0.030299077471604,-0.0094707935762191,0.0053006410538407,4.522404603407276,0.0,0.0544895632672986,0.0412533333333333,-0.0137499999999999,0.0324039279216585,0.025984036671898,0.0,0.0,0.1161903753984938,2026-06-29 10:00,2026-06-29 10:00
TPC Deere Run,1,2026-07-05,2026-07-02,30,John Deere Classic,2026-06-30 00:51:14 UTC,no,pga,-18000,0,USA,18187,367.0,485.0,"duncan, tyler",45609,61,188.0,0.0,0.0,0.0,0.0,0.0,0.0,1989-07-13,10.5,36,3.025554552695366,-0.9966661112941272,0.0,0.3569414452482375,0.2058,kft,2026-06-15,1296,-0.9966661112941272,0.0899999999999998,0.0,0.0,0.0,2.0,43.0,0.9407407407407408,-10.525925925925923,-0.0990324851894534,0.0141694436609519,-0.0354896086864654,0.0296007893310276,-0.0557886517054254,-0.0515244577895421,-2.250195463835176,-0.4525385161491919,0.0084679468248071,-0.0714193190907249,0.01985358315823,0.0154060681283985,,,-0.1572834826215608,-0.7126165387572965,0.0221305044961276,-0.0478723561209856,-3.0960074675914573,0.0,-0.0493609673823964,0.1231533333333333,0.0577499999999999,-0.0470404304649903,-0.0225019546383517,-0.0,0.0,-0.6012555905273054,2026-06-29 10:00,2026-06-29 10:00
TPC Deere Run,1,2026-07-05,2026-07-02,30,John Deere Classic,2026-06-30 00:51:14 UTC,no,pga,-18000,0,USA,28270,363.0,360.0,"dunlap, nick",59866,66,171.0,0.0,0.0,0.0,0.0,0.0,0.0,2003-12-23,-0.5,22,2.896138451437393,-0.9289821297586228,-0.7935546874999999,0.6417159272133469,0.3903125,pga,2026-06-12,484,-0.9289821297586228,-0.26,0.03,-0.1299999999999999,16.0,0.0,29.0,-1.0592592592592591,5.474074074074075,0.1689449607034684,0.0009325998574718,0.0147301873603001,0.0814976860017216,0.0872358012622138,-0.015451313778239,9.355763800161345,-0.4173096205918791,0.015223831305144,-0.1621245083156166,0.0067095936471701,-0.1350036484896556,,,-0.1934344031555045,-0.8600512376535103,0.0266395539760882,-0.0745841651526581,-21.85840830060396,0.0,0.0738321291234012,-0.0640466666666666,-0.00275,0.0802488563341474,0.0935576380016134,-0.0,0.0,-0.7530414099844162,2026-06-29 10:00,2026-06-29 10:00
TPC Deere Run,1,2026-07-05,2026-07-02,30,John Deere Classic,2026-06-30 00:51:14 UTC,no,pga,-18000,0,USA,26653,159.0,180.0,"eckroat, austin",57362,304,110.0,0.0,0.0,0.0,0.0,0.0,0.0,1999-01-12,-2.5,27,2.861471419011237,0.0206987132884152,1.2064453125,0.7784374407081582,0.4724,pga,2026-06-14,729,0.0206987132884152,-0.5700000000000001,-0.03,-0.1,14.0,0.0,46.0,-1.0592592592592591,3.4740740740740748,0.0425269283907714,0.0006109645596686,0.0335086840640339,0.001861173889818,0.0400240443047522,-0.0334779384275015,7.016630883190065,0.0467160963426272,0.0184673619219818,-0.1978042513607802,-0.0025995246298788,-0.0300555068753431,,,0.0427156399343861,-0.076270505470821,-0.0017995838776107,0.0009145593990481,-2.989425069089755,-0.0362275856743869,0.0471747036747485,-0.0406466666666666,-0.0137499999999999,0.0202002909856164,0.0701663088319006,-0.0,-0.0,-0.0403005723199706,2026-06-29 10:00,2026-06-29 10:00
TPC Deere Run,1,2026-07-05,2026-07-02,30,John Deere Classic,2026-06-30 00:51:14 UTC,no,pga,-18000,0,CAN,21883,148.0,186.0,"ewart, a.j.",50286,239,88.0,0.0,0.0,0.0,0.0,0.0,0.0,1995-01-01,-6.5,31,2.450273180601393,0.4008501917116133,-0.1685546874999999,0.6308357267375401,0.5069230769230769,pga,2026-06-14,961,0.4008501917116133,0.5700000000000001,0.1099999999999999,-0.16,14.0,0.0,49.0,-1.0592592592592591,3.4740740740740748,0.0834498994914107,-0.0156559744483206,-0.0128579128334647,0.0336545789980848,0.0564678962840634,0.0218413114910478,0.0,0.1635460095393716,0.0149657134533258,0.1779372305227429,-0.0201883997376831,-0.0482761451425837,,,0.0399278823807735,0.3873634451486365,-0.0165080910218163,0.0253641120290377,0.0,0.0,0.0505951331254679,-0.0406466666666666,-0.03575,0.03963870225842,0.0,0.0,0.0,0.3506054807403899,2026-06-29 10:00,2026-06-29 10:00
TPC Deere Run,1,2026-07-05,2026-07-02,30,John Deere Classic,2026-06-30 00:51:14 UTC,no,pga,-18000,0,USA,11676,102.0,113.0,"finau, tony",29725,247,77.0,0.0,0.0,0.0,0.0,0.0,0.0,1989-09-14,-6.5,36,2.838148592346855,0.3414931382291066,1.9564453125,1.9728075854306049,1.8806,pga,2026-06-15,1296,0.3414931382291066,0.0499999999999999,0.29,-0.0499999999999999,0.0,2.0,62.0,0.9407407407407408,-10.525925925925923,0.0728757962011173,0.0005781372348587,0.0033183461549342,-0.0440909704636288,0.0267916578850938,0.0862786253898593,0.0,0.156491018535615,0.0468124227619146,0.0325041295302082,0.00406109211577,0.0589692326660224,,,0.0428055675974059,0.3001092472645824,-0.0138106225152055,0.0190277896352223,5.419619577040586,0.0163942648519396,-0.0467513830623707,0.1231533333333333,-0.03575,0.0346160031955307,0.0,0.0,0.0,0.4221285837934464,2026-06-29 10:00,2026-06-29 10:00
TPC Deere Run,1,2026-07-05,2026-07-02,30,John Deere Classic,2026-06-30 00:51:14 UTC,no,pga,-18000,0,USA,25094,181.0,207.0,"fishburn, patrick",54576,92,157.0,0.0,0.0,0.0,0.0,0.0,0.0,1992-07-21,-0.5,33,2.5088112933982014,-0.1367165389742325,1.0814453125,0.645879894230206,0.4168,pga,2026-06-14,1089,-0.1367165389742325,0.16,-0.21,0.1699999999999999,14.0,0.0,36.0,-1.0592592592592591,3.4740740740740748,-0.0211562523499318,-0.0079051540111483,-0.0040126827980195,-0.0530528099187725,0.0656918566771875,-0.0218774622991789,5.113811777457524,-0.0778566246263566,0.0153226157185216,0.0877420646388515,-0.0012738831620368,0.0216870035961302,,,-0.0442444102057221,-0.0352807725892984,0.0163943585423244,-0.0412778716094635,-0.9361761340684148,0.0,-0.0117740254815471,-0.0406466666666666,-0.00275,-0.0100492198662176,0.0511381177745752,-0.0,0.0,-0.0375885413476074,2026-06-29 10:00,2026-06-29 10:00
TPC Deere Run,1,2026-07-05,2026-07-02,30,John Deere Classic,2026-06-30 00:51:14 UTC,no,pga,-18000,0,USA,23709,0.0,0.0,"fisher, darin",52497,35,0.0,0.0,0.0,0.0,0.0,0.0,0.0,1995-01-01,-2.5,31,2.3,-5.5062500000000005,0.0,0.0,0.0,0,2026-06-14,961,-5.5062500000000005,0.0,0.0,0.0,10.525925925925923,0.0,0.0,0.0,0.0,-0.0466283285154145,-0.0,0.0,-0.0,-0.0466283285154145,0.0,0.0,,,,,,,,,,,,0.0,0.0,,-0.0,-0.0137499999999999,-0.0221484560448218,0.0,0.0,0.0,-4.57263247546911,2026-06-29 10:00,2026-06-29 10:00
TPC Deere Run,1,2026-07-05,2026-07-02,30,John Deere Classic,2026-06-30 00:51:14 UTC,no,pga,-18000,0,USA,26657,126.0,123.0,"fisk, steven",57123,84,96.0,0.0,0.0,0.0,0.0,0.0,0.0,1997-04-17,-4.5,29,2.3,0.2118295220897847,0.4564453125000001,0.2541768536158922,0.0426,pga,2026-06-12,841,0.2118295220897847,0.11,0.18,0.0399999999999999,16.0,0.0,50.0,-1.0592592592592591,5.474074074074075,-0.0983452908787007,-0.0108536913334461,-0.0147447166858799,-0.0470995231720765,-0.0364276628687193,0.0107803031814212,-3.772096395331807,0.1029379402340806,0.0060299955875218,0.0229322357085134,-0.0150638437404861,0.0363934174471,,,0.0206833624945448,0.2119713369292754,-0.007428763918765,0.0119436426221751,-3.5743159536452103,0.0,0.0335433504945905,-0.0640466666666666,-0.0247499999999999,-0.0467140131673828,-0.037720963953318,-0.0,0.0,0.0387396931419078,2026-06-29 10:00,2026-06-29 10:00
TPC Deere Run,1,2026-07-05,2026-07-02,30,John Deere Classic,2026-06-30 00:51:14 UTC,no,pga,-18000,0,USA,12965,49.0,42.0,"fowler, rickie",32102,469,33.0,0.0,0.0,0.0,0.0,0.0,0.0,1988-12-13,-2.5,37,2.978238365377474,0.4523880380755635,-0.0435546874999999,1.8606103650794563,1.74375,pga,2026-06-15,1369,0.4523880380755635,-0.74,0.07,-0.21,0.0,3.0,55.0,1.9407407407407409,-10.525925925925923,0.0176644752282202,-0.0270328369441862,0.0117071411839667,0.0504494246014864,-0.0230876624970712,0.0056284088840245,5.412635974516563,0.2260487672862841,0.0455493698478184,-0.0104470653901003,0.0040978550245662,0.0234304417792995,,,0.1686143681620506,0.4324920630220194,-0.0276342595775111,0.0588289228897416,24.74909501837771,-0.038126451040927,-0.0559963370001297,0.1231533333333333,-0.0137499999999999,0.0083906257334045,0.0541263597451656,0.0,-0.0,0.6044123818339229,2026-06-29 10:00,2026-06-29 10:00
TPC Deere Run,1,2026-07-05,2026-07-02,30,John Deere Classic,2026-06-30 00:51:14 UTC,no,pga,-18000,0,RSA,11955,308.0,412.0,"frittelli, dylan",29970,109,0.0,0.0,0.0,0.0,0.0,0.0,0.0,1990-06-05,11.5,36,2.514094712214978,-1.045482326423916,0.0,0.8250212430127764,0.6274000000000001,euro,2026-06-15,1296,-1.045482326423916,0.0899999999999998,0.0,0.0,0.0,2.0,45.0,0.9407407407407408,-10.525925925925923,-0.0080460721707809,0.0111692349683582,-0.0219745539369182,-0.0128173444616426,0.0275977574388798,-0.012021166179458,16.161139280813703,-0.4811427746510512,0.0195724955220372,-0.0313398355326392,0.0362791863120422,-0.2051103744905129,,,-0.1708625597375446,-0.8875817615540169,0.0117743224173055,-0.0301845268852858,25.56727559993057,0.1708241819905661,-0.0365676945083678,0.1231533333333333,0.06325,-0.0038218842811209,0.161611392808137,0.0,0.0,-0.5433889196936674,2026-06-29 10:00,2026-06-29 10:00
TPC Deere Run,1,2026-07-05,2026-07-02,30,John Deere Classic,2026-06-30 00:51:14 UTC,no,pga,-18000,0,USA,11451,226.0,240.0,"garnett, brice",29535,116,112.0,0.0,0.0,0.0,0.0,0.0,0.0,1983-09-06,11.5,42,2.934843803534883,-0.4292856529554454,0.7064453125000001,0.4435316590466689,0.2576,pga,2026-06-14,1764,-0.4292856529554454,1.04,0.08,0.4,14.0,0.0,40.0,-1.0592592592592591,3.4740740740740748,0.0584145288930899,0.0045474968070199,-0.019066105804931,0.1565898082323909,-0.0703056451701495,-0.0133510251712403,-8.628554429277962,-0.2442129129351612,0.0105221811519925,0.1599420690541785,0.000533304038787,-0.0130997159174607,,,-0.1390281670285495,-0.3802116575449621,0.0157700396085029,-0.0345223232687541,7.562041641567999,0.0,-0.1361161322484975,-0.0406466666666666,0.06325,0.0277469012242177,-0.0862855442927796,0.0,0.0,-0.4161469672801907,2026-06-29 10:00,2026-06-29 10:00
TPC Deere Run,1,2026-07-05,2026-07-02,30,John Deere Classic,2026-06-30 00:51:14 UTC,no,pga,-18000,0,USA,24550,82.0,174.0,"ghim, doug",52375,466,98.0,0.0,0.0,0.0,0.0,0.0,0.0,1996-04-16,12.5,30,2.3,0.4448958529090297,0.9564453125,0.7331355125377563,0.4422,pga,2026-06-14,900,0.4448958529090297,0.2,0.14,0.15,14.0,0.0,44.0,-1.0592592592592591,3.4740740740740748,-0.0331099724996,0.0217943029126531,0.0156334686075136,-0.0436052073413198,-0.0635772037333534,0.0366446670549063,3.9359747622507824,0.1963713768604209,0.0173926357339335,0.17040555807676,0.0085115808312892,0.1116142287852541,,,0.0631292194398717,0.594394234793394,-0.0190532510291807,0.0209437801307817,-2.6466398147127017,0.0077296333577126,0.0250791059642634,-0.0406466666666666,0.0687499999999999,-0.01572723693731,0.0393597476225078,-0.0,0.0,0.6461300788119251,2026-06-29 10:00,2026-06-29 10:00
TPC Deere Run,1,2026-07-05,2026-07-02,30,John Deere Classic,2026-06-30 00:51:14 UTC,no,pga,-18000,0,USA,7399,201.0,115.0,"glover, lucas",25900,305,119.0,0.0,0.0,0.0,0.0,0.0,0.0,1979-11-12,19.5,46,2.551232112315359,-0.1659957080245883,-0.2935546874999999,1.0755915933954925,1.03,pga,2026-06-15,2116,-0.1659957080245883,-0.15,-0.2699999999999999,0.02,0.0,2.0,46.0,0.9407407407407408,-10.525925925925923,0.0989337755471253,0.0168814472677096,0.0275484603014956,0.159684841527899,-0.0989225139885452,-0.0062584595614336,31.06323018621497,-0.0696639755616588,0.0284234085874159,-0.1598147477063377,0.0226660263015535,0.025194390999918,,,0.011600668529549,-0.3645523549322307,0.0193438865535677,-0.0396534399149636,4.23266414359206,-0.1733836667117625,-0.2026485727212749,0.1231533333333333,0.10725,0.0469935433848845,0.3106323018621497,0.0,-0.0,0.2234768236481368,2026-06-29 10:00,2026-06-29 10:00
TPC Deere Run,1,2026-07-05,2026-07-02,30,John Deere Classic,2026-06-30 00:51:14 UTC,no,pga,-18000,0,ARG,8571,302.0,433.0,"gomez, fabian",28679,64,197.0,0.0,0.0,0.0,0.0,0.0,0.0,1978-10-27,4.5,47,2.3,-0.6874901239910267,0.0,0.0991410986235347,-0.1805999999999999,kft,2026-06-14,2209,-0.6874901239910267,0.6800000000000002,0.0,0.0,14.0,0.0,33.0,-1.0592592592592591,3.4740740740740748,-0.0012288670802621,0.0224829560999486,-0.0395733891058924,0.1464336744319062,-0.1147221456042087,-0.0158499629020158,6.535638867775406,-0.3442160771374004,0.0023523506274803,0.0438302984494938,0.0049508996253833,-0.0438594350785546,,,-0.1640280573480429,-0.743341625512105,0.0228931040562307,-0.0391663790466028,0.0,0.0,-0.2260983296600926,-0.0406466666666666,0.0247499999999999,-0.0005837118631244,0.065356388677754,0.0,0.0,-0.6944656153641421,2026-06-29 10:00,2026-06-29 10:00
TPC Deere Run,1,2026-07-05,2026-07-02,30,John Deere Classic,2026-06-30 00:51:14 UTC,no,pga,-18000,0,USA,24837,335.0,362.0,"goodwin, noah",55165,21,0.0,0.0,0.0,0.0,0.0,0.0,0.0,2000-07-01,-4.5,26,2.414898606271375,-0.6507193746645438,0.0,-0.0885962274004298,-0.331,kft,2026-06-15,676,-0.6507193746645438,-0.0199999999999999,0.0,0.0,2.0,1.0,37.0,-0.0592592592592593,-8.525925925925925,-0.0106964977204411,-0.0023051477741677,-0.0237729966458548,0.0582166712799616,-0.0340794769479034,-0.0087555476324767,-6.871433204294665,-0.2978234961687094,-0.0021018174131101,-0.1802409543461178,0.0334905261908565,0.0036578016784141,,,-0.0975715143764399,-0.5235910886640531,0.0170453609858703,-0.0563978296079721,0.0,0.0,0.0563508343931553,0.0997533333333333,-0.0247499999999999,-0.0050808364172095,-0.0687143320429466,0.0,0.0,-0.5223829237908759,2026-06-29 10:00,2026-06-29 10:00
TPC Deere Run,1,2026-07-05,2026-07-02,30,John Deere Classic,2026-06-30 00:51:14 UTC,no,pga,-18000,0,USA,27774,19.0,14.0,"gotterup, chris",59095,961,12.0,0.0,0.0,0.0,0.0,0.0,0.0,1999-07-20,3.5,26,2.7165592720248366,1.267069493120361,1.0814453125,1.267069493120361,1.1358,pga,2026-06-15,676,1.267069493120361,0.0,0.0,0.0,0.0,3.0,63.0,1.9407407407407409,-10.525925925925923,-0.1456559375923298,-0.0256328388234377,0.0268201446225324,-0.2142487929319588,0.0634276044384794,0.0039779451020549,1.3745000222739094,0.6345632380749248,,0.1167747802497476,-0.0228059973047773,0.0677167596476486,0.2249582182741163,0.124101493113125,,1.1279716549089889,-0.0488588348210892,-0.0233919841645546,20.514671980564515,0.0936299898168142,0.0549139818398473,0.136837037037037,0.0224,-0.0764693672359731,0.0068725001113695,0.0,0.0,1.2176118248214225,2026-06-29 10:00,2026-06-29 10:00
TPC Deere Run,1,2026-07-05,2026-07-02,30,John Deere Classic,2026-06-30 00:51:14 UTC,no,pga,-18000,0,USA,23465,93.0,73.0,"greyserman, max",51977,257,87.0,0.0,0.0,0.0,0.0,0.0,0.0,1995-05-31,-2.5,31,2.9684139309244126,0.3034302765078795,-0.5435546874999999,1.1902183946185847,0.8933999999999999,pga,2026-06-15,961,0.3034302765078795,-0.5700000000000001,0.1699999999999999,-0.0499999999999999,7.0,3.0,51.0,1.9407407407407409,-3.525925925925925,-0.0937215682531983,-0.0013564284147168,0.0017084023083986,-0.1163557207804201,0.0033891649290449,0.018893013704495,4.891135436417226,0.1537108719083113,0.0282363009667465,0.0578904932641434,0.005474287353245,0.0651157068882548,,,0.0636687854179903,0.3888020394444815,-0.0030678853480749,0.0008565047589346,25.275303869111383,0.0475617283111825,0.0169169742349302,0.0412533333333333,-0.0137499999999999,-0.0445177449202691,0.0489113543641722,0.0,0.0,0.4206989822217178,2026-06-29 10:00,2026-06-29 10:00
TPC Deere Run,1,2026-07-05,2026-07-02,30,John Deere Classic,2026-06-30 00:51:14 UTC,no,pga,-18000,0,USA,24968,18.0,16.0,"griffin, ben",54591,1033,31.0,0.0,0.0,0.0,0.0,0.0,0.0,1996-05-06,-0.5,30,2.3709331123346105,1.2535694902878811,-0.1685546874999999,1.6449779556914352,1.4462000000000002,pga,2026-06-15,900,1.2535694902878811,0.0,0.0,0.0,0.0,3.0,65.0,1.9407407407407409,-10.525925925925923,0.0193198293597765,-0.0348150414502188,0.0085017064173781,-0.0337017240779183,0.0006580024002123,0.0786768860703232,8.056452202403715,0.6993545925302568,,0.1763016042642744,-0.0215450264021421,0.0385057829971181,0.2884171766560524,0.1411083620991376,,1.2930162640373069,-0.0395494095827436,-0.0166712629089359,15.392480691039705,-0.0028895315414708,0.0270944443842893,0.136837037037037,-0.0032,0.0101429104138826,0.0402822610120185,0.0,-0.0,1.477078472500245,2026-06-29 10:00,2026-06-29 10:00
TPC Deere Run,1,2026-07-05,2026-07-02,30,John Deere Classic,2026-06-30 00:51:14 UTC,no,pga,-18000,0,USA,15330,191.0,222.0,"griffin, lanto",35310,65,150.0,0.0,0.0,0.0,0.0,0.0,0.0,1988-06-15,7.5,38,2.472547848347043,-0.2538857169389433,-0.2935546874999999,1.0135960728639095,0.8042,pga,2026-06-14,1444,-0.2538857169389433,0.12,0.03,-0.09,14.0,0.0,32.0,-1.0592592592592591,3.4740740740740748,0.1205756944863511,-0.006923425969627,-0.0108003770090728,0.1027172453981764,0.0218125066234999,0.0137697454433746,-3.465216028052831,-0.1244652146816066,0.0240461783329034,-0.0049179003273529,-0.0019420248432836,-0.0203811342118739,,,-0.0344422949365682,-0.2357806960163111,0.0021017373044389,-0.0129891805812925,-3.051762506159558,0.0,-0.0627908620716755,-0.0406466666666666,0.0412499999999999,0.0572734548810167,-0.0346521602805283,-0.0,0.0,-0.2125560680824893,2026-06-29 10:00,2026-06-29 10:00
TPC Deere Run,1,2026-07-05,2026-07-02,30,John Deere Classic,2026-06-30 00:51:14 UTC,no,pga,-18000,0,ARG,12808,136.0,109.0,"grillo, emiliano",31646,612,105.0,0.0,0.0,0.0,0.0,0.0,0.0,1992-09-14,3.5,33,3.139139068685715,0.0113281623887388,0.5814453125000001,1.068710810834124,0.8361538461538461,pga,2026-06-15,1089,0.0113281623887388,0.19,-0.2599999999999999,0.2099999999999999,7.0,3.0,52.0,1.9407407407407409,-3.525925925925925,0.0087761541608379,0.0213285120384254,0.0151575100524862,0.1064797875890657,-0.0973972847798989,-0.0367923707392406,15.55683699306736,0.0287751809459318,0.0279938835523051,0.1721057392723945,0.003750784142181,0.0505391962744623,,,-0.0282372861882047,0.2323038437292614,0.0051684404681134,-0.0171286917627364,-10.568515120373084,0.0232485377537866,-0.0106634029751855,0.0412533333333333,0.01925,0.004168673226398,0.1555683699306736,-0.0,0.0,0.4525442202196663,2026-06-29 10:00,2026-06-29 10:00
TPC Deere Run,1,2026-07-05,2026-07-02,30,John Deere Classic,2026-06-30 00:51:14 UTC,no,pga,-18000,0,CAN,13965,264.0,262.0,"hadwin, adam",33399,59,173.0,0.0,0.0,0.0,0.0,0.0,0.0,1987-11-02,-0.5,38,2.5333104050532285,-0.3125821331050416,0.0814453125,1.078488921764145,0.8294,kft,2026-06-15,1444,-0.3125821331050416,0.37,-0.08,0.17,2.0,1.0,45.0,-0.0592592592592593,-8.525925925925925,-0.134404853601143,-0.0007090169277044,-0.03376205429941,0.0038573142176757,-0.0283952634385348,-0.0753958331531694,-15.147975836226175,-0.1580229787236254,0.0255859821736698,-0.0799962239039256,0.0022111300267039,0.0059775023422949,,,-0.0913665056280765,-0.3874541746436423,0.010230543460796,-0.0309192470349165,-18.76039318226635,-0.0190385647311532,-0.0711543773565628,0.0997533333333333,-0.00275,-0.0638423054605429,-0.1514797583622617,-0.0,-0.0,-0.5057729051331136,2026-06-29 10:00,2026-06-29 10:00
TPC Deere Run,1,2026-07-05,2026-07-02,30,John Deere Classic,2026-06-30 00:51:14 UTC,no,pga,-18000,0,USA,19865,430.0,0.0,"hardy, nick",47988,35,191.0,0.0,0.0,0.0,0.0,0.0,0.0,1996-01-26,13.5,30,2.3,-0.8271446091054113,-0.3352213541666669,0.4817378367558085,0.2075999999999999,pga,2026-06-15,900,-0.8271446091054113,0.14,-0.04,0.14,9.0,0.0,35.0,-1.0592592592592591,-1.5259259259259252,-0.0302816191882806,0.0225901153287369,-0.0131402593417945,-0.0688078412927699,0.0642075478037532,-0.0351311816862063,-1.826983582613672,-0.4084123821360995,0.0114440451906946,-0.2327639151367296,0.0245552044634426,-0.0179539947804029,,,-0.1535065207747309,-0.7890485031969068,0.0322501409039194,-0.0679709433673685,11.225259108221664,0.0,0.023309862440368,0.0178533333333333,0.07425,-0.0143837691144332,-0.0182698358261367,0.0,0.0,-0.7295987748041435,2026-06-29 10:00,2026-06-29 10:00
TPC Deere Run,1,2026-07-05,2026-07-02,30,John Deere Classic,2026-06-30 00:51:14 UTC,no,pga,-18000,0,RSA,24342,186.0,104.0,"higgo, garrick",54421,111,149.0,0.0,0.0,0.0,0.0,0.0,0.0,1999-05-12,3.5,27,2.7021412520803763,-0.0318653936986431,1.0814453125,0.9208652411283962,0.3933333333333333,pga,2026-06-12,729,-0.0318653936986431,0.42,0.26,0.08,16.0,0.0,45.0,-1.0592592592592591,5.474074074074075,-0.1031058700218781,0.0049144525141722,-0.0317282803997416,-0.0647748720601078,-0.0016453063392339,-0.0098718637369668,9.325473418811406,-0.0269805211092553,0.0218462663792488,0.0355727161962336,-0.0051281839158282,0.0218237438457905,,,-0.0434350612385442,0.0093598785766393,0.0100507849146231,-0.0536359264952668,-10.357645711814564,-0.1268424869216294,0.0492460599996376,-0.0640466666666666,0.01925,-0.048975288260392,0.093254734188114,-0.0,-0.0,0.0088426578376945,2026-06-29 10:00,2026-06-29 10:00
TPC Deere Run,1,2026-07-05,2026-07-02,30,John Deere Classic,2026-06-30 00:51:14 UTC,no,pga,-18000,0,USA,14140,340.0,326.0,"higgs, harry",33597,127,190.0,0.0,0.0,0.0,0.0,0.0,0.0,1991-12-04,5.5,34,2.3,-0.8649802243065745,0.3314453125000001,0.7129141665952841,0.4469999999999999,pga,2026-06-15,1156,-0.8649802243065745,0.3599999999999999,0.0,0.0,7.0,4.0,42.0,2.9407407407407407,-3.525925925925925,-0.1686980432712623,-0.0011022209331705,-0.0438401406867743,-0.050038967356794,0.0061489697700892,-0.0798656840646126,-10.84041524006444,-0.3654775729543329,0.0169129129766737,0.020889669818521,0.0107740388392507,-0.0020386728131178,,,-0.1663661765865566,-0.5220857366431457,0.0349164570666917,-0.0531249418893564,21.44623830959365,0.0,-0.018571451100919,0.0412533333333333,0.03025,-0.0801315705538495,-0.1084041524006444,0.0,0.0,-0.6391181262643064,2026-06-29 10:00,2026-06-29 10:00
TPC Deere Run,1,2026-07-05,2026-07-02,30,John Deere Classic,2026-06-30 00:51:14 UTC,no,pga,-18000,0,USA,28469,0.0,179.0,"highsmith, joe",60067,28,161.0,0.0,0.0,0.0,0.0,0.0,0.0,2000-04-19,-2.5,26,2.820192544532252,-1.2537257247538935,-1.1685546875,0.6200960023458516,0.3129999999999999,pga,2026-06-14,676,-1.2537257247538935,-0.4699999999999998,-0.05,0.0,14.0,0.0,52.0,-1.0592592592592591,3.4740740740740748,-0.0362065970592641,0.0198649983533036,-0.0317477857093297,0.0114391197783681,-0.0145166254358401,-0.021246304045766,-3.338753653688289,-0.567268693091064,0.0147109282041692,-0.2673091908541655,0.0130982374260997,-0.0808476726116771,,,-0.1707726320745249,-1.0465080095400314,0.0315924601006952,-0.074827799833634,2.6102057418554323,0.0,0.05511635319407,-0.0406466666666666,-0.0137499999999999,-0.0171981336031504,-0.0333875365368828,0.0,0.0,-1.1514903463467314,2026-06-29 10:00,2026-06-29 10:00
TPC Deere Run,1,2026-07-05,2026-07-02,30,John Deere Classic,2026-06-30 00:51:14 UTC,no,pga,-18000,0,JPN,20954,358.0,286.0,"hirata, kensei",49120,31,153.0,0.0,0.0,0.0,0.0,0.0,0.0,1995-01-01,-6.5,31,2.5409321726676533,-0.7258083601555158,-0.4185546874999999,-0.0417358564265721,-0.1588,pga,2026-06-14,961,-0.7258083601555158,-0.66,-0.19,-0.34,14.0,0.0,42.0,-1.0592592592592591,3.4740740740740748,-0.0219907237046156,0.0005932861946719,-0.0372207864135329,0.107888163735983,-0.0848277181332763,-0.0084236690884613,0.0,-0.3056577918209079,-0.000990126020984,-0.1771550813975327,0.0101944513536838,-0.0279018479431927,,,-0.1357907711598381,-0.5873423982101524,0.0352215478101291,-0.0445884076047093,0.0,0.0,0.0593256285731995,-0.0406466666666666,-0.03575,-0.0104455937596924,0.0,0.0,0.0,-0.6741846586365116,2026-06-29 10:00,2026-06-29 10:00
TPC Deere Run,1,2026-07-05,2026-07-02,30,John Deere Classic,2026-06-30 00:51:14 UTC,no,pga,-18000,0,JPN,22760,89.0,64.0,"hisatsune, ryo",51287,563,43.0,0.0,0.0,0.0,0.0,0.0,0.0,2002-09-09,1.5,23,2.911422712529555,-0.0595648082395522,-0.4185546874999999,0.6291231682789116,0.5052,pga,2026-06-15,529,-0.0595648082395522,0.0,0.0,0.0,0.0,3.0,75.0,1.9407407407407409,-10.525925925925923,-0.0458103564919419,0.0044548258175574,0.0186895721885291,-0.0344101287998229,-0.0112106173010808,-0.0233340083971247,-7.120235111923455,0.0282525656555903,0.0149250853498789,0.0434131369839569,0.0088835634216087,0.057212120457887,,,0.0436149165645837,0.2888340463913,-0.0162271482529222,0.0405103602198846,10.80024464812088,-0.1045529245799429,0.0682494459908319,0.1231533333333333,0.00825,-0.0217599193336724,-0.0712023511192345,0.0,-0.0,0.3272751092717263,2026-06-29 10:00,2026-06-29 10:00
TPC Deere Run,1,2026-07-05,2026-07-02,30,John Deere Classic,2026-06-30 00:51:14 UTC,no,pga,-18000,0,USA,25157,169.0,155.0,"hodges, lee",54628,132,123.0,0.0,0.0,0.0,0.0,0.0,0.0,1995-06-14,5.5,31,2.639550458853043,-0.0776821724590034,0.3314453125000001,0.6392606690239749,0.4114,pga,2026-06-12,961,-0.0776821724590034,0.04,-0.0399999999999999,-0.2,16.0,0.0,40.0,-1.0592592592592591,5.474074074074075,-0.0152093635071447,0.0079001945900723,0.0236646198313488,0.0534126855405045,-0.0645935217756955,-0.0355933416933748,-2.526410136007184,-0.0311408072333981,0.0151655836679879,-0.077650696827194,0.0094577420103073,0.0042594587769196,,,0.005215804455146,-0.0660084298536483,-0.0014415714414667,-0.0077232858949722,-6.042277928194653,0.0029621916403049,0.0178493426330217,-0.0640466666666666,0.03025,-0.0072244476658937,-0.0252641013600718,-0.0,0.0,-0.1322936455462805,2026-06-29 10:00,2026-06-29 10:00
TPC Deere Run,1,2026-07-05,2026-07-02,30,John Deere Classic,2026-06-30 00:51:14 UTC,no,pga,-18000,0,PHI,23504,99.0,92.0,"hoey, rico",51696,387,104.0,0.0,0.0,0.0,0.0,0.0,0.0,1995-09-19,1.5,30,2.6024531410796143,0.2946364896731993,-0.2935546874999999,0.6595695018722173,0.4269999999999999,pga,2026-06-12,900,0.2946364896731993,0.05,0.03,-0.04,16.0,0.0,56.0,-1.0592592592592591,5.474074074074075,-0.1759550079247346,0.0118589197638899,0.0028437396016699,-0.0853347537620639,-0.0563848645388453,-0.0489380489893851,12.687706617269912,0.1397074441804807,0.0156473829068328,0.0499486213021593,0.0020350204908634,0.0773471222203724,,,0.0409170866739909,0.3427744775412432,-0.0031512383542689,-0.0002852123975687,-7.094090132089983,0.0,0.0206082505183811,-0.0640466666666666,0.00825,-0.0835786287642489,0.1268770661726991,-0.0,0.0,0.3302762482830266,2026-06-29 10:00,2026-06-29 10:00
TPC Deere Run,1,2026-07-05,2026-07-02,30,John Deere Classic,2026-06-30 00:51:14 UTC,no,pga,-18000,0,USA,15575,196.0,110.0,"hoge, tom",35532,245,75.0,0.0,0.0,0.0,0.0,0.0,0.0,1989-05-25,-2.5,37,2.8711002408494823,-0.5710722813228715,0.4564453125000001,1.0865769669231191,0.9014,pga,2026-06-15,1369,-0.5710722813228715,-0.3899999999999999,-0.19,0.0299999999999999,0.0,2.0,65.0,0.9407407407407408,-10.525925925925923,0.1324872892410531,0.0090187685708469,0.0277805870819651,0.1135009580390346,0.0286651967123753,-0.046478221163169,-5.08016191746278,-0.2526185742219651,0.0257775500700531,0.0045128493331275,-7.062348268744296e-05,-0.0341372033277043,,,-0.0689745175361561,-0.3839974445120812,0.0129178788146989,-0.0207294952918095,3.987254970349865,-0.1611794518825954,-0.0506753088696381,0.1231533333333333,-0.0137499999999999,0.0629314623895002,-0.0508016191746278,0.0,-0.0,-0.2624642679638754,2026-06-29 10:00,2026-06-29 10:00
TPC Deere Run,1,2026-07-05,2026-07-02,30,John Deere Classic,2026-06-30 00:51:14 UTC,no,pga,-18000,0,USA,17538,88.0,112.0,"homa, max",39977,492,72.0,0.0,0.0,0.0,0.0,0.0,0.0,1990-11-19,-0.5,35,2.621644570378232,0.2565054276708554,-0.0435546874999999,1.831191375634629,1.606,pga,2026-06-14,1225,0.2565054276708554,0.6,0.0699999999999999,0.0699999999999999,14.0,0.0,53.0,-1.0592592592592591,3.4740740740740748,-0.0506659073588635,-0.0212301626932405,-0.0114892090826426,-0.0390082527949687,0.0336525991745045,-0.0125908819625161,9.217290133664404,0.0953392884130528,0.0434432321486084,0.1292303901667555,-0.0174652840131012,0.0298845815632677,,,0.0444242655317616,0.3074740789867686,-0.0107217076985435,0.0237491041270396,-12.52306775545668,0.03038791681255,-0.0304097912520723,-0.0406466666666666,-0.00275,-0.0240663059954601,0.092172901336644,-0.0,0.0,0.3321840076612858,2026-06-29 10:00,2026-06-29 10:00
TPC Deere Run,1,2026-07-05,2026-07-02,30,John Deere Classic,2026-06-30 00:51:14 UTC,no,pga,-18000,0,USA,15470,145.0,158.0,"hossler, beau",35461,102,116.0,0.0,0.0,0.0,0.0,0.0,0.0,1995-03-16,11.5,31,2.4290230598999107,0.1426820774148104,0.7064453125000001,0.8268559368717394,0.69,pga,2026-06-14,961,0.1426820774148104,-0.47,-0.02,-0.16,14.0,0.0,38.0,-1.0592592592592591,3.4740740740740748,-0.0265403001378329,-0.0233362647682767,-0.0359665300930565,-0.0109803255340562,-0.0098890424265991,0.0536318626841556,6.542858300793284,0.078395004973939,0.0196160244163725,0.0368771652891633,-0.0157415389407951,-0.0027963381055539,,,0.0214927114617227,0.1634119957425026,-0.0008660733636649,0.0114019012270292,11.877077320807215,0.0,0.0150331387842898,-0.0406466666666666,0.06325,-0.0126066425654706,0.0654285830079328,0.0,0.0,0.2388372695182981,2026-06-29 10:00,2026-06-29 10:00
TPC Deere Run,1,2026-07-05,2026-07-02,30,John Deere Classic,2026-06-30 00:51:14 UTC,no,pga,-18000,1,USA,33759,0.0,0.0,"howell, mason",68607,56,0.0,0.0,0.0,0.0,0.0,0.0,0.0,1995-01-01,-6.5,31,2.647123010812871,-2.162875,0.0,0.0,0.0,0,2026-06-14,961,-2.162875,0.0,0.0,0.0,10.525925925925923,0.0,0.0,0.0,0.0,0.0078967799523333,-0.0,0.0,-0.0,0.0078967799523333,0.0,0.0,-1.3435021205207267,-0.0687985273743091,0.3046322416283603,-0.0797706748629183,-0.0077941942306394,,,-0.52158044551461,,,-0.0894677672981932,4.102967268827141,0.0,-0.0111676190190936,-0.0,-0.03575,0.0037509704773583,0.0,0.0,0.0,-1.5414217522434,2026-06-29 10:00,2026-06-29 10:00
TPC Deere Run,1,2026-07-05,2026-07-02,30,John Deere Classic,2026-06-30 00:51:14 UTC,no,pga,-18000,0,USA,16333,215.0,127.0,"hubbard, mark",36801,214,99.0,0.0,0.0,0.0,0.0,0.0,0.0,1989-05-24,15.5,37,2.6948831015690544,-0.1461183418444309,-0.0435546874999999,0.7031299554061573,0.4833999999999999,pga,2026-06-15,1369,-0.1461183418444309,-0.35,0.0,-0.0699999999999999,0.0,2.0,50.0,0.9407407407407408,-10.525925925925923,0.1619707778095434,0.0193767673152967,0.0322114930215817,0.0720299780646015,0.0409007746400206,-0.0025482352319573,15.311977060661969,-0.0599211258600017,0.0166645347764261,-0.1801343872050429,0.0240168213385719,-0.0185351408414593,,,-0.0201437965164263,-0.3136495585864912,0.0119772994225097,-0.0368984548314303,-3.7292100033456457,0.0,-0.0506753088696381,0.1231533333333333,0.0852499999999999,0.0769361194595331,0.1531197706066197,-0.0,0.0,0.1248096648129949,2026-06-29 10:00,2026-06-29 10:00
TPC Deere Run,1,2026-07-05,2026-07-02,30,John Deere Classic,2026-06-30 00:51:14 UTC,no,pga,-18000,0,CAN,15556,139.0,145.0,"hughes, mackenzie",35506,103,124.0,0.0,0.0,0.0,0.0,0.0,0.0,1990-11-23,-0.5,35,2.6200664257427784,0.0516150213661663,0.0814453125,0.9003400135189873,0.6146,pga,2026-06-12,1225,0.0516150213661663,-0.1,-0.04,0.15,16.0,0.0,44.0,-1.0592592592592591,5.474074074074075,0.03789971014873,-0.0145664624462506,-0.0192533267443021,-0.0358129656133909,0.0505334682423428,0.0569989967103308,-1.7739819477032603,0.0286944375128967,0.0213593334711282,-0.0067168187886823,-0.0120183269802112,-0.0804169408252471,,,0.0011690596192568,-0.0767886166994671,-0.0016662477877686,0.0032166783312327,-8.156203788582864,0.1334900564698554,-0.0304097912520723,-0.0640466666666666,-0.00275,0.0180023623206467,-0.0177398194770326,-0.0,0.0,-0.1433227405225196,2026-06-29 10:00,2026-06-29 10:00
TPC Deere Run,1,2026-07-05,2026-07-02,30,John Deere Classic,2026-06-30 00:51:14 UTC,no,pga,-18000,0,KOR,17488,85.0,78.0,"im, sungjae",39971,366,60.0,0.0,0.0,0.0,0.0,0.0,0.0,1998-03-30,7.5,28,2.9690085660449395,0.2864033403970484,0.2064453125000001,1.745243834945784,1.5532,pga,2026-06-15,784,0.2864033403970484,0.0,0.0,0.0,0.0,3.0,49.0,1.9407407407407409,-10.525925925925923,0.0288629647326708,-0.0162129006833172,-0.0523389649532332,-0.0065776920942876,0.0081908385561442,0.0958016839073647,-6.9705490866015305,0.2096811623575591,0.0414034471506437,0.1138760394747174,-0.0168045190997379,0.0450900973254977,,,0.0886686757374837,0.537899464477418,-0.0166356633158829,0.0320033659272912,-35.3606638957085,-0.1722840834832213,0.0406168589198459,0.1231533333333333,0.0412499999999999,0.0137099082480186,-0.0697054908660153,-0.0,-0.0,0.6463072151927547,2026-06-29 10:00,2026-06-29 10:00
TPC Deere Run,1,2026-07-05,2026-07-02,30,John Deere Classic,2026-06-30 00:51:14 UTC,no,pga,-18000,0,GER,16394,168.0,96.0,"jaeger, stephan",36799,130,80.0,0.0,0.0,0.0,0.0,0.0,0.0,1989-05-30,4.5,37,3.2,0.1549438857439551,0.9564453125,0.8328450755275756,0.7352,pga,2026-06-12,1369,0.1549438857439551,-0.39,-0.26,-0.1599999999999999,16.0,0.0,47.0,-1.0592592592592591,5.474074074074075,0.1157791052199739,-0.0136483544690791,-0.0051142272583131,-0.074663976017765,0.1243390259014965,0.0848666370636347,2.6446101354492004,0.1176410589904228,0.0197581085266353,-0.2728456742345189,0.0056828926745393,-0.0379796043431599,,,0.0577335596586861,-0.1519786386097764,-0.0075158628485067,0.0162221918357637,-11.85517917562408,-0.0748949769285357,-0.0506753088696381,-0.0640466666666666,0.0247499999999999,0.0549950749794876,0.026446101354492,-0.0,-0.0,-0.1098341289424634,2026-06-29 10:00,2026-06-29 10:00
TPC Deere Run,1,2026-07-05,2026-07-02,30,John Deere Classic,2026-06-30 00:51:14 UTC,no,pga,-18000,0,USA,6986,158.0,430.0,"johnson, zach",24024,346,200.0,0.0,0.0,0.0,0.0,0.0,0.0,1976-02-24,25.5,50,2.7,-0.1984146950583512,-0.1685546874999999,0.8912296969349925,0.6806666666666668,pga,2026-04-10,2500,-0.1984146950583512,-0.3,0.3,-0.08,30.0,0.0,11.0,-1.0592592592592591,19.474074074074075,0.1174398440955719,-0.0136810299370116,-0.0022940993965042,0.2209608506067272,-0.0875568071675384,1.0929989899101393e-05,12.722144179031195,-0.0769491460643274,0.0252283224030954,-0.0718588748668293,-0.0166916505201004,-0.0370414142968793,,,-0.0266785400291955,-0.489170017628388,-0.0002143947927657,-0.0070679536165572,1.9923022091882248,-0.0226605419827981,-0.2778963658448282,-0.2278466666666666,0.1402499999999999,0.0557839259453966,0.1272214417903119,0.0,-0.0,-0.3937613165593462,2026-06-29 10:00,2026-06-29 10:00
TPC Deere Run,1,2026-07-05,2026-07-02,30,John Deere Classic,2026-06-30 00:51:14 UTC,no,pga,-18000,0,JPN,19729,164.0,154.0,"kanaya, takumi",47917,97,131.0,0.0,0.0,0.0,0.0,0.0,0.0,1998-05-23,-4.5,28,2.711068033728295,-0.2466767494640476,-0.2935546874999999,0.4214133444611085,0.1884,pga,2026-06-14,784,-0.2466767494640476,0.53,0.04,-0.08,14.0,0.0,50.0,-1.0592592592592591,3.4740740740740748,0.0877523638148116,-0.0193404320166302,-0.0623344953508607,0.1277697280853184,-0.0061236029821702,0.0477811660791545,-0.1094313036194187,-0.1380620301471624,0.0099974543154586,0.0753111917004252,-0.005606585452663,-0.0414664807094986,,,-0.0415465803151292,-0.1169503923976664,0.0082057484987948,-0.0259018315692279,-8.790414969736238,-0.0439867852060321,0.0421187212813362,-0.0406466666666666,-0.0247499999999999,0.0416823728120355,-0.0010943130361941,-0.0,-0.0,-0.1417589992884917,2026-06-29 10:00,2026-06-29 10:00
TPC Deere Run,1,2026-07-05,2026-07-02,30,John Deere Classic,2026-06-30 00:51:14 UTC,no,pga,-18000,0,USA,21889,338.0,257.0,"kang, jeffrey",47393,19,151.0,0.0,0.0,0.0,0.0,0.0,0.0,1991-06-24,-6.5,35,2.5631434694678634,-0.8321422524096098,0.5814453125000001,-0.3078197588270265,-0.7424,pga,2026-05-31,1225,-0.8321422524096098,0.57,0.04,0.4499999999999999,28.0,0.0,34.0,-1.0592592592592591,17.474074074074075,0.0637917472354659,0.0169789340624947,-0.0196598445420615,0.0015688967396426,0.0661187214702289,-0.0012149604948388,0.0,-0.4023989139539309,-0.0074853048929648,-0.0414432412452041,0.0070879855604047,-0.0401469373002764,,,-0.1875891050592201,-0.75948094872099,0.0151130922459088,-0.0782074806261176,0.0,0.0,-0.0244110434495893,-0.2044466666666667,-0.03575,0.0303010799368463,0.0,0.0,0.0,-0.9693765354508104,2026-06-29 10:00,2026-06-29 10:00
TPC Deere Run,1,2026-07-05,2026-07-02,30,John Deere Classic,2026-06-30 00:51:14 UTC,no,pga,-18000,0,USA,32457,115.0,77.0,"keefer, johnny",63454,396,83.0,0.0,0.0,0.0,0.0,0.0,0.0,2001-06-01,-6.5,25,2.6704542621288616,0.2125809946346371,0.7064453125000001,0.924779664915473,0.7310000000000001,pga,2026-06-15,625,0.2125809946346371,-0.22,-0.3,0.27,7.0,3.0,59.0,1.9407407407407409,-3.525925925925925,-0.1966541151220413,0.0183561389790406,0.0318178863130663,-0.1573723141070246,-0.0065253429611478,-0.0829304833459758,0.0,0.122476661712342,0.0219391307213419,0.118740494044691,0.0129139391596345,0.0977556044821784,,,0.0305754054267185,0.4589673259375155,-0.0020178924181192,-0.0033175059460226,-11.638912485218208,0.0,0.0599014887547507,0.0412533333333333,-0.03575,-0.0934107046829696,0.0,-0.0,0.0,0.3710599545878791,2026-06-29 10:00,2026-06-29 10:00
TPC Deere Run,1,2026-07-05,2026-07-02,30,John Deere Classic,2026-06-30 00:51:14 UTC,no,pga,-18000,0,USA,15004,190.0,256.0,"kim, chan",34587,111,176.0,0.0,0.0,0.0,0.0,0.0,0.0,1990-03-24,-0.5,36,2.825459757340092,-0.2010285338149625,0.0,0.5054222662203541,0.288,kft,2026-06-15,1296,-0.2010285338149625,-0.0499999999999999,0.0,0.0,0.0,2.0,54.0,0.9407407407407408,-10.525925925925923,0.0700815956392513,0.026124054232769,-0.0030329477755013,0.0447660596912519,-0.0325129049482194,0.034737334438951,2.940310457036607,-0.0923005602403802,0.0119904509028091,-0.0348997871869001,0.0025421228950918,-0.0532831172843132,,,-0.0501796359650262,-0.2690921592568429,0.0107828669316351,-0.0234056682297839,9.5441707175096,0.0159415569457924,-0.0403388310799752,0.1231533333333333,-0.00275,0.0332887579286443,0.029403104570366,0.0,0.0,-0.0859969634244991,2026-06-29 10:00,2026-06-29 10:00
TPC Deere Run,1,2026-07-05,2026-07-02,30,John Deere Classic,2026-06-30 00:51:14 UTC,no,pga,-18000,0,USA,17543,60.0,48.0,"kim, michael",39975,537,62.0,0.0,0.0,0.0,0.0,0.0,0.0,1993-07-14,11.5,32,3.067781869298428,0.5196908392336708,-0.6685546874999999,0.9509200201948074,0.743,pga,2026-06-15,1024,0.5196908392336708,0.0,0.0,0.0,0.0,3.0,66.0,1.9407407407407409,-10.525925925925923,0.1147790484466107,-0.0269523351970754,0.0127309383419734,0.0338944139256622,0.0681989940470832,0.0269070373289673,-12.17068327355494,0.2262634882955016,0.0225592748414314,0.1272385719534333,-0.0104624336099088,-0.0079719565551979,,,0.0976614420394597,0.4669649456279647,-0.0119045336243807,0.0255886990654094,-4.822540261866235,0.0156831690539428,-0.0020076067777833,0.136837037037037,0.0736,0.0602590004344706,-0.0608534163677747,-0.0,0.0,0.6768075667316976,2026-06-29 10:00,2026-06-29 10:00
TPC Deere Run,1,2026-07-05,2026-07-02,30,John Deere Classic,2026-06-30 00:51:14 UTC,no,pga,-18000,0,KOR,24766,70.0,66.0,"kim, tom",55182,872,57.0,0.0,0.0,0.0,0.0,0.0,0.0,2002-06-21,-4.5,24,2.350375262423819,0.3135719745092826,0.0814453125,1.5550730404439697,1.3952,pga,2026-06-15,576,0.3135719745092826,0.25,0.03,-0.0799999999999999,7.0,3.0,55.0,1.9407407407407409,-3.525925925925925,0.1795192583716143,0.0077189393716684,0.0401985035032449,0.0992585302747968,-0.010321131941263,0.0426644171631672,-0.0240987522082751,0.1817821965942251,0.0368919776351843,0.2980805053259907,-0.0002824939307497,-0.0043004808518177,,,0.0556652234092316,0.6465606943528711,-0.0218389626301966,0.0332676504105467,33.969358953306944,0.3734797669364116,0.0672950783904569,0.0412533333333333,-0.0247499999999999,0.0852716477265168,-0.0002409875220827,0.0,0.0,0.7480946878906385,2026-06-29 10:00,2026-06-29 10:00
TPC Deere Run,1,2026-07-05,2026-07-02,30,John Deere Classic,2026-06-30 00:51:14 UTC,no,pga,-18000,0,USA,13470,0.0,384.0,"kizzire, patton",32757,73,152.0,0.0,0.0,0.0,0.0,0.0,0.0,1986-03-03,17.5,40,2.8812844947670384,-1.1104237622504076,-1.2935546875,0.6535119157436504,0.3826,pga,2026-06-12,1600,-1.1104237622504076,-0.6700000000000002,-0.3999999999999999,-0.1499999999999999,16.0,0.0,32.0,-1.0592592592592591,5.474074074074075,0.2405991733132459,0.0072697879585675,-0.0001734660921209,0.0877027424679899,0.0552898874161913,0.0905102215626182,7.262613012871018,-0.4681449421739163,0.0155036749740437,-0.4548208627425107,0.0230147902126333,-0.1504006006014101,,,-0.1303051837156327,-1.3176251113660615,0.0160155478368409,-0.0739099959783397,-7.156053817671763,0.0,-0.09457753917777,-0.0640466666666666,0.0962499999999999,0.1142846073237918,0.0726261301287101,-0.0,0.0,-1.0985110405802263,2026-06-29 10:00,2026-06-29 10:00
TPC Deere Run,1,2026-07-05,2026-07-02,30,John Deere Classic,2026-06-30 00:51:14 UTC,no,pga,-18000,0,USA,16395,111.0,169.0,"kohles, ben",36884,395,140.0,0.0,0.0,0.0,0.0,0.0,0.0,1990-02-24,3.5,36,2.563466934278119,0.1660947603372882,1.0814453125,0.3543587171995049,0.0843999999999999,kft,2026-06-15,1296,0.1660947603372882,0.0,0.0,0.0,0.0,9.0,52.0,4.0,-10.525925925925923,0.1581226604343116,0.0382498498286786,0.0655188143090985,0.1484384217944666,-0.0847929938351751,-0.0092914316627569,1.6913187529811786,0.064804394907529,0.0084066751150223,0.1360742169235111,0.0113106409858843,-0.0013759487622071,,,-0.0021582639124742,0.1751649234797161,-0.0042458157378848,0.0039576330004847,16.1452094555726,0.0,-0.0416086090401491,0.1231533333333333,0.01925,0.075108263706298,0.0169131875298117,0.0,0.0,0.4095897080491592,2026-06-29 10:00,2026-06-29 10:00
TPC Deere Run,1,2026-07-05,2026-07-02,30,John Deere Classic,2026-06-30 00:51:14 UTC,no,pga,-18000,0,USA,32319,41.0,218.0,"koivun, jackson",66701,1011,0.0,0.0,0.0,0.0,0.0,0.0,0.0,2005-05-23,-2.5,21,2.7,1.6553926611796983,0.5814453125000001,1.89,1.89,pga,2026-06-15,441,1.6553926611796983,-0.3899999999999999,-0.0999999999999999,-0.11,7.0,2.0,5.0,0.9407407407407408,-3.525925925925925,-0.076622908767791,-0.0339784147234376,0.0642365260154491,-0.0121049595328796,-0.0565071287145653,-0.0382689318123575,0.0,0.873896421244535,,0.1984641482990863,-0.0122422385872153,0.0454501785434192,0.3769246742358864,0.1808455391969994,,1.645083488810778,-0.037844098973193,-0.0085126972114623,4.204990040262319,0.0,0.0281015620627225,0.045837037037037,-0.016,-0.0402270271030902,0.0,0.0,0.0,1.03038042293849,2026-06-29 10:00,2026-06-29 10:00
TPC Deere Run,1,2026-07-05,2026-07-02,30,John Deere Classic,2026-06-30 00:51:14 UTC,no,pga,-18000,0,USA,6169,122.0,181.0,"kuchar, matt",23108,162,141.0,0.0,0.0,0.0,0.0,0.0,0.0,1978-06-21,3.5,48,2.3,0.1472095371263583,0.0814453125,1.574220152208637,1.4921428571428572,pga,2026-06-07,2304,0.1472095371263583,0.71,0.3199999999999999,-0.07,21.0,0.0,31.0,-1.0592592592592591,10.474074074074077,0.1725610094955321,-0.0202314271939506,-0.0123026163228947,0.2005050363380288,-0.0295112632431079,0.0341012799174565,-0.3174194029050636,0.0355108200328285,0.0373559252061996,0.1594360936878887,-0.0157608878401615,-0.079206789615753,,,-0.015377630376379,-0.1313094064011593,-0.0060428760191598,-0.0151200526733946,-4.051565569700554,-0.0829843701928302,-0.2321040088032281,-0.1225466666666666,0.01925,0.0819664795103777,-0.0031741940290506,-0.0,-0.0,-0.1558137875864989,2026-06-29 10:00,2026-06-29 10:00
TPC Deere Run,1,2026-07-05,2026-07-02,30,John Deere Classic,2026-06-30 00:51:14 UTC,no,pga,-18000,0,SCO,9586,436.0,477.0,"laird, martin",27936,55,204.0,0.0,0.0,0.0,0.0,0.0,0.0,1982-12-29,11.5,43,3.2,-0.9692188546413938,-2.1685546875,0.57998651872473,0.3389999999999999,kft,2026-06-15,1849,-0.9692188546413938,0.0,-0.0499999999999999,0.09,2.0,1.0,32.0,-0.0592592592592593,-8.525925925925925,0.0308632851729327,0.0007130204111936,-0.0376593675874145,0.0953582405490584,-0.0592998808650166,0.0317512726651119,-0.5063053910619127,-0.4443112659189762,0.0137613581423536,-0.150773354745815,0.0006014282886396,-0.0338432117909346,,,-0.1679848745209123,-0.9974763805905592,0.0396635865985382,-0.1065551488331449,10.017506357742016,0.0,-0.1480348978103077,0.0997533333333333,0.06325,0.014660060457143,-0.0050630539106191,0.0,0.0,-0.8248760407107019,2026-06-29 10:00,2026-06-29 10:00
TPC Deere Run,1,2026-07-05,2026-07-02,30,John Deere Classic,2026-06-30 00:51:14 UTC,no,pga,-18000,0,RSA,24343,420.0,260.0,"lamprecht, christo",54422,29,184.0,0.0,0.0,0.0,0.0,0.0,0.0,2001-01-30,-6.5,25,3.023100178524347,-1.050529142502122,0.5814453125000001,-0.0081175472239101,-0.4368,pga,2026-06-12,625,-1.050529142502122,-0.5000000000000001,0.37,-0.21,16.0,0.0,34.0,-1.0592592592592591,5.474074074074075,-0.2179538300723133,0.0097933834032661,-0.1241726109707596,-0.2042768696374413,0.0947448154618905,0.0059574516707309,0.0,-0.4601059110861071,-0.0001750149581936,-0.28766483742647,-0.0006591928152898,-0.0334056429920215,,,-0.1642978403371022,-0.9511458801217264,0.0237664550265035,-0.0885053842877964,0.0,0.0,0.0599014887547507,-0.0640466666666666,-0.03575,-0.1035280692843488,0.0,0.0,0.0,-1.1544706160727418,2026-06-29 10:00,2026-06-29 10:00
TPC Deere Run,1,2026-07-05,2026-07-02,30,John Deere Classic,2026-06-30 00:51:14 UTC,no,pga,-18000,0,USA,21943,268.0,238.0,"lebioda, hank",49766,39,130.0,0.0,0.0,0.0,0.0,0.0,0.0,1994-01-14,5.5,32,2.508710780071864,-0.5700213305883218,-0.6685546874999999,0.4918878806476133,0.1598,pga,2026-06-12,1024,-0.5700213305883218,-0.01,-0.04,0.0799999999999999,16.0,0.0,42.0,-1.0592592592592591,5.474074074074075,0.068741009158815,0.0042732354132273,-0.0085277899177256,0.0577094612504583,0.0527680563243385,-0.0374819539114834,1.6200970821629144,-0.2557373137372318,0.0116693661454571,-0.1961784981435824,0.0111696358817515,-0.0692589364529632,,,-0.0640284960700693,-0.581833202822121,0.0142543327228633,-0.0379401523762094,-14.644060275222824,0.0,0.0042168592078632,-0.0640466666666666,0.03025,0.0326519793504371,0.0162009708216291,-0.0,0.0,-0.5667769193167215,2026-06-29 10:00,2026-06-29 10:00
TPC Deere Run,1,2026-07-05,2026-07-02,30,John Deere Classic,2026-06-30 00:51:14 UTC,no,pga,-18000,0,CHN,15310,149.0,95.0,"li, haotong",35296,185,109.0,0.0,0.0,0.0,0.0,0.0,0.0,1995-08-03,-6.5,30,3.0902845100517102,0.1454350273312984,0.4564453125000001,1.185,1.1949999999999998,pga,2026-06-14,900,0.1454350273312984,-0.2,-0.12,0.04,14.0,0.0,45.0,-1.0592592592592591,3.4740740740740748,-0.0761849064223228,-0.0010750611022163,0.0215013160422372,-0.0690372380819261,0.017435768079465,-0.0450096913598827,0.0,0.0836350500080931,0.0231671019969058,-0.0830877979501592,0.0046045543267243,0.0259669734104989,,,0.0348020055886472,0.1009960306847484,-0.0175998248566426,0.0098129873859336,0.0,-0.0151044680278089,0.0196949807747471,-0.0406466666666666,-0.03575,-0.0361878305506033,0.0,0.0,-0.0,-0.0115884665325216,2026-06-29 10:00,2026-06-29 10:00
TPC Deere Run,1,2026-07-05,2026-07-02,30,John Deere Classic,2026-06-30 00:51:14 UTC,no,pga,-18000,0,USA,16713,0.0,0.0,"lindheim, nicholas",37278,30,0.0,0.0,0.0,0.0,0.0,0.0,0.0,1984-11-09,6.5,41,2.7,-1.3221911608584684,-1.9685546875,0.5810454377908812,0.282,kft,2026-06-15,1681,-1.3221911608584684,-1.16,-0.15,-0.04,2.0,1.0,4.0,-0.0592592592592593,-8.525925925925925,-0.0809577734371519,0.0220625513842194,-0.0467828907259224,0.0587162066300054,-0.0481290560933582,-0.0668245846320961,-5.630626294107389,-0.5654890268641157,0.0137845070602977,-0.4628098072710095,0.0362791863120422,-0.2051103744905129,,,-0.3153463383226262,-1.7007422186837975,0.0322469399798916,-0.1178875935044131,0.0,0.0,-0.1164097115833517,0.0997533333333333,0.03575,-0.0384549423826471,-0.0563062629410738,0.0,0.0,-1.51719184536438,2026-06-29 10:00,2026-06-29 10:00
TPC Deere Run,1,2026-07-05,2026-07-02,30,John Deere Classic,2026-06-30 00:51:14 UTC,no,pga,-18000,0,USA,15980,204.0,108.0,"lipsky, david",36326,203,74.0,0.0,0.0,0.0,0.0,0.0,0.0,1988-07-14,7.5,37,2.6753345987941355,-0.3254436006868541,-1.5435546875,0.3740266594666083,0.387,pga,2026-06-12,1369,-0.3254436006868541,-0.49,-0.52,-0.0899999999999999,16.0,0.0,39.0,-1.0592592592592591,5.474074074074075,0.1598343053767147,-0.0072796657037876,0.0027635837195765,0.1272878294279092,0.0017602611033561,0.0353022968296603,14.968275054003431,-0.1308906110837891,0.0089191585072744,-0.1320461085654862,0.0091326805009514,-0.0718228161340946,,,-0.0335430183063706,-0.4155103711025973,-0.0004218209232588,-0.0034186104767625,-4.704644762280312,-0.011416378418086,-0.0614192246210612,-0.0640466666666666,0.0412499999999999,0.0759212950539394,0.1496827505400343,-0.0,-0.0,-0.2127029921752902,2026-06-29 10:00,2026-06-29 10:00
TPC Deere Run,1,2026-07-05,2026-07-02,30,John Deere Classic,2026-06-30 00:51:14 UTC,no,pga,-18000,0,USA,7960,0.0,0.0,"list, luke",27129,56,192.0,0.0,0.0,0.0,0.0,0.0,0.0,1985-01-14,5.5,41,2.6464782381374428,-1.0555004152824008,0.3314453125000001,1.04,1.04,pga,2026-05-24,1681,-1.0555004152824008,0.04,-0.0499999999999999,0.27,30.0,0.0,23.0,-1.0592592592592591,19.474074074074075,-0.085323253091739,0.0125764422468492,-0.0174190354175777,-0.0291226605427323,-0.0286073582098923,-0.0227506411683858,2.788781677897604,-0.4922779388912647,0.0287055924561772,-0.1797347112852785,-0.0062371177107662,0.1098844646270507,,,-0.1943336797857021,-0.9082367419478704,0.0391532940534766,-0.1001822102182678,-11.957941328138949,-0.1390718888393604,-0.1132144351932955,-0.2278466666666666,0.03025,-0.040528545218576,0.027887816778976,-0.0,-0.0,-1.118474137054137,2026-06-29 10:00,2026-06-29 10:00
TPC Deere Run,1,2026-07-05,2026-07-02,30,John Deere Classic,2026-06-30 00:51:14 UTC,no,pga,-18000,0,USA,17723,375.0,265.0,"lower, justin",40162,77,175.0,0.0,0.0,0.0,0.0,0.0,0.0,1989-04-04,5.5,37,3.046047709778412,-0.7912760826006692,-0.6685546874999999,0.4045805372700555,0.2284,pga,2026-06-12,1369,-0.7912760826006692,0.16,0.11,-0.3,16.0,0.0,30.0,-1.0592592592592591,5.474074074074075,0.0250631470688151,0.0218505988576311,-0.0332114976321627,0.1203889842212563,-0.0753768195251439,-0.0085881188527655,0.2529761581754921,-0.359285498241032,0.009598119023616,-0.1800430860661449,0.0095226817538058,-0.01520551576223,,,-0.1426252735493399,-0.7765581033343554,0.0222802842297367,-0.0688037981477346,-11.685647176718646,0.0,-0.0519960165750323,-0.0640466666666666,0.03025,0.0119049948576871,0.0025297615817549,-0.0,0.0,-0.79592001356158,2026-06-29 10:00,2026-06-29 10:00
TPC Deere Run,1,2026-07-05,2026-07-02,30,John Deere Classic,2026-06-30 00:51:14 UTC,no,pga,-18000,0,USA,14926,379.0,0.0,"malnati, peter",34466,36,163.0,0.0,0.0,0.0,0.0,0.0,0.0,1987-06-13,17.5,39,2.724870318400647,-0.8393484425999027,-0.5435546874999999,0.5412651606412631,0.37625,pga,2026-06-12,1521,-0.8393484425999027,-0.4299999999999999,-0.06,-0.31,16.0,0.0,36.0,-1.0592592592592591,5.474074074074075,0.0920944916707187,-0.0195997593694193,-0.0472455908234251,0.0309100799829689,0.1111830377948253,0.016846724085769,-8.684474569919704,-0.3572873084633086,0.0128508836428016,-0.2119888458328353,-0.0094524210629815,-0.1373624177962965,,,-0.152337461155474,-0.9584397596622328,0.0133763445248081,-0.0393811549427418,-3.071401521821675,0.0,-0.0768573785762046,-0.0640466666666666,0.0962499999999999,0.0437448835435913,-0.086844745699197,-0.0,0.0,-0.9693362884845051,2026-06-29 10:00,2026-06-29 10:00
TPC Deere Run,1,2026-07-05,2026-07-02,30,John Deere Classic,2026-06-30 00:51:14 UTC,no,pga,-18000,0,USA,14007,0.0,490.0,"martin, ben",33413,21,158.0,0.0,0.0,0.0,0.0,0.0,0.0,1987-08-26,5.5,38,2.9474200025459982,-1.246739292919896,-1.0018880208333334,0.3350630349627889,0.0402,pga,2026-06-12,1444,-1.246739292919896,-0.28,-0.13,-0.14,16.0,0.0,39.0,-1.0592592592592591,5.474074074074075,0.0423137116617228,0.00464987180396,-0.0168349414843284,0.0701590383413002,-0.0228850510660523,0.0072247940668433,-5.955311819805018,-0.5698705849899159,0.0079489115113815,-0.2934063273507594,0.0232477025887566,-0.0459105388234598,,,-0.2017976758163422,-1.2046159248277206,0.0420269975984116,-0.0928612640157142,0.0,0.0,-0.0739931455300787,-0.0640466666666666,0.03025,0.0200990130393183,-0.0595531181980501,0.0,0.0,-1.277866696653119,2026-06-29 10:00,2026-06-29 10:00
TPC Deere Run,1,2026-07-05,2026-07-02,30,John Deere Classic,2026-06-30 00:51:14 UTC,no,pga,-18000,0,USA,19870,67.0,102.0,"mccarthy, denny",47993,724,89.0,0.0,0.0,0.0,0.0,0.0,0.0,1993-03-04,17.5,33,2.3,0.4305301290118631,-0.1685546874999999,1.4099294570090004,1.0342,pga,2026-06-15,1089,0.4305301290118631,-0.18,0.07,0.0,0.0,2.0,63.0,0.9407407407407408,-10.525925925925923,0.1858944521581285,-0.0323592478957467,0.0105342311619228,0.136652874804838,0.0445803948966737,0.0264861991904407,16.303775241889078,0.2041364166796573,0.033448644946165,0.1571980520885592,-0.0163031407449055,-0.060781040974022,,,0.0850715692166933,0.4030876108912686,-0.0078462846927725,0.013369178087559,9.970329661159814,-0.3506009819169808,-0.0052057837156654,0.1231533333333333,0.0962499999999999,0.088299864775111,0.1630377524188908,0.0,-0.0,0.8738285614186037,2026-06-29 10:00,2026-06-29 10:00
TPC Deere Run,1,2026-07-05,2026-07-02,30,John Deere Classic,2026-06-30 00:51:14 UTC,no,pga,-18000,0,USA,23505,91.0,94.0,"mcgreevy, max",51950,256,108.0,0.0,0.0,0.0,0.0,0.0,0.0,1995-05-03,-0.5,31,2.4209769095791858,0.2465656106952433,0.2064453125000001,0.5807308968804253,0.4247999999999999,pga,2026-06-15,961,0.2465656106952433,0.0499999999999999,-0.07,0.02,7.0,3.0,55.0,1.9407407407407409,-3.525925925925925,0.0702457869580702,0.0181229512692498,0.021732203404035,0.0779103386560972,-0.0581759160810243,0.0106562097097125,-8.87451921881526,0.143387264821874,0.0137770450021155,0.0944765803565682,0.0135379411642016,0.0003076655617357,,,0.0464026741181963,0.3391385801880261,-0.0157115216780661,0.0260439566064703,-0.3485766721897196,0.0,0.0169169742349302,0.0412533333333333,-0.00275,0.0333667488050833,-0.0887451921881526,-0.0,0.0,0.3222634701382901,2026-06-29 10:00,2026-06-29 10:00
TPC Deere Run,1,2026-07-05,2026-07-02,30,John Deere Classic,2026-06-30 00:51:14 UTC,no,pga,-18000,0,USA,28159,65.0,89.0,"meissner, mac",59143,307,79.0,0.0,0.0,0.0,0.0,0.0,0.0,1999-02-08,-0.5,27,2.3,0.4277565604737524,-0.9185546875,0.6473748545635882,0.4672,pga,2026-06-15,729,0.4277565604737524,-0.38,-0.07,-0.22,0.0,2.0,53.0,0.9407407407407408,-10.525925925925923,0.1154269312001121,-0.0115404492893975,0.0227656151146797,0.0219348062527949,0.0255656780720412,0.0567012810499937,4.825775621069912,0.2076083266487605,0.0153580816045159,0.0403066752166979,-0.0053519055647524,-0.0326262235689576,,,0.1008089102451513,0.3889790123459709,-0.0178350573524662,0.0335355014422727,-4.359123611555283,0.0,0.0471747036747485,0.1231533333333333,-0.00275,0.0548277923200532,0.0482577562106991,-0.0,0.0,0.6124678942100565,2026-06-29 10:00,2026-06-29 10:00
TPC Deere Run,1,2026-07-05,2026-07-02,30,John Deere Classic,2026-06-30 00:51:14 UTC,no,pga,-18000,0,USA,13367,441.0,471.0,"merritt, troy",32640,68,196.0,0.0,0.0,0.0,0.0,0.0,0.0,1985-10-25,11.5,40,3.2,-1.4197296226148668,0.3314453125000001,0.705832472491944,0.5256000000000001,kft,2026-06-15,1600,-1.4197296226148668,-0.2099999999999999,0.1399999999999999,-0.08,0.0,2.0,31.0,0.9407407407407408,-10.525925925925923,0.068915381097261,0.0193957763970943,-0.0307840186172665,0.0862489905362879,0.0111346033364806,-0.0170799705553353,-7.390234448725021,-0.651212200918049,0.0167449085104873,-0.0450622992806211,-0.0033056385261322,-0.0766600024658292,,,-0.237139247383108,-1.159715253871605,0.0297199448138152,-0.0905692149222643,-10.79407758337828,0.0296859617567378,-0.1022315036999036,0.1231533333333333,0.06325,0.0327348060211989,-0.0739023444872502,-0.0,0.0,-1.014479459004323,2026-06-29 10:00,2026-06-29 10:00
TPC Deere Run,1,2026-07-05,2026-07-02,30,John Deere Classic,2026-06-30 00:51:14 UTC,no,pga,-18000,0,USA,17365,34.0,68.0,"mitchell, keith",39546,607,44.0,0.0,0.0,0.0,0.0,0.0,0.0,1992-01-07,11.5,34,2.5051290559676898,0.6835002651475535,0.7064453125000001,1.161148580946895,0.8478,pga,2026-06-15,1156,0.6835002651475535,0.0,0.0,0.0,0.0,4.0,65.0,2.9407407407407407,-10.525925925925923,-0.1596282946261367,0.0039899870477014,0.0223919668274549,-0.1992300257218917,0.0173997977831371,-0.0041800205625386,1.2294707158441016,0.4699817777301947,,0.1584404764482158,-0.0066347960563999,0.129771166003698,0.1690776395858119,0.0693361855402083,,0.9111317693848324,-0.039459579482819,-0.0149212927880306,-7.570586749551119,-0.1089517597092268,-0.0244598075960467,0.136837037037037,0.0736,-0.0838048546787217,0.0061473535792205,-0.0,-0.0,1.0439113053223683,2026-06-29 10:00,2026-06-29 10:00
TPC Deere Run,1,2026-07-05,2026-07-02,30,John Deere Classic,2026-06-30 00:51:14 UTC,no,pga,-18000,0,USA,21944,112.0,138.0,"moore, taylor",49947,163,81.0,0.0,0.0,0.0,0.0,0.0,0.0,1993-07-28,3.5,32,2.330900185425924,0.2581025820008982,0.2064453125000001,0.9130504924581354,0.6539999999999999,pga,2026-06-14,1024,0.2581025820008982,-0.2199999999999999,0.0,-0.0399999999999999,14.0,0.0,45.0,-1.0592592592592591,3.4740740740740748,-0.1028908159757258,-0.0114051384468001,-0.0293683668241213,-0.1134872843604103,0.0347353418384097,0.0166346318171963,4.168007399104324,0.12302607901831,0.0216608721722439,0.0686186047518564,-0.0037713423477578,0.0470318088706746,,,0.0317444650459754,0.3048619544087637,-0.0129648054939383,0.0304705526261937,3.0415990263048656,-0.1095002734457059,-0.0009542802347943,-0.0406466666666666,0.01925,-0.0488731375884697,0.0416800739910432,0.0,-0.0,0.2762722241446705,2026-06-29 10:00,2026-06-29 10:00
TPC Deere Run,1,2026-07-05,2026-07-02,30,John Deere Classic,2026-06-30 00:51:14 UTC,no,pga,-18000,0,USA,29770,137.0,129.0,"mouw, william",63121,105,107.0,0.0,0.0,0.0,0.0,0.0,0.0,2000-10-01,-0.5,25,2.8080640842064306,0.0581969279351005,-0.0435546874999999,0.3445930926207645,0.1002,pga,2026-06-15,625,0.0581969279351005,0.3299999999999999,-0.2,0.1599999999999999,7.0,3.0,46.0,1.9407407407407409,-3.525925925925925,-0.0372375316846997,0.0049788986862711,0.0086654304622885,-0.0139954570117852,-0.026010776377064,-0.0108756274444101,0.969839367346304,0.0729674440978316,0.0081750047085239,-0.0474631910090784,0.012746813041357,0.0326125495439915,,,0.0098021152691538,0.1390522106111349,-0.0082006390843158,0.0008522633240405,-12.059331154395768,0.0,0.0575598507196304,0.0412533333333333,-0.00275,-0.0176878275502323,0.009698393673463,-0.0,0.0,0.1695661100676989,2026-06-29 10:00,2026-06-29 10:00
TPC Deere Run,1,2026-07-05,2026-07-02,30,John Deere Classic,2026-06-30 00:51:14 UTC,no,pga,-18000,0,JPN,21074,157.0,139.0,"nakajima, keita",49228,184,144.0,0.0,0.0,0.0,0.0,0.0,0.0,2000-06-24,-6.5,26,2.729105249036296,-0.0503820437882323,1.4564453125,0.420382153485382,0.2025,pga,2026-06-14,676,-0.0503820437882323,0.59,0.32,0.09,14.0,0.0,29.0,-1.0592592592592591,3.4740740740740748,-0.044444622496047,0.0147061239900643,0.0128761456200237,0.0091350750387466,0.0001238526898765,-0.0812858198347584,0.0,-0.0493295528345339,0.010032546784515,0.1671507413178207,-0.0068477568817084,0.0110349381475895,,,-0.0357012822188448,0.1327732973540895,-0.0034508418011648,-0.0164663295527389,-19.301228131137552,-0.2092011383661689,0.0563508343931553,-0.0406466666666666,-0.03575,-0.0211111956856223,0.0,-0.0,-0.0,0.0352654350018004,2026-06-29 10:00,2026-06-29 10:00
TPC Deere Run,1,2026-07-05,2026-07-02,30,John Deere Classic,2026-06-30 00:51:14 UTC,no,pga,-18000,0,KOR,11117,223.0,336.0,"noh, s.y.",29289,71,172.0,0.0,0.0,0.0,0.0,0.0,0.0,1991-05-29,-6.5,35,3.0,-2.5,0.0,0.0,0.0,0,2026-06-14,1225,-2.5,0.0,0.0,0.0,10.525925925925923,0.0,0.0,0.0,0.0,0.0,0.0,0.0,0.0,0.0,0.0,0.0,,,,,,,,,,,,0.0,0.0,,-0.0,-0.03575,0.0,0.0,0.0,0.0,-0.411782767065715,2026-06-29 10:00,2026-06-29 10:00
TPC Deere Run,1,2026-07-05,2026-07-02,30,John Deere Classic,2026-06-30 00:51:14 UTC,no,pga,-18000,0,USA,23475,77.0,65.0,"novak, andrew",51997,482,76.0,0.0,0.0,0.0,0.0,0.0,0.0,1995-03-31,5.5,31,2.656957247342842,0.3064578555703126,0.4564453125000001,0.7788460782854927,0.6412,pga,2026-06-15,961,0.3064578555703126,-0.18,-0.03,0.13,0.0,3.0,62.0,1.9407407407407409,-10.525925925925923,0.102184427735496,0.0208307402212248,0.027322725054057,-0.002059135198765,0.0068590666303503,0.0492310310286287,14.224012715102432,0.1484427258860004,0.0184770562887233,0.1177002797288003,0.0092449041172766,0.0529253136310353,,,0.0651975556893262,0.434203432100622,-0.0061487282471642,0.013331186222334,-9.684917745449695,-0.031529451683467,0.0150331387842898,0.1231533333333333,0.03025,0.0485376031743606,0.1422401271510243,-0.0,-0.0,0.7783844957593402,2026-06-29 10:00,2026-06-29 10:00
TPC Deere Run,1,2026-07-05,2026-07-02,30,John Deere Classic,2026-06-30 00:51:14 UTC,no,pga,-18000,0,SWE,25475,320.0,261.0,"nyholm, pontus",55851,55,129.0,0.0,0.0,0.0,0.0,0.0,0.0,1998-02-10,-6.5,28,3.1105229944753123,-0.5392216340732684,-0.9185546875,0.18,0.18,pga,2026-06-12,784,-0.5392216340732684,-0.77,-0.11,-0.52,16.0,0.0,36.0,-1.0592592592592591,5.474074074074075,0.0248973147743313,-0.0007658026027389,-0.0086727425643765,-0.0679042582069449,0.0950397820071753,0.0072003361412163,0.0,-0.213596422959206,0.0042702534232329,-0.1919299362934918,0.0038038726848176,-0.0155200183364488,,,-0.0577335596586861,-0.4703496780021695,0.021284577379181,-0.0615453031614142,0.0,0.0,0.0406168589198459,-0.0640466666666666,-0.03575,0.0118262245178073,0.0,0.0,0.0,-0.5583201201510287,2026-06-29 10:00,2026-06-29 10:00
TPC Deere Run,1,2026-07-05,2026-07-02,30,John Deere Classic,2026-06-30 00:51:14 UTC,no,pga,-18000,0,DEN,13412,110.0,134.0,"olesen, thorbjorn",33968,65,159.0,0.0,0.0,0.0,0.0,0.0,0.0,1989-12-21,-0.5,36,2.9120219013692283,0.1474015785254317,-0.1685546874999999,0.862490598580591,0.666,pga,2026-06-12,1296,0.1474015785254317,-0.38,0.02,-0.16,16.0,0.0,39.0,-1.0592592592592591,5.474074074074075,0.012909529522437,0.0060354233193442,0.0034177259565962,-0.0133230673757904,0.0266155960321419,-0.0098361484098549,-7.435117594893444,0.0800921349994933,0.0204614079505279,-0.075196865219074,0.0053124821822933,0.0287017784037057,,,0.0593522575930418,0.0868465420328993,-0.007872738778437,0.0188808381198239,-13.155417597905087,0.1288318169596523,-0.0428847532184759,-0.0640466666666666,-0.00275,0.0061320265231575,-0.0743511759489344,-0.0,0.0,-0.0481692740595442,2026-06-29 10:00,2026-06-29 10:00
TPC Deere Run,1,2026-07-05,2026-07-02,30,John Deere Classic,2026-06-30 00:51:14 UTC,no,pga,-18000,0,GER,22087,453.0,304.0,"paul, jeremy",50582,12,178.0,0.0,0.0,0.0,0.0,0.0,0.0,1993-10-11,-2.5,32,3.1215262417249963,-1.2037672906194377,0.0814453125,0.0882539156168509,-0.2162,kft,2026-06-15,1024,-1.2037672906194377,-0.06,-0.23,0.13,0.0,2.0,47.0,0.9407407407407408,-10.525925925925923,-0.0095922593434017,0.0027393079185542,-0.0779273623603832,-0.0131059156973943,0.0772125311182897,0.0014891796775319,4.339797937368156,-0.5557921033442972,0.0020826735641914,-0.2504608048701168,0.0161079587225467,-0.0477596399268212,,,-0.2245493745603416,-1.1058867673303387,0.0412357724995745,-0.091983237857012,0.0,0.0,0.0052319884419373,0.1231533333333333,-0.0137499999999999,-0.0045563231881158,0.0433979793736815,0.0,0.0,-0.9576417778114396,2026-06-29 10:00,2026-06-29 10:00
TPC Deere Run,1,2026-07-05,2026-07-02,30,John Deere Classic,2026-06-30 00:51:14 UTC,no,pga,-18000,0,FRA,19960,173.0,269.0,"pavon, matthieu",48153,166,100.0,0.0,0.0,0.0,0.0,0.0,0.0,1992-11-02,-6.5,33,2.3,-0.2808205963982626,-0.2935546874999999,0.8495533184368377,0.5202,pga,2026-06-14,1089,-0.2808205963982626,0.4399999999999999,-0.42,0.27,14.0,0.0,47.0,-1.0592592592592591,3.4740740740740748,-0.093854719598067,-0.0162305528714486,-0.0313524107370244,0.0119363256286901,-0.0354449288879236,-0.0227631527303605,0.0,-0.1533370965950631,0.0201810965423214,0.1107446180193028,0.0051787329154229,0.0225484671689903,,,-0.056654427702449,-0.059018034463366,-0.0029667379813349,0.0037485697863634,3.775992428276272,-0.003703456842878,-0.0084612566169199,-0.0406466666666666,-0.03575,-0.0445809918090818,0.0,0.0,-0.0,-0.1799956929391145,2026-06-29 10:00,2026-06-29 10:00
TPC Deere Run,1,2026-07-05,2026-07-02,30,John Deere Classic,2026-06-30 00:51:14 UTC,no,pga,-18000,0,CAN,17780,94.0,93.0,"pendrith, taylor",40250,109,92.0,0.0,0.0,0.0,0.0,0.0,0.0,1991-05-30,-6.5,35,2.4915076321123952,0.4300398618416941,0.7064453125000001,1.228695948554071,1.0538,pga,2026-06-15,1225,0.4300398618416941,0.14,-0.03,0.29,0.0,2.0,62.0,0.9407407407407408,-10.525925925925923,-0.0848805108204376,0.0082762194262221,0.003685185095709,-0.1392956888610742,0.0515286626612234,-0.009074889142518,0.0,0.1992310955818862,0.0291491282245862,-0.0130219058090615,-0.0064272206470413,0.0500400943632021,,,0.0834528712823376,0.3262225165310118,-0.0040324510941042,0.0134289652029878,20.688486564547848,0.060225906617157,-0.025598060573781,0.1231533333333333,-0.03575,-0.0403182426397078,0.0,0.0,0.0,0.3733076072246373,2026-06-29 10:00,2026-06-29 10:00
TPC Deere Run,1,2026-07-05,2026-07-02,30,John Deere Classic,2026-06-30 00:51:14 UTC,no,pga,-18000,0,USA,16341,256.0,252.0,"peterson, paul",36824,114,145.0,0.0,0.0,0.0,0.0,0.0,0.0,1997-12-11,-4.5,28,2.480551799137669,-0.411154834211124,-1.1685546875,-0.1739661188189639,-0.4886,pga,2026-06-14,784,-0.411154834211124,-0.55,-0.2,0.02,14.0,0.0,41.0,-1.0592592592592591,3.4740740740740748,0.2164581973372653,-0.0098572199170054,0.001428090016908,0.2705648860446769,-0.0739151428317028,0.0282375840243887,1.8825248417370577,-0.1683481359385414,-0.0041270660359606,-0.1152998972657364,0.0017711153241478,-0.0800614161761302,,,-0.0614205938424963,-0.4978931967287088,0.0163194709368185,-0.0253074491097489,0.0,0.0,-0.0614192246210612,-0.0406466666666666,-0.0247499999999999,0.102817643735201,0.0188252484173705,0.0,0.0,-0.4416469712428039,2026-06-29 10:00,2026-06-29 10:00
TPC Deere Run,1,2026-07-05,2026-07-02,30,John Deere Classic,2026-06-30 00:51:14 UTC,no,pga,-18000,0,USA,27164,277.0,173.0,"phillips, chandler",57900,65,114.0,0.0,0.0,0.0,0.0,0.0,0.0,1996-12-02,-0.5,29,2.922086640185847,-0.5055247706151198,-0.5435546874999999,0.2828086668489721,0.0922,pga,2026-06-15,841,-0.5055247706151198,0.35,0.25,0.19,9.0,0.0,43.0,-1.0592592592592591,-1.5259259259259252,-0.0031387782528242,-0.0084104515290258,-0.0584999021969858,0.0497882882203416,-0.0102382067172489,0.0242214939700948,-0.3290981450207355,-0.2572300828838533,0.0067092482096201,-0.0595410494995833,-0.0001615633097096,-0.0218305808582736,,,-0.10881247225391,-0.4383593436478329,0.0103433523101736,-0.0389071177883905,-5.296606604431041,0.0,0.0310709224260937,0.0178533333333333,-0.00275,-0.0014909196700914,-0.0032909814502073,-0.0,0.0,-0.4280379114347984,2026-06-29 10:00,2026-06-29 10:00
TPC Deere Run,1,2026-07-05,2026-07-02,30,John Deere Classic,2026-06-30 00:51:14 UTC,no,pga,-18000,0,USA,21554,50.0,32.0,"poston, j.t.",49771,558,23.0,0.0,0.0,0.0,0.0,0.0,0.0,1993-06-01,19.5,33,3.1220512162804,1.1073921065116197,-0.1685546874999999,1.332320222533357,1.1106,pga,2026-06-15,1089,1.1073921065116197,0.0,0.0,0.0,0.0,3.0,57.0,1.9407407407407409,-10.525925925925923,0.038398572678124,-0.0062867030375576,0.0300634560830162,0.036626866048451,-0.0107872489331854,-0.0112177974826002,7.587327054583573,0.6579641474165553,,0.0042224696964558,-0.0240037945659609,0.0532759781398277,0.2214881180986113,0.0810837010517076,,0.9467843975008238,-0.0303372389945202,-0.0116153309644735,-10.250171261624208,0.0305966328736695,-0.0052936523773793,0.136837037037037,0.1248,0.0201592506560151,0.0379366352729178,-0.0,0.0,1.2665173204667937,2026-06-29 10:00,2026-06-29 10:00
TPC Deere Run,1,2026-07-05,2026-07-02,30,John Deere Classic,2026-06-30 00:51:14 UTC,no,pga,-18000,0,RSA,27900,116.0,74.0,"potgieter, aldrich",63343,484,58.0,0.0,0.0,0.0,0.0,0.0,0.0,2004-09-13,-3.5,21,3.2,0.2231092260930882,1.5814453125,0.2231092260930882,-0.2164,pga,2026-06-14,441,0.2231092260930882,0.36,0.53,-0.1699999999999999,14.0,0.0,46.0,-1.0592592592592591,3.4740740740740748,-0.1997253916078245,0.0078787016850351,0.0021252162854485,-0.2256456117612917,0.0944570375872337,-0.0785407354042503,-1.199911427697546,0.0832651984401792,0.0042638734593092,0.2244797174143384,-0.0122485788826716,0.0825911107948465,,,-0.0009892042932173,0.4573107535166086,-0.0001682241490893,-0.0002756932681188,-8.554738917302783,-0.034799954378466,0.0763925540010325,-0.0406466666666666,-0.01925,-0.0948695610137166,-0.0119991142769754,-0.0,-0.0,0.2905454115592498,2026-06-29 10:00,2026-06-29 10:00
TPC Deere Run,1,2026-07-05,2026-07-02,30,John Deere Classic,2026-06-30 00:51:14 UTC,no,pga,-18000,0,IRL,10104,141.0,198.0,"power, seamus",28252,150,113.0,0.0,0.0,0.0,0.0,0.0,0.0,1987-03-04,21.5,39,2.567035434872309,-0.0067167569061005,-0.9185546875,1.1087623974102496,0.9002,pga,2026-06-12,1521,-0.0067167569061005,-0.1,0.09,0.0,16.0,0.0,45.0,-1.0592592592592591,5.474074074074075,0.0415097733686436,-0.0031276463398622,-0.0198366763557449,0.0634030236306613,-0.0263948901412649,0.0274659625748545,19.26648159911055,-2.7846762578013367e-05,0.0263038690172356,0.0093498546273674,-0.00326585235181,-0.0085257545663223,,,0.0053956597811856,-0.0591379964125359,-0.011153058591659,0.0025322089289852,3.557290849828018,-0.0683114369160508,-0.0797470764949406,-0.0640466666666666,0.11825,0.0197171423501057,0.1926648159911055,0.0,-0.0,0.2074472952620086,2026-06-29 10:00,2026-06-29 10:00
TPC Deere Run,1,2026-07-05,2026-07-02,30,John Deere Classic,2026-06-30 00:51:14 UTC,no,pga,-18000,0,USA,14704,81.0,88.0,"putnam, andrew",34256,237,65.0,0.0,0.0,0.0,0.0,0.0,0.0,1989-01-25,5.5,37,2.533056060629,0.4041466454855089,-1.0435546875,0.9523349062859509,0.8013999999999999,pga,2026-06-15,1369,0.4041466454855089,-0.31,-0.02,0.0399999999999999,7.0,3.0,55.0,1.9407407407407409,-3.525925925925925,0.3687534245197796,-0.0182089034539505,0.0176468109697112,0.3216134887689056,-0.05723211913967,0.1049341473747833,-6.6756965395033925,0.2098960623245424,0.0225930709184671,-0.0455453784312288,-0.0075032613130565,-0.0978855077193557,,,0.0964923824202028,0.148266900996782,-0.022433608277526,0.0473096717150149,-1.974946216856116,-0.0025091176822808,-0.054656530640278,0.0412533333333333,0.03025,0.1751578766468953,-0.0667569653950339,-0.0,-0.0,0.3281711455819767,2026-06-29 10:00,2026-06-29 10:00
TPC Deere Run,1,2026-07-05,2026-07-02,30,John Deere Classic,2026-06-30 00:51:14 UTC,no,pga,-18000,0,USA,19840,172.0,172.0,"ramey, chad",47983,82,120.0,0.0,0.0,0.0,0.0,0.0,0.0,1992-08-03,3.5,33,2.481261280500288,-0.1690389669448788,0.2064453125000001,0.5209359098856003,0.361,pga,2026-06-12,1089,-0.1690389669448788,-0.28,-0.18,-0.12,16.0,0.0,49.0,-1.0592592592592591,5.474074074074075,-0.0697627387018872,-0.0227319423054437,-0.0227577562785625,0.0003809207017906,-0.0055082688762854,-0.019145691943386,-6.600978112379398,-0.0578385818098884,0.0123584908470776,-0.1547268982874055,-0.0049136529941029,-0.0043551769516818,,,0.0027877575536125,-0.2212662832326417,-0.004025410716311,0.0001105921012435,-5.62252165721445,0.0,-0.0106634029751855,-0.0640466666666666,0.01925,-0.0331373008833964,-0.0660097811237939,-0.0,0.0,-0.3652100319064988,2026-06-29 10:00,2026-06-29 10:00
TPC Deere Run,1,2026-07-05,2026-07-02,30,John Deere Classic,2026-06-30 00:51:14 UTC,no,pga,-18000,0,USA,19872,488.0,167.0,"riley, davis",47995,66,136.0,0.0,0.0,0.0,0.0,0.0,0.0,1996-12-17,-4.5,29,3.2,-1.2395314604475114,0.5814453125000001,0.8385916832123137,0.48,pga,2026-06-12,841,-1.2395314604475114,0.2199999999999999,0.3399999999999999,0.17,16.0,0.0,43.0,-1.0592592592592591,5.474074074074075,0.0495369436132248,-0.0015499097979923,-0.0402555958767699,-0.019743104989376,0.1006333227310403,0.0104522315463228,-9.62260029737218,-0.5751290527682631,0.0198944313200309,-0.2301533567884152,-0.0034395087236236,-0.1399946676022581,,,-0.2334522131992978,-1.1659497233317353,0.040859665864133,-0.0756059438601351,-1.533704112601581,-0.0559424920841524,0.0310709224260937,-0.0640466666666666,-0.0247499999999999,0.0235300482162817,-0.0962260029737218,-0.0,-0.0,-1.327442344755842,2026-06-29 10:00,2026-06-29 10:00
TPC Deere Run,1,2026-07-05,2026-07-02,30,John Deere Classic,2026-06-30 00:51:14 UTC,no,pga,-18000,0,USA,16283,153.0,85.0,"rodgers, patrick",36699,172,55.0,0.0,0.0,0.0,0.0,0.0,0.0,1992-06-30,17.5,34,2.641156459171237,0.0532588528182139,0.0814453125,0.7230798199621963,0.5886,pga,2026-06-15,1156,0.0532588528182139,-0.12,0.06,-0.39,7.0,2.0,71.0,0.9407407407407408,-3.525925925925925,-0.0244048542787675,-0.0213196175855316,-0.0212288169749474,-0.0390937041280744,0.0712222043554985,-0.0139849199457125,2.2083198580209302,0.0273991528606738,0.0171540782025792,-0.1476187455164938,-0.0079840814623121,-0.0372685550449261,,,0.0239207583632562,-0.1233276372087794,-1.835602734438262e-05,0.0139791256218491,-11.467019708009875,-0.0456436425790308,-0.0128910142060613,0.0412533333333333,0.0962499999999999,-0.0115923057824145,0.0220831985802093,-0.0,-0.0,0.0246665889223486,2026-06-29 10:00,2026-06-29 10:00
TPC Deere Run,1,2026-07-05,2026-07-02,30,John Deere Classic,2026-06-30 00:51:14 UTC,no,pga,-18000,0,USA,18424,209.0,135.0,"roy, kevin",39335,218,90.0,0.0,0.0,0.0,0.0,0.0,0.0,1993-05-20,1.5,33,3.103177206180656,-0.2563926521254125,-0.1685546874999999,0.5377960352629155,0.225,pga,2026-06-15,1089,-0.2563926521254125,-0.48,-0.03,-0.25,9.0,0.0,50.0,-1.0592592592592591,-1.5259259259259252,0.0208487108105134,-0.0122109292673634,-0.0304581353049409,-0.0119127676428601,0.0355032901221161,0.0399272529035619,13.722930269238976,-0.0951282192575675,0.0127584454573962,-0.2511790386607331,-0.0029330512827075,-0.0612527948353501,,,-0.0008992766301976,-0.4393678845501621,-0.0040237361428765,0.0036286178818491,-7.383927363015241,0.0,-0.0403388310799752,0.0178533333333333,0.00825,0.0099031376349938,0.1372293026923897,-0.0,0.0,-0.2661321108894452,2026-06-29 10:00,2026-06-29 10:00
TPC Deere Run,1,2026-07-05,2026-07-02,30,John Deere Classic,2026-06-30 00:51:14 UTC,no,pga,-18000,0,COL,16591,455.0,0.0,"rozo, marcelo",37076,42,195.0,0.0,0.0,0.0,0.0,0.0,0.0,1989-11-06,-6.5,36,2.3,-1.0217176584484204,-1.1685546875,-0.5376554327180956,-0.7275999999999999,pga,2026-06-15,1296,-1.0217176584484204,-0.02,-0.22,0.32,9.0,0.0,34.0,-1.0592592592592591,-1.5259259259259252,-0.0057513376796767,0.0396819506800291,0.0156940416516022,0.0733451134522165,-0.104722600731299,-0.0297498427322256,0.0,-0.4788852840510611,-0.0127543442263253,-0.1539039534264424,0.0337712061622907,0.0138928093654907,,,-0.2155566082583655,-0.8967715710727293,0.0440725342156074,-0.080656547791553,-1.752228302191496,0.0,-0.0467513830623707,0.0178533333333333,-0.03575,-0.0027318853978464,0.0,-0.0,0.0,-0.9174001231372424,2026-06-29 10:00,2026-06-29 10:00
TPC Deere Run,1,2026-07-05,2026-07-02,30,John Deere Classic,2026-06-30 00:51:14 UTC,no,pga,-18000,0,USA,30814,0.0,0.0,"sargent, gordon",64442,32,164.0,0.0,0.0,0.0,0.0,0.0,0.0,2003-06-01,1.5,23,2.915372038579868,-1.1487887890130462,1.0814453125,-0.66,-0.66,pga,2026-05-22,529,-1.1487887890130462,-0.6499999999999999,-0.11,-0.19,30.0,0.0,26.0,-1.0592592592592591,19.474074074074075,-0.2642116662819248,0.0068239903602639,-0.109721533478072,-0.1896804671965032,0.0412045928747443,-0.0128382488423577,0.0,-0.4829874125477221,-0.0156575958851876,-0.3601191916216812,0.0099250943072407,0.0599641979036825,,,-0.1828229389191727,-0.9842188113686297,0.0336758342060324,-0.0738820234257849,0.0,0.0,0.0276852246139628,-0.2278466666666666,0.00825,-0.1255005414839142,0.0,0.0,0.0,-1.3293160195192106,2026-06-29 10:00,2026-06-29 10:00
TPC Deere Run,1,2026-07-05,2026-07-02,30,John Deere Classic,2026-06-30 00:51:14 UTC,no,pga,-18000,0,USA,19477,475.0,171.0,"schenk, adam",47347,60,143.0,0.0,0.0,0.0,0.0,0.0,0.0,1992-01-26,12.5,34,3.2,-1.0587217199340335,-0.9185546875,0.8600480068756723,0.6346,pga,2026-06-12,1156,-1.0587217199340335,-0.1999999999999999,0.2299999999999999,0.09,16.0,0.0,46.0,-1.0592592592592591,5.474074074074075,-0.0235548918659654,0.0182288420976299,-0.0277355854719761,-0.011798280261788,0.0263504316049763,-0.0286002998348075,14.566055274099336,-0.4764642544004325,0.0204034608083641,-0.2563091984270121,0.0043060975539973,-0.0393264958023143,,,-0.1720316193568015,-0.9962210218868416,0.0349279475489132,-0.0943043285259133,-2.543113393285656,-0.1020855059087695,-0.0174226312856424,-0.0640466666666666,0.0687499999999999,-0.0111885736363335,0.1456605527409933,-0.0,-0.0,-0.8570457094488486,2026-06-29 10:00,2026-06-29 10:00
TPC Deere Run,1,2026-07-05,2026-07-02,30,John Deere Classic,2026-06-30 00:51:14 UTC,no,pga,-18000,0,USA,32055,259.0,193.0,"shipley, neal",63807,123,179.0,0.0,0.0,0.0,0.0,0.0,0.0,2001-06-06,-4.5,25,2.3043908065264835,-0.2411938613931585,0.0814453125,0.58,0.58,pga,2026-06-15,625,-0.2411938613931585,0.09,-0.0299999999999999,-0.0799999999999999,7.0,3.0,40.0,1.9407407407407409,-3.525925925925925,-0.2521301774869587,0.0167671359666483,-0.0161454596487776,-0.0877183292247956,-0.0707372614579027,-0.094296263122131,0.0,-0.1034927770750235,0.0137597054748618,-0.0473513369150641,0.0072889722525734,0.100394691300623,,,-0.0557551510722514,-0.0591997607532457,0.0193400212365915,-0.052709514528756,-3.3929574208082176,0.0,0.0593256285731995,0.0412533333333333,-0.0247499999999999,-0.1197618343063053,0.0,-0.0,0.0,-0.1624582617262177,2026-06-29 10:00,2026-06-29 10:00
TPC Deere Run,1,2026-07-05,2026-07-02,30,John Deere Classic,2026-06-30 00:51:14 UTC,no,pga,-18000,0,CAN,17381,288.0,276.0,"silverman, ben",39327,88,146.0,0.0,0.0,0.0,0.0,0.0,0.0,1987-11-15,5.5,38,2.3529829956990294,-0.3933936013039617,0.4564453125000001,0.4122310555671526,0.1698,pga,2026-06-15,1444,-0.3933936013039617,0.2799999999999999,0.24,-0.28,9.0,0.0,42.0,-1.0592592592592591,-1.5259259259259252,0.0148486861803634,-0.0082910284789005,-0.021769593789238,0.0647076893740357,-0.0096315344946935,-0.0101668464308401,-3.4787528539826664,-0.1963083549090417,0.0097796170899921,-0.0530678883209923,-0.0110442912930434,-0.049901644860421,,,-0.10503551040708,-0.5122056870013011,0.0203457493978416,-0.0572288211015223,-0.7604095189489937,0.0,-0.0697445425970337,0.0178533333333333,0.03025,0.0070531259356726,-0.0347875285398266,-0.0,0.0,-0.4918367562721218,2026-06-29 10:00,2026-06-29 10:00
TPC Deere Run,1,2026-07-05,2026-07-02,30,John Deere Classic,2026-06-30 00:51:14 UTC,no,pga,-18000,0,USA,11049,200.0,476.0,"simpson, webb",29221,80,166.0,0.0,0.0,0.0,0.0,0.0,0.0,1985-08-08,-4.5,40,2.7,-0.0925864222869415,-1.4185546875,2.0810379378221424,1.8924,pga,2026-05-29,1600,-0.0925864222869415,-0.0399999999999999,-0.15,0.13,30.0,0.0,20.0,-1.0592592592592591,19.474074074074075,0.0883451240112903,0.000722879780439,-0.0053539159342494,0.0118628936636307,0.0374579959384883,0.0436552705629816,-4.482640366588148,-0.0403531085228354,0.0493728952755772,-0.0542741366894929,-0.0051179111778093,-0.0497086791791569,,,-0.0123058907290198,-0.2413032070447943,-0.0038416521462993,-0.0212933286169699,13.790187528883616,0.0125865929515589,-0.1037813952587877,-0.2278466666666666,-0.0247499999999999,0.0419639339053628,-0.0448264036658814,0.0,0.0,-0.4967623434719795,2026-06-29 10:00,2026-06-29 10:00
TPC Deere Run,1,2026-07-05,2026-07-02,30,John Deere Classic,2026-06-30 00:51:14 UTC,no,pga,-18000,0,ENG,10873,225.0,271.0,"skinns, david",27139,68,139.0,0.0,0.0,0.0,0.0,0.0,0.0,1982-02-01,-0.5,44,2.5758352539442786,-0.4069441405160433,0.8314453125000001,-0.0875556911250561,-0.307,pga,2026-06-14,1936,-0.4069441405160433,-0.0999999999999999,0.1399999999999999,-0.0499999999999999,14.0,0.0,36.0,-1.0592592592592591,3.4740740740740748,0.0297019258541299,0.0149816955950561,0.0120105913874131,0.0037539128497766,0.0167911900250045,-0.0178354640031206,-9.09056000680425,-0.1919507661855082,-0.0020771388319461,0.036164958700145,-0.0116317117847459,-0.0129475923897136,,,-0.069783866503334,-0.4295542752500705,0.0155143373185993,-0.030804178317755,0.0,0.0,-0.162038317255812,-0.0406466666666666,-0.00275,0.0141084147807117,-0.0909056000680424,0.0,0.0,-0.549748127204068,2026-06-29 10:00,2026-06-29 10:00
TPC Deere Run,1,2026-07-05,2026-07-02,30,John Deere Classic,2026-06-30 00:51:14 UTC,no,pga,-18000,0,USA,22985,150.0,101.0,"smotherman, austin",50095,243,68.0,0.0,0.0,0.0,0.0,0.0,0.0,1994-05-19,3.5,32,3.059495039008857,0.127095959204455,-0.1685546874999999,0.4981774177373707,0.1258,pga,2026-06-12,1024,0.127095959204455,-0.3,0.1,-0.0899999999999999,16.0,0.0,47.0,-1.0592592592592591,5.474074074074075,-0.0488462741895388,0.0186953998258466,0.0381808687073674,0.0402910027971517,-0.0573908762159295,-0.0886226693039752,-0.0953132257806759,0.0743627281350757,0.0118178268899378,-0.0380433727728496,0.0003988291881903,0.0270472213828156,,,0.0084532003238574,0.1113364330084051,-0.0052301106819221,0.0252869622876719,-2.89206595193681,0.0,0.0072431482556278,-0.0640466666666666,0.01925,-0.0232019802400309,-0.0009531322578067,-0.0,0.0,0.0423846538439007,2026-06-29 10:00,2026-06-29 10:00
TPC Deere Run,1,2026-07-05,2026-07-02,30,John Deere Classic,2026-06-30 00:51:14 UTC,no,pga,-18000,0,USA,14636,56.0,53.0,"spieth, jordan",34046,578,52.0,0.0,0.0,0.0,0.0,0.0,0.0,1993-07-27,-2.5,32,2.5815914909202933,0.8873689503806707,-0.6685546874999999,1.6186046827160592,1.3466,pga,2026-06-15,1024,0.8873689503806707,0.0,0.0,0.0,0.0,3.0,65.0,1.9407407407407409,-10.525925925925923,-0.0339396415201071,-0.0134263284472113,0.0078511964968363,-0.0976661992890953,0.0410461958396771,0.028255493879686,1.6158677790517686,0.4086177293976655,,-0.0449138988250299,0.0138253325130931,0.0615202220832569,0.2685538446169548,0.1029922673356234,,0.7634039848837406,-0.0306899641747532,-0.0112078956856905,42.15407924369086,0.2631970120833994,-0.0052936523773793,0.136837037037037,-0.016,-0.0178183117980562,0.0080793388952588,0.0,0.0,0.8745020490179802,2026-06-29 10:00,2026-06-29 10:00
TPC Deere Run,1,2026-07-05,2026-07-02,30,John Deere Classic,2026-06-30 00:51:14 UTC,no,pga,-18000,0,USA,21995,267.0,287.0,"springer, hayden",50484,74,127.0,0.0,0.0,0.0,0.0,0.0,0.0,1997-01-09,1.5,29,2.577400941790701,-0.3704226911965359,-0.0435546874999999,0.1874070551588431,-0.049,pga,2026-06-12,841,-0.3704226911965359,-0.1599999999999999,-0.13,-0.19,16.0,0.0,41.0,-1.0592592592592591,5.474074074074075,-0.1401385798334697,-0.017196147509457,-0.036702145060627,-0.0850972351567344,0.040275320625105,-0.0414183727317562,14.088123986213128,-0.1531162633081514,0.0044463901355512,-0.1930518233403057,0.0176437776097565,0.0220562022702131,,,-0.0491904316718089,-0.3424004887793529,0.0080271176579588,-0.0311168894663116,0.0,0.0,0.0319014313337451,-0.0640466666666666,0.00825,-0.0665658254208981,0.1408812398621312,0.0,0.0,-0.3238817410047865,2026-06-29 10:00,2026-06-29 10:00
TPC Deere Run,1,2026-07-05,2026-07-02,30,John Deere Classic,2026-06-30 00:51:14 UTC,no,pga,-18000,0,USA,23048,322.0,337.0,"stanger, jimmy",51600,129,121.0,0.0,0.0,0.0,0.0,0.0,0.0,1995-03-23,-5.5,31,2.5671591494326016,-0.5698465916137476,1.2064453125,0.05031508968481,-0.0725,pga,2026-06-15,961,-0.5698465916137476,0.47,0.09,-0.0499999999999999,9.0,0.0,40.0,-1.0592592592592591,-1.5259259259259252,-0.1812355053591612,0.0010884338148394,-0.0891708969192607,-0.1078551324874671,0.0287266841815114,-0.0140245939487842,-6.706383089521547,-0.2698468955510901,0.0011936565774809,0.0327622761973523,-0.0108692442190878,0.046806187458735,,,-0.1084527616018309,-0.3008731082095155,0.0290798513794759,-0.0365793172348407,-1.6554943241166624,0.0,0.0150331387842898,0.0178533333333333,-0.03025,-0.0860868650456015,-0.0670638308952154,-0.0,0.0,-0.4664204708169992,2026-06-29 10:00,2026-06-29 10:00
TPC Deere Run,1,2026-07-05,2026-07-02,30,John Deere Classic,2026-06-30 00:51:14 UTC,no,pga,-18000,1,USA,32089,177.0,0.0,"stout, preston",66416,116,0.0,0.0,0.0,0.0,0.0,0.0,0.0,1995-01-01,-6.5,31,2.947853022116266,-1.2464,0.0,0.0,0.0,0,2026-06-15,961,-1.2464,0.0,0.0,0.0,10.525925925925923,0.0,0.0,0.0,0.0,-0.1873837815105581,-0.0,0.0,-0.0,-0.1873837815105581,0.0,0.0,,,,,,,,,,,,0.0,0.0,,-0.0,-0.03575,-0.089007296217515,0.0,0.0,0.0,-0.0004570144197191,2026-06-29 10:00,2026-06-29 10:00
TPC Deere Run,1,2026-07-05,2026-07-02,30,John Deere Classic,2026-06-30 00:51:14 UTC,no,pga,-18000,0,USA,14852,0.0,0.0,"streb, robert",34431,6,207.0,0.0,0.0,0.0,0.0,0.0,0.0,1987-04-07,8.5,39,2.7,-1.7157590066652142,-0.6685546874999999,0.0870836824785228,-0.0856,pga,2026-05-22,1521,-1.7157590066652142,0.4599999999999997,0.0,0.0,30.0,0.0,9.0,-1.0592592592592591,19.474074074074075,0.0393952130765348,0.0207567880918672,-0.0274813149048995,0.0283029032466688,0.0351717748490693,-0.0173549382061711,-4.088851410636335,-0.808809323338169,0.0020659405924475,-0.2302055344021244,0.0060078332532741,-0.0777778540068025,,,-0.3239194421971767,-1.5504230954606577,0.0605524148429734,-0.1000380857785838,1.807602453429605,0.0,-0.0782990444264963,-0.2278466666666666,0.04675,0.018712726211354,-0.0408885141063633,0.0,0.0,-2.11567587706383,2026-06-29 10:00,2026-06-29 10:00
TPC Deere Run,1,2026-07-05,2026-07-02,30,John Deere Classic,2026-06-30 00:51:14 UTC,no,pga,-18000,0,USA,8480,324.0,437.0,"streelman, kevin",27214,70,154.0,0.0,0.0,0.0,0.0,0.0,0.0,1978-11-04,15.5,47,2.5122142143178574,-0.6171090035881515,-0.0435546874999999,1.0962134568879176,0.8127272727272727,pga,2026-05-31,2209,-0.6171090035881515,-0.07,-0.1,0.09,28.0,0.0,30.0,-1.0592592592592591,17.474074074074075,-0.0170003352728514,-0.0064805494330605,-0.011753956218164,0.0989634856311258,-0.0395653279172261,-0.0581639873355265,-6.519080048088573,-0.2948898225384763,0.0260394760334148,-0.0360942979593409,0.0021015323324355,-0.0203537861619418,,,-0.1003592719300525,-0.6540212494391084,0.0214387428741771,-0.0277946530406387,15.93969268391806,-0.0157014308856694,-0.2241091690486856,-0.2044466666666667,0.0852499999999999,-0.0080751592546044,-0.0651908004808857,0.0,-0.0,-0.8464838758412653,2026-06-29 10:00,2026-06-29 10:00
TPC Deere Run,1,2026-07-05,2026-07-02,30,John Deere Classic,2026-06-30 00:51:14 UTC,no,pga,-18000,0,USA,29279,125.0,126.0,"suber, jackson",60019,606,85.0,0.0,0.0,0.0,0.0,0.0,0.0,1999-10-18,-4.5,26,3.2,0.1786579108184067,0.4564453125000001,0.1786579108184067,-0.2212,pga,2026-06-15,676,0.1786579108184067,-0.0399999999999999,-0.08,0.28,0.0,4.0,48.0,2.9407407407407407,-10.525925925925923,-0.062266918974598,0.0089822387373623,0.0274802379084167,-0.0548863332116077,-0.0130846527259081,-0.0307584096828612,0.8546653431124467,0.0697067253807953,0.0035695664197577,0.1429118223271097,-0.0021225742604965,0.0636320751794401,,,0.0136690047790035,0.339362432679935,-0.0052338533983919,0.0013109248740288,-2.684010341883392,0.0,0.0519187413786882,0.1231533333333333,-0.0247499999999999,-0.029576786512934,0.0085466534311244,-0.0,0.0,0.4167356329314587,2026-06-29 10:00,2026-06-29 10:00
TPC Deere Run,1,2026-07-05,2026-07-02,30,John Deere Classic,2026-06-30 00:51:14 UTC,no,pga,-18000,0,CAN,13997,227.0,438.0,"svensson, adam",40115,118,165.0,0.0,0.0,0.0,0.0,0.0,0.0,1993-12-31,13.5,32,2.3793319721370603,-0.4544421496421195,-0.0435546874999999,0.692673427848337,0.566,pga,2026-06-14,1024,-0.4544421496421195,-0.1099999999999999,0.33,-0.0299999999999999,14.0,0.0,38.0,-1.0592592592592591,3.4740740740740748,0.18477075826332,0.0412251271943095,0.0194152827038348,0.1167129175709493,-0.0435894771638716,0.0510069079580979,12.361089187001266,-0.1998253614822273,0.0164327282025104,-0.0804161736302949,0.0098698735668121,-0.0547371219390348,,,-0.0792262711204088,-0.4026583044331871,0.0095096206629136,-0.0274609624490941,-9.433037712210798,0.0,0.0031953637556367,-0.0406466666666666,0.07425,0.087766110175077,0.1236108918700126,-0.0,0.0,-0.1576779690547641,2026-06-29 10:00,2026-06-29 10:00
TPC Deere Run,1,2026-07-05,2026-07-02,30,John Deere Classic,2026-06-30 00:51:14 UTC,no,pga,-18000,0,USA,27364,97.0,148.0,"thompson, davis",58168,419,93.0,0.0,0.0,0.0,0.0,0.0,0.0,1999-06-05,5.5,27,2.4083633152961754,0.2950224619895986,-0.1685546874999999,1.199266141697349,0.873,pga,2026-06-15,729,0.2950224619895986,-0.0399999999999999,0.01,-0.3399999999999999,9.0,0.0,48.0,-1.0592592592592591,-1.5259259259259252,-0.0106289427051794,0.0212921363717444,0.0150631399534665,-0.0485720350939598,-0.0087021300978698,0.0102899461614393,19.27148939476348,0.1365246568242169,0.0284509463719473,-0.0730314819522896,0.0057521859203953,0.0108435017980651,,,0.0633090747659112,0.2197570147691195,-0.0114205510909957,0.0094049024602398,-16.069631916945532,-0.0638397116900901,0.049923779671629,0.0178533333333333,0.03025,-0.0050487477849602,0.1927148939476348,-0.0,-0.0,0.4555264942651275,2026-06-29 10:00,2026-06-29 10:00
TPC Deere Run,1,2026-07-05,2026-07-02,30,John Deere Classic,2026-06-30 00:51:14 UTC,no,pga,-18000,0,USA,26649,78.0,82.0,"thorbjornsen, michael",57364,639,73.0,0.0,0.0,0.0,0.0,0.0,0.0,2001-09-16,5.5,24,3.2,0.4776969364488611,0.0814453125,0.8257063865802567,0.6286,pga,2026-06-14,576,0.4776969364488611,0.35,-0.1599999999999999,-0.38,14.0,0.0,52.0,-1.0592592592592591,3.4740740740740748,-0.0528703946793952,0.0106131492465584,-0.0015910720252725,-0.1037784892942236,0.0063319703081097,0.0355540470854328,16.251912451733165,0.2201658650659742,0.0195887529103847,0.0274903521087008,0.009469109488685,0.0485086035670063,,,0.0862406288359501,0.48340690115237,-0.0160812385982044,0.0248018685110167,-3.733310618250077,0.0,0.0632229592628564,-0.0406466666666666,0.03025,-0.0251134374727127,0.1625191245173316,-0.0,0.0,0.6104159215303223,2026-06-29 10:00,2026-06-29 10:00
TPC Deere Run,1,2026-07-05,2026-07-02,30,John Deere Classic,2026-06-30 00:51:14 UTC,no,pga,-18000,0,USA,12425,0.0,0.0,"todd, brendon",30927,49,209.0,0.0,0.0,0.0,0.0,0.0,0.0,1985-07-22,13.5,40,2.7,-1.817712269785712,0.4981119791666666,0.955851310115523,0.7707999999999999,pga,2026-05-10,1600,-1.817712269785712,0.1300000000000001,0.2899999999999999,0.1799999999999999,30.0,0.0,19.0,-1.0592592592592591,19.474074074074075,0.1528079910598004,-0.029521445642328,-0.1316782241434294,0.2448727900123539,0.0344741188960941,0.0346607519371099,28.169687512854527,-0.8493040030355739,0.0226762629381797,-0.2264350837805311,-0.0140927171065911,-0.1524046049269878,,,-0.3653760948492863,-1.768522782309816,0.0639342159898763,-0.1437393622801138,-0.5125086282337037,0.0312258701259323,-0.1037813952587877,-0.2278466666666666,0.07425,0.0725837957534051,0.2816968751285453,-0.0,0.0,-1.5678387780945322,2026-06-29 10:00,2026-06-29 10:00
TPC Deere Run,1,2026-07-05,2026-07-02,30,John Deere Classic,2026-06-30 00:51:14 UTC,no,pga,-18000,0,ARG,17032,454.0,379.0,"tosti, alejandro",38991,72,183.0,0.0,0.0,0.0,0.0,0.0,0.0,1996-05-30,-2.5,30,2.7222505617984765,-1.0309132829344754,1.4564453125,0.6906195565309858,0.3833999999999999,pga,2026-06-15,900,-1.0309132829344754,0.36,-0.01,0.3400000000000001,9.0,0.0,34.0,-1.0592592592592591,-1.5259259259259252,-0.1113950775618937,0.0402091077370441,-0.0591159781118472,-0.1024531604349453,0.0275429464370454,-0.0175779931891907,-4.326325127344385,-0.5039092323478458,0.0159561522295093,-0.0900573990063201,0.0202653116126646,0.1029927560441695,,,-0.2171753061927212,-0.717399981210534,0.0521963233014213,-0.1236227652503944,0.2218790007130842,0.0,0.0259541783989825,0.0178533333333333,-0.0137499999999999,-0.0529126618418995,-0.0432632512734438,0.0,0.0,-0.8094725609925442,2026-06-29 10:00,2026-06-29 10:00
TPC Deere Run,1,2026-07-05,2026-07-02,30,John Deere Classic,2026-06-30 00:51:14 UTC,no,pga,-18000,0,RSA,17550,205.0,183.0,"van rooyen, erik",40006,183,137.0,0.0,0.0,0.0,0.0,0.0,0.0,1990-02-21,-4.5,36,2.3,-0.3718161554723932,1.0814453125,0.9983466614083296,0.8068000000000001,pga,2026-06-14,1296,-0.3718161554723932,0.0499999999999999,0.37,-0.17,14.0,0.0,42.0,-1.0592592592592591,3.4740740740740748,-0.0659383551671219,0.004772669375982,-0.0289158316277927,-0.0240326888644629,0.0113482589325637,-0.029110762983412,-1.3190132555345242,-0.1826140833489529,0.0238784081748101,0.0808059619860849,-0.0169600358783955,-0.0330569553553876,,,-0.0749996709584801,-0.2723419200261719,0.0181284414311471,-0.0471851549970227,-15.610305442821076,0.0421003604609194,-0.0403388310799752,-0.0406466666666666,-0.0247499999999999,-0.0313207187043829,-0.0131901325553452,-0.0,0.0,-0.3822494379525667,2026-06-29 10:00,2026-06-29 10:00
TPC Deere Run,1,2026-07-05,2026-07-02,30,John Deere Classic,2026-06-30 00:51:14 UTC,no,pga,-18000,0,USA,25319,355.0,291.0,"vanderlaan, john",55573,13,169.0,0.0,0.0,0.0,0.0,0.0,0.0,1996-06-28,-6.5,30,3.0171233935985664,-0.7137317580389009,-1.0435546875,0.2266666666666666,0.2214814814814815,pga,2026-06-12,900,-0.7137317580389009,-0.57,-0.21,0.0499999999999999,16.0,0.0,40.0,-1.0592592592592591,5.474074074074075,-0.0367065452204034,0.0003325158755153,-0.0346138194785567,-0.0096249013954501,0.020038790143485,-0.0128391303653969,0.0,-0.2902367515634405,0.0061681438335587,-0.3202109191161056,0.0052554029291624,-0.0261584097600234,,,-0.0847118585646142,-0.7167714382983563,0.0081954542398087,-0.0418953849122513,0.0,0.0,0.0268228846155488,-0.0640466666666666,-0.03575,-0.0174356089796916,0.0,0.0,0.0,-0.8340037139447146,2026-06-29 10:00,2026-06-29 10:00
TPC Deere Run,1,2026-07-05,2026-07-02,30,John Deere Classic,2026-06-30 00:51:14 UTC,no,pga,-18000,0,VEN,13508,222.0,156.0,"vegas, jhonattan",27064,76,125.0,0.0,0.0,0.0,0.0,0.0,0.0,1984-08-19,5.5,41,2.874402849220659,-0.467740831156526,-0.6685546874999999,0.8996296296296297,0.94,pga,2026-06-15,1681,-0.467740831156526,-0.36,0.1699999999999999,0.0899999999999999,0.0,2.0,52.0,0.9407407407407408,-10.525925925925923,-0.016969294498253,0.0109309086675026,-0.0075376412566568,-0.0036502621020521,0.0447968384778044,-0.0615091382848511,10.974988727310016,-0.2081450761090231,0.0208989118490056,-0.0590237020253747,0.0123675746137751,0.0389983192031295,,,-0.0599817512341801,-0.4043741700398808,0.0218860969070165,-0.0501241704396505,-5.43685643721371,0.0593505359337425,-0.1212503728045792,0.1231533333333333,0.03025,-0.0080604148866701,0.1097498872731001,-0.0,0.0,-0.1492813643201175,2026-06-29 10:00,2026-06-29 10:00
TPC Deere Run,1,2026-07-05,2026-07-02,30,John Deere Classic,2026-06-30 00:51:14 UTC,no,pga,-18000,0,NOR,15651,194.0,311.0,"ventura, kristoffer",35658,98,126.0,0.0,0.0,0.0,0.0,0.0,0.0,1995-02-24,-0.5,31,2.3,-0.3722926822489406,-0.1685546874999999,0.6250491183699132,0.3496969696969697,pga,2026-06-12,961,-0.3722926822489406,-0.26,-0.3,-0.0999999999999999,16.0,0.0,26.0,-1.0592592592592591,5.474074074074075,-0.1467387524057334,-0.0175859981241088,-0.0386084847144405,-0.0610818830143084,0.0051458499553346,-0.0346082365082102,-3.984638944755293,-0.1615682765152857,0.0148284340967104,-0.134144920218597,-0.0037639655798743,0.0401537743127594,,,-0.0245502520043945,-0.2681897081036266,0.0016378744719581,-0.0158155154511926,0.0,0.0,0.0150331387842898,-0.0640466666666666,-0.00275,-0.0697009073927233,-0.0398463894475529,0.0,0.0,-0.4445336716105695,2026-06-29 10:00,2026-06-29 10:00
TPC Deere Run,1,2026-07-05,2026-07-02,30,John Deere Classic,2026-06-30 00:51:14 UTC,no,pga,-18000,0,AUS,24304,232.0,196.0,"vilips, karl",54304,71,122.0,0.0,0.0,0.0,0.0,0.0,0.0,2001-08-16,-4.5,24,2.9389772502322384,-0.4744125669249975,-0.1685546874999999,0.1230555555555555,0.120625,pga,2026-06-12,576,-0.4744125669249975,-1.09,0.0299999999999999,-0.43,16.0,0.0,39.0,-1.0592592592592591,5.474074074074075,-0.0394666127251557,-0.0111035479465271,-0.001005881463371,-0.0494478379219342,0.0576421362929108,-0.0355514816862342,-2.7252565962962008,-0.1812778517901727,0.0030840719167793,-0.1684795390669788,-0.0053197380195557,-0.0486043217417685,,,-0.0498199253129472,-0.3908001095914497,0.0090688355275817,-0.012674600367244,-7.363797554573384,0.0,0.0632229592628564,-0.0640466666666666,-0.0247499999999999,-0.0187466410444489,-0.027252565962962,-0.0,0.0,-0.5255959832655274,2026-06-29 10:00,2026-06-29 10:00
TPC Deere Run,1,2026-07-05,2026-07-02,30,John Deere Classic,2026-06-30 00:51:14 UTC,no,pga,-18000,0,COL,9171,419.0,495.0,"villegas, camilo",27770,162,186.0,0.0,0.0,0.0,0.0,0.0,0.0,1982-01-07,9.5,44,2.74227228531136,-0.9178133366142746,-0.2935546874999999,-0.0160691669877972,-0.3264,pga,2026-06-12,1936,-0.9178133366142746,0.1,-0.05,0.03,16.0,0.0,38.0,-1.0592592592592591,5.474074074074075,0.1925868937660516,0.0023826524268942,-0.0105257618521674,0.125681205788686,0.0737255740691261,0.0013232233335125,0.490215822648508,-0.4194395107441777,-0.0003812515054066,-0.1462198058037878,0.007056839207119,-0.1045303241847947,,,-0.1826430835931332,-1.044463236988636,0.0270215913451218,-0.0615102990413902,0.9563631895839566,0.0,-0.1638173926681864,-0.0640466666666666,0.05225,0.0914787745388745,0.004902158226485,0.0,0.0,-0.959878970889943,2026-06-29 10:00,2026-06-29 10:00
TPC Deere Run,1,2026-07-05,2026-07-02,30,John Deere Classic,2026-06-30 00:51:14 UTC,no,pga,-18000,0,USA,35545,0.0,0.0,"voois, ryan",68994,56,0.0,0.0,0.0,0.0,0.0,0.0,0.0,1995-01-01,-6.5,31,3.0,-2.5,0.0,0.0,0.0,0,2026-06-12,961,-2.5,0.0,0.0,0.0,10.525925925925923,0.0,0.0,0.0,0.0,0.0,0.0,0.0,0.0,0.0,0.0,0.0,,,,,,,,,,,,0.0,0.0,,-0.0,-0.03575,0.0,0.0,0.0,0.0,-1.20470758074605,2026-06-29 10:00,2026-06-29 10:00
TPC Deere Run,1,2026-07-05,2026-07-02,30,John Deere Classic,2026-06-30 00:51:14 UTC,no,pga,-18000,0,USA,25003,373.0,254.0,"walker, danny",54607,86,148.0,0.0,0.0,0.0,0.0,0.0,0.0,1995-10-04,-6.5,30,2.989792881242323,-0.7381574957156194,1.3314453125,0.107348273928075,-0.259,pga,2026-06-12,900,-0.7381574957156194,-0.03,-0.3399999999999999,0.33,16.0,0.0,46.0,-1.0592592592592591,5.474074074074075,0.0389651114794096,5.0374941821568e-05,-0.006390892786454,-0.0581044464806933,0.0820749138096473,0.0213351619950881,0.0,-0.3316082870516154,0.0025464354807679,-0.1815400371245473,0.0254109095379226,-0.0444474181520941,,,-0.1002693442670328,-0.6308441871673676,0.0235470586091396,-0.0450917547182894,0.0,0.0,0.0206082505183811,-0.0640466666666666,-0.03575,0.0185084279527195,0.0,0.0,0.0,-0.7121324258813146,2026-06-29 10:00,2026-06-29 10:00
TPC Deere Run,1,2026-07-05,2026-07-02,30,John Deere Classic,2026-06-30 00:51:14 UTC,no,pga,-18000,0,ENG,20706,62.0,70.0,"wallace, matt",48887,209,86.0,0.0,0.0,0.0,0.0,0.0,0.0,1990-04-12,-4.5,36,2.4102451068981674,0.4574959536258582,0.5814453125000001,0.9622940039440294,0.93,euro,2026-06-15,1296,0.4574959536258582,-0.1699999999999999,0.1999999999999999,-0.05,0.0,2.0,54.0,0.9407407407407408,-10.525925925925923,0.0937946230527012,-0.0056855240874433,0.0208594463161956,0.0101836641756719,0.0186703547806197,0.0497666818676571,-1.738373534947296,0.2178199666311487,0.0228039745038631,0.2000931222678076,-0.0056839810501286,0.0078625643554696,,,0.0888485310635232,0.5079972574349738,-0.0174673459623278,0.0327958449635716,31.15815750922822,0.0405487739012143,-0.0390754193379537,0.1231533333333333,-0.0247499999999999,0.044552445950033,-0.0173837353494729,0.0,0.0,0.6335693013688672,2026-06-29 10:00,2026-06-29 10:00
TPC Deere Run,1,2026-07-05,2026-07-02,30,John Deere Classic,2026-06-30 00:51:14 UTC,no,pga,-18000,0,USA,25908,176.0,166.0,"whaley, vince",51894,70,162.0,0.0,0.0,0.0,0.0,0.0,0.0,1995-03-14,7.5,31,2.496569063295642,-0.2402231339610079,-0.1685546874999999,0.4964458635825537,0.3301999999999999,pga,2026-06-14,961,-0.2402231339610079,-0.29,-0.1999999999999999,0.06,14.0,0.0,42.0,-1.0592592592592591,3.4740740740740748,-0.0149167381215478,-0.035220884782633,-0.0384685772621894,0.0037803491426922,0.0618530820149531,-0.0068607072343708,-4.9459650256105165,-0.0955590255058869,0.0117774969226933,-0.1414745762969262,-0.012481733120037,-0.0430184825431435,,,-0.0133992217899442,-0.3070453057980463,0.0019884272373826,-0.029911329486474,0.0,0.0,0.0150331387842898,-0.0406466666666666,0.0412499999999999,-0.0070854506077352,-0.0494596502561051,0.0,0.0,-0.3629870733285533,2026-06-29 10:00,2026-06-29 10:00
TPC Deere Run,1,2026-07-05,2026-07-02,30,John Deere Classic,2026-06-30 00:51:14 UTC,no,pga,-18000,0,USA,22051,0.0,0.0,"wise, aaron",49964,24,0.0,0.0,0.0,0.0,0.0,0.0,0.0,1996-06-21,1.5,30,2.7,-1.115717964402111,-0.8352213541666669,1.240101370754796,1.1369999999999998,pga,2026-05-22,900,-1.115717964402111,0.05,0.06,-0.07,30.0,0.0,13.0,-1.0592592592592591,19.474074074074075,0.0884767802165211,0.0043584528633081,-0.0542560138347591,-0.0002224633882839,0.094580531333109,0.0440162732431469,-12.874322822399376,-0.5135627978333835,0.0308407191677937,-0.2758191181530788,0.0160238447572454,-0.1215924686701907,,,-0.1994895324655017,-1.1075855280917384,0.0501041726472887,-0.1217755721558741,0.9223692760937212,-0.0013293539166994,0.0276852246139628,-0.2278466666666666,0.00825,0.0420264706028475,-0.1287432282239937,0.0,-0.0,-1.413898952379551,2026-06-29 10:00,2026-06-29 10:00
TPC Deere Run,1,2026-07-05,2026-07-02,30,John Deere Classic,2026-06-30 00:51:14 UTC,no,pga,-18000,0,USA,25002,287.0,377.0,"wu, dylan",54783,28,155.0,0.0,0.0,0.0,0.0,0.0,0.0,1996-07-20,5.5,29,2.51093999139458,-0.5675146008782617,-0.4185546874999999,0.2057607887524076,0.0462,pga,2026-06-15,841,-0.5675146008782617,0.37,0.05,0.0999999999999999,7.0,3.0,41.0,1.9407407407407409,-3.525925925925925,0.088781934515011,0.0238710500482967,0.0051425111380829,0.0538185171936025,0.021807096697241,-0.015857240562212,5.014910544766615,-0.2731354064230177,0.0048813928474282,-0.1460122413929088,0.0105915875131796,-0.0972359915334691,,,-0.0988305016587166,-0.5992940193039076,0.0135323782874206,-0.0407704615577866,-0.0157023017668248,0.0,0.0276852246139628,0.0412533333333333,0.03025,0.0421714188946302,0.0501491054476661,-0.0,0.0,-0.4354701616282778,2026-06-29 10:00,2026-06-29 10:00
TPC Deere Run,1,2026-07-05,2026-07-02,30,John Deere Classic,2026-06-30 00:51:14 UTC,no,pga,-18000,0,CAN,29925,79.0,99.0,"yellamaraju, sudarshan",60386,522,48.0,0.0,0.0,0.0,0.0,0.0,0.0,2001-08-01,-6.5,24,2.463664009874705,0.3662242744601065,1.7064453125,0.5266699127977909,0.2536,pga,2026-06-15,576,0.3662242744601065,0.36,0.0,-0.1099999999999999,9.0,0.0,62.0,-1.0592592592592591,-1.5259259259259252,-0.0615102777387175,-0.0082860819747278,0.0148970979348542,-0.0547349513908137,-0.0134592347515321,7.289244350190086e-05,0.0,0.1532530414293051,0.0124945391467107,0.1264491884261978,0.0034540203981484,0.0683496137927219,,,0.0619601598206148,0.5108861913551774,-0.0289938983317003,0.0512342302829588,-7.363654087872475,0.0,0.06268529639022,0.0178533333333333,-0.03575,-0.0292173819258908,0.0,-0.0,0.0,0.4637721427626199,2026-06-29 10:00,2026-06-29 10:00
TPC Deere Run,1,2026-07-05,2026-07-02,30,John Deere Classic,2026-06-30 00:51:14 UTC,no,pga,-18000,0,USA,23656,182.0,175.0,"young, carson",52513,458,185.0,0.0,0.0,0.0,0.0,0.0,0.0,1994-11-12,3.5,31,2.963886211724777,-0.0471710555201414,0.0,0.1477710502204862,-0.0332,kft,2026-06-15,961,-0.0471710555201414,0.15,0.0,0.0,0.0,2.0,54.0,0.9407407407407408,-10.525925925925923,-0.0442854311299915,0.0076130288917497,-0.0061254581965263,0.0748009260205922,-0.0637233579628377,-0.0568505698829694,16.135548056615185,-0.0290035546432198,0.0035056657392153,0.0717192763763666,0.0038870556762902,-0.0063877230912759,,,-0.033003452328252,0.0219753592642819,0.0004941764454931,-0.0023599233713749,-6.680414830473543,0.0,0.0131238384610394,0.1231533333333333,0.01925,-0.0210355797867459,0.1613554805661518,-0.0,0.0,0.3046985933770211,2026-06-29 10:00,2026-06-29 10:00
TPC Deere Run,1,2026-07-05,2026-07-02,30,John Deere Classic,2026-06-30 00:51:14 UTC,no,pga,-18000,0,TPE,17881,131.0,130.0,"yu, kevin",45242,230,128.0,0.0,0.0,0.0,0.0,0.0,0.0,1998-08-11,5.5,27,2.577013698952412,0.2635914538282253,1.3314453125,0.7647843276726658,0.6118,pga,2026-06-14,729,0.2635914538282253,0.3,0.22,0.12,14.0,0.0,40.0,-1.0592592592592591,3.4740740740740748,-0.0760208835881841,0.0101420423145162,0.000865892710722,-0.0880696839822184,-0.0100206459654637,0.0110615113342597,15.120378447180585,0.1089970533824816,0.0181434610055131,0.1060650426759018,0.0031487915106431,0.0614168831349426,,,0.0383991121094376,0.3668156416928627,0.0013398796842626,-0.0150183499977479,-5.135636601219454,-0.0859206828919099,0.0443237681874279,-0.0406466666666666,0.03025,-0.0361099197043874,0.1512037844718058,-0.0,-0.0,0.4715128397936144,2026-06-29 10:00,2026-06-29 10:00
