course_name,current_round,date_end,date_start,event_id,event_name,last_updated,multi_course,tour_x,tz_offset,am,country,dg_id,dg_rank,owgr_rank,player_name,player_num,pre_tourn_pageviews,tour_rank,r1_course,r2_course,r3_teetime,r3_course,r4_teetime,r4_course,Birthday,c_exp,player_age,std_dev,skill_est,ema_8_great_shots,max_skill,sma_50_max_skill,tour_y,Date,age_squared,adj_skill_est,delta_adj_skill_est,delta_sg_putt,delta_sg_ott,dsle,consecutive_weeks_played,sample,relative_consecutive_weeks,relative_dsle,course_adjustment,putt_adj,app_adj,dd_adj,acc_adj,arg_adj,course_history_raw,comp_adj_skill_est,comp_max_skill,comp_ema_sg_adj,comp_putt,comp_ott,comp_max_skill_50,comp_6m_sg,comp_sma20_sg,pred_step2,comp_sma50_sg,comp_sma6m_sg,majors_history_raw,links_adj,comp_age,comp_relative_dsle,comp_c_exp,comp_c_adj,comp_c_hist,comp_major,comp_links,pred,r1_teetime,r2_teetime
The Renaissance Club,1,2026-07-12,2026-07-09,541,Genesis Scottish Open,2026-07-07 15:01:18 UTC,no,pga,3600,0,SWE,23950,11.0,19.0,"aberg, ludvig",52955,1038,8.0,0.0,0.0,0.0,0.0,0.0,0.0,1999-10-31,3.5,26,2.938352772929387,1.4594679919363238,-0.286082474226804,1.94196489416066,1.7412,pga,2026-06-28,676,1.4594679919363238,-0.0699999999999998,-0.0799999999999999,-0.18,8.0,0.0,57.0,-1.2810457516339868,2.11764705882353,-0.3021730066707283,0.0021559603072445,-0.0374488699468238,-0.094631972653298,-0.0412697679302042,-0.1309783564476467,7.508025971588223,0.8064378941180923,,0.0674608557452682,-0.0049583953380115,0.0938370106145225,0.3364429302664299,0.1860230298173511,,1.4360022501791248,-0.0913681872170454,-0.014858861255203,14.295579375478187,0.0215558072751601,0.0569859734277203,-0.0275294117647058,0.0224,-0.1586408285021323,0.0375401298579411,0.0,0.0215558072751601,1.3313279470453878,2026-07-09 13:54,2026-07-10 08:39
The Renaissance Club,1,2026-07-12,2026-07-09,541,Genesis Scottish Open,2026-07-07 15:01:18 UTC,no,pga,3600,0,ENG,17813,164.0,158.0,"armitage, marcus",45194,153,0.0,0.0,0.0,0.0,0.0,0.0,0.0,1987-07-15,1.5,39,2.8945358969006514,-0.1474383681575704,0.0,0.1452944158949619,-0.1032,euro,2026-06-29,1521,-0.1474383681575704,-0.28,0.0,0.0,1.0,3.0,53.0,1.7189542483660132,-4.88235294117647,0.0063964098074442,-0.00011959268,-0.02399737275,-0.0,-0.1072591513425557,0.13777252658,2.5450817671211263,-0.0874070765650344,0.003411554843005,-0.0992386828595343,0.0370101923198995,-0.2050265563708698,,,-0.0262026683049277,-0.4553763783328988,0.0067231668438627,-0.0081371390371562,1.0203425679312224,0.0233559506741074,-0.0765091692021435,0.0571235294117647,0.00825,0.0030382946585359,0.0254508176712112,0.0,0.0233559506741074,-0.3381577859172794,2026-07-09 07:11,2026-07-10 12:26
The Renaissance Club,1,2026-07-12,2026-07-09,541,Genesis Scottish Open,2026-07-07 15:01:18 UTC,no,pga,3600,0,ESP,30445,72.0,108.0,"ayora fanegas, angel",64052,474,0.0,0.0,0.0,0.0,0.0,0.0,0.0,1995-01-01,-6.5,31,3.0,-2.5,0.0,0.6177078890859004,0.4464,euro,2026-06-29,961,-2.5,0.4999999999999999,0.0,0.0,3.0,2.0,57.0,0.7189542483660132,-2.88235294117647,0.0,0.0,0.0,0.0,0.0,0.0,0.0,0.2265677156704518,0.0144914908707871,-0.0009476676922098,0.0405952462826204,0.1676433809259146,,,0.0669230312112342,0.6040571953260956,-0.0118049470117066,0.0247493712522946,-1.8173619730651869,0.0,0.0758395738167092,0.0337235294117647,-0.03575,0.0,0.0,-0.0,0.0,0.6020307247378603,2026-07-09 08:39,2026-07-10 13:54
The Renaissance Club,1,2026-07-12,2026-07-09,541,Genesis Scottish Open,2026-07-07 15:01:18 UTC,no,pga,3600,0,USA,19846,112.0,167.0,"bauchou, zach",48001,148,85.0,0.0,0.0,0.0,0.0,0.0,0.0,1996-01-01,-6.5,30,3.0,-2.5,-0.411082474226804,0.3143791794158672,0.1413793103448276,pga,2026-06-29,900,-2.5,-0.1299999999999999,-0.0399999999999999,-0.08,1.0,2.0,55.0,0.7189542483660132,-4.88235294117647,0.0,0.0,0.0,0.0,0.0,0.0,0.0,0.1118786427619689,0.0073738860920234,-0.0316779682269824,0.0093083101030701,0.0241589625590341,,,0.0287698216185861,0.1763702467083638,-0.0116860218664929,0.0172005344654817,-2.6828266118784376,0.0,0.0210440792016745,0.0571235294117647,-0.03575,0.0,0.0,-0.0,0.0,0.1977437761201285,2026-07-09 14:27,2026-07-10 09:12
The Renaissance Club,1,2026-07-12,2026-07-09,541,Genesis Scottish Open,2026-07-07 15:01:18 UTC,no,pga,3600,0,ENG,29971,200.0,150.0,"bradbury, dan",63459,222,0.0,0.0,0.0,0.0,0.0,0.0,0.0,1999-07-26,1.5,26,3.114560874903276,-0.3650889148015014,0.0,0.1696607636272911,-0.1998,euro,2026-06-29,676,-0.3650889148015014,-0.37,0.0,0.0,3.0,2.0,47.0,0.7189542483660132,-2.88235294117647,0.0221161883425919,0.0,-0.0,-0.0,0.0221161883425919,-0.0,-15.260188777225167,-0.1430127258366369,0.0039791510425044,-0.1661822401820375,0.0370101923198995,-0.2050265563708698,,,-0.0493070481278538,-0.4822423971956743,-0.001168526256658,-0.0077613167685401,-11.488346621505851,-0.2568056729728327,0.0492266729845179,0.0337235294117647,0.00825,0.0105051894627311,-0.1526018877722516,-0.0,-0.2568056729728327,-0.8391712390662629,2026-07-09 12:37,2026-07-10 07:22
The Renaissance Club,1,2026-07-12,2026-07-09,541,Genesis Scottish Open,2026-07-07 15:01:18 UTC,no,pga,3600,0,USA,29197,95.0,61.0,"brennan, michael",61522,475,102.0,0.0,0.0,0.0,0.0,0.0,0.0,2002-06-01,-6.5,24,2.518365438499657,0.2000456771352516,0.213917525773196,0.4625787639125214,0.2251999999999999,pga,2026-06-29,576,0.2000456771352516,-0.0199999999999999,0.0,0.1100000000000001,1.0,2.0,58.0,0.7189542483660132,-4.88235294117647,0.1180591892098088,-0.0015303154945602,0.0013170515578226,-0.1355124676190746,0.0218763396607495,0.2319085811048715,0.0,0.112756076675918,0.01084949075978,0.0739211275177002,0.0068330684407153,0.1258042949891657,,,0.0369138941998474,0.4294826244063576,-0.0095447711019235,0.0074531691740345,1.8767325690255607,0.0,0.0644962737511198,0.0571235294117647,-0.03575,0.0560781148746591,0.0,0.0,0.0,0.5069342686927815,2026-07-09 12:26,2026-07-10 07:11
The Renaissance Club,1,2026-07-12,2026-07-09,541,Genesis Scottish Open,2026-07-07 15:01:18 UTC,no,pga,3600,0,ENG,20766,201.0,128.0,"brown, dan",57259,158,142.0,0.0,0.0,0.0,0.0,0.0,0.0,1995-01-01,-6.5,31,2.3,0.1061708899555065,0.0,0.3449542540889806,0.053,euro,2026-06-29,961,0.1061708899555065,-0.3399999999999999,0.0,0.0,3.0,1.0,41.0,-0.2810457516339868,-2.88235294117647,0.1240770250854091,-0.0005741840531558,-0.014251863216366,0.0067826770124696,0.0109400655985275,0.1211803297439339,0.0,0.0605414261764312,0.0080724172019738,-0.0412332794214688,0.0370101923198995,-0.2050265563708698,,,0.007081802244575,-0.1155919679550709,-0.0131670657180135,0.020327061646431,-0.495558939874571,0.2282681713023527,0.0108020339659706,0.0337235294117647,-0.03575,0.0589365869155693,0.0,-0.0,0.2282681713023527,0.1695863196746158,2026-07-09 13:10,2026-07-10 07:55
The Renaissance Club,1,2026-07-12,2026-07-09,541,Genesis Scottish Open,2026-07-07 15:01:18 UTC,no,pga,3600,0,USA,18628,348.0,134.0,"campbell, brian",46443,93,150.0,0.0,0.0,0.0,0.0,0.0,0.0,1993-05-23,-4.5,33,3.192042550844384,-0.8350633833266343,-1.036082474226804,0.4940037011820972,0.162,pga,2026-06-29,1089,-0.8350633833266343,0.4000000000000001,-0.0099999999999999,-0.0599999999999999,3.0,2.0,55.0,0.7189542483660132,-2.88235294117647,0.1838172329975964,0.0015782269932213,0.0205895701734769,0.1779584247745727,-0.0603432331247757,0.0440342441811011,-4.607106680548343,-0.3994477950546178,0.0116038172116249,-0.1434274962429096,0.002452048608501,-0.1044473620338668,,,-0.1494260273605336,-0.8183955990144697,0.0254154288874558,-0.0556601325285162,3.682341844541125,-0.0542625473378202,-0.0054580805016077,0.0337235294117647,-0.0247499999999999,0.0873131856738582,-0.0460710668054834,0.0,-0.0542625473378202,-0.8224424980721504,2026-07-09 07:33,2026-07-10 12:48
The Renaissance Club,1,2026-07-12,2026-07-09,541,Genesis Scottish Open,2026-07-07 15:01:18 UTC,no,pga,3600,0,ENG,14795,215.0,149.0,"canter, laurie",34362,168,0.0,0.0,0.0,0.0,0.0,0.0,0.0,1989-11-03,-0.5,36,2.7576596662942987,-0.2497108582228979,-1.161082474226804,0.6332017596049129,0.34,pga,2026-06-21,1296,-0.2497108582228979,0.07,0.0999999999999999,0.0,15.0,0.0,49.0,-1.2810457516339868,9.117647058823527,0.055737964982669,-0.0018800926675295,-0.001175765081249,-0.0245984758726096,-0.0430871573740851,0.1264794559781424,2.948542320089486,-0.1219930999044162,0.014804387963448,0.059008660068501,0.0197755326949841,0.0440670411826456,,,-0.0510774986889975,-0.1009220152520677,0.0145871280695549,-0.0359993345382374,3.394413064889803,0.1597263654974159,-0.0440948320995502,-0.1066764705882352,-0.00275,0.0264755333667677,0.0294854232008948,0.0,0.1597263654974159,0.0053388362247755,2026-07-09 07:44,2026-07-10 12:59
The Renaissance Club,1,2026-07-12,2026-07-09,541,Genesis Scottish Open,2026-07-07 15:01:18 UTC,no,pga,3600,0,USA,15466,13.0,36.0,"cantlay, patrick",35450,592,41.0,0.0,0.0,0.0,0.0,0.0,0.0,1992-03-17,-0.5,34,2.627526746130789,1.5397054115613091,0.213917525773196,2.3172273302816206,2.098846153846154,pga,2026-06-28,1156,1.5397054115613091,-0.27,-0.0999999999999999,-0.0399999999999999,8.0,0.0,51.0,-1.2810457516339868,2.11764705882353,-0.3357079825282709,0.0007162668264664,-0.0430565629588958,-0.0224588783850821,-0.0301802286955888,-0.2407285793151705,0.2526345265629144,0.8512935026239131,,0.1170384528908692,-0.0018830712760179,0.0722165644414289,0.4018688297542619,0.171213196346731,,1.507905838294796,-0.0688176146217891,-0.0137600758720541,-22.83653185164617,-0.0999582269930774,-0.0212639459925473,-0.0275294117647058,-0.0032,-0.1762466908273422,0.0012631726328145,-0.0,-0.0999582269930774,1.2022346813424851,2026-07-09 07:55,2026-07-10 13:10
The Renaissance Club,1,2026-07-12,2026-07-09,541,Genesis Scottish Open,2026-07-07 15:01:18 UTC,no,pga,3600,0,USA,27819,105.0,99.0,"castillo, ricky",59440,244,66.0,0.0,0.0,0.0,0.0,0.0,0.0,2001-02-01,-6.5,25,2.3325885061586824,0.1639302950637938,-0.286082474226804,0.6846504480920265,0.341,pga,2026-06-14,625,0.1639302950637938,0.19,-0.24,0.21,22.0,0.0,55.0,-1.2810457516339868,16.11764705882353,-0.108174247624638,0.0010020161663447,0.0075465402764178,-0.0274475052824621,-0.0196045959828093,-0.069670702802129,0.0,0.0749324053390938,0.0160587211491965,0.0138604993930792,0.0085698333989804,0.0036836437961299,,,0.0341696958300746,0.2267841198062067,-0.0108674843046926,0.0266835770686402,-2.8134183494672342,0.0,0.0596932281357043,-0.1885764705882353,-0.03575,-0.051382767621703,0.0,-0.0,0.0,-0.0489251184037316,2026-07-09 12:15,2026-07-10 07:00
The Renaissance Club,1,2026-07-12,2026-07-09,541,Genesis Scottish Open,2026-07-07 15:01:18 UTC,no,pga,3600,0,USA,14502,34.0,38.0,"cauley, bud",34021,344,29.0,0.0,0.0,0.0,0.0,0.0,0.0,1990-03-16,-2.5,36,2.5217063919901235,0.972801329043952,-0.0360824742268039,1.0092339138232906,0.6328,pga,2026-06-28,1296,0.972801329043952,-0.2899999999999999,0.44,-0.02,8.0,0.0,66.0,-1.2810457516339868,2.11764705882353,-0.1623282774323589,-0.000215161261726,-0.0240649288632188,0.0072336689393775,-0.0016877774476226,-0.143594078799169,-0.2485996939167467,0.5393263461032102,,0.1318141908050062,-0.0087712107720077,0.0725282265567741,0.1198766333202923,0.0626662196724654,,0.8155639415633023,-0.0464906245035443,-0.0065717138110192,-3.472701366424988,-0.0029280096152927,-0.0488141258078748,-0.0275294117647058,-0.016,-0.0852223456519884,-0.0012429984695837,-0.0,-0.0029280096152927,0.6826411760617315,2026-07-09 07:22,2026-07-10 12:37
The Renaissance Club,1,2026-07-12,2026-07-09,541,Genesis Scottish Open,2026-07-07 15:01:18 UTC,no,pga,3600,0,ESP,26745,47.0,59.0,"chacarra, eugenio",57492,981,0.0,0.0,0.0,0.0,0.0,0.0,0.0,2000-03-22,-6.5,26,3.0,-2.5,0.0,0.0,0.0,0,2026-06-28,676,-2.5,0.0,0.0,0.0,5.882352941176471,0.0,0.0,0.0,8.881784197001252e-16,0.0,0.0,0.0,0.0,0.0,0.0,0.0,,,,,,,,,,,,0.0,0.0,,-1.0391687510491469e-17,-0.03575,0.0,0.0,0.0,0.0,0.857559646957919,2026-07-09 08:39,2026-07-10 13:54
The Renaissance Club,1,2026-07-12,2026-07-09,541,Genesis Scottish Open,2026-07-07 15:01:18 UTC,no,pga,3600,0,KOR,26580,0.0,392.0,"choi, seungbin",57342,64,0.0,0.0,0.0,0.0,0.0,0.0,0.0,1995-01-01,-6.5,31,2.5489343797403303,-0.7221666666666667,0.0,0.0,0.0,0,2026-06-28,961,-0.7221666666666667,0.0,0.0,0.0,5.882352941176471,0.0,0.0,0.0,8.881784197001252e-16,0.0834334264138137,0.0,-0.0,-0.0,0.0834334264138137,-0.0,0.0,,,,,,,,,,,,0.0,0.0,,-1.0391687510491469e-17,-0.03575,0.0396308775465615,0.0,0.0,0.0,-0.949527902751401,2026-07-09 09:12,2026-07-10 14:27
The Renaissance Club,1,2026-07-12,2026-07-09,541,Genesis Scottish Open,2026-07-07 15:01:18 UTC,no,pga,3600,0,USA,23604,7.0,8.0,"clark, wyndham",51766,1477,4.0,0.0,0.0,0.0,0.0,0.0,0.0,1993-12-09,9.5,32,3.057608288442707,1.549397646579159,1.463917525773196,1.5676166184535467,1.1928,pga,2026-06-28,1024,1.549397646579159,0.1999999999999999,0.27,-0.01,8.0,0.0,59.0,-1.2810457516339868,2.11764705882353,-0.248099478436454,0.002794387476421,-0.0297183969806646,-0.0479733060730325,0.0466506702109238,-0.2198528330701018,18.38242958892217,0.832557907086413,,0.2573942832999971,-0.0499052782213044,0.0397858951817884,0.2304784787628059,0.0993640254930945,,1.3312257300303147,-0.0670824489504113,-0.0124195268497555,2.068225367020516,0.0368848944721356,0.0010523942276869,-0.0275294117647058,0.0608,-0.1302522261791383,0.0919121479446108,0.0,0.0368848944721356,1.363041134503217,2026-07-09 08:39,2026-07-10 13:54
The Renaissance Club,1,2026-07-12,2026-07-09,541,Genesis Scottish Open,2026-07-07 15:01:18 UTC,no,pga,3600,0,USA,21756,43.0,67.0,"cole, eric",47591,291,42.0,0.0,0.0,0.0,0.0,0.0,0.0,1988-06-12,1.5,38,3.132088475842943,0.8067676664957796,0.588917525773196,1.239088852308764,0.9788,pga,2026-06-29,1444,0.8067676664957796,-0.3099999999999999,0.02,-0.09,1.0,3.0,59.0,1.7189542483660132,-4.88235294117647,-0.1541836470638443,0.003886678892242,-0.0193561964049188,0.025311050763612,0.0626643487501765,-0.2266895290649561,-0.5216170578724301,0.3957465049695358,,0.0773290386581647,-0.0252075448505898,-0.0175154108824032,0.1891283828077082,0.0548343747514994,,0.5558589824149552,-0.0361312986648918,-0.0062369551188383,9.512122238439112,-0.006143610786032,-0.0760881092552298,0.0634705882352941,0.0096,-0.0809464147085182,-0.0026080852893621,0.0,-0.006143610786032,0.5392314598663369,2026-07-09 13:32,2026-07-10 08:17
The Renaissance Club,1,2026-07-12,2026-07-09,541,Genesis Scottish Open,2026-07-07 15:01:18 UTC,no,pga,3600,0,CAN,17576,55.0,52.0,"conners, corey",39997,543,62.0,0.0,0.0,0.0,0.0,0.0,0.0,1992-01-06,9.5,34,2.665702491389253,0.5479763604389022,0.713917525773196,1.5690083735194826,1.4029999999999998,pga,2026-06-28,1156,0.5479763604389022,0.98,-0.12,0.21,8.0,0.0,61.0,-1.2810457516339868,2.11764705882353,-0.0601253965731861,-0.0006909861771334,-0.030417830262412,0.0344757036417467,-0.0549596238714532,-0.0085326599039341,1.8550469186820784,0.2189331357736948,0.0368016526105935,0.2118542316242957,0.0108686598112771,-0.0010456354374914,,,0.0923289967636472,0.5577212275481869,-0.0176519531983057,0.0243451013831175,11.539060430030675,0.0091139571284675,-0.018712961782642,-0.0275294117647058,0.0608,-0.0315658332009227,0.0092752345934103,0.0,0.0091139571284675,0.5778151743044362,2026-07-09 13:10,2026-07-10 07:55
The Renaissance Club,1,2026-07-12,2026-07-09,541,Genesis Scottish Open,2026-07-07 15:01:18 UTC,no,pga,3600,0,USA,28309,64.0,58.0,"coody, pierceson",59836,368,52.0,0.0,0.0,0.0,0.0,0.0,0.0,2000-01-07,-6.5,26,2.6785654677278,0.5405502242376625,0.713917525773196,0.940801363076882,0.5914,pga,2026-06-29,676,0.5405502242376625,0.17,0.16,-0.1499999999999999,1.0,2.0,66.0,0.7189542483660132,-4.88235294117647,0.1540868206094162,0.0024384194486048,0.0004701690095134,-0.0830535640596811,0.024163883848833,0.210067912362146,0.0,0.2918700565578831,,0.0599690129363324,-0.0226369461210782,0.0610679653439357,0.1142731156441343,0.0669682907342464,,0.6031239042278171,-0.0200044203676891,-0.0068630070531787,2.4262203581628854,0.0,0.0584798365532313,0.0634705882352941,-0.0416,0.0808955808199435,0.0,0.0,0.0,0.7058900732830549,2026-07-09 09:12,2026-07-10 14:27
The Renaissance Club,1,2026-07-12,2026-07-09,541,Genesis Scottish Open,2026-07-07 15:01:18 UTC,no,pga,3600,0,FRA,27811,205.0,164.0,"couvra, martin",60073,141,0.0,0.0,0.0,0.0,0.0,0.0,0.0,1995-01-01,-2.5,31,2.555359013186701,-0.3905647836237785,0.0,0.6537599190674754,0.0229999999999999,euro,2026-06-29,961,-0.3905647836237785,-0.47,0.0,0.0,3.0,2.0,53.0,0.7189542483660132,-2.88235294117647,-0.0438266389768494,0.0,-0.0,-0.0,-0.0438266389768494,-0.0,-3.8683048481748674,-0.1563510130935802,0.0153341727414001,-0.1682525800402372,0.0370101923198995,-0.2050265563708698,,,-0.0302747045955583,-0.4393666973511061,0.0039121853000686,-0.0045067401819876,-7.069192198324001,-0.045560932163226,0.0687883465697591,0.0337235294117647,-0.0137499999999999,-0.0208176535140034,-0.0386830484817486,-0.0,-0.045560932163226,-0.5244548020983195,2026-07-09 07:00,2026-07-10 12:15
The Renaissance Club,1,2026-07-12,2026-07-09,541,Genesis Scottish Open,2026-07-07 15:01:18 UTC,no,pga,3600,0,POR,27149,330.0,240.0,"da costa rodrigues, daniel",65956,86,0.0,0.0,0.0,0.0,0.0,0.0,0.0,1995-01-01,-6.5,31,2.845215343301532,-0.6724204219898826,0.0,-0.1016666666666666,-0.1070588235294117,euro,2026-06-29,961,-0.6724204219898826,0.9000000000000001,0.0,0.0,3.0,2.0,47.0,0.7189542483660132,-2.88235294117647,0.0,0.0,-0.0,-0.0,-0.0,-0.0,0.0,-0.3260111257168597,-0.0023846280312392,-0.1240416166878314,0.0370101923198995,-0.2050265563708698,,,-0.0976403484470785,-0.7488268964901736,0.0167865448873129,-0.0361537269959001,0.0,0.0,-0.0113656314476073,0.0337235294117647,-0.03575,0.0,0.0,0.0,0.0,-0.7508533670784089,2026-07-09 14:27,2026-07-10 09:12
The Renaissance Club,1,2026-07-12,2026-07-09,541,Genesis Scottish Open,2026-07-07 15:01:18 UTC,no,pga,3600,0,AUS,17786,0.0,336.0,"davis, cameron",45157,131,202.0,0.0,0.0,0.0,0.0,0.0,0.0,1995-02-21,-0.5,31,3.2,-1.508807105161996,-0.161082474226804,1.124458990221918,0.7678,pga,2026-06-12,961,-1.508807105161996,0.05,-0.11,0.05,24.0,0.0,30.0,-1.2810457516339868,18.11764705882353,0.2291149941696951,-0.0011673304012388,0.0333777199493674,0.0190484806407972,0.04337380753049,0.1344823164502792,1.3121860810636234,-0.7014901444396636,0.0263741606435888,-0.2940923659618958,0.0064056007194204,-0.1079738188034457,,,-0.2607873676564763,-1.404473275684584,0.0456972097789822,-0.1332212803026377,0.2052874966615889,-0.0369231791084761,0.0146147303375436,-0.2119764705882353,-0.00275,0.1088296222306051,0.0131218608106362,0.0,-0.0369231791084761,-1.534171442340054,2026-07-09 12:15,2026-07-10 07:00
The Renaissance Club,1,2026-07-12,2026-07-09,541,Genesis Scottish Open,2026-07-07 15:01:18 UTC,no,pga,3600,0,ESP,22259,223.0,237.0,"del rey, alejandro",50762,300,0.0,0.0,0.0,0.0,0.0,0.0,0.0,1998-02-18,1.5,28,3.0788636788905555,-0.7095926751390813,0.0,-0.317664529780521,-0.4632,euro,2026-06-29,784,-0.7095926751390813,-0.35,0.0,0.0,1.0,3.0,49.0,1.7189542483660132,-4.88235294117647,-0.0920825619296076,0.00131551948,0.04984069725,-0.04244826816,-0.1431820571396076,0.04239154664,12.800932863705704,-0.2862937758452107,-0.0072605132470037,-0.0458441341430584,0.0370101923198995,-0.2050265563708698,,,-0.0840078791262715,-0.565519365373684,0.0132342143809613,-0.0265691678889195,0.0,0.1213874477133129,0.039238254546789,0.0571235294117647,0.00825,-0.0437392169165636,0.128009328637057,0.0,0.1213874477133129,-0.2944882765281129,2026-07-09 12:15,2026-07-10 07:00
The Renaissance Club,1,2026-07-12,2026-07-09,541,Genesis Scottish Open,2026-07-07 15:01:18 UTC,no,pga,3600,0,RSA,19421,141.0,121.0,"du plessis, hennie",47497,425,0.0,0.0,0.0,0.0,0.0,0.0,0.0,1996-10-14,-6.5,29,2.672544387106991,-0.5242279167063257,-2.411082474226804,0.7244829884422761,0.0472,euro,2026-06-29,841,-0.5242279167063257,-0.28,0.0,0.0,1.0,2.0,45.0,0.7189542483660132,-4.88235294117647,0.0072275238422726,0.0,-0.0,-0.0,0.0072275238422726,-0.0,0.0,-0.129815474719924,0.0167115850503706,0.1236635679088944,0.1057085113040969,-0.0013668437091391,,,-0.0396580925696203,0.1076187965008804,-0.0020447873727618,0.005564143766414,-6.080723332010484,0.0,0.0288561868425497,0.0571235294117647,-0.03575,0.0034330738250794,0.0,-0.0,0.0,0.1324253997377245,2026-07-09 12:37,2026-07-10 07:22
The Renaissance Club,1,2026-07-12,2026-07-09,541,Genesis Scottish Open,2026-07-07 15:01:18 UTC,no,pga,3600,0,COL,22833,101.0,53.0,"echavarria, nicolas",51349,209,40.0,0.0,0.0,0.0,0.0,0.0,0.0,1994-08-04,-0.5,31,3.2,0.2667567777022276,-1.536082474226804,0.6427304347099492,0.3772,pga,2026-06-28,961,0.2667567777022276,-0.0399999999999999,-0.06,-0.0799999999999999,8.0,0.0,60.0,-1.2810457516339868,2.11764705882353,0.1526186643709439,0.0017078755687812,-0.0028014868252913,0.0637410010921134,-0.0220420884379838,0.1120133629733244,2.963202080342642,0.1203403559804252,0.0150754722407207,0.0957913501526828,-0.0034155472818957,-0.0173657493246126,,,0.035320488694818,0.2441941362449727,-0.0083299410173084,-0.0020801291432431,-10.49562567090077,0.0349006229517096,0.0088578359433859,-0.0247764705882353,-0.00275,0.0724938655761983,0.0296320208034264,-0.0,0.0349006229517096,0.3536941749880717,2026-07-09 14:16,2026-07-10 09:01
The Renaissance Club,1,2026-07-12,2026-07-09,541,Genesis Scottish Open,2026-07-07 15:01:18 UTC,no,pga,3600,0,USA,26653,163.0,189.0,"eckroat, austin",57362,148,114.0,0.0,0.0,0.0,0.0,0.0,0.0,1999-01-12,-0.5,27,2.773448005973203,-0.1927430330720734,-0.161082474226804,0.7784374407081582,0.4724,pga,2026-06-29,729,-0.1927430330720734,-0.4,-0.0799999999999999,0.1099999999999999,1.0,2.0,50.0,0.7189542483660132,-4.88235294117647,0.1500995183700787,6.35417033951657e-05,-0.0178460892195477,0.0017342507238372,0.0823480875152992,0.0837997276470948,-3.042006942933917,-0.0761942647355872,0.0182585286066769,-0.113309874609778,-0.0035199160242379,-0.0550564646041242,,,0.0193864336445242,-0.1677452314668988,-0.0015750906867702,-0.0015359006309247,-2.687323932981251,-0.0358287873905457,0.0458013175733224,0.0571235294117647,-0.00275,0.0712972712257873,-0.0304200694293391,-0.0,-0.0358287873905457,-0.1083232876492315,2026-07-09 09:01,2026-07-10 14:16
The Renaissance Club,1,2026-07-12,2026-07-09,541,Genesis Scottish Open,2026-07-07 15:01:18 UTC,no,pga,3600,0,ESP,12988,202.0,135.0,"elvira mijares, ignacio",39201,99,0.0,0.0,0.0,0.0,0.0,0.0,0.0,1987-02-17,-6.5,39,2.799698260225317,-0.3993773911765337,0.0,0.39,0.39,euro,2026-06-29,1521,-0.3993773911765337,0.33,0.0,0.0,1.0,3.0,45.0,1.7189542483660132,-4.88235294117647,-0.0652506912852055,0.0,-0.0,-0.0,-0.0652506912852055,-0.0,0.0,-0.174080991692103,0.0030774290166146,0.0238659557991543,0.0370101923198995,-0.2050265563708698,,,-0.099764889120451,-0.5005563687249593,0.0032362887684397,-0.0066089735829509,1.5633233092800285,0.0044353119678253,-0.0822648238626926,0.0571235294117647,-0.03575,-0.0309940783604726,0.0,0.0,0.0044353119678253,-0.5057416057058419,2026-07-09 12:37,2026-07-10 07:22
The Renaissance Club,1,2026-07-12,2026-07-09,541,Genesis Scottish Open,2026-07-07 15:01:18 UTC,no,pga,3600,0,USA,14577,22.0,29.0,"english, harris",34099,450,45.0,0.0,0.0,0.0,0.0,0.0,0.0,1989-07-23,5.5,36,2.3,1.1992477638471382,-0.536082474226804,1.7105958268654309,1.4164,pga,2026-06-28,1296,1.1992477638471382,0.1199999999999998,0.1099999999999999,-0.04,8.0,0.0,61.0,-1.2810457516339868,2.11764705882353,-0.1036956414095476,0.0043440799532731,0.0032661535641677,0.0024161542024452,-0.0293839585884164,-0.0843380705410172,10.29567186175967,0.6558391624994936,,0.081578430064883,-0.0225253500635703,0.0475507341698187,0.2736835322934593,0.1365369033906708,,1.0502015445478872,-0.0525524846662442,-0.010767756846269,45.730996237624666,0.0264250661032498,-0.0591416262943547,-0.0275294117647058,0.0352,-0.0544402117400124,0.0514783593087983,0.0,0.0264250661032498,1.0813353464552171,2026-07-09 12:59,2026-07-10 07:44
The Renaissance Club,1,2026-07-12,2026-07-09,541,Genesis Scottish Open,2026-07-07 15:01:18 UTC,no,pga,3600,0,SCO,21646,131.0,191.0,"ferguson, ewen",50223,266,0.0,0.0,0.0,0.0,0.0,0.0,0.0,1996-07-06,5.5,30,2.52354109385894,0.1909782118164214,0.0,0.1909782118164214,0.0716,euro,2026-06-29,900,0.1909782118164214,0.14,0.0,0.0,3.0,2.0,54.0,0.7189542483660132,-2.88235294117647,0.0137224853226983,-0.00125572314,-0.0283045935,0.02883278592,0.0727383926726983,-0.05828837663,4.87094509797756,0.0905257141584156,0.004554119452288,-0.0499959177966795,0.0370101923198995,-0.2050265563708698,,,0.026822326001328,-0.0632003780902746,-0.0045549548870643,0.0111557733149524,4.61347757777476,0.1129733726475255,0.0263089257174553,0.0337235294117647,0.03025,0.0065181805282816,0.0487094509797756,0.0,0.1129733726475255,0.1689741554770729,2026-07-09 07:55,2026-07-10 13:10
The Renaissance Club,1,2026-07-12,2026-07-09,541,Genesis Scottish Open,2026-07-07 15:01:18 UTC,no,pga,3600,0,ENG,25362,24.0,62.0,"fitzpatrick, alex",55721,931,17.0,0.0,0.0,0.0,0.0,0.0,0.0,1999-01-02,-2.5,27,2.5966535823429777,0.8373956213198255,-1.036082474226804,0.8385946724425478,0.4112,pga,2026-06-28,729,0.8373956213198255,0.0499999999999999,0.09,-0.0299999999999999,8.0,0.0,55.0,-1.2810457516339868,2.11764705882353,-0.1613345486915147,0.0004132469139225,-0.0450096802792691,0.0070795708966715,-0.1115291782202575,-0.012288508002582,-3.412432976966048,0.4409469968614299,,0.2006203518749018,-0.0058706108322248,0.1008983836850592,0.0751257818100091,0.0377380053321221,,0.8298066410552103,-0.0595916523830784,-0.0107812155621291,11.850248927279264,0.1252604801759071,0.0507206002691202,-0.0275294117647058,-0.016,-0.0847006380630452,-0.0170621648848302,0.0,0.1252604801759071,0.809774906518536,2026-07-09 14:05,2026-07-10 08:50
The Renaissance Club,1,2026-07-12,2026-07-09,541,Genesis Scottish Open,2026-07-07 15:01:18 UTC,no,pga,3600,0,ENG,17646,4.0,4.0,"fitzpatrick, matt",40098,1027,2.0,0.0,0.0,0.0,0.0,0.0,0.0,1994-09-01,7.5,31,2.492612546065325,1.7623576505757392,1.213917525773196,1.8974357288600403,1.6569999999999998,pga,2026-06-28,961,1.7623576505757392,0.2000000000000001,-0.05,-0.02,8.0,0.0,61.0,-1.2810457516339868,2.11764705882353,-0.4482557599567634,0.0002795402473753,-0.0458527721948705,0.0261265471192302,-0.0899003602200287,-0.3389087149084698,9.251049638209544,0.9511510771108296,,0.2112737793527676,-0.0002145157459334,0.0148529259541681,0.3191686378440667,0.1934239460573962,,1.5972165629418154,-0.0848584997790256,-0.0166775573962364,38.97262867149709,0.1007791871410202,0.0090967695437824,-0.0275294117647058,0.048,-0.2353342739773008,0.0462552481910477,0.0,0.1007791871410202,1.5293873125318769,2026-07-09 13:43,2026-07-10 08:28
The Renaissance Club,1,2026-07-12,2026-07-09,541,Genesis Scottish Open,2026-07-07 15:01:18 UTC,no,pga,3600,0,ENG,12294,5.0,9.0,"fleetwood, tommy",30911,928,11.0,0.0,0.0,0.0,0.0,0.0,0.0,1991-01-19,9.5,35,2.731989460342505,1.8593417225888271,0.463917525773196,2.1797384391594155,1.98,pga,2026-06-28,1225,1.8593417225888271,-0.1699999999999997,-0.33,-0.0399999999999999,8.0,0.0,63.0,-1.2810457516339868,2.11764705882353,-0.3191568570651416,0.0032707364400683,-0.0311642648181026,0.0158269337087115,-0.0916845517930427,-0.2154057106027761,12.767204868609983,1.0156835304132568,,0.1754347573435377,-0.014226851813982,0.1187610752102758,0.3769814822822219,0.211942367686803,,1.7581280530000465,-0.0752191351447685,-0.0137830238834224,22.06427322026749,0.3430619525793916,-0.0374461490938757,-0.0275294117647058,0.0608,-0.1675573499591993,0.0638360243430499,0.0,0.3430619525793916,2.0307392681985825,2026-07-09 13:43,2026-07-10 08:28
The Renaissance Club,1,2026-07-12,2026-07-09,541,Genesis Scottish Open,2026-07-07 15:01:18 UTC,no,pga,3600,0,SCO,16475,255.0,201.0,"forrest, grant",37066,419,0.0,0.0,0.0,0.0,0.0,0.0,0.0,1993-06-19,7.5,33,2.856972500047146,-0.4649050318498498,0.0,0.0153158708184255,-0.2612,euro,2026-06-26,1089,-0.4649050318498498,0.28,0.0,0.0,10.0,0.0,41.0,-1.2810457516339868,4.11764705882353,-0.0565060930068821,0.00203307556,-0.01538293125,-0.01681912512,-0.0475328855168821,0.02119577332,26.8226401615553,-0.2227780512404589,0.0004469239233453,-0.1145311844258733,0.0370101923198995,-0.2050265563708698,,,-0.0904700236744463,-0.6215428583188141,0.0113310179812284,-0.0352388797622965,-4.278669974529025,0.2113927733724033,-0.0022862970693425,-0.0481764705882353,0.0412499999999999,-0.0268403941782689,0.268226401615553,-0.0,0.2113927733724033,-0.175690548097362,2026-07-09 07:44,2026-07-10 12:59
The Renaissance Club,1,2026-07-12,2026-07-09,541,Genesis Scottish Open,2026-07-07 15:01:18 UTC,no,pga,3600,0,NZL,11889,61.0,56.0,"fox, ryan",29936,544,61.0,0.0,0.0,0.0,0.0,0.0,0.0,1987-01-22,9.5,39,2.346796279965736,0.6062467577252562,-0.0360824742268039,0.874027546412707,0.6502,pga,2026-06-28,1521,0.6062467577252562,-0.4599999999999999,0.36,-0.47,8.0,0.0,61.0,-1.2810457516339868,2.11764705882353,0.0007815488117187,0.000716710037362,-0.0179149316940388,-0.0536908039275592,0.0877307508093055,-0.0160601764133508,1.7529654149290077,0.3540571203339439,,0.0122540960937078,-0.0167639418077272,-0.013499421910383,0.1257893105923764,0.0596273819231745,,0.3808363090107503,-0.0361223468194168,-0.0055811262261463,31.7223477649571,0.1778032141093084,-0.0989247631687792,-0.0275294117647058,0.0608,0.0004103131261523,0.008764827074645,0.0,0.1778032141093084,0.6010852515561501,2026-07-09 07:11,2026-07-10 12:26
The Renaissance Club,1,2026-07-12,2026-07-09,541,Genesis Scottish Open,2026-07-07 15:01:18 UTC,no,pga,3600,0,RSA,11955,313.0,419.0,"frittelli, dylan",29970,107,0.0,0.0,0.0,0.0,0.0,0.0,0.0,1990-06-05,3.5,36,2.4671729986593984,-0.8423134068027505,1.588917525773196,0.8250212430127764,0.6274000000000001,pga,2026-06-29,1296,-0.8423134068027505,0.2299999999999999,0.0,0.0,3.0,2.0,47.0,0.7189542483660132,-2.88235294117647,-0.0158456028162334,-0.0013501209048908,0.0154983257207295,-0.0083633797485131,-0.0544570360256476,0.0328266081420886,-6.18789297734832,-0.4064505762499495,0.0193511650934722,-0.0777067904145961,0.0290381968941931,-0.006219138876583,,,-0.1597831631432246,-0.6564561170537244,0.014293742303665,-0.0311803552628796,25.57459199784942,0.1680597583694046,-0.0377991973978218,0.0337235294117647,0.01925,-0.0075266613377108,-0.0618789297734832,0.0,0.1680597583694046,-0.5048284203837492,2026-07-09 09:01,2026-07-10 14:16
The Renaissance Club,1,2026-07-12,2026-07-09,541,Genesis Scottish Open,2026-07-07 15:01:18 UTC,no,pga,3600,0,USA,29767,33.0,28.0,"gerard, ryan",59018,345,22.0,0.0,0.0,0.0,0.0,0.0,0.0,1999-08-02,-2.5,26,2.724987361832073,1.038987132757288,-0.536082474226804,1.0869414711704946,0.8760000000000001,pga,2026-06-28,676,1.038987132757288,-0.2299999999999998,0.02,0.27,8.0,0.0,67.0,-1.2810457516339868,2.11764705882353,0.1093273050935173,0.0020579412034006,-0.0373495697881896,0.012427033035781,-0.015945563363729,0.1481374640062544,-4.940136916028484,0.5782633176166935,,0.1105814770708784,-0.0280031308059617,-0.0096793348394368,0.169728618163354,0.1070678005439455,,0.9351540638279412,-0.0376804875417814,-0.0105873146163042,8.010977377368057,0.0,0.0554631182365538,-0.0275294117647058,-0.016,0.0573968351740965,-0.0247006845801424,0.0,0.0,0.9243208026571894,2026-07-09 13:21,2026-07-10 08:06
The Renaissance Club,1,2026-07-12,2026-07-09,541,Genesis Scottish Open,2026-07-07 15:01:18 UTC,no,pga,3600,0,USA,24550,65.0,155.0,"ghim, doug",52375,488,87.0,0.0,0.0,0.0,0.0,0.0,0.0,1996-04-16,1.5,30,2.3,0.5112756492294125,0.338917525773196,0.7331355125377563,0.4422,pga,2026-06-29,900,0.5112756492294125,0.1599999999999999,0.27,0.15,1.0,2.0,48.0,0.7189542483660132,-4.88235294117647,-0.2446263342962732,-0.0023955082041405,-0.0123868685790781,-0.0305656577756365,-0.1019496096707448,-0.097328690066673,-0.0671862820767563,0.2901750284836509,,0.1494300432582004,0.0005591770281025,0.1330886278842905,0.0854439833240382,0.0355703610893026,,0.6843622538091798,-0.0314400025536297,-0.0046152428080439,-2.8439241792043304,0.0094116211030549,0.0261502781032681,0.0634705882352941,0.0096,-0.1284288255055434,-0.0003359314103837,-0.0,0.0094116211030549,0.6380797062316017,2026-07-09 12:15,2026-07-10 07:00
The Renaissance Club,1,2026-07-12,2026-07-09,541,Genesis Scottish Open,2026-07-07 15:01:18 UTC,no,pga,3600,0,USA,27774,16.0,7.0,"gotterup, chris",59095,2327,6.0,0.0,0.0,0.0,0.0,0.0,0.0,1999-07-20,-0.5,26,2.711993176867392,1.1281225906631138,1.338917525773196,1.2477716048178402,1.128,pga,2026-06-29,676,1.1281225906631138,-0.0499999999999998,-0.03,0.02,1.0,4.0,67.0,2.718954248366013,-4.88235294117647,-0.0821319008561548,0.0031508861800174,-0.0177028564968103,-0.1320586910100652,0.0469981664614789,0.0174805940092242,7.791110367294003,0.6463003604713435,,0.1980778394264828,-0.0210629330954776,0.1129463506011201,0.2179575151278043,0.1305616181904771,,1.2727848216846085,-0.0535880899048121,-0.0130986577486792,19.61554236014092,0.0917637737594466,0.0546908186163497,0.0634705882352941,-0.0032,-0.0431192479494812,0.03895555183647,0.0,0.0917637737594466,1.4206554875663375,2026-07-09 08:28,2026-07-10 13:43
The Renaissance Club,1,2026-07-12,2026-07-09,541,Genesis Scottish Open,2026-07-07 15:01:18 UTC,no,pga,3600,0,USA,23465,99.0,75.0,"greyserman, max",51977,251,91.0,0.0,0.0,0.0,0.0,0.0,0.0,1995-05-31,-0.5,31,2.918529410970506,0.2509899968318893,-0.0360824742268039,1.1902183946185847,0.8933999999999999,pga,2026-06-29,961,0.2509899968318893,-0.1599999999999999,0.06,0.29,3.0,1.0,53.0,-0.2810457516339868,-2.88235294117647,-0.0931911750355186,3.976778151343493e-05,0.0007403373825065,-0.0745310427333359,0.0248117096562639,-0.0442519471224666,3.4622708063534646,0.1297023928358947,0.027916998168234,0.0063712079355684,0.002970931504826,0.0647542207204664,,,0.0655951932903764,0.3099027652309444,-0.0044623575632753,0.0005709496523215,22.994835395164102,0.0407786592655474,0.0164832286865319,0.0337235294117647,-0.00275,-0.0442658081418713,0.0346227080635346,0.0,0.0407786592655474,0.3720118538299198,2026-07-09 13:43,2026-07-10 08:28
The Renaissance Club,1,2026-07-12,2026-07-09,541,Genesis Scottish Open,2026-07-07 15:01:18 UTC,no,pga,3600,0,FRA,10201,185.0,188.0,"guerrier, julien",28340,88,0.0,0.0,0.0,0.0,0.0,0.0,0.0,1985-07-01,1.5,41,2.60793432017708,-0.2128727682453923,0.0,0.1818310520781969,0.0168,euro,2026-06-29,1681,-0.2128727682453923,0.47,0.0,0.0,3.0,1.0,47.0,-0.2810457516339868,-2.88235294117647,-0.0504699741633034,0.00011959268,0.05968577325,-0.01341525456,-0.1816431788133033,0.08478309328,-5.219987631753434,-0.1163098393215316,0.0043006277349931,-0.0835355655172085,0.0370101923198995,-0.2050265563708698,,,-0.0581593009335726,-0.5321366872316171,-4.221013912939415e-05,-0.0025216461894241,0.2711920392598108,-0.0614810651480604,-0.1078523888147735,0.0337235294117647,0.00825,-0.0239732377275691,-0.0521998763175343,0.0,-0.0614810651480604,-0.6278173370130162,2026-07-09 13:54,2026-07-10 08:39
The Renaissance Club,1,2026-07-12,2026-07-09,541,Genesis Scottish Open,2026-07-07 15:01:18 UTC,no,pga,3600,0,USA,23892,0.0,332.0,"gumberg, jordan",51989,53,0.0,0.0,0.0,0.0,0.0,0.0,0.0,1995-04-14,-2.5,31,3.0757347057969704,-1.4649502790390023,0.0,-1.1064314791906706,-1.4838,euro,2026-06-29,961,-1.4649502790390023,0.48,0.0,0.0,3.0,2.0,45.0,0.7189542483660132,-2.88235294117647,-0.4192956377105404,0.0,-0.0,-0.0,-0.4192956377105404,-0.0,4.552756541976493,-0.6862947423796515,-0.0259793372330844,-0.2413487042947344,0.0409653482058194,0.1407165598558737,,,-0.2834491348391164,-1.0725950659193575,0.0361505797893119,-0.0689077686888805,1.398600232391526,0.0319894557124901,0.0155521336651044,0.0337235294117647,-0.0137499999999999,-0.1991654279125067,0.0455275654197649,0.0,0.0319894557124901,-1.1742699432878445,2026-07-09 13:10,2026-07-10 07:55
The Renaissance Club,1,2026-07-12,2026-07-09,541,Genesis Scottish Open,2026-07-07 15:01:18 UTC,no,pga,3600,0,ENG,27194,62.0,72.0,"hall, harry",57975,374,55.0,0.0,0.0,0.0,0.0,0.0,0.0,1997-08-06,1.5,28,2.4323531813431365,0.5800315381795207,-0.536082474226804,1.2995695087988848,1.1098,pga,2026-06-28,784,0.5800315381795207,-0.5700000000000001,-0.0499999999999999,-0.26,8.0,0.0,59.0,-1.2810457516339868,2.11764705882353,-0.1471814266245653,0.002465633721295,-0.0076025744688401,0.0068354195326034,0.0649580729216571,-0.2138379783312808,4.750519908207138,0.341269506465922,,-0.0192965141960358,-0.0107847267694021,-0.0898744494337042,0.2151750787644707,0.1050336929202307,,0.553418794129661,-0.0216977629144881,-0.0050460334211585,-10.029304241042682,0.0559516697294421,0.0386400027138265,-0.0275294117647058,0.0096,-0.0772702489778967,0.0237525995410356,-0.0,0.0559516697294421,0.5379234026575361,2026-07-09 13:21,2026-07-10 08:06
The Renaissance Club,1,2026-07-12,2026-07-09,541,Genesis Scottish Open,2026-07-07 15:01:18 UTC,no,pga,3600,0,USA,8825,53.0,63.0,"harman, brian",27644,384,72.0,0.0,0.0,0.0,0.0,0.0,0.0,1987-01-19,7.5,39,2.953155941332067,0.6005695032475237,-0.536082474226804,1.4231282539601562,1.1544,pga,2026-06-28,1521,0.6005695032475237,0.2199999999999999,0.14,-0.14,8.0,0.0,64.0,-1.2810457516339868,2.11764705882353,-0.1284385931357065,0.0013395738971799,-0.0184963005953273,0.0507099533902942,-0.0715532170427503,-0.090438602785103,-0.7923267491599538,0.3165453966435522,,0.0905460949340747,-0.0164450104476644,0.0014959781536572,0.2230586484605827,0.0497775910816936,,0.5341940522237465,-0.0281975672647219,-0.0036623161686483,28.679480895901246,0.2547206084141554,-0.0989247631687792,-0.0275294117647058,0.048,-0.0674302613962459,-0.0039616337457997,0.0,0.2547206084141554,0.7379933537311503,2026-07-09 13:21,2026-07-10 08:06
The Renaissance Club,1,2026-07-12,2026-07-09,541,Genesis Scottish Open,2026-07-07 15:01:18 UTC,no,pga,3600,0,IRL,5716,356.0,0.0,"harrington, padraig",20766,307,172.0,0.0,0.0,0.0,0.0,0.0,0.0,1971-08-31,5.5,54,2.427844122174846,-0.8901195075828886,0.463917525773196,0.3631205497848538,0.0372,pga,2026-06-19,2916,-0.8901195075828886,-0.02,0.1099999999999999,-0.2,17.0,0.0,21.0,-1.2810457516339868,11.117647058823527,0.0609719150332224,-0.0028513428322149,-0.0092208910313907,0.027072878538466,0.1358892611543462,-0.0899179907959841,1.9643387495377704,-0.4005702359569578,0.0085149303929918,-0.1456474108145986,0.0059555567808104,-0.1934254703895515,,,-0.1771335786424335,-1.3180118230583746,0.0327508914478288,-0.0654259615931217,32.812681759374684,0.1700131914211863,-0.3830305442833426,-0.1300764705882353,0.03025,0.0289616596407806,0.0196433874953777,0.0,0.1700131914211863,-1.199220055089265,2026-07-09 07:33,2026-07-10 12:48
The Renaissance Club,1,2026-07-12,2026-07-09,541,Genesis Scottish Open,2026-07-07 15:01:18 UTC,no,pga,3600,0,ENG,14796,29.0,21.0,"hatton, tyrrell",34363,1509,0.0,0.0,0.0,0.0,0.0,0.0,0.0,1991-10-14,1.5,34,3.1004722271616894,1.2039235956990224,-0.411082474226804,1.831649458395176,1.6269999999999998,pga,2026-06-21,1156,1.2039235956990224,0.73,0.43,-0.12,15.0,0.0,47.0,-1.2810457516339868,9.117647058823527,-0.1842200619421757,-0.0003786111304509,-0.039050258035144,-0.0571159017400391,-0.0022319972229424,-0.0854432938135992,6.318845060675139,0.6272805757812232,,0.2152800433402173,-0.013798119507256,0.0336862223528884,0.3144539540061957,0.1057435259256275,,1.2140663615622544,-0.0346528612081035,-0.0073849336981704,2.7155898921011583,0.1273770858719737,-0.0265420454303674,-0.1185294117647058,0.0096,-0.0967155325196422,0.0315942253033756,0.0,0.1273770858719737,1.1673927284532557,2026-07-09 08:50,2026-07-10 14:05
The Renaissance Club,1,2026-07-12,2026-07-09,541,Genesis Scottish Open,2026-07-07 15:01:18 UTC,no,pga,3600,0,ESP,24127,415.0,305.0,"hidalgo portillo, angel",64594,104,0.0,0.0,0.0,0.0,0.0,0.0,0.0,1995-01-01,-4.5,31,2.7,-0.9140303497942388,-0.786082474226804,-0.9140303497942388,-1.163333333333333,pga,2026-06-21,961,-0.9140303497942388,0.8500000000000001,0.0,0.0,15.0,0.0,5.0,-1.2810457516339868,9.117647058823527,0.0511557038550037,0.0005979634,-0.00061531725,0.0082093348799999,-0.0630151437749962,0.1059788666,0.0,-0.4739244044432448,-0.0238419367276362,0.3231255796003655,0.0074341139639904,0.0796186460573544,,,-0.1407508196109291,-0.1752504578344378,-0.0255122235195033,0.0378597157051042,-0.1998471604058837,0.0,0.040740871140061,-0.1066764705882352,-0.0247499999999999,0.0242989593311267,0.0,-0.0,0.0,-0.893460050964924,2026-07-09 07:33,2026-07-10 12:48
The Renaissance Club,1,2026-07-12,2026-07-09,541,Genesis Scottish Open,2026-07-07 15:01:18 UTC,no,pga,3600,0,USA,28469,0.0,186.0,"highsmith, joe",60067,62,165.0,0.0,0.0,0.0,0.0,0.0,0.0,2000-04-19,-4.5,26,2.839367165255169,-1.294207679227241,-1.411082474226804,0.6200960023458516,0.3129999999999999,pga,2026-06-29,676,-1.294207679227241,-0.0399999999999998,0.0199999999999999,0.1099999999999999,3.0,1.0,54.0,-0.2810457516339868,-2.88235294117647,0.1064159759631139,-0.0025090922852899,0.0230814156611889,0.0091797421421828,0.0201163111967593,0.0565475992482727,-7.137671670003026,-0.6053579796613706,0.0145445735336392,-0.2295197341577686,0.0130626240120007,-0.0886056434449442,,,-0.182533452853922,-1.067028031288603,0.0348919461055878,-0.077889574545338,2.5137932688226687,0.0,0.0543792097235127,0.0337235294117647,-0.0247499999999999,0.0505475885824791,-0.0713767167000302,0.0,0.0,-1.0788836299943896,2026-07-09 12:48,2026-07-10 07:33
The Renaissance Club,1,2026-07-12,2026-07-09,541,Genesis Scottish Open,2026-07-07 15:01:18 UTC,no,pga,3600,0,SCO,25131,135.0,139.0,"hill, calum",55707,241,0.0,0.0,0.0,0.0,0.0,0.0,0.0,1994-11-03,1.5,31,3.1047700191538725,-0.0204331571511966,0.0,0.1479217033571466,0.04,euro,2026-06-29,961,-0.0204331571511966,0.1,0.0,0.0,1.0,3.0,51.0,1.7189542483660132,-4.88235294117647,0.2021457126425481,0.0,-0.0,-0.0,0.2021457126425481,-0.0,2.7532812841902627,-0.0400929272750824,0.0034426651481389,0.0455702862466143,0.0370101923198995,-0.2050265563708698,,,-0.0116849737035488,-0.1593501402289275,0.0002890593072025,-0.0006225564193453,0.0,0.0481447166560047,0.0117646705180635,0.0571235294117647,0.00825,0.0960192135052103,0.0275328128419026,0.0,0.0481447166560047,0.0777201321859548,2026-07-09 13:21,2026-07-10 08:06
The Renaissance Club,1,2026-07-12,2026-07-09,541,Genesis Scottish Open,2026-07-07 15:01:18 UTC,no,pga,3600,0,NZL,21362,80.0,102.0,"hillier, daniel",49813,345,0.0,0.0,0.0,0.0,0.0,0.0,0.0,1998-07-26,3.5,27,2.664971268917102,0.2704604269289352,0.0,0.4986174258041951,0.2659999999999999,euro,2026-06-29,729,0.2704604269289352,0.12,0.0,0.0,3.0,2.0,39.0,0.7189542483660132,-2.88235294117647,0.0980599818624994,0.0016906806638328,-0.0062300721378036,-0.0177956658837953,-0.1265828794717065,0.246977918691972,7.067301590185301,0.1216095292856103,0.0116952353093192,-0.0825055040316304,-0.009787962195536,-0.003861333478318,,,0.0275305062257855,0.1147923173194385,-0.0186630213965712,0.0265566130919782,14.892474555883329,0.1748291034371834,0.0422182545088009,0.0337235294117647,0.01925,0.0465784913846872,0.070673015901853,0.0,0.1748291034371834,0.4598464574549268,2026-07-09 08:17,2026-07-10 13:32
The Renaissance Club,1,2026-07-12,2026-07-09,541,Genesis Scottish Open,2026-07-07 15:01:18 UTC,no,pga,3600,0,USA,5768,0.0,0.0,"hoffman, charley",12716,80,204.0,0.0,0.0,0.0,0.0,0.0,0.0,1976-12-27,3.5,49,2.3,-1.2139030037718614,0.2555841924398625,1.224694664634649,1.0112,euro,2026-06-26,2401,-1.2139030037718614,-0.91,0.0399999999999999,-0.19,10.0,0.0,28.0,-1.2810457516339868,4.11764705882353,0.1289608025331789,-0.0045560357748418,0.0113173595017683,-0.0051217179931267,0.059699053398278,0.0676221434011011,0.0585391104414796,-0.5197101864259127,0.0287256514130847,-0.4360293388713848,0.0147430101106319,-0.0221223654324168,,,-0.1818252726294644,-1.464898687520677,0.0380842842949464,-0.1257195726681654,10.04230477527424,-0.0520538028843642,-0.2610448973119961,-0.0481764705882353,0.01925,0.0612563812032599,0.0005853911044147,0.0,-0.0520538028843642,-1.484037188685602,2026-07-09 08:17,2026-07-10 13:32
The Renaissance Club,1,2026-07-12,2026-07-09,541,Genesis Scottish Open,2026-07-07 15:01:18 UTC,no,pga,3600,0,DEN,23602,41.0,34.0,"hojgaard, nicolai",52453,1267,26.0,0.0,0.0,0.0,0.0,0.0,0.0,2001-03-12,7.5,25,2.766082806293015,0.6115831571811374,0.338917525773196,1.1735114803968307,0.9604,pga,2026-06-28,625,0.6115831571811374,-0.17,0.33,0.0,8.0,0.0,65.0,-1.2810457516339868,2.11764705882353,-0.0713318038950937,0.0007386987238211,-0.0223655542690677,-0.1185564296644956,0.1180235057106384,-0.0491720243959898,21.00004876459929,0.32156948401602,,0.0782254996551587,-0.0065398879921314,0.0228225714751396,0.1855730474545596,0.1006812144243304,,0.7161122609048645,-0.0451671785892053,-0.0078866714665344,11.324729192700357,0.3405624491057665,0.0668341819275269,-0.0275294117647058,0.048,-0.0374491970449242,0.1050002438229964,0.0,0.3405624491057665,1.1446963450239973,2026-07-09 07:55,2026-07-10 13:10
The Renaissance Club,1,2026-07-12,2026-07-09,541,Genesis Scottish Open,2026-07-07 15:01:18 UTC,no,pga,3600,0,DEN,23838,118.0,86.0,"hojgaard, rasmus",52686,499,117.0,0.0,0.0,0.0,0.0,0.0,0.0,2001-03-12,5.5,25,2.488772244991416,0.2068884274362911,0.338917525773196,1.004781596701919,0.7859999999999999,pga,2026-05-29,625,0.2068884274362911,-0.53,-0.2,-0.0499999999999999,30.0,0.0,47.0,-1.2810457516339868,24.11764705882353,0.1424520587132335,0.0021991270075778,-0.0029675911324843,-0.1089854905785283,0.0931124322036046,0.1590935812130637,0.1693277775932098,0.1325362544469074,0.0233758050273278,-0.1734606183165685,0.0092540284876676,0.0453860453619648,,,0.0627624723925464,0.1536703772123652,-0.0115690944540909,0.0051333511713277,-14.261163606568765,-0.044423053353961,0.0602521330952826,-0.2821764705882353,0.03025,0.0676647278887859,0.001693277775932,-0.0,-0.044423053353961,-0.0733211410651131,2026-07-09 14:05,2026-07-10 08:50
The Renaissance Club,1,2026-07-12,2026-07-09,541,Genesis Scottish Open,2026-07-07 15:01:18 UTC,no,pga,3600,0,USA,11276,144.0,157.0,"horschel, billy",29420,178,96.0,0.0,0.0,0.0,0.0,0.0,0.0,1986-12-07,1.5,39,2.668881292356794,-0.1087261527593692,0.588917525773196,1.3223860575649735,1.1952,pga,2026-06-19,1521,-0.1087261527593692,0.41,0.0,-0.15,17.0,0.0,59.0,-1.2810457516339868,11.117647058823527,0.1669376451895839,0.0004783522630891,-0.012794683747928,0.0100510051258086,0.0046784511041739,0.1645245204444403,-5.055743301532465,-0.0682908290826129,0.0310170379769835,0.0650867928108793,2.714080770127172e-06,-0.0297493533294132,,,-0.0458546695336234,-0.1510624126304043,0.005785738605281,-0.0253403358655063,4.845619730156015,-0.1018641551249584,-0.0837195082931624,-0.1300764705882353,0.00825,0.0792953814650523,-0.0505574330153246,0.0,-0.1018641551249584,-0.3460150898938703,2026-07-09 13:10,2026-07-10 07:55
The Renaissance Club,1,2026-07-12,2026-07-09,541,Genesis Scottish Open,2026-07-07 15:01:18 UTC,no,pga,3600,0,JPN,19190,395.0,475.0,"hoshino, rikuya",47056,71,0.0,0.0,0.0,0.0,0.0,0.0,0.0,1996-05-12,-4.5,30,2.684303261555967,-0.8892655516604911,0.0,-0.1897687135696752,-0.3077999999999999,euro,2026-06-29,900,-0.8892655516604911,-0.1599999999999999,0.0,0.0,3.0,2.0,51.0,0.7189542483660132,-2.88235294117647,0.0461597642184294,-0.0004209987141377,0.0223117423075118,0.0661553620686201,0.0107947782075294,-0.0526811196510942,-0.0470474713221813,-0.3985186290166002,-0.004451093055967,-0.2230549124073118,0.0370101923198995,-0.2050265563708698,,,-0.1598716856712818,-0.9659755652380408,0.0325119589352464,-0.0700220620346471,-5.279836514145473,-0.0324397981092291,0.025447222063491,0.0337235294117647,-0.0247499999999999,0.0219258880037539,-0.0004704747132218,-0.0,-0.0324397981092291,-0.9679864206449732,2026-07-09 14:16,2026-07-10 09:01
The Renaissance Club,1,2026-07-12,2026-07-09,541,Genesis Scottish Open,2026-07-07 15:01:18 UTC,no,pga,3600,0,NOR,18841,17.0,13.0,"hovland, viktor",46717,907,20.0,0.0,0.0,0.0,0.0,0.0,0.0,1997-09-18,7.5,28,2.846592430996059,1.3686587764099756,0.838917525773196,2.4331487883365304,2.003,pga,2026-06-28,784,1.3686587764099756,0.7399999999999999,0.0599999999999999,0.24,8.0,0.0,55.0,-1.2810457516339868,2.11764705882353,-0.2020266397315488,0.0014061474119523,-0.0493662158449191,0.0253626003177016,-0.0949067628815463,-0.0845224087347374,-5.506836526845584,0.7143274421612544,,0.1987829551161449,-0.0111431505680468,0.0440957370054199,0.3870291691498157,0.1453735529313373,,1.4540647346886209,-0.0529764511808576,-0.0109745345723422,26.6163968758488,-0.0057006258736705,0.039550014645895,-0.0275294117647058,0.048,-0.1060639858590631,-0.0275341826342279,0.0,-0.0057006258736705,1.3352365285569536,2026-07-09 08:39,2026-07-10 13:54
The Renaissance Club,1,2026-07-12,2026-07-09,541,Genesis Scottish Open,2026-07-07 15:01:18 UTC,no,pga,3600,0,USA,16333,204.0,130.0,"hubbard, mark",36801,106,101.0,0.0,0.0,0.0,0.0,0.0,0.0,1989-05-24,-4.5,37,2.637714536910565,-0.4272639620567923,-0.411082474226804,0.7031299554061573,0.4833999999999999,pga,2026-06-29,1369,-0.4272639620567923,-0.35,-0.1699999999999999,0.0,1.0,3.0,54.0,1.7189542483660132,-4.88235294117647,0.0656657184003565,-0.0028214719548228,-0.0174306098760188,0.0432662700545925,0.0302811691586806,0.012370361017925,-4.768837495170565,-0.1710823763423264,0.0164760882587222,-0.0503275106271656,0.0189339209216296,-0.0140374848928588,,,-0.0244322177437839,-0.2967551441374051,0.0126429323770061,-0.0343803216340238,-4.837610084466631,0.0,-0.0505481744546045,0.0571235294117647,-0.0247499999999999,0.0311912162401693,-0.0476883749517056,-0.0,0.0,-0.2808787734371767,2026-07-09 14:27,2026-07-10 09:12
The Renaissance Club,1,2026-07-12,2026-07-09,541,Genesis Scottish Open,2026-07-07 15:01:18 UTC,no,pga,3600,0,KOR,17488,102.0,80.0,"im, sungjae",39971,273,60.0,0.0,0.0,0.0,0.0,0.0,0.0,1998-03-30,3.5,28,3.072687257909116,0.5034735027568717,-0.0360824742268039,1.745243834945784,1.5532,pga,2026-06-29,784,0.5034735027568717,0.04,-0.01,0.03,1.0,4.0,53.0,2.718954248366013,-4.88235294117647,-0.2010874816725852,0.0022298219363707,0.0354675042762281,-0.0068373697497264,-0.0011486624802687,-0.230798775655189,-4.809645186657564,0.2310356258316563,0.0409352471353926,-0.075225444635088,-0.006816537221479,0.0435476405731727,,,0.08657503243993,0.3707903704021961,-0.0195706733612092,0.0303167626433292,-35.48347485517529,-0.1731884355206424,0.0399927169964916,0.0634705882352941,0.0224,-0.1055709278781072,-0.0240482259332878,-0.0,-0.1731884355206424,0.1538533693054527,2026-07-09 13:10,2026-07-10 07:55
The Renaissance Club,1,2026-07-12,2026-07-09,541,Genesis Scottish Open,2026-07-07 15:01:18 UTC,no,pga,3600,0,SCO,11397,497.0,440.0,"jamieson, scott",31138,88,0.0,0.0,0.0,0.0,0.0,0.0,0.0,1988-10-13,-2.5,37,2.926213294328088,-1.3579001885876614,0.0,-0.0028761957349845,-0.14,euro,2026-06-29,1369,-1.3579001885876614,0.03,0.0,0.0,1.0,3.0,43.0,1.7189542483660132,-4.88235294117647,-0.1089764157629994,0.0,-0.0,-0.0,-0.1089764157629994,-0.0,-4.385398678012458,-0.6232533011384698,-3.1551317049639245e-05,-0.1172827435926573,0.0370101923198995,-0.2050265563708698,,,-0.2744198369772833,-1.3654145720042372,0.0329212369931339,-0.0833883664412251,0.0,-0.0483205886890272,-0.1319436454797157,0.0571235294117647,-0.0137499999999999,-0.0517637974874247,-0.0438539867801245,0.0,-0.0483205886890272,-1.465979415549049,2026-07-09 07:22,2026-07-10 12:37
The Renaissance Club,1,2026-07-12,2026-07-09,541,Genesis Scottish Open,2026-07-07 15:01:18 UTC,no,pga,3600,0,RSA,26947,119.0,85.0,"jarvis, casey",57688,252,0.0,0.0,0.0,0.0,0.0,0.0,0.0,2003-07-28,-6.5,22,3.1464477492524026,-0.2715529309951012,0.0,0.346183631693328,-0.0744,euro,2026-06-29,484,-0.2715529309951012,-0.19,0.0,0.0,1.0,3.0,51.0,1.7189542483660132,-4.88235294117647,0.0698364233709646,-0.0015134556928956,-0.0331781228961814,0.0190686874757274,-0.0744505644087124,0.1599098788930267,0.0,-0.0783431858373171,0.0079589984951966,-0.0757419387802468,0.0073946364255159,0.0003417109272847,,,-0.0250518754401842,-0.0772557929258185,-0.0155786945986779,0.0308125151282636,-8.066174934000523,0.0,0.0709520407543468,0.0571235294117647,-0.03575,0.0331723011012081,0.0,-0.0,0.0,-0.0227099624128456,2026-07-09 08:50,2026-07-10 14:05
The Renaissance Club,1,2026-07-12,2026-07-09,541,Genesis Scottish Open,2026-07-07 15:01:18 UTC,no,pga,3600,0,USA,32449,0.0,0.0,"johnston, ryggs",63617,175,0.0,0.0,0.0,0.0,0.0,0.0,0.0,1995-01-01,-4.5,31,3.118657903311324,-2.089231123869174,0.0,-1.1589687166590463,-1.358157894736842,euro,2026-06-29,961,-2.089231123869174,0.78,0.0,0.0,3.0,2.0,43.0,0.7189542483660132,-2.88235294117647,-0.0199627414591007,0.0,-0.0,-0.0,-0.0199627414591007,-0.0,-2.1371254018829275,-1.0071892232677917,-0.0272931251251591,-0.2567868175682948,0.0370101923198995,-0.2050265563708698,,,-0.4305735764701632,-1.968706060587136,0.0535475687773252,-0.1210288914344747,2.767811210301338,-0.0251710837902126,-0.0113656314476073,0.0337235294117647,-0.0247499999999999,-0.0094823021930728,-0.0213712540188292,0.0,-0.0251710837902126,-2.015757171177486,2026-07-09 07:00,2026-07-10 12:15
The Renaissance Club,1,2026-07-12,2026-07-09,541,Genesis Scottish Open,2026-07-07 15:01:18 UTC,no,pga,3600,0,JPN,28268,115.0,105.0,"kaneko, kota",61148,142,0.0,0.0,0.0,0.0,0.0,0.0,0.0,1995-01-01,-6.5,31,2.527602216955001,0.4819485556861922,0.0,0.4819485556861922,-0.1467999999999999,euro,2026-06-29,961,0.4819485556861922,0.0199999999999999,0.0,0.0,3.0,2.0,55.0,0.7189542483660132,-2.88235294117647,-0.0174910237059324,0.0,-0.0,-0.0,-0.0174910237059324,-0.0,0.0,0.217891829622936,0.010961586207914,0.0156253753328346,-0.010528166041934,-0.0844709412247983,,,0.038595822232934,0.1842547294704575,-0.0065395183904354,0.014084373178614,0.3742234725999476,0.0,-0.0113656314476073,0.0337235294117647,-0.03575,-0.0083082362603178,0.0,0.0,0.0,0.1739200226219043,2026-07-09 12:48,2026-07-10 07:33
The Renaissance Club,1,2026-07-12,2026-07-09,541,Genesis Scottish Open,2026-07-07 15:01:18 UTC,no,pga,3600,0,JPN,20448,424.0,394.0,"katsuragawa, yuto",48632,67,0.0,0.0,0.0,0.0,0.0,0.0,0.0,1998-10-09,-2.5,27,2.787008707945537,-0.8731990104801681,0.0,-0.1136670989834067,-0.514,euro,2026-06-29,729,-0.8731990104801681,-0.17,0.0,0.0,3.0,2.0,47.0,0.7189542483660132,-2.88235294117647,-0.063429209278773,-0.0027424402399746,-0.0008049726186858,0.0389802841296332,-0.1517607771831547,0.052898696633409,-16.24368846423515,-0.3950553841235212,-0.0025297901571714,-0.3072371490970488,0.0370101923198995,-0.2050265563708698,,,-0.1536751087072786,-1.0191698281715151,0.034996479782736,-0.0720395290841739,3.068299832671735,-0.0577255515761026,0.0443870172659129,0.0337235294117647,-0.0137499999999999,-0.0301288744074171,-0.1624368846423514,0.0,-0.0577255515761026,-1.2494876093856215,2026-07-09 09:01,2026-07-10 14:16
The Renaissance Club,1,2026-07-12,2026-07-09,541,Genesis Scottish Open,2026-07-07 15:01:18 UTC,no,pga,3600,0,USA,32457,126.0,81.0,"keefer, johnny",63454,235,84.0,0.0,0.0,0.0,0.0,0.0,0.0,2001-06-01,-6.5,25,2.63216299289889,0.2709578913777825,-0.161082474226804,0.924779664915473,0.7310000000000001,pga,2026-06-29,625,0.2709578913777825,-0.24,-0.1699999999999999,0.02,3.0,1.0,61.0,-0.2810457516339868,-2.88235294117647,0.1065195913874702,-0.0024258594180859,-0.0257975496927584,-0.0975789965264872,0.0129450022132893,0.2193769948115126,0.0,0.1153852167485975,0.0216910378197785,0.0477156114909642,0.0162696805438278,0.0857967796226633,,,0.0351434436387037,0.3774530073719671,0.0001820569103242,-0.0032873127010409,-13.244811741627712,0.0,0.0585564932981486,0.0337235294117647,-0.03575,0.0505968059090483,0.0,-0.0,0.0,0.4260233426927801,2026-07-09 09:12,2026-07-10 14:27
The Renaissance Club,1,2026-07-12,2026-07-09,541,Genesis Scottish Open,2026-07-07 15:01:18 UTC,no,pga,3600,0,KOR,27759,0.0,462.0,"kim, baekjun",66834,108,0.0,0.0,0.0,0.0,0.0,0.0,0.0,1995-01-01,-6.5,31,2.876393613923905,-1.1396666666666666,0.0,0.0,0.0,0,2026-06-29,961,-1.1396666666666666,0.0,0.0,0.0,5.882352941176471,0.0,0.0,0.0,8.881784197001252e-16,0.0,0.0,-0.0,-0.0,-0.0,-0.0,0.0,,,,,,,,,,,,0.0,0.0,,-1.0391687510491469e-17,-0.03575,0.0,0.0,0.0,0.0,-2.0006724754244,2026-07-09 14:16,2026-07-10 09:01
The Renaissance Club,1,2026-07-12,2026-07-09,541,Genesis Scottish Open,2026-07-07 15:01:18 UTC,no,pga,3600,0,USA,17543,71.0,51.0,"kim, michael",39975,211,63.0,0.0,0.0,0.0,0.0,0.0,0.0,1993-07-14,-0.5,33,3.047270075891352,0.5583025429912671,-0.786082474226804,0.9509200201948074,0.743,pga,2026-06-29,1089,0.5583025429912671,0.0699999999999999,-0.1599999999999999,0.07,3.0,3.0,68.0,1.7189542483660132,-2.88235294117647,0.0305480707366484,0.003097987967909,-0.0095254940313254,0.0190926833695151,0.09880298763442,-0.0809200942038703,2.6341784784164823,0.2850805533226286,,0.0087507469211542,-0.0068399706883255,-0.0301867020291546,0.1435659873581193,0.0554396993052192,,0.4231804921884806,-0.0241378868892194,-0.003580906478571,-5.819693297218198,0.0155834965383721,-0.0049110286333702,0.0374705882352941,-0.0032,0.0160377371367404,0.0131708923920824,-0.0,0.0155834965383721,0.5022432064909697,2026-07-09 07:33,2026-07-10 12:48
The Renaissance Club,1,2026-07-12,2026-07-09,541,Genesis Scottish Open,2026-07-07 15:01:18 UTC,no,pga,3600,0,KOR,14609,14.0,22.0,"kim, si woo",37455,451,7.0,0.0,0.0,0.0,0.0,0.0,0.0,1995-06-28,3.5,31,2.6998316192032585,1.4875759138290068,0.463917525773196,1.5607051013465134,1.3858,pga,2026-06-28,961,1.4875759138290068,-0.03,0.0999999999999999,-0.07,8.0,0.0,71.0,-1.2810457516339868,2.11764705882353,-0.2547823299539901,0.0004225965722087,-0.0371929393726462,0.0278443045508714,-0.0741163254010082,-0.1717399663034159,3.387952915484544,0.8215539582291324,,0.0896224916575386,-0.0094632260026129,0.0863927383737044,0.2677708550213752,0.1660491284590825,,1.354599236475785,-0.0705268831500356,-0.0146552864611699,-8.451008405279458,0.0565558517121392,0.0178554603487707,-0.0275294117647058,0.0224,-0.1337607232258448,0.0169397645774227,-0.0,0.0565558517121392,1.2892047177747965,2026-07-09 13:32,2026-07-10 08:17
The Renaissance Club,1,2026-07-12,2026-07-09,541,Genesis Scottish Open,2026-07-07 15:01:18 UTC,no,pga,3600,0,KOR,24766,69.0,66.0,"kim, tom",55182,988,58.0,0.0,0.0,0.0,0.0,0.0,0.0,2002-06-21,9.5,24,2.322802117476002,0.6302273491991871,-0.911082474226804,1.5550730404439697,1.3952,pga,2026-06-29,576,0.6302273491991871,0.43,0.05,0.1699999999999999,1.0,2.0,59.0,0.7189542483660132,-4.88235294117647,-0.1484277215449964,-0.000889119737584,-0.0330924651043974,0.0599593033758126,-0.0625298166537911,-0.1118756234250364,27.11802901365933,0.332783131653312,,0.0832185667948284,0.0039630063746636,-0.0225465278872623,0.2695871676474403,0.030955556463488,,0.7347229524013852,-0.0322149987705515,-0.0051677628127517,33.48567101358788,0.3591647340254138,0.0741448129382185,0.0634705882352941,0.0608,-0.0779245538111231,0.1355901450682966,0.0,0.3591647340254138,1.2758238659192669,2026-07-09 07:11,2026-07-10 12:26
The Renaissance Club,1,2026-07-12,2026-07-09,541,Genesis Scottish Open,2026-07-07 15:01:18 UTC,no,pga,3600,0,USA,12423,139.0,110.0,"kirk, chris",30926,111,139.0,0.0,0.0,0.0,0.0,0.0,0.0,1985-05-08,-2.5,41,2.31540979847709,0.1210450047507627,-1.161082474226804,1.0337888013312124,0.8336000000000001,pga,2026-06-19,1681,0.1210450047507627,-0.67,-0.0399999999999999,-0.06,17.0,0.0,44.0,-1.2810457516339868,11.117647058823527,-0.1148970359222004,-0.0013471980493334,-0.0183290153808684,0.008680940955944,-0.0112387636267956,-0.0926629998211469,-6.116872687207212,0.082642921309842,0.0242478861052686,-0.1147228432778573,0.0138015941853214,-0.0042030444056028,,,0.0631165625047751,-0.0564350699708858,-0.0041781246270879,-0.0092876329507715,29.159616754909223,-0.0450648658166841,-0.1078523888147735,-0.1300764705882353,-0.0137499999999999,-0.0545760920630451,-0.0611687268720721,0.0,-0.0450648658166841,-0.3610712253109225,2026-07-09 12:26,2026-07-10 07:11
The Renaissance Club,1,2026-07-12,2026-07-09,541,Genesis Scottish Open,2026-07-07 15:01:18 UTC,no,pga,3600,0,USA,21891,28.0,33.0,"kitayama, kurt",48117,870,30.0,0.0,0.0,0.0,0.0,0.0,0.0,1993-01-14,5.5,33,3.008577196267638,1.0502232006680496,-0.411082474226804,1.1909219153823758,1.0056,pga,2026-06-28,1089,1.0502232006680496,-0.2299999999999999,-0.1699999999999999,0.0199999999999999,8.0,0.0,62.0,-1.2810457516339868,2.11764705882353,-0.0486649712960699,0.0008015965315747,-0.0431602007839473,-0.0655340067909386,-0.0282247822519417,0.0874524219991829,16.02207215465225,0.5768889056816925,,0.1093331220411743,0.0039633055598044,0.0964549723834226,0.1943068060394681,0.1163947376414012,,1.0234159256456117,-0.0531024095734171,-0.0097678622231597,6.607534458291908,0.1546201822261514,-0.0110556519047753,-0.0275294117647058,0.0352,-0.0255491099304366,0.0801103607732612,0.0,0.1546201822261514,1.2402679469498816,2026-07-09 08:06,2026-07-10 13:21
The Renaissance Club,1,2026-07-12,2026-07-09,541,Genesis Scottish Open,2026-07-07 15:01:18 UTC,no,pga,3600,0,USA,19396,35.0,44.0,"knapp, jake",47420,621,37.0,0.0,0.0,0.0,0.0,0.0,0.0,1994-05-31,-2.5,32,2.6783971277086507,0.8607564543491741,0.338917525773196,1.462094283248052,1.0082,pga,2026-06-28,1024,0.8607564543491741,-0.5399999999999999,-0.4199999999999999,-0.41,8.0,0.0,41.0,-1.2810457516339868,2.11764705882353,0.0104585862474023,0.0054940971968915,-0.0141814692640117,-0.0953563855509709,0.0982785870340866,0.0162237568314069,3.889923747116077,0.4889273813680006,,0.0186878772605669,-0.0129933114785798,0.0171414163439889,0.1948091903828478,0.1301261097286857,,0.7715100576874752,-0.0575051509456094,-0.013376123193508,-7.249584780505593,0.0,0.0056926682210821,-0.0275294117647058,-0.016,0.0054907577798862,0.0194496187355803,-0.0,0.0,0.7529210224382358,2026-07-09 12:37,2026-07-10 07:22
The Renaissance Club,1,2026-07-12,2026-07-09,541,Genesis Scottish Open,2026-07-07 15:01:18 UTC,no,pga,3600,0,USA,16243,74.0,115.0,"koepka, brooks",36689,707,81.0,0.0,0.0,0.0,0.0,0.0,0.0,1990-05-03,-6.5,36,2.677918994339429,0.62194035108984,0.338917525773196,1.9090868962969816,1.7425,pga,2026-06-19,1296,0.62194035108984,-0.46,0.14,-0.18,17.0,0.0,42.0,-1.2810457516339868,11.117647058823527,-0.0687104324389673,-0.0019966008473165,-0.0263138243854134,-0.0673530512329279,0.039927267703325,-0.0129742236766344,0.0,0.3741293360358073,,-0.0015958771638935,-0.0058053884715365,0.0787792781274132,0.3420078029930972,0.064310400709476,,0.7551675871536239,-0.0423417714450798,-0.0083875501007685,35.61367493516792,-0.0375062059149487,-0.0459286435308914,-0.1445294117647058,-0.0416,-0.0360729770304578,0.0,0.0,-0.0375062059149487,0.4954589924435114,2026-07-09 07:44,2026-07-10 12:59
The Renaissance Club,1,2026-07-12,2026-07-09,541,Genesis Scottish Open,2026-07-07 15:01:18 UTC,no,pga,3600,0,RSA,16896,370.0,242.0,"kruyswijk, jacques",37446,75,0.0,0.0,0.0,0.0,0.0,0.0,0.0,1992-10-16,-2.5,33,2.3,-1.0542577336330912,0.0,-0.0912047145135952,-0.3694,euro,2026-06-29,1089,-1.0542577336330912,-0.58,0.0,0.0,3.0,2.0,39.0,0.7189542483660132,-2.88235294117647,0.2372413586230616,0.00041857438,0.02645864175,-0.0057064888799999,0.2054727447130616,0.01059788666,-0.3954155635009164,-0.4768167139867441,-0.002135593863289,-0.240809126503927,0.0370101923198995,-0.2050265563708698,,,-0.1582782801662524,-1.0719692656487587,0.030130024755008,-0.0462677704687598,-0.043056381550834,0.0,-0.0097754413638239,0.0337235294117647,-0.0137499999999999,0.1126896453459542,-0.0039541556350091,-0.0,0.0,-0.9432602465260488,2026-07-09 14:05,2026-07-10 08:50
The Renaissance Club,1,2026-07-12,2026-07-09,541,Genesis Scottish Open,2026-07-07 15:01:18 UTC,no,pga,3600,0,FRA,23733,251.0,243.0,"lacroix, frederic",52585,91,0.0,0.0,0.0,0.0,0.0,0.0,0.0,1995-02-23,-4.5,31,3.010883748560701,-0.7910522585967723,0.0,0.0580194144256192,-0.3548,euro,2026-06-29,961,-0.7910522585967723,0.55,0.0,0.0,1.0,3.0,51.0,1.7189542483660132,-4.88235294117647,0.1010381595613631,0.0,-0.0,-0.0,0.1010381595613631,-0.0,0.0,-0.3306019606599006,0.0013663007133758,-0.0363781767227693,0.0370101923198995,-0.2050265563708698,,,-0.1457080811821317,-0.6817478651714786,0.0139378948016374,-0.0300184967745699,-2.8182132164101263,0.0,0.01367101870385,0.0571235294117647,-0.0247499999999999,0.0479931257916474,0.0,-0.0,0.0,-0.6013812099680664,2026-07-09 07:00,2026-07-10 12:15
The Renaissance Club,1,2026-07-12,2026-07-09,541,Genesis Scottish Open,2026-07-07 15:01:18 UTC,no,pga,3600,0,SWE,14780,349.0,156.0,"lagergren, joakim",34317,172,0.0,0.0,0.0,0.0,0.0,0.0,0.0,1991-11-15,-0.5,34,3.1739490278341966,-0.8727039010323279,0.0,0.1196842018282132,-0.2788,euro,2026-06-29,1156,-0.8727039010323279,0.44,0.0,0.0,3.0,2.0,45.0,0.7189542483660132,-2.88235294117647,0.3979595427048403,0.0,-0.0,-0.0,0.3979595427048403,-0.0,9.132070063098173,-0.435435832809564,0.0028073912883166,-0.111384052324776,0.0370101923198995,-0.2050265563708698,,,-0.183949813302837,-0.956830822459344,0.0299985855875924,-0.0709921976345125,-8.427657034462445,0.028693857720081,-0.019858539212593,0.0337235294117647,-0.00275,0.1890307827847991,0.0913207006309817,-0.0,0.028693857720081,-0.6168119519117174,2026-07-09 14:05,2026-07-10 08:50
The Renaissance Club,1,2026-07-12,2026-07-09,541,Genesis Scottish Open,2026-07-07 15:01:18 UTC,no,pga,3600,0,ESP,9133,0.0,0.0,"larrazabal, pablo",29670,59,0.0,0.0,0.0,0.0,0.0,0.0,0.0,1983-05-15,-0.5,43,2.5234794491254986,-1.6418284963386092,0.0,0.1850156687820398,-0.1448,euro,2026-06-29,1849,-1.6418284963386092,0.3199999999999998,0.0,0.0,3.0,2.0,37.0,0.7189542483660132,-2.88235294117647,0.0651266485799413,0.0,-0.0,-0.0,0.0651266485799413,-0.0,-7.56790705295116,-0.7659679870614309,0.0059430786550215,-0.2926903756007933,0.0370101923198995,-0.2050265563708698,,,-0.3252317680821093,-1.756731466340406,0.0494408962539262,-0.1199194667793684,-21.272892144265384,-0.142346170175046,-0.1402894796746816,0.0337235294117647,-0.00275,0.0309351580754721,-0.0756790705295116,-0.0,-0.142346170175046,-1.9128480195577269,2026-07-09 08:06,2026-07-10 13:21
The Renaissance Club,1,2026-07-12,2026-07-09,541,Genesis Scottish Open,2026-07-07 15:01:18 UTC,no,pga,3600,0,RSA,18105,321.0,159.0,"lawrence, thriston",45523,160,0.0,0.0,0.0,0.0,0.0,0.0,0.0,1996-12-03,3.5,29,2.920418255850105,-0.6421465443941048,0.0,0.5306687548889593,0.3315999999999999,euro,2026-06-29,841,-0.6421465443941048,-0.14,0.0,0.0,3.0,2.0,41.0,0.7189542483660132,-2.88235294117647,-0.2438390190958031,-0.0019359508390218,0.0019315418211555,0.0170057362230798,-0.3113899186782198,0.0505495723772032,3.729262795514493,-0.2948994790426824,0.0124470254578135,-0.2762473391413145,0.0572597022111938,0.0218694993462261,,,-0.0834767439579284,-0.5700044859727884,0.0189918910804341,-0.0556416991985123,14.957142905488537,0.2222951431703281,0.0296926572719817,0.0337235294117647,0.01925,-0.1158235340705064,0.0372926279551449,0.0,0.2222951431703281,-0.3732667195060571,2026-07-09 08:17,2026-07-10 13:32
The Renaissance Club,1,2026-07-12,2026-07-09,541,Genesis Scottish Open,2026-07-07 15:01:18 UTC,no,pga,3600,0,KOR,13498,0.0,286.0,"lee, junghwan",47443,54,0.0,0.0,0.0,0.0,0.0,0.0,0.0,1995-01-01,-0.5,31,2.3,-1.2891792993696771,0.0,-0.5,-0.5,euro,2026-06-29,961,-1.2891792993696771,-0.51,0.0,0.0,3.0,2.0,29.0,0.7189542483660132,-2.88235294117647,-0.0083212555030047,0.0,-0.0,-0.0,-0.0083212555030047,-0.0,0.0,-0.5919765525879903,-0.0117276788421603,-0.220241215893781,0.0370101923198995,-0.2050265563708698,,,-0.2236964284005144,-1.2861705103175856,0.0419019593161297,-0.0902456108674047,0.0,0.0,-0.022168618990894,0.0337235294117647,-0.00275,-0.0039525963639272,0.0,0.0,0.0,-1.2591495772697483,2026-07-09 07:22,2026-07-10 12:37
The Renaissance Club,1,2026-07-12,2026-07-09,541,Genesis Scottish Open,2026-07-07 15:01:18 UTC,no,pga,3600,0,AUS,16841,44.0,39.0,"lee, min woo",37378,791,25.0,0.0,0.0,0.0,0.0,0.0,0.0,1998-07-27,3.5,27,2.775289322494136,0.7236736364192571,-0.411082474226804,1.3247912143613825,0.9946,pga,2026-06-28,729,0.7236736364192571,-0.6699999999999999,0.01,-0.29,8.0,0.0,55.0,-1.2810457516339868,2.11764705882353,-0.2511048718678476,0.0008777665830221,0.0010630534682271,-0.0897327589406964,0.0052547995536184,-0.1685677325320189,-17.198673840926958,0.4177753742985088,,-0.0098889418605021,0.0078512164641343,0.0754222319135514,0.1916016595751159,0.1138807652071812,,0.7814934299755039,-0.0521921348799394,-0.0095259222540891,24.50539730526979,-0.1721417629593451,0.0465691815115427,-0.0275294117647058,0.0224,-0.1318300577306199,-0.0859933692046348,0.0,-0.1721417629593451,0.3863988283161981,2026-07-09 07:44,2026-07-10 12:59
The Renaissance Club,1,2026-07-12,2026-07-09,541,Genesis Scottish Open,2026-07-07 15:01:18 UTC,no,pga,3600,0,CHN,15310,162.0,100.0,"li, haotong",35296,362,116.0,0.0,0.0,0.0,0.0,0.0,0.0,1995-08-03,5.5,30,3.134491531934345,0.0876174639851385,0.213917525773196,1.185,1.1949999999999998,pga,2026-06-29,900,0.0876174639851385,-0.27,0.03,0.1,3.0,1.0,47.0,-0.2810457516339868,-2.88235294117647,0.0712751768571946,0.0001538834043899,-0.015255859110173,-0.0443041793809886,0.0017898563364163,0.12889147560755,4.434100769558746,0.0628537369923428,0.0229051229044691,-0.1295339908321585,0.0042620937475596,0.0299133745745099,,,0.0322222002128164,0.0397714706004585,-0.0130277969204879,0.0118502361104188,0.0,-0.0181235145143746,0.0183264938109881,0.0337235294117647,0.03025,0.0338557090071674,0.0443410076955874,0.0,-0.0181235145143746,0.1638182022006035,2026-07-09 08:50,2026-07-10 14:05
The Renaissance Club,1,2026-07-12,2026-07-09,541,Genesis Scottish Open,2026-07-07 15:01:18 UTC,no,pga,3600,0,SWE,20084,165.0,133.0,"lindberg, mikael",48293,283,0.0,0.0,0.0,0.0,0.0,0.0,0.0,1993-01-12,-6.5,33,2.8535271764712364,-0.3244842018378667,0.0,0.0850349327301049,-0.2518,euro,2026-06-26,1089,-0.3244842018378667,-0.65,0.0,0.0,10.0,0.0,47.0,-1.2810457516339868,4.11764705882353,-0.1207012628556847,0.0,-0.0,-0.0,-0.1207012628556847,-0.0,0.0,-0.123731358121079,0.0019944996865893,-0.1385202077970138,-0.0018369392121443,0.0748346930753675,,,-0.0037179461784019,-0.2013249863436675,0.0043735627624642,-0.0071171462389997,3.1186943275016654,0.0,-0.0076041443204497,-0.0481764705882353,-0.03575,-0.0573330998564502,0.0,0.0,0.0,-0.342584556788353,2026-07-09 07:11,2026-07-10 12:26
The Renaissance Club,1,2026-07-12,2026-07-09,541,Genesis Scottish Open,2026-07-07 15:01:18 UTC,no,pga,3600,0,FIN,20085,56.0,114.0,"lindell, oliver",48237,547,0.0,0.0,0.0,0.0,0.0,0.0,0.0,1995-01-01,-6.5,31,2.458586496837029,0.5607916119047217,0.0,0.5607916119047217,0.3351999999999999,euro,2026-06-29,961,0.5607916119047217,0.2099999999999999,0.0,0.0,1.0,3.0,61.0,1.7189542483660132,-4.88235294117647,0.0208743891920328,0.0,-0.0,-0.0,0.0208743891920328,-0.0,0.0,0.2790467133186359,,0.086829031584661,0.0448777711157745,-0.2671389560102178,0.0627980429224613,0.0335841577487454,,0.2582932381109148,-0.0246613714183602,-0.0052936442146008,8.191056025921386,0.0,0.0482514930638154,0.0634705882352941,-0.0416,0.0109590543258172,0.0,0.0,0.0,0.2911228806720261,2026-07-09 08:50,2026-07-10 14:05
The Renaissance Club,1,2026-07-12,2026-07-09,541,Genesis Scottish Open,2026-07-07 15:01:18 UTC,no,pga,3600,0,IRL,13900,27.0,45.0,"lowry, shane",33204,687,54.0,0.0,0.0,0.0,0.0,0.0,0.0,1987-04-02,-2.5,39,2.4763088083429885,1.108833147969038,0.463917525773196,1.7001835172141142,1.4356,pga,2026-06-28,1521,1.108833147969038,-0.1899999999999999,-0.22,0.1699999999999999,8.0,0.0,59.0,-1.2810457516339868,2.11764705882353,-0.1176904660565321,0.0022639469072872,-0.0412252097908836,0.0248981304363948,-0.0875589743341576,-0.016068359275173,3.160452270369476,0.6086867092072503,,0.0907153920987337,0.0026005172435887,0.0640332077556492,0.2773934474445708,0.1373549356982843,,1.0196871464742645,-0.0562710873048234,-0.0109143734668003,66.51429933101149,0.4047006711969466,-0.0939116022021889,-0.0275294117647058,-0.016,-0.0617874946796793,0.0158022613518473,0.0,0.4047006711969466,1.334873172578673,2026-07-09 08:17,2026-07-10 13:32
The Renaissance Club,1,2026-07-12,2026-07-09,541,Genesis Scottish Open,2026-07-07 15:01:18 UTC,no,pga,3600,0,NED,10158,312.0,238.0,"luiten, joost",28300,81,0.0,0.0,0.0,0.0,0.0,0.0,0.0,1986-01-07,-0.5,40,2.7840205936669986,-0.736923857937894,0.0,1.07,1.07,euro,2026-06-29,1600,-0.736923857937894,-0.2300000000000001,0.0,0.0,3.0,2.0,45.0,0.7189542483660132,-2.88235294117647,0.1883138291358119,0.00095674144,-0.017228883,0.03293745336,0.0285770474258119,0.14307146991,1.5282336955483582,-0.339876935365192,0.0225063388767745,-0.171979533525663,0.0370101923198995,-0.2050265563708698,,,-0.1468588740468751,-0.9368300165383862,0.026253103621807,-0.060244442613089,-8.86277004644889,-0.0524565645276052,-0.0986133094351782,0.0337235294117647,-0.00275,0.0894490688395106,0.0152823369554835,-0.0,-0.0524565645276052,-0.8535816458592325,2026-07-09 07:00,2026-07-10 12:15
The Renaissance Club,1,2026-07-12,2026-07-09,541,Genesis Scottish Open,2026-07-07 15:01:18 UTC,no,pga,3600,0,SCO,23323,21.0,20.0,"macintyre, robert",52215,1232,34.0,0.0,0.0,0.0,0.0,0.0,0.0,1996-08-03,7.5,29,2.502999070322941,1.1328445165241336,0.088917525773196,1.6777964440970174,1.4112,pga,2026-06-28,841,1.1328445165241336,0.31,0.04,-0.2,8.0,0.0,59.0,-1.2810457516339868,2.11764705882353,-0.0325577159617526,0.003728332101909,0.0098308227629492,-0.0307075022968048,0.0214373750981392,-0.0368467436279453,20.00459961666249,0.598228163454308,,0.1498474841142872,-0.0118252926890065,0.0522078566362635,0.2726787636066999,0.152005025254534,,1.184479650162485,-0.0477797658398312,-0.0100238268651449,28.7238168467476,0.4366018980589922,0.0291412424903749,-0.0275294117647058,0.048,-0.0170928008799201,0.1000229980833124,0.0,0.4366018980589922,1.724482333660164,2026-07-09 08:28,2026-07-10 13:43
The Renaissance Club,1,2026-07-12,2026-07-09,541,Genesis Scottish Open,2026-07-07 15:01:18 UTC,no,pga,3600,0,ITA,11460,305.0,340.0,"manassero, matteo",33199,116,0.0,0.0,0.0,0.0,0.0,0.0,0.0,1993-04-19,-0.5,33,2.6881926836322645,-0.5813639025798527,0.0,0.6084106188554752,0.1884,euro,2026-06-29,1089,-0.5813639025798527,0.0599999999999999,0.0,0.0,1.0,3.0,45.0,1.7189542483660132,-4.88235294117647,-0.1516322475805425,-0.0012520282268346,-0.0129467855734863,0.1284806100488549,0.0097526735357152,-0.2756667173647917,5.112609191229859,-0.2762246321499342,0.0142704323059142,-0.2282949684984803,0.0370101923198995,-0.2050265563708698,,,-0.103040222658567,-0.7800663579617418,0.0211005843420771,-0.035466676200395,0.4173796250468809,0.1284930683416155,-0.0043945110513863,0.0571235294117647,-0.00275,-0.0720253176007576,0.0511260919122985,0.0,0.1284930683416155,-0.6180989858968209,2026-07-09 14:16,2026-07-10 09:01
The Renaissance Club,1,2026-07-12,2026-07-09,541,Genesis Scottish Open,2026-07-07 15:01:18 UTC,no,pga,3600,0,ENG,24185,338.0,256.0,"mansell, richard",54190,234,0.0,0.0,0.0,0.0,0.0,0.0,0.0,1995-04-24,3.5,31,2.7,-0.4609919734458553,0.0,0.0652087899318115,-0.126,euro,2026-06-26,961,-0.4609919734458553,0.13,0.0,0.0,10.0,0.0,7.0,-1.2810457516339868,4.11764705882353,-0.1098854777162662,-0.0002196964109362,0.0228533302289194,-0.0603590085610625,-0.0391494765454543,-0.0330106264277326,14.648459367565687,-0.2215460043285878,0.0015294995060438,-0.1036452485102569,0.0370101923198995,-0.2050265563708698,,,-0.0758342990356578,-0.5975935981463597,0.0165114708399775,-0.0621447862320126,-2.820031628135374,0.1435225801167688,0.0155521336651044,-0.0481764705882353,0.01925,-0.0521956019152264,0.1464845936756569,-0.0,0.1435225801167688,-0.299181581479483,2026-07-09 13:54,2026-07-10 08:39
The Renaissance Club,1,2026-07-12,2026-07-09,541,Genesis Scottish Open,2026-07-07 15:01:18 UTC,no,pga,3600,0,USA,28635,76.0,57.0,"mccarty, matt",59141,257,43.0,0.0,0.0,0.0,0.0,0.0,0.0,1997-12-11,-2.5,28,3.0486130699952123,0.2589819579698146,-0.661082474226804,0.9220770321989868,0.6414,pga,2026-06-28,784,0.2589819579698146,-0.08,-0.12,-0.22,8.0,0.0,65.0,-1.2810457516339868,2.11764705882353,0.1002633175435202,0.0025997193852508,-0.0084102616936459,0.0381445233796239,0.0324022387025823,0.035527097769709,5.345403888224141,0.1178553972263048,0.0216276466152833,0.0242695400255938,-0.0049561582208654,-0.0472449528063941,,,0.1000304567046226,0.2704207010223786,-0.008433564951769,0.0287948526386489,-15.651855726536043,0.0629582190378123,0.0384774837909535,-0.0247764705882353,-0.0137499999999999,0.0476250758331721,0.0534540388822414,-0.0,0.0629582190378123,0.3959315641873691,2026-07-09 07:44,2026-07-10 12:59
The Renaissance Club,1,2026-07-12,2026-07-09,541,Genesis Scottish Open,2026-07-07 15:01:18 UTC,no,pga,3600,0,USA,23505,94.0,97.0,"mcgreevy, max",51950,125,112.0,0.0,0.0,0.0,0.0,0.0,0.0,1995-05-03,-4.5,31,2.350795680577309,0.3157830259990923,0.463917525773196,0.5807308969145252,0.4247999999999999,pga,2026-06-29,961,0.3157830259990923,0.09,-0.07,-0.02,1.0,2.0,59.0,0.7189542483660132,-4.88235294117647,-0.0947672057999911,-0.0024212753566512,-0.0146805868796132,0.0494623874140862,-0.0761875443787196,-0.0509401865990932,-1.0978062177323469,0.1249105237274154,0.0136212509046666,0.0552226249014282,0.0121780804155552,-0.0111329420109382,,,0.0402777502660206,0.2650871674908061,-0.0084407937079607,0.0219674443080869,0.3794276372943328,0.0,0.0164832286865319,0.0571235294117647,-0.0247499999999999,-0.0450144227549957,-0.0109780621773234,0.0,0.0,0.2414682119702515,2026-07-09 07:00,2026-07-10 12:15
The Renaissance Club,1,2026-07-12,2026-07-09,541,Genesis Scottish Open,2026-07-07 15:01:18 UTC,no,pga,3600,0,NIR,10091,2.0,2.0,"mcilroy, rory",28237,1234,13.0,0.0,0.0,0.0,0.0,0.0,0.0,1989-05-04,5.5,37,2.793231658724914,2.1166518629237423,0.963917525773196,2.710794662906987,2.51,pga,2026-06-21,1369,2.1166518629237423,-0.0999999999999998,0.2199999999999999,0.0499999999999999,15.0,0.0,43.0,-1.2810457516339868,9.117647058823527,-0.3117523817638511,0.0030302881913098,-0.0389280303420046,-0.164570523219733,0.0560612572516765,-0.1673453736450998,16.346334678049523,1.1698298821179958,,0.1520813408734544,-0.0187992983203979,0.1761692368568716,0.4827913539878829,0.2437158865302899,,2.031707108057008,-0.0945745067431419,-0.0188608116735826,32.06860352764224,0.1390377498404642,-0.0606459755723646,-0.1185294117647058,0.0352,-0.1636700004260218,0.0817316733902476,0.0,0.1390377498404642,2.005477119096992,2026-07-09 08:28,2026-07-10 13:43
The Renaissance Club,1,2026-07-12,2026-07-09,541,Genesis Scottish Open,2026-07-07 15:01:18 UTC,no,pga,3600,0,NIR,22322,132.0,136.0,"mckibbin, tom",50823,316,0.0,0.0,0.0,0.0,0.0,0.0,0.0,2002-12-19,-0.5,23,2.3,0.2122857966465302,0.0,0.7491514225079187,0.5186000000000001,euro,2026-06-28,529,0.2122857966465302,0.0799999999999999,-0.33,0.2199999999999999,8.0,0.0,55.0,-1.2810457516339868,2.11764705882353,-0.2968259595889144,-0.0019631382339978,0.0070354518347022,-0.0695345839640789,-0.1478396978814778,-0.0845239913440621,4.380508592838076,0.0963918517638475,0.0175716144003886,0.0158901438738895,0.0222939529150456,0.1177672539794276,,,0.0365598040876187,0.3712242156278484,-0.0014463651471299,-0.0025923868149982,-6.066826203248012,0.0196636914783512,0.0687883465697591,-0.0247764705882353,-0.00275,-0.1409923308047343,0.0438050859283807,-0.0,0.0196636914783512,0.2661741916416107,2026-07-09 12:48,2026-07-10 07:33
The Renaissance Club,1,2026-07-12,2026-07-09,541,Genesis Scottish Open,2026-07-07 15:01:18 UTC,no,pga,3600,0,USA,28159,50.0,84.0,"meissner, mac",59143,378,68.0,0.0,0.0,0.0,0.0,0.0,0.0,1999-02-08,-6.5,27,2.3,0.3158189266576842,0.213917525773196,0.6473748545635882,0.4672,pga,2026-06-29,729,0.3158189266576842,-0.0399999999999999,-0.15,0.25,1.0,3.0,57.0,1.7189542483660132,-4.88235294117647,-0.1408177493397902,0.0012432600260375,-0.0085338974223226,0.0146268958141102,0.0164645240889427,-0.1646185318465581,0.0,0.1842733301672572,0.0151844087696116,0.2056171409138471,-0.0164285776361879,-0.0287447232031959,,,0.0888766181694169,0.511129044407228,-0.0189594104242363,0.0348112523828875,-4.341689448832989,0.0,0.0464990052678276,0.0571235294117647,-0.03575,-0.0668884309364003,0.0,-0.0,0.0,0.4656141428825923,2026-07-09 07:00,2026-07-10 12:15
The Renaissance Club,1,2026-07-12,2026-07-09,541,Genesis Scottish Open,2026-07-07 15:01:18 UTC,no,pga,3600,0,POL,14196,393.0,0.0,"meronk, adrian",33674,160,0.0,0.0,0.0,0.0,0.0,0.0,0.0,1993-05-31,-2.5,33,2.3,-0.797548610496136,0.0,0.7015759462607416,0.5054,euro,2026-06-29,1089,-0.797548610496136,-0.4,0.2,-0.12,1.0,2.0,47.0,0.7189542483660132,-4.88235294117647,0.0378639447252163,0.0013619696222899,0.0117002566267555,-0.0666868372389425,0.0750302588568113,0.0164582968583019,-6.577981537530492,-0.3543052872002151,0.01645560651141,-0.2516525285596949,-0.000732801807934,-0.0316424318665709,,,-0.1102990699592564,-0.7586468342446132,0.0254949240341537,-0.0486279954892077,-10.564782609976389,-0.0016692044707255,-0.0033372499072978,0.0571235294117647,-0.0137499999999999,0.0179853737444777,-0.0657798153753049,-0.0,-0.0016692044707255,-0.7647369509344013,2026-07-09 09:12,2026-07-10 14:27
The Renaissance Club,1,2026-07-12,2026-07-09,541,Genesis Scottish Open,2026-07-07 15:01:18 UTC,no,pga,3600,0,ITA,17357,274.0,254.0,"migliozzi, guido",39834,108,0.0,0.0,0.0,0.0,0.0,0.0,0.0,1997-01-25,5.5,29,2.443365478601168,-0.680190251410422,0.0,0.2893888082208757,-0.0013999999999999,euro,2026-06-29,841,-0.680190251410422,0.1099999999999999,0.0,0.0,3.0,2.0,39.0,0.7189542483660132,-2.88235294117647,0.0693677298434682,0.0003590635827639,0.0412016130292934,0.0304239079958081,0.0026680638011005,-0.0052849185654977,-2.646810702196277,-0.3239872560779575,0.006787716328534,-0.0703107072554635,0.0370101923198995,-0.2050265563708698,,,-0.1235774491678347,-0.6691879351808566,0.0223890058220124,-0.0429957001744577,1.7932090141677692,0.0037678791888127,0.0305228193952806,0.0337235294117647,0.03025,0.0329496716756473,-0.0264681070219627,0.0,0.0037678791888127,-0.5949649619265945,2026-07-09 13:21,2026-07-10 08:06
The Renaissance Club,1,2026-07-12,2026-07-09,541,Genesis Scottish Open,2026-07-07 15:01:18 UTC,no,pga,3600,0,ITA,7655,259.0,298.0,"molinari, francesco",25198,123,0.0,0.0,0.0,0.0,0.0,0.0,0.0,1982-11-08,3.5,43,3.2,-0.4174122353440754,0.0,1.4693981481481482,1.515,euro,2026-06-26,1849,-0.4174122353440754,-0.52,0.0,0.0,10.0,0.0,27.0,-1.2810457516339868,4.11764705882353,0.0235506178792366,-0.0025666545721978,-0.0066961900572449,0.0628240198898125,-0.0791492104626529,0.0491386530815198,-2.2520088893911945,-0.1682635673264307,0.0345068270680005,-0.2158976213079051,0.0370101923198995,-0.2050265563708698,,,-0.0529364717781985,-0.7316210475261096,0.008804724286581,-0.0210255528942129,7.493054130294773,0.1094654270961075,-0.1487930215229734,-0.0481764705882353,0.01925,0.0111865434926373,-0.0225200888939119,0.0,0.1094654270961075,-0.662415636419512,2026-07-09 08:39,2026-07-10 13:54
The Renaissance Club,1,2026-07-12,2026-07-09,541,Genesis Scottish Open,2026-07-07 15:01:18 UTC,no,pga,3600,0,USA,21944,125.0,147.0,"moore, taylor",49947,181,82.0,0.0,0.0,0.0,0.0,0.0,0.0,1993-07-28,-2.5,32,2.3125889426948314,0.2421507128092657,-0.161082474226804,0.9130504924581354,0.6539999999999999,pga,2026-06-29,1024,0.2421507128092657,-0.1,0.04,-0.0399999999999999,3.0,1.0,47.0,-0.2810457516339868,-2.88235294117647,-0.0803581870280444,0.0014214961979955,0.019334710605734,-0.0703556486028686,0.0259733766820171,-0.0567321219109224,-10.229415461406765,0.1165459128725038,0.0214159258844506,-0.0099657335039344,0.0040977684936592,0.0634967245080583,,,0.0372679843120762,0.246744825708527,-0.0084848066798761,0.0246573468909317,2.8739083307079483,-0.1057992313635192,-0.0022862970693425,0.0337235294117647,-0.0137499999999999,-0.038170138838321,-0.1022941546140676,0.0,-0.1057992313635192,0.0204548303043837,2026-07-09 07:11,2026-07-10 12:26
The Renaissance Club,1,2026-07-12,2026-07-09,541,Genesis Scottish Open,2026-07-07 15:01:18 UTC,no,pga,3600,0,RSA,19429,0.0,0.0,"naidoo, dylan",47505,55,0.0,0.0,0.0,0.0,0.0,0.0,0.0,1995-01-01,-4.5,31,2.889403915103492,-2.247593345397889,0.0,-0.7317931749342262,-1.3030000000000002,euro,2026-06-29,961,-2.247593345397889,0.1499999999999999,0.0,0.0,1.0,3.0,41.0,1.7189542483660132,-4.88235294117647,0.2292975902431079,0.0,-0.0,-0.0,0.2292975902431079,-0.0,-3.096379448976983,-0.9943567907840232,-0.01716588185254,-0.2777589701351606,0.0370101923198995,-0.2050265563708698,,,-0.3776371046919647,-1.8540566295187704,0.065433730233939,-0.1237935027848397,0.9319133472256144,-0.0364691872960861,0.039238254546789,0.0571235294117647,-0.0247499999999999,0.1089163553654762,-0.0309637944897698,0.0,-0.0364691872960861,-1.7801997265273857,2026-07-09 14:27,2026-07-10 09:12
The Renaissance Club,1,2026-07-12,2026-07-09,541,Genesis Scottish Open,2026-07-07 15:01:18 UTC,no,pga,3600,0,JPN,21074,158.0,136.0,"nakajima, keita",49228,139,143.0,0.0,0.0,0.0,0.0,0.0,0.0,2000-06-24,-0.5,26,2.5544661640085424,0.0828224456728596,1.088917525773196,0.420382153485382,0.2025,pga,2026-06-29,676,0.0828224456728596,0.24,0.12,0.0,1.0,2.0,33.0,0.7189542483660132,-4.88235294117647,0.2414012379142288,-0.0013728397281416,-0.0064018063450818,0.0015795806822068,0.025333048612935,0.2222632546923103,-2.0055616226114967,0.0160666429492871,0.0099190963623695,0.1095327230360239,-0.0066317946781489,-0.0027883611666438,,,-0.0200060913409245,0.1466241094190424,-0.0095579180324856,-0.0049050771487236,-19.29489237547423,-0.202480977448541,0.0549948894382884,0.0571235294117647,-0.00275,0.1146655880092586,-0.0200556162261149,-0.0,-0.202480977448541,0.0931266331654098,2026-07-09 09:01,2026-07-10 14:16
The Renaissance Club,1,2026-07-12,2026-07-09,541,Genesis Scottish Open,2026-07-07 15:01:18 UTC,no,pga,3600,0,DEN,23841,128.0,90.0,"neergaard-petersen, rasmus",52689,296,123.0,0.0,0.0,0.0,0.0,0.0,0.0,1999-07-03,-4.5,27,2.3,0.2427298946206992,2.088917525773196,0.7952815901274463,0.7101999999999999,euro,2026-06-29,729,0.2427298946206992,0.0799999999999999,0.15,-0.0299999999999999,1.0,2.0,55.0,0.7189542483660132,-4.88235294117647,0.0290173909137656,-0.0013134243728783,-0.0007577965231952,-0.017674508668853,-0.0302029317546075,0.0789660522332998,-1.5174969427057283,0.1051522027219309,0.0186536887886109,-0.0796989783143936,-0.0020873748468423,0.0683148485827738,,,0.0244322177437839,0.1779780276716776,-0.0007526940991534,-0.0052625558895505,1.857360651901077,0.0,0.0492266729845179,0.0571235294117647,-0.0247499999999999,0.0137832606840386,-0.0151749694270572,0.0,0.0,0.2089598483404237,2026-07-09 08:06,2026-07-10 13:21
The Renaissance Club,1,2026-07-12,2026-07-09,541,Genesis Scottish Open,2026-07-07 15:01:18 UTC,no,pga,3600,0,SWE,10419,38.0,24.0,"noren, alex",27349,382,50.0,0.0,0.0,0.0,0.0,0.0,0.0,1982-07-12,5.5,44,2.35076002480806,0.907858179497182,-0.0360824742268039,1.3789404458239352,1.2192,pga,2026-06-28,1936,0.907858179497182,-0.93,0.0899999999999999,0.03,8.0,0.0,58.0,-1.2810457516339868,2.11764705882353,-0.040306277784343,0.0044547063199968,-0.0063773378135631,0.0874815470055526,-0.079123191733049,-0.0467420015632804,3.9185391317718574,0.5339122787366961,,0.0017942717350952,-0.0279049980797886,0.0305250780401008,0.2492599242153081,0.1355536237650375,,0.6877184845142893,-0.04502003303381,-0.0084516254696843,18.36741275952938,0.2461422350759479,-0.1819500353946656,-0.0275294117647058,0.0352,-0.02116079583678,0.0195926956588592,0.0,0.2461422350759479,0.9399632076476104,2026-07-09 08:50,2026-07-10 14:05
The Renaissance Club,1,2026-07-12,2026-07-09,541,Genesis Scottish Open,2026-07-07 15:01:18 UTC,no,pga,3600,0,DEN,15676,263.0,263.0,"norgaard moller, niklas",35706,273,0.0,0.0,0.0,0.0,0.0,0.0,0.0,1992-05-31,-0.5,34,2.539948025842635,-0.4470304581978627,0.0,0.3165214247343461,0.2234,euro,2026-06-29,1156,-0.4470304581978627,-0.08,0.0,0.0,1.0,4.0,53.0,2.718954248366013,-4.88235294117647,0.0249536440674956,0.0004088287303871,0.0314376578195928,-0.1510698937311694,-0.1085900633472317,0.2527671145959168,7.82981756286787,-0.228121539592352,0.0074271679939951,-0.0057375542683674,-0.0107625639266267,0.1010439211981103,,,-0.0970206907506782,-0.2875691160341554,0.0239259170972728,-0.0641300386613407,6.027242382121264,0.0922196674857649,-0.0141937351241687,0.0571235294117647,-0.00275,0.0118529809320604,0.0782981756286787,0.0,0.0922196674857649,-0.0508247625758866,2026-07-09 12:48,2026-07-10 07:33
The Renaissance Club,1,2026-07-12,2026-07-09,541,Genesis Scottish Open,2026-07-07 15:01:18 UTC,no,pga,3600,0,RSA,7677,287.0,92.0,"norris, shaun",26328,181,0.0,0.0,0.0,0.0,0.0,0.0,0.0,1985-04-02,-4.5,41,3.059796106832057,0.1522158397091363,0.0,0.5265247504928446,0.1198,euro,2026-06-29,1681,0.1522158397091363,0.4,0.0,0.0,1.0,2.0,27.0,0.7189542483660132,-4.88235294117647,0.4880853076056747,0.0026596281533611,0.017046737998873,0.0552700399992076,0.0878780660232774,0.3252308354309555,-5.572848754609444,0.0341088277164644,0.0122324815677346,0.0296656600087038,0.0370101923198995,-0.2050265563708698,,,-0.0262911908329848,-0.2724749574147809,0.0018967847330297,0.0013831144678331,-5.8042992850353805,-0.1054308086150174,-0.1574542710245915,0.0571235294117647,-0.0247499999999999,0.2318405211126954,-0.0557284875460944,-0.0,-0.1054308086150174,-0.1694202030514325,2026-07-09 07:44,2026-07-10 12:59
The Renaissance Club,1,2026-07-12,2026-07-09,541,Genesis Scottish Open,2026-07-07 15:01:18 UTC,no,pga,3600,0,USA,23475,93.0,65.0,"novak, andrew",51997,241,80.0,0.0,0.0,0.0,0.0,0.0,0.0,1995-03-31,3.5,31,2.653815262507291,0.3479916626204319,0.463917525773196,0.7788460782854927,0.6412,pga,2026-06-29,961,0.3479916626204319,0.18,0.16,0.1,3.0,3.0,64.0,1.7189542483660132,-2.88235294117647,-0.1164826104707994,-0.0022928343597547,-0.0171260875328988,-0.0047760818868148,0.0263547358302509,-0.118642342521582,-2.979187040421676,0.140613342632264,0.0182681133472165,-0.0123523770815176,0.0077832434448748,0.0453245373950536,,,0.065860760874548,0.2852853438832302,-0.0099064147477241,0.0150794076809711,-10.16570663216688,-0.0350888939671484,0.0146147303375436,0.0337235294117647,0.01925,-0.0553292399736297,-0.0297918704042167,-0.0,-0.0350888939671484,0.21804886895,2026-07-09 12:37,2026-07-10 07:22
The Renaissance Club,1,2026-07-12,2026-07-09,541,Genesis Scottish Open,2026-07-07 15:01:18 UTC,no,pga,3600,0,KOR,21072,473.0,252.0,"ok, taehoon",49226,50,0.0,0.0,0.0,0.0,0.0,0.0,0.0,1995-01-01,-6.5,31,2.7,-0.9214120370370372,0.0,-0.9214120370370372,-1.1355,euro,2026-03-22,961,-0.9214120370370372,0.43,0.0,0.0,30.0,0.0,11.0,-1.2810457516339868,24.11764705882353,0.0,0.0,-0.0,-0.0,-0.0,-0.0,0.0,-0.436258250054765,-0.021947047877676,0.2174191222135629,0.0370101923198995,-0.2050265563708698,,,-0.1177349623160602,-0.4552676546315057,-0.0214701783630733,0.0462410205496486,0.0,0.0,0.0464990052678276,-0.2821764705882353,-0.03575,0.0,0.0,0.0,0.0,-0.773194125219741,2026-07-09 13:43,2026-07-10 08:28
The Renaissance Club,1,2026-07-12,2026-07-09,541,Genesis Scottish Open,2026-07-07 15:01:18 UTC,no,pga,3600,0,DEN,13412,147.0,142.0,"olesen, thorbjorn",33968,205,161.0,0.0,0.0,0.0,0.0,0.0,0.0,1989-12-21,9.5,36,2.992369408499405,0.1042603554574757,-0.161082474226804,0.862490598580591,0.666,pga,2026-06-29,1296,0.1042603554574757,-0.11,-0.0099999999999999,-0.09,3.0,1.0,41.0,-0.2810457516339868,-2.88235294117647,0.0309329655806005,-0.0008791830962172,-0.0022168471813005,-0.009569778503873,0.0258959199886253,0.017702854373366,11.804511607555554,0.0348650101971573,0.0202300254890715,-0.202995252988596,0.0134159479813481,0.0032530880277511,,,0.050811931104826,-0.1177517384211805,-0.0037857296615138,0.0105480735283255,-13.337628679033102,0.1205225547603939,-0.0440948320995502,0.0337235294117647,0.05225,0.0146931586507852,0.1180451160755555,-0.0,0.1205225547603939,0.2214826204773188,2026-07-09 08:28,2026-07-10 13:43
The Renaissance Club,1,2026-07-12,2026-07-09,541,Genesis Scottish Open,2026-07-07 15:01:18 UTC,no,pga,3600,0,UAE,14975,343.0,261.0,"otaegui, adrian",34575,78,0.0,0.0,0.0,0.0,0.0,0.0,0.0,1992-11-21,3.5,33,3.2,-0.9394224320938424,0.0,0.3780245522042981,0.1486,euro,2026-06-29,1089,-0.9394224320938424,-0.02,0.0,0.0,3.0,2.0,51.0,0.7189542483660132,-2.88235294117647,-0.0779904031461879,0.0,-0.0,-0.0,-0.0779904031461879,-0.0,-11.843461993980542,-0.4264417860513422,0.0087852588657844,-0.2711662015279229,0.0370101923198995,-0.2050265563708698,,,-0.1274724404023509,-1.0129229290807868,0.0172698242650665,-0.0371945814899811,-0.2265513643851062,-0.0507228458448191,-0.0086866386890702,0.0337235294117647,0.01925,-0.0370454414944392,-0.1184346199398054,-0.0,-0.0507228458448191,-1.166152306948086,2026-07-09 12:26,2026-07-10 07:11
The Renaissance Club,1,2026-07-12,2026-07-09,541,Genesis Scottish Open,2026-07-07 15:01:18 UTC,no,pga,3600,0,ENG,13764,117.0,88.0,"parry, john",28723,249,83.0,0.0,0.0,0.0,0.0,0.0,0.0,1986-11-17,-2.5,39,2.4754185352532456,-0.0568300416616075,-0.661082474226804,0.6159712202161726,0.4214,pga,2026-06-21,1521,-0.0568300416616075,-0.0999999999999999,-0.41,-0.0499999999999999,15.0,0.0,57.0,-1.2810457516339868,9.117647058823527,-0.0712648865844884,-0.0018016936063635,-0.0258697998979678,0.0405670690298443,-0.038020654773374,-0.0461398073366273,2.7924122343531854,-0.0364581282549065,0.0144500966972563,0.0800403612753882,0.0205391763298514,-0.0571682381347442,,,0.0231043798229261,-0.0346170512118175,-0.0054863771511702,0.0100811864967438,15.972123487952995,0.0328890584828532,-0.0837195082931624,-0.1066764705882352,-0.0137499999999999,-0.0338508211276319,0.0279241223435318,0.0,0.0328890584828532,-0.1280811621012997,2026-07-09 12:26,2026-07-10 07:11
The Renaissance Club,1,2026-07-12,2026-07-09,541,Genesis Scottish Open,2026-07-07 15:01:18 UTC,no,pga,3600,0,FRA,19960,183.0,273.0,"pavon, matthieu",48153,151,108.0,0.0,0.0,0.0,0.0,0.0,0.0,1992-11-02,3.5,33,2.3,-0.1873291178690173,-0.661082474226804,0.8495533184368377,0.5202,pga,2026-06-29,1089,-0.1873291178690173,0.46,-0.29,0.2299999999999999,3.0,1.0,49.0,-0.2810457516339868,-2.88235294117647,0.0286606728253461,0.0017128902021547,0.0182657015655152,0.006199954155704,-0.0479304853149228,0.050412612216895,-1.7196200870873826,-0.1189507645172429,0.0199528839088535,0.0019439598377182,0.0117596185077248,0.0274803927722422,,,-0.051785678913455,-0.119494361270035,-0.0049552678930592,0.0037471337162536,3.214967523338259,-0.0031204690213733,-0.0086866386890702,0.0337235294117647,0.01925,0.0136138195920393,-0.0171962008708738,0.0,-0.0031204690213733,-0.073223682158478,2026-07-09 13:21,2026-07-10 08:06
The Renaissance Club,1,2026-07-12,2026-07-09,541,Genesis Scottish Open,2026-07-07 15:01:18 UTC,no,pga,3600,0,ENG,22465,142.0,48.0,"penge, marco",51003,1122,104.0,0.0,0.0,0.0,0.0,0.0,0.0,1998-05-15,-2.5,28,3.038741526240779,-0.2103486972120641,-0.161082474226804,0.6204066676338167,0.4844,euro,2026-06-29,784,-0.2103486972120641,-0.48,0.09,-0.21,1.0,2.0,39.0,0.7189542483660132,-4.88235294117647,0.0970397220515332,-0.0006907672269462,0.0198767900969264,-0.1466400853773044,0.114407836554592,0.1100859480042654,12.845668188168494,-0.0232154894566168,0.0145518603015241,-0.0390767932001281,-0.0013318734542854,0.0401852050486904,,,0.0364712815595615,0.0597978224941738,0.001535863177042,-0.0108049484591115,-6.057320995999371,0.151296404984367,0.0414827169774975,0.0571235294117647,-0.0137499999999999,0.0460938679744782,0.1284566818816849,-0.0,0.151296404984367,0.4290183067464687,2026-07-09 07:22,2026-07-10 12:37
The Renaissance Club,1,2026-07-12,2026-07-09,541,Genesis Scottish Open,2026-07-07 15:01:18 UTC,no,pga,3600,0,FRA,20730,90.0,198.0,"perez, victor",47679,536,0.0,0.0,0.0,0.0,0.0,0.0,0.0,1992-09-02,7.5,33,2.4775807691459515,0.3159298749034107,0.0,1.1707614608153545,0.5623999999999999,euro,2026-06-29,1089,0.3159298749034107,0.0,0.08,0.22,1.0,2.0,49.0,0.7189542483660132,-4.88235294117647,0.0646429361865534,0.0005676451900168,-0.0228656484751459,0.047662760056019,0.0159289631178608,0.0233492162978026,8.469648208413284,0.1398397350720968,0.0274859658290767,0.1557364249647715,0.0018677810390775,-0.0244391655194076,,,0.0529364717781985,0.3475436605510966,-0.0004538959615686,0.0054408956935621,1.089473070084214,0.1427040184428456,-0.0108705523447105,0.0571235294117647,0.0412499999999999,0.0307053946886128,0.0846964820841328,0.0,0.1427040184428456,0.7040230851784527,2026-07-09 08:50,2026-07-10 14:05
The Renaissance Club,1,2026-07-12,2026-07-09,541,Genesis Scottish Open,2026-07-07 15:01:18 UTC,no,pga,3600,0,RSA,27900,136.0,77.0,"potgieter, aldrich",63343,674,59.0,0.0,0.0,0.0,0.0,0.0,0.0,2004-09-13,-4.5,21,3.2,0.2978073329213185,1.463917525773196,0.2978073329213185,-0.1884,pga,2026-06-29,441,0.2978073329213185,0.12,0.29,-0.1499999999999999,3.0,1.0,48.0,-0.2810457516339868,-2.88235294117647,0.1971454595879328,-0.0005868336682319,-6.533765114136263e-05,-0.1357993580021841,0.1352811150054818,0.1983158739040085,-2.858006855670469,0.0957511649452085,0.0053112912258475,0.0877179473103026,-0.0084163644681606,0.0814297139719638,,,0.0132783792085782,0.3490973394993098,-0.0002851023153327,-0.0011911499508848,-8.721116718096518,-0.0336616325713507,0.0755014595717872,0.0337235294117647,-0.0247499999999999,0.093644093304268,-0.0285800685567046,-0.0,-0.0336616325713507,0.3894732610872872,2026-07-09 08:28,2026-07-10 13:43
The Renaissance Club,1,2026-07-12,2026-07-09,541,Genesis Scottish Open,2026-07-07 15:01:18 UTC,no,pga,3600,0,RSA,25890,0.0,259.0,"premlall, yurav",56267,121,0.0,0.0,0.0,0.0,0.0,0.0,0.0,1995-01-01,-6.5,31,3.2,-1.2273077464840514,0.0,-0.3755185753658054,-1.3506,euro,2026-06-29,961,-1.2273077464840514,-1.0,0.0,0.0,3.0,2.0,35.0,0.7189542483660132,-2.88235294117647,0.0,0.0,-0.0,-0.0,-0.0,-0.0,0.0,-0.5296834832955175,-0.0088050900449035,-0.2729086781326472,0.0370101923198995,-0.2050265563708698,,,-0.1372984410166988,-1.0677938865714995,0.0327914007423942,-0.0544051493028516,0.0,0.0,0.0705319185296953,0.0337235294117647,-0.03575,0.0,0.0,0.0,0.0,-1.069820357159735,2026-07-09 08:28,2026-07-10 13:43
The Renaissance Club,1,2026-07-12,2026-07-09,541,Genesis Scottish Open,2026-07-07 15:01:18 UTC,no,pga,3600,0,ESP,28984,57.0,64.0,"puig, david",61193,626,0.0,0.0,0.0,0.0,0.0,0.0,0.0,2001-12-07,-6.5,24,2.477540500561172,0.8619990581542127,-0.411082474226804,1.0699021960644672,0.9306,euro,2026-06-28,576,0.8619990581542127,-0.3199999999999999,0.2,0.1499999999999999,8.0,0.0,61.0,-1.2810457516339868,2.11764705882353,-0.2326009223992224,0.0040088712507309,0.0117535469406318,-0.1865008996672074,-0.0700007002173052,0.0081382592939274,0.0,0.4962817421705675,,-0.0075130299908041,-0.022860138236094,0.1013792338058776,0.1798149499804385,0.1108337213137572,,0.8937921053651793,-0.029070149889388,-0.0068981279864529,-13.46273848951521,0.0,0.0718239041972774,-0.0275294117647058,-0.0416,-0.1221154842595917,0.0,-0.0,0.0,0.7025472093408817,2026-07-09 12:26,2026-07-10 07:11
The Renaissance Club,1,2026-07-12,2026-07-09,541,Genesis Scottish Open,2026-07-07 15:01:18 UTC,no,pga,3600,0,USA,14704,86.0,89.0,"putnam, andrew",34256,122,65.0,0.0,0.0,0.0,0.0,0.0,0.0,1989-01-25,1.5,37,2.5970406318648864,0.2359091142518661,-0.661082474226804,0.9523349062859509,0.8013999999999999,pga,2026-06-29,1369,0.2359091142518661,-0.22,-0.1699999999999999,-0.1299999999999999,1.0,2.0,59.0,0.7189542483660132,-4.88235294117647,-0.1678931014305718,0.0022845110995201,-0.0139914896860111,0.1928130509562098,-0.069001962934899,-0.2799972108653916,-1.904778066473148,0.158348172896994,0.0223375831058193,-0.0581437791044373,-0.0153407247165983,-0.1184916811452714,,,0.0796702752514693,0.030390479286029,-0.0232319079183427,0.0410669387654386,4.843033576938737,-0.0041610056877579,-0.0558243978490425,0.0571235294117647,0.00825,-0.0797492231795216,-0.0190477806647314,0.0,-0.0041610056877579,-0.0071940008342172,2026-07-09 14:05,2026-07-10 08:50
The Renaissance Club,1,2026-07-12,2026-07-09,541,Genesis Scottish Open,2026-07-07 15:01:18 UTC,no,pga,3600,0,ESP,19195,3.0,11.0,"rahm, jon",46970,970,0.0,0.0,0.0,0.0,0.0,0.0,0.0,1994-11-10,-2.5,31,2.4104723369994545,2.099336481632907,0.588917525773196,2.7135894599069745,2.4896000000000003,pga,2026-06-19,961,2.099336481632907,-0.1599999999999999,-0.09,0.0099999999999998,17.0,0.0,47.0,-1.2810457516339868,11.117647058823527,-0.3814056988397725,0.0015765833635714,-0.0556809125759512,-0.1283037202443242,0.0022238674335916,-0.2012215168166601,-5.708172452632272,1.1585030126732112,,0.1267125188409967,-0.0032829585496892,0.1351099793181011,0.4810523312607993,0.2647371225184659,,2.052584924093777,-0.1002606482330071,-0.0213163640786136,-2.247937834753607,0.0839313557037837,0.0113299303435129,-0.1445294117647058,-0.016,-0.2002379918908805,-0.0285408622631613,-0.0,0.0839313557037837,1.747208013878813,2026-07-09 14:05,2026-07-10 08:50
The Renaissance Club,1,2026-07-12,2026-07-09,541,Genesis Scottish Open,2026-07-07 15:01:18 UTC,no,pga,3600,0,ENG,18554,31.0,16.0,"rai, aaron",46414,607,27.0,0.0,0.0,0.0,0.0,0.0,0.0,1995-03-03,5.5,31,3.076575668492708,1.0762535808825398,-0.411082474226804,1.2626205027844255,1.0474,pga,2026-06-28,961,1.0762535808825398,0.01,0.27,-0.03,8.0,0.0,47.0,-1.2810457516339868,2.11764705882353,-0.1740278844808412,-0.0012546149017404,-0.0396320512885252,0.0913482942321292,-0.1403443107791402,-0.0841452017435645,2.892868168938371,0.5862609441604802,,0.1225270251799626,-0.0093662900170029,0.0825459374071573,0.2023836004830339,0.0827841617966977,,1.0384985995035092,-0.0362977847165757,-0.0069643062102486,25.340279976627645,-0.0266544039584766,0.0146253114200043,-0.0275294117647058,0.0352,-0.0913646393524416,0.0144643408446918,0.0,-0.0266544039584766,0.9426144852725769,2026-07-09 08:17,2026-07-10 13:32
The Renaissance Club,1,2026-07-12,2026-07-09,541,Genesis Scottish Open,2026-07-07 15:01:18 UTC,no,pga,3600,0,FRA,23416,309.0,400.0,"ravetto, david",52287,77,0.0,0.0,0.0,0.0,0.0,0.0,0.0,1997-06-14,-4.5,29,2.4778440320508097,-0.6924316838020173,0.0,-0.6796419496098858,-0.77,euro,2026-06-29,841,-0.6924316838020173,0.0,0.0,0.0,3.0,2.0,55.0,0.7189542483660132,-2.88235294117647,-0.1107579901071225,0.0,-0.0,-0.0,-0.1107579901071225,-0.0,1.138873739132464,-0.3289529308683996,-0.0159398738138862,-0.1670997629079947,0.0370101923198995,-0.2050265563708698,,,-0.1397770718023001,-0.8166134679238903,0.016892604540695,-0.0475004538481805,0.0,0.0,0.0337803848271462,0.0337235294117647,-0.0247499999999999,-0.0526100453008831,0.0113887373913246,0.0,0.0,-0.8488612464216843,2026-07-09 09:12,2026-07-10 14:27
The Renaissance Club,1,2026-07-12,2026-07-09,541,Genesis Scottish Open,2026-07-07 15:01:18 UTC,no,pga,3600,0,USA,14838,48.0,31.0,"reed, patrick",34360,727,0.0,0.0,0.0,0.0,0.0,0.0,0.0,1990-08-05,-6.5,35,2.3146841894294936,0.9161481138717074,0.588917525773196,1.780933684062438,1.6276,euro,2026-06-29,1225,0.9161481138717074,-0.4199999999999999,0.1,-0.15,3.0,3.0,41.0,1.7189542483660132,-2.88235294117647,-0.1939414898512562,0.0010362009013134,-0.0281402479802563,0.0188467063521994,-0.0131359224860677,-0.172548226638445,0.0,0.4979055988029437,,-0.012373007997037,-0.0018824729057363,0.0201422772831704,0.3145312439051772,0.1146741967680509,,0.8410363487960024,-0.0392241913934241,-0.0096651423475784,67.68857939864613,0.0272362671573821,-0.0430721533195639,0.0374705882352941,-0.0416,-0.1018192821719095,0.0,0.0,0.0272362671573821,0.7623239220167692,2026-07-09 13:54,2026-07-10 08:39
The Renaissance Club,1,2026-07-12,2026-07-09,541,Genesis Scottish Open,2026-07-07 15:01:18 UTC,no,pga,3600,0,NOR,21407,36.0,25.0,"reitan, kristoffer",49855,1100,16.0,0.0,0.0,0.0,0.0,0.0,0.0,1995-01-01,-2.5,31,3.2,0.7961715587990397,0.338917525773196,0.977425430793748,0.583,pga,2026-06-28,961,0.7961715587990397,-0.38,0.19,0.03,8.0,0.0,57.0,-1.2810457516339868,2.11764705882353,-0.1029375167201519,0.0008396963049181,-0.0181134571383828,-0.0609301740617352,0.0022302438715975,-0.0269638256965496,7.26637442262661,0.4466798143501743,,0.083760232209108,-0.008757747440673,0.1307734235988686,0.1103313307960782,0.0647437296173061,,0.8173620333376445,-0.0486881825209083,-0.0054719213323388,2.1541801056920296,0.0855834286943783,0.0439913540600293,-0.0275294117647058,-0.016,-0.0540421962780797,0.036331872113133,0.0,0.0855834286943783,0.8417057261023702,2026-07-09 08:06,2026-07-10 13:21
The Renaissance Club,1,2026-07-12,2026-07-09,541,Genesis Scottish Open,2026-07-07 15:01:18 UTC,no,pga,3600,0,USA,19872,460.0,174.0,"riley, davis",47995,102,138.0,0.0,0.0,0.0,0.0,0.0,0.0,1996-12-17,1.5,29,3.2,-1.246559024778571,-0.411082474226804,0.8385916832123137,0.48,pga,2026-06-29,841,-1.246559024778571,-0.04,0.28,0.1,1.0,2.0,47.0,0.7189542483660132,-4.88235294117647,0.1459033516738404,0.0004371993292479,0.0314242752765019,-0.0136698921941673,0.1458771940121585,-0.0181654247499007,-2.963297068371798,-0.5386326974857564,0.0196694603649904,-0.1881483251757831,-0.0050151277939618,-0.1434775841483347,,,-0.2226341580638282,-1.0887247523824717,0.0325785204391059,-0.0727574977908849,-1.988276494967884,-0.0545952911959122,0.0296926572719817,0.0571235294117647,0.00825,0.0693040920450741,-0.0296329706837179,-0.0,-0.0545952911959122,-1.0382753928052628,2026-07-09 14:16,2026-07-10 09:01
The Renaissance Club,1,2026-07-12,2026-07-09,541,Genesis Scottish Open,2026-07-07 15:01:18 UTC,no,pga,3600,0,USA,18424,216.0,140.0,"roy, kevin",39335,109,95.0,0.0,0.0,0.0,0.0,0.0,0.0,1993-05-20,-6.5,33,3.0895557561235365,-0.3716075516303019,-0.411082474226804,0.5377960352629155,0.225,pga,2026-06-29,1089,-0.3716075516303019,-0.1999999999999999,0.15,0.0199999999999999,3.0,1.0,52.0,-0.2810457516339868,-2.88235294117647,-0.0707935409864454,0.0016248170606813,0.0223961175504085,-0.0060490961156345,0.0124452698262468,-0.1012106493081475,0.0,-0.1480758570457614,0.0126141699255547,-0.2591044168086117,-0.0033780436203449,-0.0621708861101934,,,-0.0120390638157775,-0.5153144484417636,-0.0013297459985069,-0.0015320786080079,-2.975374825672553,0.0,-0.0402985263601141,0.0337235294117647,-0.03575,-0.0336269319685615,0.0,-0.0,0.0,-0.5509678509985604,2026-07-09 14:27,2026-07-10 09:12
The Renaissance Club,1,2026-07-12,2026-07-09,541,Genesis Scottish Open,2026-07-07 15:01:18 UTC,no,pga,3600,0,FRA,18770,172.0,209.0,"rozner, antoine",46646,212,0.0,0.0,0.0,0.0,0.0,0.0,0.0,1993-02-12,7.5,33,2.3,-0.165633906267958,0.0,0.5575539113031862,0.2756,euro,2026-06-27,1089,-0.165633906267958,-0.35,0.0,0.0,8.0,0.0,47.0,-1.2810457516339868,2.11764705882353,0.0726419725465849,-0.0032863525764239,-0.0172833703302063,-0.0113258019385006,-0.0014003021140388,0.1059377995057547,4.3500975746725645,-0.0572916471375788,0.0130815148082279,-0.1264890659664133,0.0370101923198995,-0.2050265563708698,,,-0.0128357665682922,-0.3640220443527866,0.0031331677956299,-0.0090759249754274,5.501654192208741,0.1340388783453988,-0.0065279582579622,-0.0247764705882353,0.0412499999999999,0.0345049369596278,0.0435009757467256,0.0,0.1340388783453988,-0.1355037238892696,2026-07-09 13:43,2026-07-10 08:28
The Renaissance Club,1,2026-07-12,2026-07-09,541,Genesis Scottish Open,2026-07-07 15:01:18 UTC,no,pga,3600,0,FRA,14792,232.0,125.0,"saddier, adrien",34371,82,176.0,0.0,0.0,0.0,0.0,0.0,0.0,1992-05-15,-4.5,34,2.388992669918239,-0.3394793765585548,-1.5777491408934707,0.4477851463312943,0.0582,euro,2026-06-26,1156,-0.3394793765585548,0.15,0.04,-0.05,10.0,0.0,41.0,-1.2810457516339868,4.11764705882353,0.0796933544103061,0.0003189371604178,0.0153106358798644,0.0129713216612563,-0.0146871636461596,0.0657796233549271,-4.94485735985132,-0.1563493260995385,0.010502953338135,-0.0947871329170128,0.0051461438747742,0.0157118684365543,,,-0.0616116795278029,-0.3246418801254695,0.0134247635723877,-0.0424857356787978,-4.873818587461699,-0.058240578126957,-0.0141937351241687,-0.0481764705882353,-0.0247499999999999,0.0378543433448953,-0.0494485735985132,-0.0,-0.058240578126957,-0.4674031590942796,2026-07-09 07:22,2026-07-10 12:37
The Renaissance Club,1,2026-07-12,2026-07-09,541,Genesis Scottish Open,2026-07-07 15:01:18 UTC,no,pga,3600,0,RSA,26991,108.0,79.0,"schaper, jayden",57737,257,0.0,0.0,0.0,0.0,0.0,0.0,0.0,1995-01-01,-6.5,31,2.5730383487156487,0.2181034233655447,0.088917525773196,1.0482195286534477,0.6487999999999999,euro,2026-06-29,961,0.2181034233655447,0.0,0.0,0.0,1.0,2.0,47.0,0.7189542483660132,-4.88235294117647,-0.1885091333141928,0.0,-0.0,-0.0,-0.1885091333141928,-0.0,0.0,0.1269171724446999,0.0245860606497694,-0.2025626596068809,0.0195549519487575,-0.0090895106657752,,,0.0377105969523621,0.056300192666181,-0.0091115126908044,0.0086018654983481,-11.056070275243888,0.0,0.0596932281357043,0.0571235294117647,-0.03575,-0.0895418383242415,0.0,-0.0,0.0,-0.0118681162462958,2026-07-09 13:32,2026-07-10 08:17
The Renaissance Club,1,2026-07-12,2026-07-09,541,Genesis Scottish Open,2026-07-07 15:01:18 UTC,no,pga,3600,0,USA,19895,9.0,14.0,"schauffele, xander",48081,952,15.0,0.0,0.0,0.0,0.0,0.0,0.0,1993-10-25,9.5,32,2.474911787104398,1.5540141674388832,-0.161082474226804,2.6488158139020017,2.5268,pga,2026-06-28,1024,1.5540141674388832,-0.1700000000000001,0.12,-0.03,8.0,0.0,55.0,-1.2810457516339868,2.11764705882353,-0.1297226814874356,0.0020970134000012,-0.0359673992850204,-0.0695816040783355,-0.0099936520321813,-0.0162770394918995,7.446244682208722,0.862834088265651,,0.0727485430874978,-0.0073384131328514,0.1229106336603012,0.488240291866078,0.2017583111925822,,1.6462145292433363,-0.0787144454552858,-0.0149132493731426,83.25113973127371,0.1914039581555427,-0.0013112308674941,-0.0275294117647058,0.0608,-0.0681044077809037,0.0372312234110436,0.0,0.1914039581555427,1.8400158912643128,2026-07-09 08:06,2026-07-10 13:21
The Renaissance Club,1,2026-07-12,2026-07-09,541,Genesis Scottish Open,2026-07-07 15:01:18 UTC,no,pga,3600,0,USA,18417,1.0,1.0,"scheffler, scottie",46046,976,1.0,0.0,0.0,0.0,0.0,0.0,0.0,1996-06-21,3.5,30,2.375431032861851,2.98327971759798,0.463917525773196,3.411307856933354,3.2534,pga,2026-06-28,900,2.98327971759798,0.1099999999999998,-0.0999999999999999,0.03,8.0,0.0,57.0,-1.2810457516339868,2.11764705882353,-0.4765656418637292,0.0036157400324844,-0.0662469203442936,-0.0541633650503896,-0.0852112184215898,-0.2745598780799405,-2.323078618527724,1.6233490034349265,,0.255243203478847,-0.0172360559598651,0.1281643664618355,0.6286373933659561,0.3582443509708342,,2.8548590887793432,-0.1251424009004771,-0.0245522744504671,63.42327323654754,-0.0070310532032627,0.0281515023777532,-0.0275294117647058,0.0224,-0.2501969619784578,-0.0116153930926386,0.0,-0.0070310532032627,2.5808862687402785,2026-07-09 13:43,2026-07-10 08:28
The Renaissance Club,1,2026-07-12,2026-07-09,541,Genesis Scottish Open,2026-07-07 15:01:18 UTC,no,pga,3600,0,GER,20722,159.0,78.0,"schmid, matthias",48867,265,64.0,0.0,0.0,0.0,0.0,0.0,0.0,1997-11-18,-0.5,28,2.826889823833656,-0.2323431723958563,0.088917525773196,0.4168814153489268,0.174,euro,2026-06-29,784,-0.2323431723958563,-0.52,-0.3,-0.08,1.0,2.0,56.0,0.7189542483660132,-4.88235294117647,0.1276310077606682,0.0005428416526919,0.0095826657986751,-0.0503283307428281,0.117843029514378,0.0499908015377512,3.3772456619723696,-0.0825972686016718,0.0097781027089548,-0.0795677990529781,0.0097588475109111,0.0020844366564371,,,-0.0129242890963494,-0.1304289963007693,0.0085287599251327,-0.0232001910801906,-5.4249629121427,0.0397772322872307,0.0377104047289849,0.0571235294117647,-0.00275,0.0606247286863174,0.0337724566197236,-0.0,0.0397772322872307,0.0581189507042672,2026-07-09 09:12,2026-07-10 14:27
The Renaissance Club,1,2026-07-12,2026-07-09,541,Genesis Scottish Open,2026-07-07 15:01:18 UTC,no,pga,3600,0,GER,27588,324.0,204.0,"schott, freddy",58690,154,0.0,0.0,0.0,0.0,0.0,0.0,0.0,2001-05-27,-6.5,25,3.2,-1.0525289076390074,0.0,-0.5377237212801946,-0.8524,euro,2026-06-29,625,-1.0525289076390074,-0.35,0.0,0.0,1.0,3.0,39.0,1.7189542483660132,-4.88235294117647,0.0333743907741261,0.0,-0.0,-0.0,0.0333743907741261,-0.0,0.0,-0.4320856531372664,-0.0126118327475491,-0.0662815101103154,0.0370101923198995,-0.2050265563708698,,,-0.1314559541649244,-0.750561556661004,0.0128789011844924,-0.0137938733831986,0.0,0.0,0.0608047297487279,0.0571235294117647,-0.03575,0.0158528356177098,0.0,0.0,0.0,-0.7133351916315294,2026-07-09 12:48,2026-07-10 07:33
The Renaissance Club,1,2026-07-12,2026-07-09,541,Genesis Scottish Open,2026-07-07 15:01:18 UTC,no,pga,3600,0,AUS,6430,39.0,55.0,"scott, adam",24502,644,33.0,0.0,0.0,0.0,0.0,0.0,0.0,1980-07-16,3.5,46,2.669846553908632,0.8953175726970954,-0.411082474226804,1.9368117432461112,1.74,pga,2026-06-28,2116,0.8953175726970954,-0.19,0.2199999999999999,-0.13,8.0,0.0,53.0,-1.2810457516339868,2.11764705882353,-0.1002766395991386,-0.0007520192093372,-0.035447537196027,-0.0554869098407662,0.0196930581879337,-0.0282832315409418,12.628683991779608,0.5103927605736935,,0.0004971352090956,0.004704686338637,0.0524839002241407,0.3352835817817075,0.1196686612410627,,0.7361178760002206,-0.0529245536298344,-0.0104269286852865,-5.164656378564782,0.2247024380843161,-0.2235613670529956,-0.0275294117647058,0.0224,-0.0526452357895477,0.063143419958898,-0.0,0.2247024380843161,0.9661890864891812,2026-07-09 08:06,2026-07-10 13:21
The Renaissance Club,1,2026-07-12,2026-07-09,541,Genesis Scottish Open,2026-07-07 15:01:18 UTC,no,pga,3600,0,GER,6950,0.0,443.0,"siem, marcel",23481,83,0.0,0.0,0.0,0.0,0.0,0.0,0.0,1980-07-15,5.5,46,3.2,-1.3856897365763865,0.0,-0.092335056290439,-0.2778,euro,2026-06-29,2116,-1.3856897365763865,0.1399999999999999,0.0,0.0,3.0,2.0,34.0,0.7189542483660132,-2.88235294117647,-0.1596654817725654,-0.0007872543485092,0.0007432585347203,-0.0097719444360533,-0.1299728531222014,-0.0198766884005217,13.712889345036706,-0.6319833420792077,-0.0021670872375263,-0.2564350682353616,0.0370101923198995,-0.2050265563708698,,,-0.2238734734566288,-1.5349718890655053,0.052540937104923,-0.113232178181661,16.83114319675982,0.2587559076427334,-0.1918053129290723,0.0337235294117647,0.03025,-0.0758411038419685,0.137128893450367,0.0,0.2587559076427334,-1.1509546624026092,2026-07-09 07:55,2026-07-10 13:10
The Renaissance Club,1,2026-07-12,2026-07-09,541,Genesis Scottish Open,2026-07-07 15:01:18 UTC,no,pga,3600,0,USA,18474,46.0,43.0,"smalley, alex",46340,288,21.0,0.0,0.0,0.0,0.0,0.0,0.0,1996-10-21,3.5,29,2.781938284349065,0.5372762297266225,-0.536082474226804,1.1485725999833871,0.676,pga,2026-06-28,841,0.5372762297266225,-1.03,0.03,-0.24,8.0,0.0,63.0,-1.2810457516339868,2.11764705882353,-0.0490636649558362,0.0020694496890277,-0.0231500628903189,0.0124823250102589,-0.005466374492081,-0.0349990022727229,5.561996085793309,0.3209326067051973,,0.0224537346253738,-0.0205962042758735,0.0100177108503831,0.1297697403899232,0.0684665407350646,,0.5061897529581029,-0.0493256947494993,-0.006627659988843,11.588087365613475,0.014188752222265,0.0310989786663766,-0.0275294117647058,0.0224,-0.025758424101814,0.0278099804289665,0.0,0.014188752222265,0.5173006497428145,2026-07-09 07:33,2026-07-10 12:48
The Renaissance Club,1,2026-07-12,2026-07-09,541,Genesis Scottish Open,2026-07-07 15:01:18 UTC,no,pga,3600,0,ENG,18586,98.0,82.0,"smith, jordan",46464,349,73.0,0.0,0.0,0.0,0.0,0.0,0.0,1992-11-09,3.5,33,2.4778041806307094,0.2790207291119194,-0.786082474226804,0.8422547797510109,0.4996,pga,2026-06-12,1089,0.2790207291119194,0.0199999999999999,-0.0199999999999999,0.18,24.0,0.0,51.0,-1.2810457516339868,18.11764705882353,-0.0465726053029385,-0.0021225111201182,-0.0248949092503809,-0.0102112670439523,-0.0744578871965359,0.065113969308049,3.812231718846805,0.1383885213755618,0.0197580220766523,-0.0212392981124084,0.0149760509549396,0.0581728682609614,,,0.0627624723925464,0.2707691951891495,-0.0107023227127237,0.0173395196426903,0.0576063111433367,0.0470305382182753,-0.0086866386890702,-0.2119764705882353,0.01925,-0.0221219875188957,0.038122317188468,0.0,0.0470305382182753,0.1410735924887617,2026-07-09 12:59,2026-07-10 07:44
The Renaissance Club,1,2026-07-12,2026-07-09,541,Genesis Scottish Open,2026-07-07 15:01:18 UTC,no,pga,3600,0,USA,22985,157.0,101.0,"smotherman, austin",50095,115,70.0,0.0,0.0,0.0,0.0,0.0,0.0,1994-05-19,-6.5,32,3.028278705530148,0.0346013177747822,-1.161082474226804,0.4981774177373707,0.1586,pga,2026-06-29,1024,0.0346013177747822,-0.32,0.0,0.03,1.0,2.0,51.0,0.7189542483660132,-4.88235294117647,0.1408433134598878,-0.0019256540473899,-0.0280216738961697,0.0289747442673097,-0.110211701342536,0.2520275984786738,0.0,0.0621839503840684,0.0116841880962893,-0.0643559647294175,0.0063689606290237,0.045181018805594,,,0.0145176946013788,0.0942020194281771,-0.013091389495947,0.0248251564409183,-2.888355705919295,0.0,0.006888404696269,0.0571235294117647,-0.03575,0.0669005738934467,0.0,-0.0,0.0,0.1824761227333885,2026-07-09 14:16,2026-07-10 09:01
The Renaissance Club,1,2026-07-12,2026-07-09,541,Genesis Scottish Open,2026-07-07 15:01:18 UTC,no,pga,3600,0,USA,8820,121.0,119.0,"snedeker, brandt",27649,134,76.0,0.0,0.0,0.0,0.0,0.0,0.0,1980-12-08,-4.5,45,2.5686703757313167,0.2410373961908589,0.213917525773196,1.071609309862442,0.8838000000000001,pga,2026-06-28,2025,0.2410373961908589,0.0199999999999999,0.04,0.2899999999999999,8.0,0.0,36.0,-1.2810457516339868,2.11764705882353,-0.1431939845035251,0.0021390543968299,-0.0131729128078368,0.1348999048979396,-0.0922026989893098,-0.1748573320011479,-2.2610637517974617,0.1078156285823612,0.0251345640527834,0.1206375913760302,-0.0160143102168205,-0.0795229669977147,,,0.0294780018430436,0.0166606448803509,-0.0098289861081411,0.0215058966936246,-8.402599498207902,0.0794783287440358,-0.1825447743448158,-0.0247764705882353,-0.0247499999999999,-0.0680171426391744,-0.0226106375179746,-0.0,0.0794783287440358,-0.0440152771209976,2026-07-09 08:39,2026-07-10 13:54
The Renaissance Club,1,2026-07-12,2026-07-09,541,Genesis Scottish Open,2026-07-07 15:01:18 UTC,no,pga,3600,0,USA,17536,15.0,12.0,"spaun, j.j.",39324,490,18.0,0.0,0.0,0.0,0.0,0.0,0.0,1990-08-21,-0.5,35,2.5381387423330377,1.3985406407211385,0.213917525773196,1.589178299847509,1.2997999999999998,pga,2026-06-28,1225,1.3985406407211385,0.02,0.23,-0.0899999999999999,8.0,0.0,55.0,-1.2810457516339868,2.11764705882353,-0.2537678291515452,-0.0015481759930382,-0.0541272551775667,0.0090972389325374,-0.0684335372813276,-0.13875609963215,-3.049226212964802,0.7556797102211255,,0.1612988591215423,-0.0045006420726306,0.0645852949314036,0.2511535267403546,0.1481294496693722,,1.2739200459177853,-0.0494214350626497,-0.0099325643111684,2.845535286189836,-0.0359138160232556,-0.0430721533195639,-0.0275294117647058,-0.0032,-0.1332281103045612,-0.015246131064824,0.0,-0.0359138160232556,1.0588025767604388,2026-07-09 08:17,2026-07-10 13:32
The Renaissance Club,1,2026-07-12,2026-07-09,541,Genesis Scottish Open,2026-07-07 15:01:18 UTC,no,pga,3600,0,RSA,7049,320.0,120.0,"sterne, richard",24459,85,0.0,0.0,0.0,0.0,0.0,0.0,0.0,1995-01-01,-6.5,31,3.0308048163801127,-0.7976524704815688,0.0,0.0699468449931412,0.09,euro,2026-06-07,961,-0.7976524704815688,0.3500000000000001,0.0,0.0,29.0,0.0,39.0,-1.2810457516339868,23.11764705882353,-0.0532727168388019,0.0,-0.0,-0.0,-0.0532727168388019,-0.0,0.0,-0.3924809869726386,0.0027100562952096,0.0152146807404588,0.0370101923198995,-0.2050265563708698,,,-0.2027165892509609,-0.9624499565128704,0.0235650123564908,-0.0708807964460159,-8.806405533902272,0.0,-0.169844969184444,-0.2704764705882353,-0.03575,-0.0253045404984309,0.0,-0.0,0.0,-1.2939809675995364,2026-07-09 12:26,2026-07-10 07:11
The Renaissance Club,1,2026-07-12,2026-07-09,541,Genesis Scottish Open,2026-07-07 15:01:18 UTC,no,pga,3600,0,USA,25569,81.0,46.0,"stevens, samuel",55893,297,47.0,0.0,0.0,0.0,0.0,0.0,0.0,1996-07-04,1.5,30,2.3,0.3957834444619951,-0.411082474226804,0.8122251858579677,0.6489999999999999,pga,2026-06-28,900,0.3957834444619951,0.38,-0.0499999999999999,0.0999999999999999,8.0,0.0,69.0,-1.2810457516339868,2.11764705882353,-0.0302179857562528,-0.000928382803346,-0.0112464301305377,-0.0430463205388198,0.0153082559023504,0.0096948918141002,-7.0262468014414186,0.1794745175095529,0.0190510322545124,0.014585085375828,0.0075646365755719,0.019737223159969,,,0.0590445262141445,0.3494102332239757,-0.0117531600967214,0.0353974465136629,14.119478470933888,-0.0042230116993164,0.0263089257174553,-0.0247764705882353,0.00825,-0.01435354323422,-0.0702624680144141,0.0,-0.0042230116993164,0.2440447396877897,2026-07-09 12:48,2026-07-10 07:33
The Renaissance Club,1,2026-07-12,2026-07-09,541,Genesis Scottish Open,2026-07-07 15:01:18 UTC,no,pga,3600,0,AUT,17511,100.0,23.0,"straka, sepp",49960,443,32.0,0.0,0.0,0.0,0.0,0.0,0.0,1993-05-01,1.5,33,3.2,0.444262016476659,-0.536082474226804,1.4266785904020924,1.2784,pga,2026-06-28,1089,0.444262016476659,-0.8300000000000001,-0.08,-0.08,8.0,0.0,58.0,-1.2810457516339868,2.11764705882353,0.0022879865509923,0.0009294584963207,-0.0344216605165155,0.0260832395855136,-0.000169498085549,0.0098664470712226,3.9473618106064174,0.2971558323603188,,-0.1896513338924405,0.0015826893946829,-0.0340335029957017,0.2470185171448449,0.1178251131701071,,0.410256419950908,-0.0202561360647811,-0.0032593019112989,-12.93540151177016,0.1271925886836489,-0.0061254572548234,-0.0247764705882353,0.00825,0.0010867936117213,0.0394736181060641,-0.0,0.1271925886836489,0.5614829497641071,2026-07-09 13:32,2026-07-10 08:17
The Renaissance Club,1,2026-07-12,2026-07-09,541,Genesis Scottish Open,2026-07-07 15:01:18 UTC,no,pga,3600,0,RSA,13731,0.0,0.0,"strydom, ockie",33023,80,0.0,0.0,0.0,0.0,0.0,0.0,0.0,1985-01-08,-0.5,41,3.176363641263144,-2.7310794975606414,0.0,-0.6694538254743788,-1.4088,euro,2026-06-29,1681,-2.7310794975606414,-0.4500000000000002,0.0,0.0,3.0,2.0,27.0,0.7189542483660132,-2.88235294117647,0.0427979026373606,0.0,-0.0,-0.0,0.0427979026373606,-0.0,-1.7557955787572863,-1.2905266136439144,-0.0164098283815463,-0.4878594770310026,0.0370101923198995,-0.2050265563708698,,,-0.5159978160453499,-2.6833419330160133,0.080162931567863,-0.1705568242405946,-3.1820377278803607,0.0154527249774964,-0.114137941190498,0.0337235294117647,-0.00275,0.0203290037527462,-0.0175579557875728,-0.0,0.0154527249774964,-2.634144630661578,2026-07-09 09:01,2026-07-10 14:16
The Renaissance Club,1,2026-07-12,2026-07-09,541,Genesis Scottish Open,2026-07-07 15:01:18 UTC,no,pga,3600,0,ENG,15326,240.0,127.0,"sullivan, andy",35314,188,0.0,0.0,0.0,0.0,0.0,0.0,0.0,1987-05-19,-0.5,39,3.2,-0.5127250301488036,0.0,0.5049150110665614,0.392,euro,2026-06-29,1521,-0.5127250301488036,0.13,0.0,0.0,1.0,3.0,51.0,1.7189542483660132,-4.88235294117647,-0.0951032760686363,0.0008540007948678,-0.0126223821036418,0.0188124619049452,-0.1946107293273101,0.0924633726625025,11.110209833574716,-0.1964036949474527,0.0118466607912113,-0.1146603430499298,-0.0103801252726544,-0.0252866086190739,,,-0.0802014104198124,-0.5148937852668087,0.0189555583024493,-0.0408252016434645,-0.4971070913776636,0.0075800341796712,-0.0779386204080813,0.0571235294117647,-0.00275,-0.0451740561326022,0.1111020983357471,-0.0,0.0075800341796712,-0.3870121794722279,2026-07-09 12:59,2026-07-10 07:44
The Renaissance Club,1,2026-07-12,2026-07-09,541,Genesis Scottish Open,2026-07-07 15:01:18 UTC,no,pga,3600,0,SWE,26850,174.0,170.0,"svensson, jesper",57586,535,113.0,0.0,0.0,0.0,0.0,0.0,0.0,1996-03-14,1.5,30,3.025021972967624,-0.1791221575869553,2.088917525773196,0.4426061000385642,0.1677999999999999,pga,2026-06-14,900,-0.1791221575869553,1.25,0.3799999999999999,0.1799999999999999,22.0,0.0,38.0,-1.2810457516339868,16.11764705882353,-0.1448283084258597,-0.0037418436680061,0.0219155232794941,-0.1473264558930911,0.0064584252543566,-0.0221339573986131,8.994948551164182,-0.1291235990965051,0.0103814848897367,0.1692219464231516,0.0071221180427337,0.0737412181080562,,,-0.0742704010399808,0.0719724925362624,0.0115351410246939,-0.0203403056527874,6.571215883617647,0.0591481551742077,0.0237048898371636,-0.1885764705882353,0.00825,-0.0687934465022833,0.0899494855116418,0.0,0.0591481551742077,-0.0280497838684067,2026-07-09 07:55,2026-07-10 13:10
The Renaissance Club,1,2026-07-12,2026-07-09,541,Genesis Scottish Open,2026-07-07 15:01:18 UTC,no,pga,3600,0,SCO,22089,0.0,366.0,"syme, connor",50584,169,0.0,0.0,0.0,0.0,0.0,0.0,0.0,1995-07-11,9.5,31,3.2,-1.484982478097968,0.0,0.1827018514109791,-0.1484,euro,2026-06-29,961,-1.484982478097968,0.1100000000000001,0.0,0.0,3.0,2.0,34.0,0.7189542483660132,-2.88235294117647,0.0188565176968203,-0.00281042798,-0.01046039325,0.00440500896,0.0807117632668203,-0.0529894333,7.543625639749326,-0.6946244831470635,0.0042547187696894,-0.4108071676542576,0.0370101923198995,-0.2050265563708698,,,-0.2483942137284699,-1.5865455726539055,0.0516368920997719,-0.1380029703444323,0.3421407992061602,0.153509653324563,0.0174080154018266,0.0337235294117647,0.05225,0.0089568459059896,0.0754362563974932,0.0,0.153509653324563,-1.262669287614095,2026-07-09 13:10,2026-07-10 07:55
The Renaissance Club,1,2026-07-12,2026-07-09,541,Genesis Scottish Open,2026-07-07 15:01:18 UTC,no,pga,3600,0,CAN,13126,49.0,70.0,"taylor, nick",25493,265,57.0,0.0,0.0,0.0,0.0,0.0,0.0,1988-04-14,9.5,38,2.726649278022023,0.5474988925615651,0.088917525773196,1.0050617507740731,0.8690000000000001,pga,2026-06-28,1444,0.5474988925615651,0.03,0.24,0.0499999999999999,8.0,0.0,69.0,-1.2810457516339868,2.11764705882353,-0.1822389174319154,0.0012478663022396,-0.0128326616086287,0.0610609430681432,-0.0428437251972639,-0.1888713399964057,11.334203431512194,0.2861902225156206,,0.0730403543225106,-0.0199592391111703,-0.0035440434830688,0.167912305537289,0.0967002068661543,,0.4860083372714619,-0.0296090176226592,-0.0070502650394213,-16.233053138598073,0.0902461253733677,-0.0776721867137928,-0.0275294117647058,0.0608,-0.0956754316517555,0.0566710171575609,-0.0,0.0902461253733677,0.5705206363859291,2026-07-09 12:59,2026-07-10 07:44
The Renaissance Club,1,2026-07-12,2026-07-09,541,Genesis Scottish Open,2026-07-07 15:01:18 UTC,no,pga,3600,0,USA,23014,58.0,76.0,"theegala, sahith",51634,548,39.0,0.0,0.0,0.0,0.0,0.0,0.0,1997-12-04,-0.5,28,2.9758538551725664,0.5115667752169234,0.463917525773196,1.3629450612009806,1.2166,pga,2026-06-28,784,0.5115667752169234,0.18,0.09,0.0199999999999999,8.0,0.0,75.0,-1.2810457516339868,2.11764705882353,-0.1154911420200584,0.0001389327440069,-0.0110680088728099,-0.0138846794216311,0.1165398228686552,-0.2072172093382795,3.756093152915216,0.2274692696184859,0.0319683639145472,0.1347994178749735,0.0021485650314779,0.008330912407203,,,0.0779883472183827,0.5517091966071294,-0.0214202511947175,0.051947087945823,13.888351148321442,-0.0540468641275121,0.0384774837909535,-0.0275294117647058,-0.0032,-0.0606328495605306,0.018780465764576,0.0,-0.0540468641275121,0.4250805369189568,2026-07-09 12:59,2026-07-10 07:44
The Renaissance Club,1,2026-07-12,2026-07-09,541,Genesis Scottish Open,2026-07-07 15:01:18 UTC,no,pga,3600,0,USA,14139,18.0,18.0,"thomas, justin",33448,857,36.0,0.0,0.0,0.0,0.0,0.0,0.0,1993-04-29,7.5,33,3.010210744624559,1.429965724963393,0.338917525773196,2.2806007753143565,2.1792,pga,2026-06-28,1089,1.429965724963393,0.0,0.18,-0.0599999999999999,8.0,0.0,47.0,-1.2810457516339868,2.11764705882353,-0.3427918827769785,0.0011654208268148,-0.020266997961673,-0.0444401087755848,-0.0384942856529752,-0.2407559112135601,-15.081816771710889,0.7795072058826699,,0.1774260843320141,-0.0167687287699795,0.0574170662784628,0.4248309561062176,0.1212150065261449,,1.4817260002649548,-0.0459790283545778,-0.0085754278433066,-53.44329549397757,-0.3595906612321938,-0.0073471338926905,-0.0275294117647058,0.048,-0.1799657384579137,-0.0754090838585544,-0.0,-0.3595906612321938,0.8872311049515873,2026-07-09 13:54,2026-07-10 08:39
The Renaissance Club,1,2026-07-12,2026-07-09,541,Genesis Scottish Open,2026-07-07 15:01:18 UTC,no,pga,3600,0,USA,26649,83.0,83.0,"thorbjornsen, michael",57364,276,77.0,0.0,0.0,0.0,0.0,0.0,0.0,2001-09-16,-6.5,24,3.2,0.4688173169783169,-0.0360824742268039,0.8257063864764189,0.6286,pga,2026-06-29,576,0.4688173169783169,-0.0499999999999999,-0.2299999999999999,-0.4,3.0,1.0,54.0,-0.2810457516339868,-2.88235294117647,-0.1602962498612918,-0.0014750690303386,-0.0005132910150902,-0.0615945029152673,0.0037154421899507,-0.1004288290905463,0.0,0.2187560637284027,0.0193672386394105,-0.023584253024232,0.0080701958026618,0.0469647498460206,,,0.0831226538456996,0.425402938893364,-0.011910508865547,0.0221921290486821,-3.839694464761052,0.0,0.0624246698722654,0.0337235294117647,-0.03575,-0.0761407186841136,0.0,-0.0,0.0,0.3472357496210151,2026-07-09 07:55,2026-07-10 13:10
The Renaissance Club,1,2026-07-12,2026-07-09,541,Genesis Scottish Open,2026-07-07 15:01:18 UTC,no,pga,3600,0,NED,13374,304.0,230.0,"van driel, darius",32659,73,0.0,0.0,0.0,0.0,0.0,0.0,0.0,1989-06-02,-2.5,37,2.6121862724694664,-0.8069372779139543,0.0,-0.4302785461109026,-0.7432000000000001,euro,2026-06-29,1369,-0.8069372779139543,-0.2899999999999999,0.0,0.0,1.0,3.0,57.0,1.7189542483660132,-4.88235294117647,-0.2128350909365821,0.0,-0.0,-0.0,-0.2128350909365821,-0.0,-5.749752382729748,-0.3484168046452228,-0.0100923345271214,-0.2728376500171938,0.0370101923198995,-0.2050265563708698,,,-0.1033057902427385,-0.9736478192631506,0.0121324763191283,-0.0325631776444276,0.0,-0.0149579636317454,-0.0505481744546045,0.0571235294117647,-0.0137499999999999,-0.1010966681948764,-0.0574975238272974,0.0,-0.0149579636317454,-1.1038264455053053,2026-07-09 12:15,2026-07-10 07:00
The Renaissance Club,1,2026-07-12,2026-07-09,541,Genesis Scottish Open,2026-07-07 15:01:18 UTC,no,pga,3600,0,RSA,17550,177.0,181.0,"van rooyen, erik",40006,186,133.0,0.0,0.0,0.0,0.0,0.0,0.0,1990-02-21,5.5,36,2.3177132750304827,-0.3079424618083173,0.213917525773196,0.9983466614083296,0.8068000000000001,pga,2026-06-29,1296,-0.3079424618083173,0.24,0.2299999999999999,0.08,1.0,2.0,46.0,0.7189542483660132,-4.88235294117647,0.1190820426588879,0.0001486320901586,0.0196867284650567,-0.0074629786696195,0.0194926693581164,0.0872169914151757,0.1728163194798149,-0.1405167427586632,0.0236083854631518,0.1224195816127278,-0.0191826294140193,-0.0515095051789082,,,-0.0624969048083748,-0.186982488139885,0.0147719315964985,-0.0325189513518378,-15.786806758410556,0.0345270560270437,-0.0415576533004596,0.0571235294117647,0.03025,0.0565639702629717,0.0017281631947981,-0.0,0.0345270560270437,-0.0067897692433066,2026-07-09 13:54,2026-07-10 08:39
The Renaissance Club,1,2026-07-12,2026-07-09,541,Genesis Scottish Open,2026-07-07 15:01:18 UTC,no,pga,3600,0,USA,20522,0.0,291.0,"veerman, johannes",48640,57,0.0,0.0,0.0,0.0,0.0,0.0,0.0,1992-05-17,-2.5,34,2.8865295978786687,-1.4538934086101083,0.0,0.3344604110282812,-0.0209999999999999,euro,2026-06-29,1156,-1.4538934086101083,-0.6100000000000001,0.0,0.0,3.0,2.0,35.0,0.7189542483660132,-2.88235294117647,0.1612922286011161,-0.00065775974,0.02153610375,-0.0,0.0980223379511161,0.04239154664,-6.413069909366939,-0.640204538942437,0.0077288066044528,-0.4061815053711498,0.0370101923198995,-0.2050265563708698,,,-0.1563307845489943,-1.414743204972578,0.0338674921374144,-0.0714125756767252,3.6620644700174574,0.0433747467318354,-0.0141937351241687,0.0337235294117647,-0.0137499999999999,0.0766138085855301,-0.0641306990936693,0.0,0.0433747467318354,-1.3389118193371172,2026-07-09 12:15,2026-07-10 07:00
The Renaissance Club,1,2026-07-12,2026-07-09,541,Genesis Scottish Open,2026-07-07 15:01:18 UTC,no,pga,3600,0,AUS,24304,211.0,197.0,"vilips, karl",54304,167,122.0,0.0,0.0,0.0,0.0,0.0,0.0,2001-08-16,-4.5,24,2.8952230013666096,-0.6836004534424822,-0.536082474226804,0.1230555555555555,0.120625,pga,2026-06-29,576,-0.6836004534424822,-0.66,-0.08,-0.2199999999999999,1.0,2.0,43.0,0.7189542483660132,-4.88235294117647,0.0,0.0,0.0,0.0,0.0,0.0,0.0,-0.2600437572896689,0.0030491964989616,-0.0362229993530807,-0.0049618331170211,-0.0700234032191977,,,-0.0553265800357426,-0.3611719954495426,0.0100614563404272,-0.0095950734114398,-7.357218507837117,0.0,0.0618909981372194,0.0571235294117647,-0.0247499999999999,0.0,0.0,-0.0,0.0,-0.3287984660377779,2026-07-09 14:27,2026-07-10 09:12
The Renaissance Club,1,2026-07-12,2026-07-09,541,Genesis Scottish Open,2026-07-07 15:01:18 UTC,no,pga,3600,0,GER,22231,404.0,258.0,"von dellingshausen, nicolai",50743,93,0.0,0.0,0.0,0.0,0.0,0.0,0.0,1993-01-22,-2.5,33,2.8954590534415217,-1.1667381441696925,0.0,-0.3117788438068116,-0.637,euro,2026-06-29,1089,-1.1667381441696925,0.69,0.0,0.0,1.0,3.0,39.0,1.7189542483660132,-4.88235294117647,0.1332746761862762,0.0,-0.0,-0.0,0.1332746761862762,-0.0,-2.13775259369914,-0.5372564755838,-0.0073135230140449,0.0026017744708057,0.0370101923198995,-0.2050265563708698,,,-0.2544137456363587,-1.0070858948484454,0.0371171385448191,-0.0722005552584463,0.0,0.0269600198265955,-0.0076041443204497,0.0571235294117647,-0.0137499999999999,0.0633054711884811,-0.0213775259369914,0.0,0.0269600198265955,-0.8948244003585955,2026-07-09 13:32,2026-07-10 08:17
The Renaissance Club,1,2026-07-12,2026-07-09,541,Genesis Scottish Open,2026-07-07 15:01:18 UTC,no,pga,3600,0,ENG,20706,59.0,69.0,"wallace, matt",48887,328,86.0,0.0,0.0,0.0,0.0,0.0,0.0,1990-04-12,5.5,36,2.402534152908076,0.605807020237728,0.588917525773196,0.9622940039440294,0.93,pga,2026-06-29,1296,0.605807020237728,0.22,0.0,0.0,1.0,3.0,58.0,1.7189542483660132,-4.88235294117647,-0.1099574171674224,0.0006205384420179,-0.0175171600335818,0.0074011254129983,0.0224757815400132,-0.12293770252887,-0.0840101928737389,0.3205015054719635,,0.0999478695846829,-0.0071798450082423,0.006170909883836,0.1520678762460833,0.0426368574284251,,0.5402241109008761,-0.0221190261910505,-0.0044342758536455,29.63481267170293,0.0383057207271093,-0.0473677606611762,0.0634705882352941,0.0352,-0.0577276440128967,-0.0004200509643686,0.0,0.0383057207271093,0.619052724886014,2026-07-09 07:22,2026-07-10 12:37
The Renaissance Club,1,2026-07-12,2026-07-09,541,Genesis Scottish Open,2026-07-07 15:01:18 UTC,no,pga,3600,0,ENG,12426,273.0,342.0,"waring, paul",31113,103,185.0,0.0,0.0,0.0,0.0,0.0,0.0,1985-02-02,-3.5,41,2.54427738372659,-0.5298108364156954,0.0,0.800247210389811,0.5438000000000001,euro,2026-06-29,1681,-0.5298108364156954,-0.1699999999999999,-0.0399999999999999,0.0,1.0,2.0,43.0,0.7189542483660132,-4.88235294117647,0.2771646609557176,0.0002013980475984,0.0234373997168862,-0.0084129198827935,0.0144353866631878,0.2475033964108385,3.062970460611409,-0.2198446782521547,0.0187701816375047,-0.0872358087739547,-0.0206453133369377,0.0299224868659041,,,-0.0867520774960444,-0.4736982873267312,0.016377565460291,-0.0117335527939722,-4.552245786097595,-0.0538405349828363,-0.1125570906373671,0.0571235294117647,-0.01925,0.1316532139539658,0.030629704606114,-0.0,-0.0538405349828363,-0.3273823743377229,2026-07-09 12:59,2026-07-10 07:44
The Renaissance Club,1,2026-07-12,2026-07-09,541,Genesis Scottish Open,2026-07-07 15:01:18 UTC,no,pga,3600,0,AUT,9531,124.0,154.0,"wiesberger, bernd",29454,368,0.0,0.0,0.0,0.0,0.0,0.0,0.0,1985-10-08,-2.5,40,2.4710086014766173,-0.3090860669792609,0.0,0.7015840443683209,0.5604,euro,2026-06-29,1600,-0.3090860669792609,-0.22,0.0,0.0,1.0,3.0,51.0,1.7189542483660132,-4.88235294117647,-0.2585510624474305,-0.0024724894088546,-0.0238039278248238,-0.0018980468719604,-0.0374277075529439,-0.1929488907888476,-4.986550974218579,-0.1012046892466856,0.0164576726739723,0.1389909880274555,0.0018825851160055,-0.0269268210700409,,,-0.0335500381336743,-0.1068095882215156,0.0006860483372422,-0.0014775645886125,-4.754021238503407,-0.0573060287576462,-0.1016677693371779,0.0571235294117647,-0.0137499999999999,-0.1228117546625294,-0.0498655097421857,-0.0,-0.0573060287576462,-0.2934193519721123,2026-07-09 07:33,2026-07-10 12:48
The Renaissance Club,1,2026-07-12,2026-07-09,541,Genesis Scottish Open,2026-07-07 15:01:18 UTC,no,pga,3600,0,ENG,12920,463.0,396.0,"willett, danny",32139,101,191.0,0.0,0.0,0.0,0.0,0.0,0.0,1987-10-03,-0.5,38,2.7155353215415343,-0.7680130171582842,0.088917525773196,0.97472088791762,0.625,euro,2026-06-29,1444,-0.7680130171582842,0.1699999999999999,0.0299999999999999,0.1399999999999999,4.0,2.0,37.0,0.7189542483660132,-1.88235294117647,0.086579488904756,0.0024194159541192,0.0338752048350153,0.0765843412437706,0.0017827839095565,-0.0280822570377057,-17.40905693250031,-0.3560282059186733,0.0228631461550024,-0.3118005845099338,-0.0041405769494426,-0.0789967321696961,,,-0.1442917207332167,-0.971788763349824,0.0326077445971635,-0.0597431683998986,29.87417096820712,0.0218042762766315,-0.0722586654211286,0.0220235294117647,-0.00275,0.0411252572297591,-0.1740905693250031,0.0,0.0218042762766315,-1.063676269756672,2026-07-09 12:37,2026-07-10 07:22
The Renaissance Club,1,2026-07-12,2026-07-09,541,Genesis Scottish Open,2026-07-07 15:01:18 UTC,no,pga,3600,0,CHN,11763,322.0,306.0,"wu, ashun",33870,87,0.0,0.0,0.0,0.0,0.0,0.0,0.0,1985-06-22,7.5,41,2.3093755876950848,-1.0098964319681096,0.0,0.0558339977792189,-0.2716,euro,2026-06-29,1681,-1.0098964319681096,-0.07,0.0,0.0,1.0,3.0,36.0,1.7189542483660132,-4.88235294117647,0.0799114711770686,0.0,-0.0,-0.0,0.0799114711770686,-0.0,5.7773794664067175,-0.4107901626203204,0.0012590806737963,0.0159562102128642,0.0370101923198995,-0.2050265563708698,,,-0.1588094153345956,-0.8563352856413192,0.019256372331941,-0.0473386180392611,0.0,0.1116084993874492,-0.1078523888147735,0.0571235294117647,0.0412499999999999,0.0379579488091075,0.0577737946640671,0.0,0.1116084993874492,-0.5506215133689305,2026-07-09 07:11,2026-07-10 12:26
The Renaissance Club,1,2026-07-12,2026-07-09,541,Genesis Scottish Open,2026-07-07 15:01:18 UTC,no,pga,3600,0,CAN,29925,85.0,104.0,"yellamaraju, sudarshan",60386,253,48.0,0.0,0.0,0.0,0.0,0.0,0.0,2001-08-01,-6.5,24,2.4404977468607005,0.3852329066466789,0.963917525773196,0.5266699127977909,0.2856,pga,2026-06-29,576,0.3852329066466789,0.45,0.02,-0.24,3.0,1.0,64.0,-0.2810457516339868,-2.88235294117647,-0.0653599654956614,0.0008984833949759,-0.007542881233799,-0.0332708498779757,-0.02383980234906,-0.0016049154298026,0.0,0.1695308723171278,0.012353247930118,0.0522670631037165,0.0026235291662499,0.066155235522334,,,0.0594871388544304,0.4427519963718916,-0.0285613139033095,0.0475452052851841,-6.992114282730939,0.0,0.0613510180960401,0.0337235294117647,-0.03575,-0.0310459836104391,0.0,-0.0,0.0,0.4096795421732171,2026-07-09 09:01,2026-07-10 14:16
The Renaissance Club,1,2026-07-12,2026-07-09,541,Genesis Scottish Open,2026-07-07 15:01:18 UTC,no,pga,3600,0,TPE,17881,104.0,124.0,"yu, kevin",45242,272,115.0,0.0,0.0,0.0,0.0,0.0,0.0,1998-08-11,1.5,27,2.617621366208791,0.3453752510103388,0.838917525773196,0.764784352321293,0.6118,pga,2026-06-29,729,0.3453752510103388,0.31,-0.0799999999999999,0.18,1.0,2.0,44.0,0.7189542483660132,-4.88235294117647,-0.1012545371363392,-0.0010490016295691,-0.0047549263761253,-0.0561584664770622,-0.0119790359347435,-0.0273131067188389,-6.967711875316311,0.1590131953826403,0.0179382904387103,0.1710246088044723,-0.0020923095391516,0.0706726539810388,,,0.056477372900486,0.5092745517743453,0.0010782220003709,-0.0077849659281931,-5.226304970281745,-0.0820657783044094,0.0429474837339712,0.0571235294117647,0.00825,-0.0480959051397611,-0.0696771187531631,-0.0,-0.0820657783044094,0.3748092789887763,2026-07-09 13:32,2026-07-10 08:17
