course_name,current_round,date_end,date_start,event_id,event_name,last_updated,multi_course,tour_x,tz_offset,am,country,dg_id,dg_rank,owgr_rank,player_name,player_num,pre_tourn_pageviews,tour_rank,r1_course,r2_course,r3_teetime,r3_course,r4_teetime,r4_course,Birthday,c_exp,player_age,std_dev,skill_est,ema_8_great_shots,max_skill,sma_50_max_skill,tour_y,Date,age_squared,adj_skill_est,delta_adj_skill_est,delta_sg_putt,delta_sg_ott,dsle,consecutive_weeks_played,sample,relative_consecutive_weeks,relative_dsle,course_adjustment,putt_adj,app_adj,dd_adj,acc_adj,arg_adj,course_history_raw,comp_adj_skill_est,comp_max_skill,comp_ema_sg_adj,comp_putt,comp_ott,comp_max_skill_50,comp_6m_sg,comp_sma20_sg,pred_step2,comp_sma50_sg,comp_sma6m_sg,majors_history_raw,links_adj,comp_age,comp_relative_dsle,comp_c_exp,comp_c_adj,comp_c_hist,comp_major,comp_links,pred,r1_teetime,r2_teetime
TPC Toronto at Osprey Valley (North Course),1,2026-06-14,2026-06-11,32,RBC Canadian Open,2026-06-08 16:31:06 UTC,no,pga,-14400,0,CAN,26617,0.0,0.0,"anderson, matthew",57321,14,0.0,0.0,0.0,0.0,0.0,0.0,0.0,1995-01-01,-2.5,31,3.2,-1.5358457813958726,-4.440892098500626e-16,-0.6896392133157203,-1.0788,kft,2026-06-01,961,-1.5358457813958726,-0.96,0.0,0.0,2.0,1.0,31.0,-0.7518248175182483,-5.430656934306569,-0.0641126460905517,0.0,-0.0,-0.0,-0.0641126460905517,-0.0,4.427712202326266,-0.6968070717160076,-0.0182823792891527,-0.3105651743493859,0.0353325265239273,-0.2048581069445751,,,-0.2071706768705812,-1.397961981758357,0.0433435758013849,-0.0941614650991241,0.0,0.0,0.0552067901851576,0.0635386861313868,-0.0137499999999999,-0.030453506893012,0.0442771220232626,0.0,0.0,-1.3343496804967194,2026-06-11 14:27,2026-06-12 09:12
TPC Toronto at Osprey Valley (North Course),1,2026-06-14,2026-06-11,32,RBC Canadian Open,2026-06-08 16:31:06 UTC,no,pga,-14400,0,USA,19846,82.0,155.0,"bauchou, zach",48001,132,80.0,0.0,0.0,0.0,0.0,0.0,0.0,1996-01-01,-6.5,30,3.0,-2.5,0.2402146464646462,0.293555037334488,0.1413793103448276,pga,2026-05-31,900,-2.5,0.4,0.0,0.23,7.0,3.0,49.0,1.2481751824817515,-0.4306569343065689,0.0,0.0,0.0,0.0,0.0,0.0,0.0,0.1153484605821798,0.0066356284237402,0.2103469832016172,0.0009054548797198,0.0001365720712963,,,0.0118588592137539,0.3799618643542978,-0.0137491082337641,0.026058939201358,-2.6822731224232657,0.0,0.0224200750143964,0.0050386861313868,-0.03575,0.0,0.0,-0.0,0.0,0.3492505504856846,2026-06-11 08:39,2026-06-12 13:54
TPC Toronto at Osprey Valley (North Course),1,2026-06-14,2026-06-11,32,RBC Canadian Open,2026-06-08 16:31:06 UTC,no,pga,-14400,0,CAN,9457,0.0,0.0,"benson, yohann",30637,11,0.0,0.0,0.0,0.0,0.0,0.0,0.0,1995-01-01,-6.5,31,3.0,-2.5,-4.440892098500626e-16,0.0,0.0,0,2026-05-31,961,-2.5,0.0,0.0,0.0,7.430656934306569,0.0,0.0,0.0,0.0,0.0,0.0,0.0,0.0,0.0,0.0,0.0,,,,,,,,,,,,0.0,0.0,,-0.0,-0.03575,0.0,0.0,0.0,0.0,-2.5,2026-06-11 08:50,2026-06-12 14:05
TPC Toronto at Osprey Valley (North Course),1,2026-06-14,2026-06-11,32,RBC Canadian Open,2026-06-08 16:31:06 UTC,no,pga,-14400,0,RSA,18103,58.0,96.0,"bezuidenhout, christiaan",45522,98,89.0,0.0,0.0,0.0,0.0,0.0,0.0,1994-05-18,-6.5,32,2.3,0.6677630763272183,-0.1347853535353538,1.2024297193622373,1.028,pga,2026-05-31,1024,0.6677630763272183,-0.04,-0.1,0.1299999999999999,7.0,5.0,50.0,3.248175182481752,-0.4306569343065689,0.1337971358721492,0.0008343136462572,-0.0014208706497,0.1231170581113142,0.0141081313508848,-0.002841496586607,0.0,0.3622597178042834,,0.0630150433153559,-0.0096945800333138,-0.048059035836284,0.2132503738219994,0.0694855880581503,,0.623245553662498,-0.0136411002347607,-0.0196277399257489,6.0215376721957945,0.0612045974778823,0.0062572866928164,0.0055985401459853,-0.0416,0.0702434963328783,0.0,0.0,0.0,0.6574875901413617,2026-06-11 12:26,2026-06-12 07:11
TPC Toronto at Osprey Valley (North Course),1,2026-06-14,2026-06-11,32,RBC Canadian Open,2026-06-08 16:31:06 UTC,no,pga,-14400,0,USA,24956,161.0,111.0,"blanchet, chandler",54788,34,87.0,0.0,0.0,0.0,0.0,0.0,0.0,1995-02-01,-6.5,31,2.895504597953124,-0.0629777656998708,-1.0097853535353538,0.3819243834746473,0.1024,pga,2026-05-31,961,-0.0629777656998708,-0.0799999999999999,0.0499999999999999,-0.0099999999999999,7.0,6.0,46.0,4.0,-0.4306569343065689,0.0860295546561083,-0.0003583373379471,-0.0010842318155282,0.0536448037135091,0.02971527045739,0.0041120496386846,0.0,-0.02376629423477,0.0101577921804275,-0.0447298145923505,0.0025618437231615,0.0241527708087654,,,-0.0176086091355741,-0.053229512543339,-0.0023556668421309,-0.0158590622458867,3.0635811002538733,0.0,0.0142175277950188,0.0050386861313868,-0.03575,0.0408640384616514,0.0,0.0,0.0,-0.0430767879503007,2026-06-11 13:54,2026-06-12 08:39
TPC Toronto at Osprey Valley (North Course),1,2026-06-14,2026-06-11,32,RBC Canadian Open,2026-06-08 16:31:06 UTC,no,pga,-14400,0,USA,29197,88.0,55.0,"brennan, michael",61522,236,100.0,0.0,0.0,0.0,0.0,0.0,0.0,2002-06-01,-6.5,24,2.5747116447583065,0.186193313454008,0.4902146464646462,0.4625787639125214,0.1636,pga,2026-05-31,576,0.186193313454008,0.01,0.0199999999999999,-0.01,7.0,4.0,48.0,2.248175182481752,-0.4306569343065689,-0.1328619629247932,-0.000456971652418,5.971859633062973e-05,-0.1389075438169772,0.0027580613910726,0.0036847725571987,0.0,0.0688609505815571,0.0122624729113616,0.1572437046644186,-0.002398607450621,0.1371320167886986,,,0.0500407922883407,0.4895538559919933,-0.00773638174388,0.0090298524262432,-0.3919012463310958,0.0,0.0651190555258743,0.0050386861313868,-0.03575,-0.0631094323892767,0.0,-0.0,0.0,0.3957331097341034,2026-06-11 07:33,2026-06-12 12:48
TPC Toronto at Osprey Valley (North Course),1,2026-06-14,2026-06-11,32,RBC Canadian Open,2026-06-08 16:31:06 UTC,no,pga,-14400,0,USA,29433,49.0,27.0,"bridgeman, jacob",60004,129,9.0,0.0,0.0,0.0,0.0,0.0,0.0,1999-12-06,-6.5,26,3.1426180778609414,0.6221043758936478,-0.2597853535353538,1.3061276476055252,0.9366,pga,2026-06-01,676,0.6221043758936478,-0.3199999999999999,-0.33,0.24,0.0,2.0,55.0,0.2481751824817517,-7.430656934306569,0.0283745843809538,0.0011388578488148,-0.0010784151560931,0.0153830048144427,0.0134462880655552,-0.0005151511917658,0.0,0.3293510462801881,,0.0049960840450365,0.0032803591625988,-0.0051635182770191,0.1927136160317485,0.0904103595214652,,0.6181034844329906,-0.0230817373583162,-0.0308817138589137,-10.95334769490606,0.0,0.0564789888862025,0.0965985401459853,-0.0416,0.0148966568000007,0.0,-0.0,0.0,0.6879986813789767,2026-06-11 08:06,2026-06-12 13:21
TPC Toronto at Osprey Valley (North Course),1,2026-06-14,2026-06-11,32,RBC Canadian Open,2026-06-08 16:31:06 UTC,no,pga,-14400,0,ENG,20766,197.0,115.0,"brown, dan",57259,38,133.0,0.0,0.0,0.0,0.0,0.0,0.0,1995-01-01,-6.5,31,2.32172573456785,0.1424194403364623,-4.440892098500626e-16,0.3449543301336311,0.0227999999999999,euro,2025-12-21,961,0.1424194403364623,-0.2899999999999999,-0.42,0.25,9.0,0.0,41.0,-1.7518248175182485,1.569343065693431,0.0139455631819315,-7.970121179618988e-05,-0.0012262103509745,0.0081523959801041,0.0052895240970092,0.0018095546675888,0.0,-0.2242837893010003,0.0058322139547077,-0.177491196999509,0.0154352497621545,0.0127558314590822,,,-0.0676494014239148,-0.4522525288738576,0.0212448944933364,-0.050422064429641,-0.6753032928664036,0.1981180506680482,0.0123257336109268,-0.0183613138686131,-0.03575,0.0066241425114174,0.0,-0.0,0.0,-0.4997397002310532,2026-06-11 08:39,2026-06-12 13:54
TPC Toronto at Osprey Valley (North Course),1,2026-06-14,2026-06-11,32,RBC Canadian Open,2026-06-08 16:31:06 UTC,no,pga,-14400,0,USA,19483,11.0,29.0,"burns, sam",47504,515,23.0,0.0,0.0,0.0,0.0,0.0,0.0,1996-07-23,-2.5,29,3.039808691306244,1.207123280766503,0.3652146464646462,1.795282189499898,1.426,pga,2026-06-01,841,1.207123280766503,0.07,0.01,-0.19,0.0,2.0,47.0,0.2481751824817517,-7.430656934306569,-0.074037347811989,0.0016398035369212,-0.0016532808875918,-0.0670806563635639,-0.0085681537193976,0.0016249396216431,6.577301549770958,0.7386751714372388,,0.2272774160802054,-0.0295608186789841,0.0297404056238204,0.2958122889787657,0.1334614457387881,,1.3616580161159522,-0.0251292017191947,-0.0365644826326054,-1.1571716368667782,-0.2042180413883431,0.027945791287918,0.0965985401459853,-0.016,-0.0388696076012942,0.0328865077488547,-0.0,-0.0,1.436273456409498,2026-06-11 12:59,2026-06-12 07:44
TPC Toronto at Osprey Valley (North Course),1,2026-06-14,2026-06-11,32,RBC Canadian Open,2026-06-08 16:31:06 UTC,no,pga,-14400,0,USA,18628,348.0,124.0,"campbell, brian",46443,49,151.0,0.0,0.0,0.0,0.0,0.0,0.0,1993-05-23,-6.5,33,3.2,-0.9311276270693316,-0.3847853535353538,0.4943252169258131,0.1624,pga,2026-06-01,1089,-0.9311276270693316,-0.6699999999999999,-0.0499999999999999,-0.12,2.0,2.0,47.0,0.2481751824817517,-5.430656934306569,0.2374048538946875,0.0005833145316629,0.0026361138212601,0.2052211196825166,0.0287205374678153,0.0002437683914325,0.0,-0.4158567819154679,0.0130922438329256,-0.1936848009242304,-0.0002876067659047,-0.1060550419652065,,,-0.1316153693041637,-0.8742789226154783,0.02838670074213,-0.0645462963183717,5.091550279924851,-0.0508473603777853,-0.0037119699971888,0.0635386861313868,-0.03575,0.1127673055999765,0.0,0.0,-0.0,-0.7337229308841149,2026-06-11 12:48,2026-06-12 07:33
TPC Toronto at Osprey Valley (North Course),1,2026-06-14,2026-06-11,32,RBC Canadian Open,2026-06-08 16:31:06 UTC,no,pga,-14400,0,PUR,12909,0.0,0.0,"campos, rafael",32070,11,177.0,0.0,0.0,0.0,0.0,0.0,0.0,1988-04-15,-4.5,38,2.340753798376793,-1.5432271219205784,-1.3847853535353538,-0.4062673227481591,-0.6186,pga,2026-05-22,1444,-1.5432271219205784,-0.3400000000000001,-0.1999999999999999,-0.0799999999999999,16.0,0.0,27.0,-1.7518248175182485,8.569343065693431,-0.0215477819485814,-0.0003456942305244,0.0027821607750643,-0.0012012482987638,-0.0270739353399606,0.0042909351456031,0.1740710410006833,-0.6930292138601077,-0.0107701722090376,-0.3438434565616143,0.0118984638571093,-0.0681836065947194,,,-0.2426574146693148,-1.4597994830432195,0.0458974454326923,-0.0962939169009658,7.466028630783131,0.0,-0.0628176115372612,-0.1002613138686131,-0.0247499999999999,-0.0102351964255761,0.0017407104100068,0.0,0.0,-1.593305282927402,2026-06-11 07:22,2026-06-12 12:37
TPC Toronto at Osprey Valley (North Course),1,2026-06-14,2026-06-11,32,RBC Canadian Open,2026-06-08 16:31:06 UTC,no,pga,-14400,0,USA,27819,107.0,97.0,"castillo, ricky",59440,50,58.0,0.0,0.0,0.0,0.0,0.0,0.0,2001-02-01,-4.5,25,2.32814045091435,0.1571578598445937,-0.6347853535353538,0.6846504481432694,0.341,pga,2026-05-31,625,0.1571578598445937,-0.19,-0.0399999999999999,-0.15,7.0,2.0,51.0,0.2481751824817517,-0.4306569343065689,-0.0433475279993362,0.0003419300344416,0.0010892207728294,-0.0360375156888044,-0.0072284309627243,-0.0015127321550784,-1.0700596953315973,0.0795343452100689,0.0181501268051627,-0.0343705823061882,0.003638543581434,0.0023285538156033,,,0.0394396908699848,0.1822364799050851,-0.0171518619159513,0.0308044918041114,-2.818303829350622,0.0,0.0598631720408592,0.0050386861313868,-0.0247499999999999,-0.0205900757996846,-0.0107005969533159,-0.0,0.0,0.1312344932834713,2026-06-11 08:06,2026-06-12 13:21
TPC Toronto at Osprey Valley (North Course),1,2026-06-14,2026-06-11,32,RBC Canadian Open,2026-06-08 16:31:06 UTC,no,pga,-14400,0,USA,14502,54.0,68.0,"cauley, bud",34021,102,55.0,0.0,0.0,0.0,0.0,0.0,0.0,1990-03-16,-6.5,36,2.456040827667531,0.6346278025393256,-0.2597853535353538,0.8472122133869852,0.6165999999999999,pga,2026-06-01,1296,0.6346278025393256,0.0799999999999999,0.09,-0.13,0.0,2.0,54.0,0.2481751824817517,-7.430656934306569,0.0321153061298953,-0.000440591532146,-0.0025358970926789,0.0327278286555077,0.0046219794195077,-0.0022580133202951,0.0,0.3519806320236891,,0.1280134600077201,-0.0006727044728064,0.0896682352381997,0.1279087358936234,0.0432691219215316,,0.6687242304956416,-0.0118612628366195,-0.0131495841190186,-1.4977173869738865,-0.0055248127666554,-0.0464324031606777,0.0965985401459853,-0.0416,0.016860535718195,0.0,-0.0,-0.0,0.740583306359822,2026-06-11 08:17,2026-06-12 13:32
TPC Toronto at Osprey Valley (North Course),1,2026-06-14,2026-06-11,32,RBC Canadian Open,2026-06-08 16:31:06 UTC,no,pga,-14400,0,USA,30620,339.0,309.0,"chatfield, davis",59006,19,175.0,0.0,0.0,0.0,0.0,0.0,0.0,1999-06-01,-6.5,27,2.3,-0.7219791205778152,-1.5097853535353538,0.0904096543254353,-0.2094,pga,2026-05-29,729,-0.7219791205778152,-0.37,-0.04,-0.3,9.0,0.0,31.0,-1.7518248175182485,1.569343065693431,0.1101027228142964,-0.0005394841273256,0.0028543144895952,0.0794248404111497,0.0294973264815388,-0.0011342744406616,0.0,-0.3162900817200771,0.0023794664387046,-0.1909130984260386,0.0075403144854713,-0.0458609015413255,,,-0.1108623656800942,-0.6361255644146127,0.0192644834493493,-0.0508718372586753,0.0,0.0,0.0494884558380728,-0.0183613138686131,-0.03575,0.0522987933367907,0.0,0.0,0.0,-0.637938084946435,2026-06-11 14:05,2026-06-12 08:50
TPC Toronto at Osprey Valley (North Course),1,2026-06-14,2026-06-11,32,RBC Canadian Open,2026-06-08 16:31:06 UTC,no,pga,-14400,0,USA,32330,277.0,249.0,"clanton, luke",66743,103,138.0,0.0,0.0,0.0,0.0,0.0,0.0,2003-11-05,-4.5,22,2.734440036715733,-0.5842770671534434,0.1152146464646461,1.01,1.01,pga,2026-05-31,484,-0.5842770671534434,0.55,0.41,0.37,7.0,3.0,34.0,1.2481751824817515,-0.4306569343065689,-0.0071648188215621,-0.0011579862558515,-0.0020014041268997,-0.0153097023546295,0.0077104007509449,0.0035938731648737,-2.9951776669494645,-0.2880796469679811,0.0265100634304896,-0.0252585162167833,0.0063028516315149,-0.0974032012485806,,,-0.1384431973363251,-0.5334290815541569,0.0256190986906124,-0.0694340149599165,0.0,0.0,0.0267574814228125,0.0050386861313868,-0.0247499999999999,-0.0034032889402419,-0.0299517766694946,0.0,0.0,-0.5864954610325068,2026-06-11 08:50,2026-06-12 14:05
TPC Toronto at Osprey Valley (North Course),1,2026-06-14,2026-06-11,32,RBC Canadian Open,2026-06-08 16:31:06 UTC,no,pga,-14400,0,USA,23604,24.0,37.0,"clark, wyndham",51766,481,21.0,0.0,0.0,0.0,0.0,0.0,0.0,1993-12-09,-2.5,32,2.980577210363459,0.9858051042817018,1.7402146464646462,1.5676166184535467,1.1928,pga,2026-06-01,1024,0.9858051042817018,0.75,0.3399999999999999,0.28,0.0,2.0,47.0,0.2481751824817517,-7.430656934306569,-0.0723113219440852,-2.6197107641829146e-05,-0.0026512361261312,-0.0548496971142811,-0.0119788365923662,-0.0028053550036646,-2.989137461659193,0.5741624542878635,,0.3215592267346475,-0.0263763487593194,0.0316561986241278,0.2474368150728414,0.0657310537336633,,1.1686838191660485,-0.0195553686717869,-0.0265660297728636,-7.351003324324837,0.0280276533009379,0.0006358179168747,0.0965985401459853,-0.016,-0.0379634440206447,-0.0149456873082959,-0.0,0.0,1.1963732279830932,2026-06-11 12:59,2026-06-12 07:44
TPC Toronto at Osprey Valley (North Course),1,2026-06-14,2026-06-11,32,RBC Canadian Open,2026-06-08 16:31:06 UTC,no,pga,-14400,0,USA,21756,36.0,63.0,"cole, eric",47591,294,37.0,0.0,0.0,0.0,0.0,0.0,0.0,1988-06-12,-4.5,38,2.7075676029359057,0.7654392432831405,1.1152146464646462,1.239088852308764,0.9788,pga,2026-06-01,1444,0.7654392432831405,0.31,0.24,0.3199999999999999,0.0,4.0,49.0,2.248175182481752,-7.430656934306569,0.0157389774031522,0.0009085792563114,-0.0025240597772771,0.0333589457272527,-0.0117661280287019,-0.0042383597744328,-7.630778915258263,0.4525033234144003,,0.236501808624169,-0.0275068947716911,-0.0586780027522739,0.2030442275262383,0.0393736724667713,,0.7347043099212468,-0.0169299520127194,-0.0207890796131906,9.95526401680248,-0.0075893299688861,-0.0728147929604571,0.0965985401459853,-0.0288,0.0082629631366549,-0.0381538945762913,0.0,-0.0,0.7726119186275957,2026-06-11 12:37,2026-06-12 07:22
TPC Toronto at Osprey Valley (North Course),1,2026-06-14,2026-06-11,32,RBC Canadian Open,2026-06-08 16:31:06 UTC,no,pga,-14400,0,CAN,17576,81.0,54.0,"conners, corey",39997,206,83.0,0.0,0.0,0.0,0.0,0.0,0.0,1992-01-06,-2.5,34,2.7030639325641954,0.7761581349976997,-0.0097853535353538,1.5690083735194826,1.4029999999999998,pga,2026-06-01,1156,0.7761581349976997,-0.06,-0.11,-0.0699999999999999,0.0,2.0,51.0,0.2481751824817517,-7.430656934306569,0.0454360485744848,7.083543875943379e-06,-0.0035840419433362,0.0410074896666352,0.0077945264227956,0.0002109908845142,-1.9388630596149468,0.3657452454964354,,-0.1433812902844679,-0.0040303077477689,-0.0148154658690442,0.2910411230274953,0.0845078309612148,,0.536004841482079,-0.0089463627456031,-0.011785261506315,8.906791460823682,-0.0027252186807408,-0.0223306698498673,0.0965985401459853,-0.016,0.0238539255016045,-0.0096943152980747,0.0,-0.0,0.6307629918315941,2026-06-11 07:44,2026-06-12 12:59
TPC Toronto at Osprey Valley (North Course),1,2026-06-14,2026-06-11,32,RBC Canadian Open,2026-06-08 16:31:06 UTC,no,pga,-14400,0,USA,11441,0.0,0.0,"covello, vince",32982,14,0.0,0.0,0.0,0.0,0.0,0.0,0.0,1982-11-26,-4.5,43,2.7,-1.9305803710777631,-1.1347853535353538,-0.5818797618018234,-0.8243478260869566,kft,2026-05-15,1849,-1.9305803710777631,-0.0499999999999998,-0.05,0.05,23.0,0.0,3.0,-1.7518248175182485,15.569343065693433,0.0082798901419836,-0.0017851473194558,0.0027073384402489,0.0019611957744648,0.0018795388974569,0.0035169643492687,3.8011352719054656,-0.878539149031061,-0.0153322280453324,-0.3676444400256783,0.0686204775130034,0.0835821076333866,,,-0.3416908677498311,-1.6740369533284845,0.070435483793016,-0.1497634991760042,0.0,0.0,-0.1437048382399837,-0.1821613138686131,-0.0247499999999999,0.0039329478174422,0.0380113527190546,0.0,0.0,-1.8390039666606008,2026-06-11 14:05,2026-06-12 08:50
TPC Toronto at Osprey Valley (North Course),1,2026-06-14,2026-06-11,32,RBC Canadian Open,2026-06-08 16:31:06 UTC,no,pga,-14400,0,USA,27780,221.0,225.0,"crowe, trace",52514,27,149.0,0.0,0.0,0.0,0.0,0.0,0.0,1996-10-09,-6.5,29,2.7,-0.4422403602092933,-0.6347853535353538,-0.0059208233802414,-0.2434,pga,2026-05-29,841,-0.4422403602092933,-0.81,-0.05,-0.07,9.0,0.0,17.0,-1.7518248175182485,1.569343065693431,-0.0564544634973536,-0.0001458256367749,0.0016190970299933,-0.0243797667030638,-0.0326997689077998,-0.0008481992797083,0.0,-0.1699026115057613,-0.0001582180847686,-0.1936499632955971,0.011641478614192,-0.0700444010661326,,,-0.0549146037455085,-0.4830830713110359,0.0045306826337552,-0.0406999226438379,0.0,0.0,0.0301144877826231,-0.0183613138686131,-0.03575,-0.0268158701612429,0.0,0.0,0.0,-0.564010255340892,2026-06-11 13:54,2026-06-12 08:39
TPC Toronto at Osprey Valley (North Course),1,2026-06-14,2026-06-11,32,RBC Canadian Open,2026-06-08 16:31:06 UTC,no,pga,-14400,0,USA,14509,218.0,203.0,"dahmen, joel",34076,26,108.0,0.0,0.0,0.0,0.0,0.0,0.0,1987-11-11,-4.5,38,2.669912377582503,-0.4947483366137475,-1.2597853535353538,1.0630111122475323,0.6338,pga,2026-05-31,1444,-0.4947483366137475,-0.0799999999999999,0.0899999999999999,-0.02,7.0,3.0,37.0,1.2481751824817515,-0.4306569343065689,0.0936693096539786,-0.0006320983391334,-0.0008669982172818,0.0619174613146818,0.0298935220886013,0.0033574228071107,-1.2594869393528605,-0.2293540481597525,0.028180492001498,-0.1063576658530561,0.0143758628418787,-0.0225480489710329,,,-0.0531851867768361,-0.4336812377503574,0.0139672407393595,-0.0104523556334764,-0.2098709016322146,-0.0561570910851076,-0.0683075279389395,0.0050386861313868,-0.0247499999999999,0.0444929220856398,-0.0125948693935286,-0.0,-0.0,-0.4214944989268593,2026-06-11 13:21,2026-06-12 08:06
TPC Toronto at Osprey Valley (North Course),1,2026-06-14,2026-06-11,32,RBC Canadian Open,2026-06-08 16:31:06 UTC,no,pga,-14400,0,AUS,17786,0.0,295.0,"davis, cameron",45157,31,197.0,0.0,0.0,0.0,0.0,0.0,0.0,1995-02-21,-6.5,31,3.2,-1.5458155647666074,-0.0097853535353538,1.1244400786323283,0.7678,pga,2026-05-29,961,-1.5458155647666074,0.53,0.0199999999999999,0.19,9.0,0.0,28.0,-1.7518248175182485,1.569343065693431,0.012505013115343,-0.0002704795334781,0.0033154311245856,0.0189835685618676,-0.0117055500970255,0.0021820430593935,0.0,-0.7257970327888956,0.0298089937969728,-0.2364113401678809,0.0067575812478779,-0.1174178382970656,,,-0.2565825902612228,-1.3657077797763513,0.049896972356091,-0.1311165406520493,2.303295406000805,-0.0345894658285551,0.0151540149898212,-0.0183613138686131,-0.03575,0.0059398812297879,0.0,0.0,-0.0,-1.4138792124151764,2026-06-11 12:48,2026-06-12 07:33
TPC Toronto at Osprey Valley (North Course),1,2026-06-14,2026-06-11,32,RBC Canadian Open,2026-06-08 16:31:06 UTC,no,pga,-14400,0,CAN,31347,0.0,0.0,"desmarchais, laurent",59338,17,0.0,0.0,0.0,0.0,0.0,0.0,0.0,1995-01-01,-6.5,31,3.0,-2.5,-4.440892098500626e-16,0.0,0.0,0,2026-05-29,961,-2.5,0.0,0.0,0.0,7.430656934306569,0.0,0.0,0.0,0.0,0.0,0.0,0.0,0.0,0.0,0.0,0.0,,,,,,,,,,,,0.0,0.0,,-0.0,-0.03575,0.0,0.0,0.0,0.0,-2.5,2026-06-11 08:39,2026-06-12 13:54
TPC Toronto at Osprey Valley (North Course),1,2026-06-14,2026-06-11,32,RBC Canadian Open,2026-06-08 16:31:06 UTC,no,pga,-14400,0,CHN,16757,141.0,189.0,"dou, zecheng",37338,37,109.0,0.0,0.0,0.0,0.0,0.0,0.0,1997-01-22,-6.5,29,2.6942409423651856,-0.0240275373268553,0.8652146464646462,0.271864760254165,0.0283999999999999,pga,2026-05-29,841,-0.0240275373268553,0.13,0.01,0.1699999999999999,9.0,0.0,43.0,-1.7518248175182485,1.569343065693431,-0.05273860510897,-0.000194137438737,-0.0008340703794741,-0.0244941693200164,-0.025423927941015,-0.0017923000297273,0.0,-0.0114438282616648,0.0072071177824363,-0.0415358410613844,-0.0005769801581357,-0.0714135360808789,,,-0.0005390390551706,-0.0982871934420769,-0.0102294904518386,-0.0015109475289944,0.0,0.0,0.0317553513735542,-0.0183613138686131,-0.03575,-0.0250508374267607,0.0,0.0,0.0,-0.1774493447374508,2026-06-11 09:01,2026-06-12 14:16
TPC Toronto at Osprey Valley (North Course),1,2026-06-14,2026-06-11,32,RBC Canadian Open,2026-06-08 16:31:06 UTC,no,pga,-14400,0,BEL,22002,127.0,166.0,"dumont de chassart, adrien",50497,62,99.0,0.0,0.0,0.0,0.0,0.0,0.0,2000-03-01,-6.5,26,2.3434737945283333,0.1239568496971618,-0.0097853535353538,0.43,0.43,pga,2026-05-29,676,0.1239568496971618,-0.4499999999999999,0.0199999999999999,-0.46,9.0,0.0,41.0,-1.7518248175182485,1.569343065693431,-0.0671136687432043,-0.0002329412952441,0.0010397512432033,-0.0365426284419784,-0.0289609610386264,-0.0024168892105588,0.0,0.0768425408465495,0.0111827056919864,-0.0605497286351702,-0.0062637503021618,-0.0610135728516593,,,0.0426739252010087,0.0551125996003919,-0.0192555887695244,0.0168995556578988,0.0,0.0,0.0545965127614643,-0.0183613138686131,-0.03575,-0.031878992653022,0.0,0.0,0.0,-0.0308777069212432,2026-06-11 14:05,2026-06-12 08:50
TPC Toronto at Osprey Valley (North Course),1,2026-06-14,2026-06-11,32,RBC Canadian Open,2026-06-08 16:31:06 UTC,no,pga,-14400,0,USA,28270,314.0,330.0,"dunlap, nick",59866,34,170.0,0.0,0.0,0.0,0.0,0.0,0.0,2003-12-23,-4.5,22,2.797033290140438,-0.8629342668524169,-0.7597853535353538,0.6417159272133469,0.3903125,pga,2026-05-31,484,-0.8629342668524169,0.3500000000000001,-0.01,0.25,7.0,3.0,27.0,1.2481751824817515,-0.4306569343065689,0.0151990148448555,-6.368964044087514e-06,-0.0009774897220148,0.0563215677876947,-0.0409127529262858,0.0007740586695054,-2.7921232894672494,-0.4117611170634275,0.0170119299347813,-0.0433406677746707,0.0043787600121103,-0.1195483626092892,,,-0.200163169153363,-0.719522250131692,0.0239289356649002,-0.0630273422047212,-21.944839825769,0.0,0.0729987830619877,0.0050386861313868,-0.0247499999999999,0.0072195320513063,-0.0279212328946724,-0.0,0.0,-0.7599352648436715,2026-06-11 12:37,2026-06-12 07:22
TPC Toronto at Osprey Valley (North Course),1,2026-06-14,2026-06-11,32,RBC Canadian Open,2026-06-08 16:31:06 UTC,no,pga,-14400,0,USA,26653,123.0,175.0,"eckroat, austin",57362,96,102.0,0.0,0.0,0.0,0.0,0.0,0.0,1999-01-12,-6.5,27,2.397631578830425,0.2270488518748577,1.7402146464646462,0.7784374407081582,0.4724,pga,2026-05-31,729,0.2270488518748577,-0.36,0.38,-0.26,7.0,3.0,42.0,1.2481751824817515,-0.4306569343065689,-0.0082535618462218,-6.314924442810421e-05,-0.0027197713189228,0.001155883557718,-0.0088988621786143,0.0022723373380254,0.0,0.1246353800526866,0.0206364259298413,-0.0504071522080427,-0.0054369691815019,-0.0344298191738182,,,0.0442012025239921,0.1586512856640463,-0.0046058448897072,0.0172741935901156,-1.864263134262257,-0.028253613978025,0.0467838690204807,0.0050386861313868,-0.03575,-0.0039204418769553,0.0,-0.0,-0.0,0.1240195299184778,2026-06-11 13:32,2026-06-12 08:17
TPC Toronto at Osprey Valley (North Course),1,2026-06-14,2026-06-11,32,RBC Canadian Open,2026-06-08 16:31:06 UTC,no,pga,-14400,0,CAN,21883,163.0,192.0,"ewart, a.j.",50286,118,85.0,0.0,0.0,0.0,0.0,0.0,0.0,1995-01-01,-4.5,31,2.5213644155211354,0.2546456241998679,0.6152146464646462,0.6308357267375401,0.5069230769230769,pga,2026-05-31,961,0.2546456241998679,0.79,0.25,-0.03,7.0,3.0,45.0,1.2481751824817515,-0.4306569343065689,0.0073626072365833,0.0003869293329857,0.0010520472044709,0.0277454035596033,-0.0213692351955835,-0.0004525376648931,0.0,0.0864400252445,0.0167234951300312,0.1429926666657256,-0.0206655236634914,-0.0433479754294721,,,0.0122182185838677,0.2539965389896809,-0.0152194865741451,0.0247061996522664,0.0,0.0,0.0501489193803984,0.0050386861313868,-0.0247499999999999,0.003497238437377,0.0,0.0,0.0,0.2377824635584448,2026-06-11 08:50,2026-06-12 14:05
TPC Toronto at Osprey Valley (North Course),1,2026-06-14,2026-06-11,32,RBC Canadian Open,2026-06-08 16:31:06 UTC,no,pga,-14400,0,USA,11676,105.0,111.0,"finau, tony",29725,151,76.0,0.0,0.0,0.0,0.0,0.0,0.0,1989-09-14,-6.5,36,2.91854724358925,0.2068994991650873,0.6152146464646462,1.9728075854306049,1.8806,pga,2026-06-01,1296,0.2068994991650873,0.01,-0.18,0.15,0.0,4.0,54.0,2.248175182481752,-7.430656934306569,-0.0368127823576123,-4.9643455082858745e-05,-0.0001970032530528,-0.006408951840575,-0.0263462392958547,-0.0038109445130468,0.0,0.1234049812145374,0.0523107252136962,0.089094219896754,0.0091080186873379,0.0036259884929189,,,0.0128470974815668,0.2498084795467871,-0.0142894861674476,0.0181002702272674,9.55711272690098,0.0147801306598058,-0.0443933354998443,0.0869386861313868,-0.03575,-0.0174860716198658,0.0,0.0,0.0,0.2835110940583081,2026-06-11 07:33,2026-06-12 12:48
TPC Toronto at Osprey Valley (North Course),1,2026-06-14,2026-06-11,32,RBC Canadian Open,2026-06-08 16:31:06 UTC,no,pga,-14400,0,USA,25094,204.0,205.0,"fishburn, patrick",54576,31,163.0,0.0,0.0,0.0,0.0,0.0,0.0,1992-07-21,-2.5,33,2.3511984672200827,-0.2030474152169685,1.2402146464646462,0.645879894230206,0.4168,pga,2026-05-31,1089,-0.2030474152169685,0.1,-0.29,0.11,7.0,3.0,32.0,1.2481751824817515,-0.4306569343065689,-0.0462714782173714,0.0003911949920032,0.0005251098941351,-0.0306665616565078,-0.0171684153276485,0.0006471938806464,1.9911504437352967,-0.0975345605408094,0.0171223169645207,-0.0148906004294211,0.0062964917767406,0.0204243532623741,,,-0.052556307879137,-0.161142314874034,0.016996543171843,-0.0457670880556692,-0.9333460872625184,0.0,-0.0112334631444757,0.0050386861313868,-0.0137499999999999,-0.0219789521532514,0.0199115044373529,-0.0,0.0,-0.1719210764585456,2026-06-11 14:16,2026-06-12 09:01
TPC Toronto at Osprey Valley (North Course),1,2026-06-14,2026-06-11,32,RBC Canadian Open,2026-06-08 16:31:06 UTC,no,pga,-14400,0,USA,26657,94.0,118.0,"fisk, steven",57123,65,88.0,0.0,0.0,0.0,0.0,0.0,0.0,1997-04-17,-2.5,29,2.3,0.17263451180929,0.8652146464646462,0.2541768536158922,0.0426,pga,2026-05-31,841,0.17263451180929,0.56,0.4,0.32,7.0,5.0,48.0,3.248175182481752,-0.4306569343065689,-0.013951369643298,0.0002592844417639,0.001039471187173,-0.0314507018522749,0.0169243363700573,-0.0007237597900174,1.0405267461963523,0.0493831680060712,0.0067382406966985,0.2270456322530735,-0.0186240102809389,0.0263788955708964,,,0.0158118122850053,0.3418160635207931,-0.0053348044262919,0.0062475321425455,-3.5471401909590785,0.0,0.0341695972737333,0.0050386861313868,-0.0137499999999999,-0.0066269005805665,0.0104052674619635,-0.0,0.0,0.3368831165335769,2026-06-11 12:59,2026-06-12 07:44
TPC Toronto at Osprey Valley (North Course),1,2026-06-14,2026-06-11,32,RBC Canadian Open,2026-06-08 16:31:06 UTC,no,pga,-14400,0,ENG,25362,42.0,73.0,"fitzpatrick, alex",55721,451,20.0,0.0,0.0,0.0,0.0,0.0,0.0,1999-01-02,-6.5,27,2.873639345156496,0.5828769807516458,0.7402146464646462,0.7769086984927221,0.074,pga,2026-06-01,729,0.5828769807516458,-0.51,-0.03,0.09,0.0,2.0,47.0,0.2481751824817517,-7.430656934306569,0.0773350726593166,0.000112353961284,-0.0030744113150987,0.0277103543139559,0.0531801549868201,-0.0005933792876448,0.0,0.3401330521687754,,0.2018695238817956,5.105214322882363e-05,0.115768634161436,0.013815637058896,0.0097945110826648,,0.700628184533516,-0.0111027747725742,-0.0194194294445295,7.810357368992976,0.1180047929387653,0.0497179782538231,0.0965985401459853,-0.0416,0.0406009131461412,0.0,0.0,0.0,0.7962276378256427,2026-06-11 13:10,2026-06-12 07:55
TPC Toronto at Osprey Valley (North Course),1,2026-06-14,2026-06-11,32,RBC Canadian Open,2026-06-08 16:31:06 UTC,no,pga,-14400,0,ENG,17646,9.0,4.0,"fitzpatrick, matt",40098,314,3.0,0.0,0.0,0.0,0.0,0.0,0.0,1994-09-01,-6.5,31,2.541207328712084,1.5423849787346036,-1.1347853535353538,1.8974357288600403,1.6247999999999998,pga,2026-06-01,961,1.5423849787346036,-0.1300000000000001,-0.14,0.0,0.0,2.0,49.0,0.2481751824817517,-7.430656934306569,0.0112363010052118,0.0004258699295746,-0.0041702557557387,0.0097178449428416,0.0102213760130387,-0.0049585341245045,0.0,0.8412024560659662,,0.0930376638646435,0.0079812997019998,0.0293846154951919,0.3370517581575726,0.1679430107730721,,1.40498415661075,-0.0337428080900003,-0.0474195385572268,40.3721430531864,0.0778115718714593,0.0095456991995306,0.0965985401459853,-0.0416,0.0058990580277361,0.0,0.0,0.0,1.4658817547844716,2026-06-11 07:55,2026-06-12 13:10
TPC Toronto at Osprey Valley (North Course),1,2026-06-14,2026-06-11,32,RBC Canadian Open,2026-06-08 16:31:06 UTC,no,pga,-14400,0,ENG,12294,5.0,7.0,"fleetwood, tommy",30911,456,10.0,0.0,0.0,0.0,0.0,0.0,0.0,1991-01-19,-6.5,35,2.886277784869048,1.6245292454652729,-0.5097853535353538,2.1797384391594155,1.98,pga,2026-06-01,1225,1.6245292454652729,-0.2199999999999999,0.0,0.09,0.0,2.0,51.0,0.2481751824817517,-7.430656934306569,0.0566258279074463,0.0009276946992841,-0.0029636220063098,0.0221374315983668,0.0393697012691375,-0.0028453776530322,0.0,0.9374605320706216,,0.2258812716916781,-0.0149193599554105,0.0967840378107702,0.4047193378664601,0.1825108296564762,,1.7332963766190346,-0.0261076290735978,-0.0375936842882595,22.69405869746025,0.3145635957095935,-0.0354389591597039,0.0965985401459853,-0.0416,0.0297285596514093,0.0,0.0,0.0,1.8180234764164287,2026-06-11 07:44,2026-06-12 12:59
TPC Toronto at Osprey Valley (North Course),1,2026-06-14,2026-06-11,32,RBC Canadian Open,2026-06-08 16:31:06 UTC,no,pga,-14400,0,NZL,11889,60.0,60.0,"fox, ryan",29936,323,64.0,0.0,0.0,0.0,0.0,0.0,0.0,1987-01-22,-2.5,39,2.337370726535546,0.3828027201601831,1.4902146464646462,0.874027546412707,0.6502,pga,2026-06-01,1521,0.3828027201601831,0.0799999999999999,-0.16,0.07,0.0,2.0,49.0,0.2481751824817517,-7.430656934306569,-0.087531139751278,2.4790115731717136e-05,-0.0012463968035915,-0.060079878734755,-0.0253073699439885,-0.0009222843846745,9.289725925521104,0.2177230446222274,0.0231870439177784,0.1340757189217837,0.000867295751074,0.0559330917994338,,,0.0834612137089201,0.4527972170556398,-0.0161591404705567,0.0347357746401923,29.102724774156613,0.158880140938001,-0.0810268258352133,0.0869386861313868,-0.0137499999999999,-0.041577291381857,0.092897259255211,0.0,0.0,0.5773058710603807,2026-06-11 12:48,2026-06-12 07:33
TPC Toronto at Osprey Valley (North Course),1,2026-06-14,2026-06-11,32,RBC Canadian Open,2026-06-08 16:31:06 UTC,no,pga,-14400,0,USA,11451,291.0,368.0,"garnett, brice",29535,17,139.0,0.0,0.0,0.0,0.0,0.0,0.0,1983-09-06,-4.5,42,2.8975814101714947,-0.7461027299684114,0.4902146464646462,0.4435316590466689,0.2576,pga,2026-05-31,1764,-0.7461027299684114,0.51,-0.07,0.16,7.0,3.0,36.0,1.2481751824817515,-0.4306569343065689,0.1348389356218066,-9.18384865508804e-05,0.0018157479900728,0.112671599669309,0.0200043201406634,0.0004391063083121,-1.2938150689776995,-0.3646653097489727,0.0117580525513502,-0.0297861813104095,0.0049558579453344,-0.0495142044485038,,,-0.1529972518259323,-0.7432818986821956,0.0235612510538783,-0.0545824889175433,7.658245325815034,0.0,-0.1320116239813969,0.0050386861313868,-0.0247499999999999,0.0640484944203581,-0.0129381506897769,0.0,0.0,-0.7118828688202278,2026-06-11 08:28,2026-06-12 13:43
TPC Toronto at Osprey Valley (North Course),1,2026-06-14,2026-06-11,32,RBC Canadian Open,2026-06-08 16:31:06 UTC,no,pga,-14400,0,USA,24550,96.0,181.0,"ghim, doug",52375,86,105.0,0.0,0.0,0.0,0.0,0.0,0.0,1996-04-16,-4.5,30,2.311398559518602,0.394156040592164,0.2402146464646462,0.7331355125377563,0.4422,pga,2026-05-31,900,0.394156040592164,0.0899999999999999,-0.35,0.02,7.0,3.0,40.0,1.2481751824817515,-0.4306569343065689,-0.0022195428545819,-0.0007329435695531,-0.0012379678193317,-0.0254727314768142,0.0269776420605297,-0.0017535420494125,-5.123874842841207,0.1801785571976069,0.0194354689405205,0.0936835392915662,0.0167379600150917,0.0852004866782488,,,0.0568686203205021,0.4799844384081657,-0.0179775122679023,0.0199547715617443,-2.5681812029321645,0.009952658446687,0.0259025466707873,0.0050386861313868,-0.0247499999999999,-0.0010542828559264,-0.051238748428412,-0.0,0.0,0.407980093255214,2026-06-11 13:32,2026-06-12 08:17
TPC Toronto at Osprey Valley (North Course),1,2026-06-14,2026-06-11,32,RBC Canadian Open,2026-06-08 16:31:06 UTC,no,pga,-14400,0,USA,7399,154.0,106.0,"glover, lucas",25900,54,113.0,0.0,0.0,0.0,0.0,0.0,0.0,1979-11-12,-6.5,46,2.5445072278122267,-0.0156130581066356,-1.1347853535353538,1.0755915933954925,1.03,pga,2026-06-01,2116,-0.0156130581066356,-0.31,0.21,-0.07,0.0,3.0,40.0,1.2481751824817515,-7.430656934306569,0.1607143385133667,-0.0004419885448671,-0.001787670886056,0.1143317678081649,0.0482665904774348,0.0003456396586901,0.0,0.0137632253272932,0.0317618492812252,-0.1109465067987357,0.0080070571608524,0.0069515184289859,,,0.0247059566953208,-0.2422466576220486,0.0084981122450251,-0.0258038441639953,5.400481181219104,-0.1580469988511105,-0.1991840257980202,0.0869386861313868,-0.03575,0.0763393107938491,0.0,0.0,-0.0,-0.1147186606968125,2026-06-11 08:06,2026-06-12 13:21
TPC Toronto at Osprey Valley (North Course),1,2026-06-14,2026-06-11,32,RBC Canadian Open,2026-06-08 16:31:06 UTC,no,pga,-14400,0,USA,23465,92.0,67.0,"greyserman, max",51977,217,84.0,0.0,0.0,0.0,0.0,0.0,0.0,1995-05-31,-6.5,31,3.064365950424067,0.4587881374347704,0.2402146464646462,1.1902183946185847,0.8933999999999999,pga,2026-05-29,961,0.4587881374347704,-0.2799999999999999,-0.4599999999999999,0.02,9.0,0.0,45.0,-1.7518248175182485,1.569343065693431,-0.0940513561807603,0.0001533273027061,-0.0005374093555945,-0.0705848087494605,-0.0220030866104287,-0.0010793787679826,0.0,0.2251364241140885,0.0315527651374712,0.0135680034221835,0.0081655824298564,0.0225617061781625,,,0.0365648159090748,0.351626059430468,-0.0080139917979491,0.0041649170523254,22.50075398167238,0.0309887560885075,0.0179258369852546,-0.0183613138686131,-0.03575,-0.0446743941858611,0.0,0.0,0.0,0.2528403513759937,2026-06-11 08:17,2026-06-12 13:32
TPC Toronto at Osprey Valley (North Course),1,2026-06-14,2026-06-11,32,RBC Canadian Open,2026-06-08 16:31:06 UTC,no,pga,-14400,0,USA,15330,182.0,214.0,"griffin, lanto",35310,34,147.0,0.0,0.0,0.0,0.0,0.0,0.0,1988-06-15,-2.5,38,2.346141774290553,-0.2479160893112594,-0.7597853535353538,1.0135960728639095,0.8042,pga,2026-05-31,1444,-0.2479160893112594,-0.29,-0.45,-0.0499999999999999,7.0,3.0,28.0,1.2481751824817515,-0.4306569343065689,0.0691157744821091,0.0002736655720279,0.0009464140889217,0.0731827629244064,-0.0047352389477603,-0.0005518291554867,6.103301839333568,-0.1131333850735172,0.0268704961845174,0.0388543055165991,-0.004528713871902,-0.0206754941268136,,,-0.0377327338619445,-0.1814119130542967,0.0004892142989542,-0.0100947865212757,-2.747407489765488,0.0,-0.0614608155989144,0.0050386861313868,-0.0137499999999999,0.0328299928790018,0.0610330183933356,-0.0,0.0,-0.0962602156505723,2026-06-11 08:17,2026-06-12 13:32
TPC Toronto at Osprey Valley (North Course),1,2026-06-14,2026-06-11,32,RBC Canadian Open,2026-06-08 16:31:06 UTC,no,pga,-14400,0,ARG,12808,194.0,120.0,"grillo, emiliano",31646,62,125.0,0.0,0.0,0.0,0.0,0.0,0.0,1992-09-14,-2.5,33,3.022511352129906,-0.2157526712352665,0.3652146464646462,1.068710810834124,0.8361538461538461,pga,2026-05-31,1089,-0.2157526712352665,0.49,0.07,-0.0099999999999999,7.0,5.0,44.0,3.248175182481752,-0.4306569343065689,0.1168538123042258,-0.0004816380900796,-0.0011548431853416,0.079993475392782,0.0368683000663154,0.0016285181205496,3.5458755840508127,-0.111015364647774,0.0312818748479778,-0.0042604989951811,0.016852672951206,0.0451029265456306,,,-0.0463573587446747,-0.1047393266157977,0.0127740440071581,-0.0400645238018918,-12.550160813161495,0.0227346922947476,-0.0090530987782486,0.0050386861313868,-0.0137499999999999,0.0555055608445072,0.0354587558405081,-0.0,0.0,-0.0224863237993954,2026-06-11 12:15,2026-06-12 07:00
TPC Toronto at Osprey Valley (North Course),1,2026-06-14,2026-06-11,32,RBC Canadian Open,2026-06-08 16:31:06 UTC,no,pga,-14400,0,CAN,13965,254.0,265.0,"hadwin, adam",33399,54,180.0,0.0,0.0,0.0,0.0,0.0,0.0,1987-11-02,-2.5,38,2.55427056686131,-0.624185437273327,-1.1347853535353538,1.078488921764145,0.8294,kft,2026-06-01,1444,-0.624185437273327,-0.05,0.0199999999999999,-0.03,0.0,2.0,39.0,0.2481751824817517,-7.430656934306569,0.0158565541702716,0.0001256280364503,0.0025176104255571,-0.0030815220736907,0.0126799218150587,0.0036149159668961,4.387741957356996,-0.2644285185420637,0.0285911560189163,0.0183273485844596,0.0069075089354278,-0.0106253071468586,,,-0.1138270804835327,-0.4358874593981338,0.0079608271998617,-0.0390977037629126,-17.25984073064034,-0.029635163320344,-0.0696956902014316,0.0869386861313868,-0.0137499999999999,0.007531863230879,0.0438774195735699,-0.0,-0.0,-0.3112894904622979,2026-06-11 12:26,2026-06-12 07:11
TPC Toronto at Osprey Valley (North Course),1,2026-06-14,2026-06-11,32,RBC Canadian Open,2026-06-08 16:31:06 UTC,no,pga,-14400,0,ENG,27194,47.0,66.0,"hall, harry",57975,151,49.0,0.0,0.0,0.0,0.0,0.0,0.0,1997-08-06,-2.5,28,2.422032642341423,0.826383285446998,0.2402146464646462,1.2995695087988848,1.1098,pga,2026-06-01,784,0.826383285446998,-0.4299999999999999,-0.23,-0.14,0.0,3.0,49.0,1.2481751824817515,-7.430656934306569,-0.0036440304858514,0.0009964414954544,-0.0011893298610613,0.0024007893556532,-0.0016936524536651,-0.0041582790222326,1.6883571396891122,0.4630535984679531,,0.0320682022851465,-0.004790910693265,-0.0448934159738712,0.2304680596461492,0.0972463720534056,,0.7781643012920407,-0.0126523961889082,-0.0204027697267774,-2.2242158390352174,0.0546987215193217,0.0380675614222082,0.0965985401459853,-0.016,-0.0019131160050719,0.0084417856984455,-0.0,0.0,0.8652915111313997,2026-06-11 13:10,2026-06-12 07:55
TPC Toronto at Osprey Valley (North Course),1,2026-06-14,2026-06-11,32,RBC Canadian Open,2026-06-08 16:31:06 UTC,no,pga,-14400,0,IRL,5716,446.0,0.0,"harrington, padraig",20766,78,165.0,0.0,0.0,0.0,0.0,0.0,0.0,1971-08-31,-6.5,54,2.7,-0.8996072640666911,1.8652146464646464,0.3631205497848538,0.0372,pga,2026-05-17,2916,-0.8996072640666911,0.8400000000000001,0.0899999999999999,0.13,21.0,0.0,17.0,-1.7518248175182485,13.569343065693433,-0.0144749092029286,-0.0008154207748027,-0.0006235294471805,0.0276448330778755,-0.0387931745951588,-0.001887617463662,0.0,-0.4559774107471041,0.0096238713500972,0.0693977610800412,-0.001394457046811,-0.0875426977009818,,,-0.1930433616329841,-1.0638947294056873,0.0297719351098154,-0.0573264775550207,38.78292935980364,0.1583874424628659,-0.3774038922627397,-0.1587613138686131,-0.03575,-0.006875581871391,0.0,0.0,0.0,-1.265281625145691,2026-06-11 12:15,2026-06-12 07:00
TPC Toronto at Osprey Valley (North Course),1,2026-06-14,2026-06-11,32,RBC Canadian Open,2026-06-08 16:31:06 UTC,no,pga,-14400,0,RSA,24342,180.0,92.0,"higgo, garrick",54421,53,142.0,0.0,0.0,0.0,0.0,0.0,0.0,1999-05-12,-6.5,27,2.7159312952768984,-0.1062195002593794,0.6152146464646462,0.9208652411283962,0.3933333333333333,pga,2026-05-31,729,-0.1062195002593794,0.48,0.18,-0.04,7.0,5.0,43.0,3.248175182481752,-0.4306569343065689,-0.0495514765128095,-0.0002132693001642,0.002310140012314,-0.0459908527331791,-0.006125289872434,0.0004677953806537,0.0,-0.0716421603456145,0.0244121959532469,0.0883620365286991,-0.0042330722277433,-0.006910546807597,,,-0.0572279796906158,-0.0132135806649718,0.011731778319998,-0.0471942882334181,-9.894393485469363,-0.115498078012312,0.0494884558380728,0.0050386861313868,-0.03575,-0.0235369513435845,0.0,-0.0,-0.0,-0.0674618458771694,2026-06-11 07:33,2026-06-12 12:48
TPC Toronto at Osprey Valley (North Course),1,2026-06-14,2026-06-11,32,RBC Canadian Open,2026-06-08 16:31:06 UTC,no,pga,-14400,0,USA,28469,476.0,170.0,"highsmith, joe",60067,15,159.0,0.0,0.0,0.0,0.0,0.0,0.0,2000-04-19,-6.5,26,2.880491846620276,-1.0997389961830064,-1.0097853535353538,0.6200960023458516,0.3129999999999999,pga,2026-05-29,676,-1.0997389961830064,-0.87,0.27,0.1599999999999999,9.0,0.0,48.0,-1.7518248175182485,1.569343065693431,-0.0055100848948964,-0.0007374471919312,0.0014015720019118,0.0025066538267678,-0.0098212262703834,0.0011403627387385,0.0,-0.4671370354198145,0.0164387843551816,-0.3564665071316388,0.0044945329240203,-0.078433340545513,,,-0.1450913456834296,-1.011396865225877,0.0382903713893902,-0.0786991152992308,3.0517375129012123,0.0,0.0552067901851576,-0.0183613138686131,-0.03575,-0.0026172903250757,0.0,0.0,0.0,-1.068125469419566,2026-06-11 08:06,2026-06-12 13:21
TPC Toronto at Osprey Valley (North Course),1,2026-06-14,2026-06-11,32,RBC Canadian Open,2026-06-08 16:31:06 UTC,no,pga,-14400,0,JPN,20954,328.0,264.0,"hirata, kensei",49120,20,146.0,0.0,0.0,0.0,0.0,0.0,0.0,1995-01-01,-6.5,31,2.513513611595464,-0.6635423992256317,0.1152146464646461,-0.0417358564265721,-0.1588,pga,2026-05-29,961,-0.6635423992256317,0.15,0.01,-0.13,9.0,0.0,38.0,-1.7518248175182485,1.569343065693431,0.1070921603302073,-3.174039832359381e-05,0.0027901761030621,0.0691996665491071,0.0344545843664123,0.0006794737099493,0.0,-0.3037519244340649,-0.0011064202011942,-0.1009816373216735,0.0025815121629265,-0.0125919449735265,,,-0.1452710253684865,-0.5071257127262063,0.0342408210802249,-0.03898180983632,0.0,0.0,0.058736716165908,-0.0183613138686131,-0.03575,0.0508687761568484,0.0,0.0,0.0,-0.510368250437971,2026-06-11 08:50,2026-06-12 14:05
TPC Toronto at Osprey Valley (North Course),1,2026-06-14,2026-06-11,32,RBC Canadian Open,2026-06-08 16:31:06 UTC,no,pga,-14400,0,USA,25157,150.0,154.0,"hodges, lee",54628,70,114.0,0.0,0.0,0.0,0.0,0.0,0.0,1995-06-14,-2.5,31,2.639256117327921,-0.0386623283409649,0.1152146464646461,0.6392606690239749,0.4114,pga,2026-05-31,961,-0.0386623283409649,-0.13,-0.09,-0.1699999999999999,7.0,3.0,38.0,1.2481751824817515,-0.4306569343065689,0.0625570313147436,-0.0002291950753926,-0.0021089554657462,0.0357329114349959,0.0274655884556862,0.0016966819652003,6.717473118360886,-0.0121635063976809,0.0169468408844428,-0.0407435883216726,0.0095287113031495,0.0178294839077428,,,0.0089839842528439,0.0174156164172167,-0.0026836452326455,0.001791499035782,-6.189317734543079,-0.004440369815977,0.0179258369852546,0.0050386861313868,-0.0137499999999999,0.0297145898745032,0.0671747311836088,-0.0,-0.0,0.1055936236067156,2026-06-11 08:28,2026-06-12 13:43
TPC Toronto at Osprey Valley (North Course),1,2026-06-14,2026-06-11,32,RBC Canadian Open,2026-06-08 16:31:06 UTC,no,pga,-14400,0,PHI,23504,89.0,88.0,"hoey, rico",51696,65,98.0,0.0,0.0,0.0,0.0,0.0,0.0,1995-09-19,-2.5,30,2.5839710239358165,0.265876545129407,-0.5097853535353538,0.6595695018722173,0.4269999999999999,pga,2026-05-31,900,0.265876545129407,0.35,0.12,0.23,7.0,5.0,54.0,3.248175182481752,-0.4306569343065689,-0.0276086069962651,-0.0004410787625841,-0.0003390647690998,-0.0589466441362409,0.0296853307060506,0.002432849965609,2.034639534818381,0.10278893082736,0.0174852293314489,0.1752286988027144,-0.0029382529057298,0.0654658223759214,,,0.0387209721297573,0.4118833894677485,0.00125173339799,-0.0067609440889406,-7.469749052623358,0.0,0.0206411995972268,0.0050386861313868,-0.0137499999999999,-0.0131140883232259,0.0203463953481838,-0.0,0.0,0.4104043826240933,2026-06-11 12:37,2026-06-12 07:22
TPC Toronto at Osprey Valley (North Course),1,2026-06-14,2026-06-11,32,RBC Canadian Open,2026-06-08 16:31:06 UTC,no,pga,-14400,0,USA,5768,398.0,482.0,"hoffman, charley",12716,27,200.0,0.0,0.0,0.0,0.0,0.0,0.0,1976-12-27,-2.5,49,2.3,-0.896893268621332,-0.0097853535353538,1.224694664634649,1.0112,pga,2026-05-29,2401,-0.896893268621332,0.16,-0.0699999999999999,0.03,9.0,0.0,24.0,-1.7518248175182485,1.569343065693431,-0.0247723177418415,-0.0012640494548096,0.0008643092843319,-0.0072526520409671,-0.0179219482597991,0.0008020227294024,-3.680510567944482,-0.410263852142395,0.0324667332424468,-0.1852819938453281,0.0127881499611027,-0.0063733633271645,,,-0.1733010562373596,-1.0748735980224675,0.0274950384248132,-0.1137896546355205,9.648862467950364,-0.0484353676252519,-0.2586135994630628,-0.0183613138686131,-0.0137499999999999,-0.0117668509273747,-0.0368051056794448,0.0,-0.0,-1.1555568684979,2026-06-11 07:44,2026-06-12 12:59
TPC Toronto at Osprey Valley (North Course),1,2026-06-14,2026-06-11,32,RBC Canadian Open,2026-06-08 16:31:06 UTC,no,pga,-14400,0,USA,15575,207.0,107.0,"hoge, tom",35532,70,70.0,0.0,0.0,0.0,0.0,0.0,0.0,1989-05-25,-6.5,37,2.9436593428382247,-0.1861365491945803,-0.1347853535353538,1.0865769669231191,0.9014,pga,2026-06-01,1369,-0.1861365491945803,-0.33,0.1,0.12,0.0,7.0,59.0,4.0,-7.430656934306569,0.0821958361230134,-0.0002685907440742,-0.0025848443255991,0.0843634306250138,-0.001191047267469,0.001876887835142,0.0,-0.1181699388443987,0.0288052243152409,-0.1728040452112289,0.0068589855990016,-0.0605355706021219,,,-0.0668408428411589,-0.436862646860066,0.0150671637504221,-0.0197116739547248,3.3081494751222142,-0.1495547810206396,-0.0495319490710973,0.0869386861313868,-0.03575,0.0390430221584313,0.0,0.0,-0.0,-0.3466309385702478,2026-06-11 12:37,2026-06-12 07:22
TPC Toronto at Osprey Valley (North Course),1,2026-06-14,2026-06-11,32,RBC Canadian Open,2026-06-08 16:31:06 UTC,no,pga,-14400,0,DEN,23602,31.0,32.0,"hojgaard, nicolai",52453,277,24.0,0.0,0.0,0.0,0.0,0.0,0.0,2001-03-12,-4.5,25,2.7052408681197786,1.188873713238625,0.2402146464646462,1.188873713238625,0.9598,pga,2026-06-01,625,1.188873713238625,0.1099999999999998,-0.09,-0.18,2.0,1.0,57.0,-0.7518248175182483,-5.430656934306569,-0.1749916201793254,0.0002299930549126,-0.003502877744872,-0.1334156946635156,-0.0382779869171068,-2.505390874353694e-05,-1.947189345374344,0.6202525273194472,,0.0509731133272597,0.0074361515986519,0.0938099972483882,0.1949539896088668,0.0938557740812071,,1.0696484850223678,-0.0267512206629873,-0.0301201545884674,18.06777413891227,0.3072845084385296,0.0652383070900015,0.0705985401459853,-0.0288,-0.0918706005941458,-0.0097359467268717,0.0,0.0,1.0098404778473358,2026-06-11 13:21,2026-06-12 08:06
TPC Toronto at Osprey Valley (North Course),1,2026-06-14,2026-06-11,32,RBC Canadian Open,2026-06-08 16:31:06 UTC,no,pga,-14400,0,USA,17538,97.0,117.0,"homa, max",39977,117,73.0,0.0,0.0,0.0,0.0,0.0,0.0,1990-11-19,-4.5,35,2.690727804993916,0.128206988151619,-0.3847853535353538,1.831191375634629,1.606,pga,2026-05-31,1225,0.128206988151619,-0.0799999999999999,0.2299999999999999,0.0499999999999999,7.0,2.0,49.0,0.2481751824817517,-0.4306569343065689,-0.0318533901742551,0.0005991228654364,0.0008101740255143,-0.0200664220765798,-0.0135390279046768,0.0003427629160506,-0.7377730688578691,0.0579821975788901,0.0485458099632807,0.0455721508987876,-0.0178940402829546,0.024166428015895,,,0.0484236751228288,0.17951105715868,-0.0122090605045838,0.0145036245762076,-11.813185346334045,0.0245975402724653,-0.0295797282096716,0.0050386861313868,-0.0247499999999999,-0.0151303603327711,-0.0073777306885786,-0.0,0.0,0.1372916522687169,2026-06-11 12:59,2026-06-12 07:44
TPC Toronto at Osprey Valley (North Course),1,2026-06-14,2026-06-11,32,RBC Canadian Open,2026-06-08 16:31:06 UTC,no,pga,-14400,0,USA,11276,168.0,146.0,"horschel, billy",29420,45,96.0,0.0,0.0,0.0,0.0,0.0,0.0,1986-12-07,-6.5,39,2.67660588450334,-0.3393113169875101,0.4902146464646462,1.3223860575649735,1.1952,pga,2026-06-01,1521,-0.3393113169875101,0.0899999999999999,-0.0099999999999999,0.15,2.0,5.0,53.0,3.248175182481752,-5.430656934306569,0.0015679877897898,0.0002657314141753,-0.0005461789830918,0.0144676746054847,-0.0151836746585249,0.0025644354117464,0.0,-0.1533826887815069,0.0350565382656861,-0.0799140381236102,0.0051769217862858,0.0005667740958799,,,-0.0481541555952435,-0.3394716731495758,0.0142018887532492,-0.0305514660691497,5.477137624049824,-0.0914439842178502,-0.0824714474811667,0.0635386861313868,-0.03575,0.0007447942001501,0.0,0.0,-0.0,-0.3109381928180388,2026-06-11 07:55,2026-06-12 13:10
TPC Toronto at Osprey Valley (North Course),1,2026-06-14,2026-06-11,32,RBC Canadian Open,2026-06-08 16:31:06 UTC,no,pga,-14400,0,USA,15470,147.0,160.0,"hossler, beau",35461,39,115.0,0.0,0.0,0.0,0.0,0.0,0.0,1995-03-16,-2.5,31,2.554829802194623,0.2284095557273509,-0.6347853535353538,0.8268559368717394,0.69,pga,2026-05-29,961,0.2284095557273509,0.04,0.04,0.23,9.0,0.0,34.0,-1.7518248175182485,1.569343065693431,-0.001905111980429,0.0007258251247496,0.0026796031896931,-0.0112864898180709,0.0089919475866691,-0.00301599806347,-0.2550253871484361,0.1143280078800868,0.0219200033343467,-0.0053674692070875,-0.0159256652303066,-0.0004643450424077,,,0.0203936442539557,0.1629525806252127,0.0008848657694831,0.0110993099473473,12.020173056946891,0.0,0.0160842289197947,-0.0183613138686131,-0.0137499999999999,-0.0009049281907037,-0.0025502538714843,0.0,0.0,0.1273860846944114,2026-06-11 08:28,2026-06-12 13:43
TPC Toronto at Osprey Valley (North Course),1,2026-06-14,2026-06-11,32,RBC Canadian Open,2026-06-08 16:31:06 UTC,no,pga,-14400,0,NOR,18841,32.0,33.0,"hovland, viktor",46717,261,71.0,0.0,0.0,0.0,0.0,0.0,0.0,1997-09-18,-6.5,28,2.7482097772546368,1.045699070124397,-0.0097853535353538,2.4331487883365304,2.003,pga,2026-05-15,784,1.045699070124397,-0.03,-0.28,-0.07,23.0,0.0,45.0,-1.7518248175182485,15.569343065693433,0.0614758539323632,0.0004470908116693,-0.0040288406711968,0.0385763389107849,0.0284230986263127,-0.001941833745207,0.0,0.5679931328995945,,0.0393487664455104,0.0017082491056045,0.0608036207002341,0.4155063217562888,0.1298451332800844,,1.2122880043007445,-0.0180573995678741,-0.0238053082827801,30.692194972150222,-0.0101380151015642,0.038945487964082,-0.2024014598540146,-0.0416,0.0322748233144906,0.0,0.0,-0.0,1.0005613677612204,2026-06-11 07:55,2026-06-12 13:10
TPC Toronto at Osprey Valley (North Course),1,2026-06-14,2026-06-11,32,RBC Canadian Open,2026-06-08 16:31:06 UTC,no,pga,-14400,0,USA,16333,177.0,119.0,"hubbard, mark",36801,62,94.0,0.0,0.0,0.0,0.0,0.0,0.0,1989-05-24,-2.5,37,2.7454079165549925,-0.0105074380930564,0.1152146464646461,0.7031299554061573,0.4833999999999999,pga,2026-06-01,1369,-0.0105074380930564,-0.25,-0.3199999999999999,0.03,2.0,3.0,46.0,1.2481751824817515,-5.430656934306569,0.0408438366986916,-0.000546524233728,-0.002197809492872,0.0487840786246496,-0.0054136741907355,0.0002177659913776,-0.6471051766595896,-0.0098044259778391,0.0186218496730516,-0.0476598315327929,0.016626309231276,-0.0139986373078793,,,-0.0268621129160033,-0.1312751072171946,0.0094765601137491,-0.0281428694296594,-3.3934970224604624,0.0,-0.0495319490710973,0.0635386861313868,-0.0137499999999999,0.0194008224318785,-0.0064710517665958,-0.0,0.0,-0.0685566504205251,2026-06-11 13:21,2026-06-12 08:06
TPC Toronto at Osprey Valley (North Course),1,2026-06-14,2026-06-11,32,RBC Canadian Open,2026-06-08 16:31:06 UTC,no,pga,-14400,0,CAN,15556,118.0,133.0,"hughes, mackenzie",35506,115,117.0,0.0,0.0,0.0,0.0,0.0,0.0,1990-11-23,-2.5,35,2.633068859622208,0.0463256307672795,0.6152146464646462,0.9003400135189873,0.6146,pga,2026-05-31,1225,0.0463256307672795,0.27,0.07,0.0,7.0,3.0,42.0,1.2481751824817515,-0.4306569343065689,-0.051363911214777,0.0004592927954397,0.0012641203012001,-0.0217112446584167,-0.0289393843759834,-0.0024366952770167,1.545462758893848,0.0053413656473475,0.0238680708673963,0.1190908253030026,-0.0126059388132068,-0.0685796656014789,,,0.0002695195275853,0.0372347563106707,-0.0027162238222579,0.0021465314119543,-5.791772065023499,0.1038890585061394,-0.0295797282096716,0.0050386861313868,-0.0137499999999999,-0.024397857827019,0.0154546275889384,-0.0,0.0,0.0195802122039769,2026-06-11 12:26,2026-06-12 07:11
TPC Toronto at Osprey Valley (North Course),1,2026-06-14,2026-06-11,32,RBC Canadian Open,2026-06-08 16:31:06 UTC,no,pga,-14400,0,GER,16394,111.0,95.0,"jaeger, stephan",36799,96,74.0,0.0,0.0,0.0,0.0,0.0,0.0,1989-05-30,-6.5,37,3.191268824520963,0.3227191954712953,0.9902146464646462,0.8328450755275756,0.7352,pga,2026-05-28,1369,0.3227191954712953,0.22,-0.07,0.05,10.0,0.0,45.0,-1.7518248175182485,2.569343065693431,-0.0959535839825566,0.000493541848301,0.0002405462328819,-0.0476063348783823,-0.0452214930289862,-0.0038598441563711,0.0,0.1563425003795759,0.022078775780007,-0.0293711541177263,-9.1864568962211e-05,0.0056062835267165,,,0.0623488507147369,0.1844852064970938,-0.0155897335194215,0.0313994340832081,-11.841706215770092,-0.0678096215489762,-0.0482378857810405,-0.0300613138686131,-0.03575,-0.0455779523917143,0.0,-0.0,-0.0,0.0730959402367662,2026-06-11 08:06,2026-06-12 13:21
TPC Toronto at Osprey Valley (North Course),1,2026-06-14,2026-06-11,32,RBC Canadian Open,2026-06-08 16:31:06 UTC,no,pga,-14400,0,USA,29827,143.0,0.0,"james, ben",57869,68,0.0,0.0,0.0,0.0,0.0,0.0,0.0,2004-01-01,-6.5,22,2.7,-0.6998636363636365,1.3652146464646462,-0.19,-0.19,pga,2026-03-23,484,-0.6998636363636365,-0.01,0.0,0.0,30.0,0.0,0.0,-1.7518248175182485,22.56934306569343,-0.0070906118204969,0.0,-0.0,-0.0,-0.0070906118204969,-0.0,0.0,,,,,,,,,,,,0.0,0.0,,-0.2640613138686131,-0.03575,-0.003368040614736,0.0,0.0,0.0,0.25,2026-06-11 13:43,2026-06-12 08:28
TPC Toronto at Osprey Valley (North Course),1,2026-06-14,2026-06-11,32,RBC Canadian Open,2026-06-08 16:31:06 UTC,no,pga,-14400,0,JPN,19729,184.0,156.0,"kanaya, takumi",47917,23,134.0,0.0,0.0,0.0,0.0,0.0,0.0,1998-05-23,-4.5,28,2.783032953851288,-0.323364907688649,-1.3847853535353538,0.4214133444611085,0.1884,pga,2026-05-31,784,-0.323364907688649,-0.3299999999999999,-0.17,0.01,7.0,3.0,46.0,1.2481751824817515,-0.4306569343065689,0.1029295130235741,0.0006581955595825,0.004686371953213,0.084817823323697,0.0151669695122651,-0.0023998473251835,-1.3199912536382028,-0.141031364860751,0.0111716944921277,-0.0719437828394827,-0.0014413315319994,-0.0267544687669615,,,-0.037014015121717,-0.2496338157887023,0.0064436666709004,-0.0316030046800405,-8.655951674892107,-0.0398993931114815,0.0425387908492217,0.0050386861313868,-0.0247499999999999,0.0488915186861977,-0.013199912536382,-0.0,-0.0,-0.2336535235074997,2026-06-11 07:22,2026-06-12 12:37
TPC Toronto at Osprey Valley (North Course),1,2026-06-14,2026-06-11,32,RBC Canadian Open,2026-06-08 16:31:06 UTC,no,pga,-14400,0,USA,21889,322.0,259.0,"kang, jeffrey",47393,10,143.0,0.0,0.0,0.0,0.0,0.0,0.0,1991-06-24,-6.5,34,2.5631434694678634,-0.8321422524096098,0.6152146464646462,-0.3078197588270265,-0.7424,pga,2026-05-31,1156,-0.8321422524096098,0.57,0.04,0.4499999999999999,7.0,3.0,34.0,1.2481751824817515,-0.4306569343065689,-0.024790296671149,-0.0005741430011743,0.0014006963535924,0.0010982603301201,-0.026771907815126,5.679746143879483e-05,0.0,-0.4002736049280048,-0.0083644832780409,-0.0401447333992902,0.0069030334820681,-0.0400975601326182,,,-0.1874059115143246,-0.7547301695879802,0.0155156430956963,-0.0771885473194662,0.0,0.0,-0.0236740055939997,0.0050386861313868,-0.03575,-0.0117753909187957,0.0,0.0,0.0,-0.7972168743753891,2026-06-11 14:16,2026-06-12 09:01
TPC Toronto at Osprey Valley (North Course),1,2026-06-14,2026-06-11,32,RBC Canadian Open,2026-06-08 16:31:06 UTC,no,pga,-14400,0,USA,32457,132.0,77.0,"keefer, johnny",63454,144,82.0,0.0,0.0,0.0,0.0,0.0,0.0,2001-06-01,-4.5,25,2.732376110976806,0.1485057198935608,1.6152146464646462,0.924779664915473,0.7310000000000001,pga,2026-05-31,625,0.1485057198935608,0.54,0.25,0.2299999999999999,7.0,5.0,51.0,3.248175182481752,-0.4306569343065689,-0.0924809033137977,-0.0005737270840592,-0.001082265560571,-0.0932424154192024,-0.0012311680767354,0.0036486728267703,-4.506038546963024,0.0461695923142089,0.0245159675761361,0.1049322578785257,0.0004319990242992,0.0522388172708666,,,-0.0078160662999742,0.2755580983476162,-0.0008679560847204,-0.0033495940675239,-15.685303452065256,0.0,0.0593030807357981,0.0050386861313868,-0.0247499999999999,-0.0439284290740539,-0.0450603854696302,-0.0,0.0,0.1668579699353188,2026-06-11 13:21,2026-06-12 08:06
TPC Toronto at Osprey Valley (North Course),1,2026-06-14,2026-06-11,32,RBC Canadian Open,2026-06-08 16:31:06 UTC,no,pga,-14400,0,KOR,24766,120.0,152.0,"kim, tom",55182,152,111.0,0.0,0.0,0.0,0.0,0.0,0.0,2002-06-21,-4.5,23,2.3702170997611165,0.2906879885757005,-0.1347853535353538,1.5550730404439697,1.3952,pga,2026-05-31,529,0.2906879885757005,-0.26,-0.13,-0.11,7.0,3.0,47.0,1.2481751824817515,-0.4306569343065689,0.0722223800521147,-0.0001674400537156,-0.0027855933075888,0.0742041508547384,0.0031701868523014,-0.0021989242936206,-2.073237849510679,0.1505103147423312,0.041225084941214,-0.0065876756717974,0.0090251050250951,-0.0375641482100702,,,0.0505798313435113,0.287935359117518,-0.0082221122869712,0.0223954673269921,25.06191543249581,0.3306253321698652,0.0665734919072129,0.0050386861313868,-0.0247499999999999,0.0343056305247544,-0.0207323784951067,0.0,0.0,0.2817972972785525,2026-06-11 13:32,2026-06-12 08:17
TPC Toronto at Osprey Valley (North Course),1,2026-06-14,2026-06-11,32,RBC Canadian Open,2026-06-08 16:31:06 UTC,no,pga,-14400,0,USA,12423,110.0,104.0,"kirk, chris",30926,57,128.0,0.0,0.0,0.0,0.0,0.0,0.0,1985-05-08,-6.5,41,2.3,0.3831749218511815,0.1152146464646461,1.0337888013312124,0.8336000000000001,pga,2026-05-29,1681,0.3831749218511815,-0.31,0.05,-0.19,9.0,0.0,40.0,-1.7518248175182485,1.569343065693431,0.0121751777217282,-0.0003257717863817,-0.0024664191718977,0.0122249140029951,0.0038824232792688,-0.0011399686022563,0.0,0.2045208094048423,0.0274058066970203,-0.0939603508838995,0.0070832293673401,0.0178841127362614,,,0.0776216239445716,0.1252780501420899,-0.0167398609748918,0.0063562438007946,32.808112432145286,-0.0498238362722974,-0.1048935639499492,-0.0183613138686131,-0.03575,0.0057832094178208,0.0,0.0,-0.0,0.0769499456912976,2026-06-11 07:55,2026-06-12 13:10
TPC Toronto at Osprey Valley (North Course),1,2026-06-14,2026-06-11,32,RBC Canadian Open,2026-06-08 16:31:06 UTC,no,pga,-14400,0,USA,13470,435.0,344.0,"kizzire, patton",32757,13,144.0,0.0,0.0,0.0,0.0,0.0,0.0,1986-03-03,-6.5,40,2.769557418271636,-0.9546102176405872,-1.3847853535353538,0.6535119157436504,0.3826,pga,2026-05-29,1600,-0.9546102176405872,-0.66,-0.3,-0.1499999999999999,9.0,0.0,30.0,-1.7518248175182485,1.569343065693431,0.0339672750705274,-0.0001882477251594,-0.0002492478645294,0.0612975040014846,-0.02254924690093,-0.0043434864403383,0.0,-0.4062362940604495,0.017324642338945,-0.3729025836778556,0.0172655924111823,-0.1939664842586886,,,-0.1106826859950373,-1.193191717342856,0.0141497199519991,-0.065384173634899,-7.14476261052482,0.0,-0.0927594504180526,-0.0183613138686131,-0.03575,0.0161344556585005,0.0,-0.0,0.0,-1.2311685755529684,2026-06-11 13:32,2026-06-12 08:17
TPC Toronto at Osprey Valley (North Course),1,2026-06-14,2026-06-11,32,RBC Canadian Open,2026-06-08 16:31:06 UTC,no,pga,-14400,0,USA,16243,63.0,109.0,"koepka, brooks",36689,347,69.0,0.0,0.0,0.0,0.0,0.0,0.0,1990-05-03,-6.5,36,2.5493625471527968,0.6835546144238702,0.7402146464646462,1.9090868962969816,1.7425,pga,2026-05-24,1296,0.6835546144238702,-0.1799999999999999,-0.12,-0.08,14.0,0.0,37.0,-1.7518248175182485,6.569343065693431,-0.0745012157944131,-0.0006096274794917,-0.0030976305047303,-0.0700116476651696,-0.0008256581648365,4.334801981523058e-05,0.0,0.3702649037780884,,0.1066706498222842,0.0074323041907564,0.0880991095427098,0.3671723362499406,0.0543166044010879,,0.9132096860426128,-0.0120005023490039,-0.0251039118122419,49.41708241453089,-0.0396441439956227,-0.0436418077810087,-0.0854014598540146,-0.0416,-0.0391131382920668,0.0,0.0,-0.0,0.7470950878965313,2026-06-11 12:48,2026-06-12 07:33
TPC Toronto at Osprey Valley (North Course),1,2026-06-14,2026-06-11,32,RBC Canadian Open,2026-06-08 16:31:06 UTC,no,pga,-14400,0,RSA,24343,375.0,253.0,"lamprecht, christo",54422,31,182.0,0.0,0.0,0.0,0.0,0.0,0.0,2001-01-30,-6.5,25,2.9675747925210496,-0.9559600687409948,0.3652146464646462,-0.0081175472239101,-0.4368,pga,2026-05-29,625,-0.9559600687409948,-0.3299999999999999,0.32,-0.2,9.0,0.0,36.0,-1.7518248175182485,1.569343065693431,-0.1815195063474352,-0.0003839122977894,0.0086812284071743,-0.1419051164293537,-0.0478881388437127,-2.356718375345916e-05,0.0,-0.4219557591999234,-0.0001955713033764,-0.2316514661760558,-0.0018310492995583,-0.0130836044301935,,,-0.157040044739712,-0.8243339245613005,0.0226127854872413,-0.0804922956355201,0.0,0.0,0.0593030807357981,-0.0183613138686131,-0.03575,-0.0862217655150317,0.0,0.0,0.0,-0.9646670039449452,2026-06-11 14:16,2026-06-12 09:01
TPC Toronto at Osprey Valley (North Course),1,2026-06-14,2026-06-11,32,RBC Canadian Open,2026-06-08 16:31:06 UTC,no,pga,-14400,0,USA,21943,246.0,229.0,"lebioda, hank",49766,27,126.0,0.0,0.0,0.0,0.0,0.0,0.0,1994-01-14,-6.5,32,2.5679487576395186,-0.5087640493805168,-0.7597853535353538,0.4918878806476133,0.1598,pga,2026-05-29,1024,-0.5087640493805168,-0.62,-0.0199999999999999,-0.1399999999999999,9.0,0.0,40.0,-1.7518248175182485,1.569343065693431,0.0239027799411807,-0.0001157127666753,0.0006963502030144,0.0406688123649492,-0.0193809163562193,0.0020342464961117,0.0,-0.2094502737289796,0.0130399789166573,-0.2047807778321667,0.0078994107300428,-0.0599756251098068,,,-0.0590247765411846,-0.5244200041107664,0.014875462758975,-0.0315110295857015,-14.646625201859806,0.0,0.0045076262813977,-0.0183613138686131,-0.03575,0.0113538204720608,0.0,-0.0,0.0,-0.5671774975073187,2026-06-11 07:11,2026-06-12 12:26
TPC Toronto at Osprey Valley (North Course),1,2026-06-14,2026-06-11,32,RBC Canadian Open,2026-06-08 16:31:06 UTC,no,pga,-14400,1,CAN,30040252,0.0,0.0,"lew, dawson",70574,16,0.0,0.0,0.0,0.0,0.0,0.0,0.0,1995-01-01,-6.5,31,3.0,-2.5,-4.440892098500626e-16,0.0,0.0,0,2026-05-29,961,-2.5,0.0,0.0,0.0,7.430656934306569,0.0,0.0,0.0,0.0,0.0,0.0,0.0,0.0,0.0,0.0,0.0,,,,,,,,,,,,0.0,0.0,,-0.0,-0.03575,0.0,0.0,0.0,0.0,-2.5,2026-06-11 13:54,2026-06-12 08:39
TPC Toronto at Osprey Valley (North Course),1,2026-06-14,2026-06-11,32,RBC Canadian Open,2026-06-08 16:31:06 UTC,no,pga,-14400,0,CHN,15310,135.0,90.0,"li, haotong",35296,68,103.0,0.0,0.0,0.0,0.0,0.0,0.0,1995-08-03,-6.5,30,2.6376286781695484,0.1963170389143222,-0.2597853535353538,1.185,1.1949999999999998,pga,2026-05-29,900,0.1963170389143222,0.11,0.02,-0.0399999999999999,9.0,0.0,41.0,-1.7518248175182485,1.569343065693431,-0.0558053225827593,8.663002053752482e-05,-0.0013624219905385,-0.0408748200071938,-0.0156943284559536,0.0020396178503893,0.0,0.0956653923518855,0.0258881688888739,-0.0505175976853937,0.0003271791956115,0.0133021197442677,,,0.0379124135470014,0.1535075189857508,-0.0181207881832112,0.0293082791353171,0.0,-0.0235466930482079,0.0197423519913984,-0.0183613138686131,-0.03575,-0.0265075282268106,0.0,0.0,-0.0,0.0728886768903269,2026-06-11 13:54,2026-06-12 08:39
TPC Toronto at Osprey Valley (North Course),1,2026-06-14,2026-06-11,32,RBC Canadian Open,2026-06-08 16:31:06 UTC,no,pga,-14400,0,USA,15980,196.0,102.0,"lipsky, david",36326,65,66.0,0.0,0.0,0.0,0.0,0.0,0.0,1988-07-14,-4.5,37,2.747949075768303,-0.2317054516557364,-0.8847853535353538,0.3740266594666083,0.387,pga,2026-05-29,1369,-0.2317054516557364,-0.01,-0.42,-0.0399999999999999,9.0,0.0,37.0,-1.7518248175182485,1.569343065693431,0.0869814754721476,0.0003393635477079,-0.0003784839396605,0.0880398345625928,0.0006936752661926,-0.0017129139646852,-4.801857203255106,-0.0912657390003811,0.0099667486168013,-0.1662954662038164,0.0091179117947647,-0.0676031752917098,,,-0.0205733239390126,-0.3852783134535043,-0.0001927169427931,0.0016777404380392,-4.718874661875161,-0.0103181875050642,-0.0601102929253963,-0.0183613138686131,-0.0247499999999999,0.0413162008492701,-0.048018572032551,-0.0,-0.0,-0.4350919985053983,2026-06-11 13:32,2026-06-12 08:17
TPC Toronto at Osprey Valley (North Course),1,2026-06-14,2026-06-11,32,RBC Canadian Open,2026-06-08 16:31:06 UTC,no,pga,-14400,0,USA,17723,332.0,246.0,"lower, justin",40162,10,173.0,0.0,0.0,0.0,0.0,0.0,0.0,1989-04-04,-2.5,37,3.1222130013247056,-0.770970892278297,-0.2597853535353538,0.4045805372700555,0.2284,pga,2026-05-24,1369,-0.770970892278297,0.4899999999999999,0.0899999999999999,-0.36,14.0,0.0,28.0,-1.7518248175182485,6.569343065693431,0.1168958714165225,-0.0007680380860004,0.002650243880383,0.0819697145682634,0.032748725072896,0.0002952259809805,-7.093714064389159,-0.3664357230364121,0.0107254557057707,-0.0894856098244339,0.0063938917748583,-0.0162589050878344,,,-0.1410485527696498,-0.6868643139658168,0.0213821971706087,-0.0626051188276268,-10.945784074417231,0.0,-0.0495319490710973,-0.0768613138686131,-0.0137499999999999,0.0555255389228481,-0.0709371406438915,-0.0,0.0,-0.7928872295554734,2026-06-11 07:11,2026-06-12 12:26
TPC Toronto at Osprey Valley (North Course),1,2026-06-14,2026-06-11,32,RBC Canadian Open,2026-06-08 16:31:06 UTC,no,pga,-14400,0,IRL,13900,27.0,43.0,"lowry, shane",33204,205,51.0,0.0,0.0,0.0,0.0,0.0,0.0,1987-04-02,-2.5,39,2.551316668749214,1.020280289956341,0.9902146464646462,1.7001835172141142,1.4356,pga,2026-06-01,1521,1.020280289956341,-0.02,0.1099999999999999,0.03,0.0,2.0,49.0,0.2481751824817517,-7.430656934306569,0.0343580156668413,0.000552371898803,-0.0034095352135074,0.0353844994974917,0.0019735842044619,-0.0001429047204078,1.5354799300630109,0.6019183657388848,,0.1080399820831018,-0.0139480374390221,0.0145965180975805,0.2978037321584265,0.1208925719985336,,0.9822849048363016,-0.022802574128586,-0.03254556946288,71.25345584962241,0.3738529272663906,-0.0916700842097376,0.0965985401459853,-0.016,0.0180379582250916,0.007677399650315,0.0,0.0,1.0885988028576936,2026-06-11 13:10,2026-06-12 07:55
TPC Toronto at Osprey Valley (North Course),1,2026-06-14,2026-06-11,32,RBC Canadian Open,2026-06-08 16:31:06 UTC,no,pga,-14400,0,SCO,23323,34.0,17.0,"macintyre, robert",52215,186,35.0,0.0,0.0,0.0,0.0,0.0,0.0,1996-08-03,-2.5,29,2.6534423288276745,1.024733978063564,-0.0097853535353538,1.6777964440968958,1.4111999999999998,pga,2026-06-01,841,1.024733978063564,-0.14,-0.25,-0.1199999999999999,2.0,2.0,47.0,0.2481751824817517,-5.430656934306569,-0.0363935216557631,0.001436291098961,0.0016355696115359,-0.0440975078121075,0.0060822535285579,-0.0014501280827105,-1.3415661392401996,0.5444245964812893,,-0.0157337136778703,-0.0070872212979749,0.1168268817235106,0.2927421474101221,0.1399729342665492,,1.0545127778277017,-0.0190874079752094,-0.0264465866281199,30.84667918499702,0.3979937394551234,0.0289011475254049,0.0705985401459853,-0.016,-0.0191065988692756,-0.0067078306962009,0.0,0.0,1.0832968884082106,2026-06-11 13:10,2026-06-12 07:55
TPC Toronto at Osprey Valley (North Course),1,2026-06-14,2026-06-11,32,RBC Canadian Open,2026-06-08 16:31:06 UTC,no,pga,-14400,0,USA,14926,303.0,0.0,"malnati, peter",34466,17,158.0,0.0,0.0,0.0,0.0,0.0,0.0,1987-06-13,-2.5,39,2.3848298113632063,-0.8011284240105265,-0.0097853535353538,0.5412651606412631,0.37625,pga,2026-05-24,1521,-0.8011284240105265,0.3099999999999999,0.19,-0.1200000000000001,14.0,0.0,34.0,-1.7518248175182485,6.569343065693431,-0.0151542118909575,0.0006222461671983,0.0035145084182085,0.0195853443050285,-0.038191466253715,-0.0006848445276779,3.583016071991989,-0.3849560275222521,0.0143602702729305,0.0091705454543697,-0.010866282982257,-0.1062394142614567,,,-0.1572197244247689,-0.7352501308207682,0.014303745694698,-0.0399054264741497,-3.139323052735466,0.0,-0.073897816577882,-0.0768613138686131,-0.0137499999999999,-0.0071982506482048,0.0358301607199198,-0.0,0.0,-0.7972295346176663,2026-06-11 07:22,2026-06-12 12:37
TPC Toronto at Osprey Valley (North Course),1,2026-06-14,2026-06-11,32,RBC Canadian Open,2026-06-08 16:31:06 UTC,no,pga,-14400,0,USA,14007,0.0,459.0,"martin, ben",33413,25,152.0,0.0,0.0,0.0,0.0,0.0,0.0,1987-08-26,-6.5,38,2.9273798377193407,-1.1809471743972424,-1.6347853535353538,0.3350630349627889,0.0402,kft,2026-06-01,1444,-1.1809471743972424,-0.1600000000000001,0.0,-0.12,2.0,5.0,37.0,3.248175182481752,-5.430656934306569,0.0565670476479072,-0.0001291467406169,0.0008897264248552,0.0493859656978684,0.0070001255877063,-0.0005796233219057,0.0,-0.5237447644489928,0.0088825423100759,-0.3555866611999356,0.0190261729495068,-0.0464117422288876,,,-0.1882144700970805,-1.205124466158865,0.0372025642788068,-0.0837872732014549,0.0,0.0,-0.0724908345209029,0.0635386861313868,-0.03575,0.0268693476327559,0.0,0.0,0.0,-1.150466432394722,2026-06-11 12:26,2026-06-12 07:11
TPC Toronto at Osprey Valley (North Course),1,2026-06-14,2026-06-11,32,RBC Canadian Open,2026-06-08 16:31:06 UTC,no,pga,-14400,1,CAN,32259,0.0,0.0,"matthews, justin",66562,7,0.0,0.0,0.0,0.0,0.0,0.0,0.0,1995-01-01,-4.5,31,2.3,-1.714,-4.440892098500626e-16,0.0,0.0,0,2026-06-01,961,-1.714,0.0,0.0,0.0,7.430656934306569,0.0,0.0,0.0,0.0,0.0076134929058276,0.0,-0.0,-0.0,0.0076134929058276,-0.0,0.0,,,,,,,,,,,,0.0,0.0,,-0.0,-0.0247499999999999,0.0036164091302681,0.0,0.0,0.0,-1.714,2026-06-11 13:54,2026-06-12 08:39
TPC Toronto at Osprey Valley (North Course),1,2026-06-14,2026-06-11,32,RBC Canadian Open,2026-06-08 16:31:06 UTC,no,pga,-14400,0,USA,19870,67.0,103.0,"mccarthy, denny",47993,85,97.0,0.0,0.0,0.0,0.0,0.0,0.0,1993-03-04,-6.5,33,2.3,0.4919357378149622,-0.2597853535353538,1.4099294570090004,1.0342,pga,2026-06-01,1089,0.4919357378149622,0.01,0.0299999999999999,-0.01,0.0,2.0,55.0,0.2481751824817517,-7.430656934306569,0.0580016519822282,0.0011124787548132,-0.0002255379964924,0.0849970731996033,-0.027524737302885,-0.0003576246728108,0.0,0.2718651575938354,,0.0694838453678162,-0.0239480424683484,-0.1103223083462762,0.2145365142088636,0.0519703147941294,,0.4567576816566169,-0.0048057411078144,-0.0044921793601675,12.312749695544726,-0.3178417374231126,-0.0075298790254212,0.0869386861313868,-0.03575,0.0275507846915583,0.0,0.0,-0.0,0.5354971524795622,2026-06-11 08:17,2026-06-12 13:32
TPC Toronto at Osprey Valley (North Course),1,2026-06-14,2026-06-11,32,RBC Canadian Open,2026-06-08 16:31:06 UTC,no,pga,-14400,1,CAN,32260,0.0,0.0,"mcculloch, ashton",59409,11,0.0,0.0,0.0,0.0,0.0,0.0,0.0,2003-06-01,-4.5,23,3.0544072665576216,-2.8205,-4.440892098500626e-16,0.0,0.0,0,2026-06-01,529,-2.8205,0.0,0.0,0.0,7.430656934306569,0.0,0.0,0.0,0.0,-0.0424184884292397,0.0,-0.0,-0.0,-0.0424184884292397,-0.0,0.0,,,,,,,,,,,,0.0,0.0,,-0.0,-0.0247499999999999,-0.0201487820038888,0.0,0.0,0.0,-2.8205,2026-06-11 09:01,2026-06-12 14:16
TPC Toronto at Osprey Valley (North Course),1,2026-06-14,2026-06-11,32,RBC Canadian Open,2026-06-08 16:31:06 UTC,no,pga,-14400,0,USA,23505,104.0,98.0,"mcgreevy, max",51950,55,116.0,0.0,0.0,0.0,0.0,0.0,0.0,1995-05-03,-2.5,31,2.424022976645302,0.1822309242201646,-1.2597853535353538,0.5807308968804253,0.4247999999999999,pga,2026-05-31,961,0.1822309242201646,-0.0499999999999999,-0.08,-0.0399999999999999,7.0,5.0,47.0,3.248175182481752,-0.4306569343065689,0.0627610853010477,-0.0004998465123129,-0.0009707772040864,0.0483962473405753,0.0155030985692036,0.0003323631076681,3.408342729537162,0.0832613875191576,0.0153952129127157,0.0112989055823879,0.0158367450385547,0.0120251708776465,,,0.0491423938630563,0.2124478017476299,-0.0167017402037021,0.0242638891725583,-4.286181307805387,0.0,0.0179258369852546,0.0050386861313868,-0.0137499999999999,0.0298115155179976,0.0340834272953716,-0.0,0.0,0.267631430692386,2026-06-11 07:22,2026-06-12 12:37
TPC Toronto at Osprey Valley (North Course),1,2026-06-14,2026-06-11,32,RBC Canadian Open,2026-06-08 16:31:06 UTC,no,pga,-14400,0,USA,28159,55.0,86.0,"meissner, mac",59143,157,75.0,0.0,0.0,0.0,0.0,0.0,0.0,1999-02-08,-4.5,27,2.3,0.7321025022597802,-0.3847853535353538,0.7321025022597802,0.4806,pga,2026-06-01,729,0.7321025022597802,0.3399999999999999,0.26,0.03,0.0,4.0,47.0,2.248175182481752,-7.430656934306569,-0.0082927879854912,0.0002657193654765,-0.001755182319045,0.0162246796025733,-0.0208125833574347,-0.0022154212770614,-4.20859080847457,0.3472714095750625,,0.0531287255964581,-0.0150116977449026,-0.0502850048461651,0.0963360638160861,0.0487288646958205,,0.5003818468188505,-0.0134558234291686,-0.0168280487547114,-4.384799098972206,0.0,0.050497357910371,0.0965985401459853,-0.0288,-0.0043537136923828,-0.0210429540423728,-0.0,0.0,0.54278371923008,2026-06-11 07:00,2026-06-12 12:15
TPC Toronto at Osprey Valley (North Course),1,2026-06-14,2026-06-11,32,RBC Canadian Open,2026-06-08 16:31:06 UTC,no,pga,-14400,0,USA,17365,56.0,100.0,"mitchell, keith",39546,150,67.0,0.0,0.0,0.0,0.0,0.0,0.0,1992-01-07,-2.5,34,2.500657981813193,0.6143420489844492,0.7402146464646462,1.161148580946895,0.8478,pga,2026-05-29,1156,0.6143420489844492,0.0699999999999999,0.0,0.2299999999999999,9.0,0.0,53.0,-1.7518248175182485,1.569343065693431,-0.1430744334645804,-0.0002945091740461,-0.0010625591864064,-0.1343085979750732,-0.0082780214321987,0.0008692543031441,0.8651647404673501,0.3310903173248539,,0.0739636802128871,0.0029959469327849,0.1457006190852871,0.1758693258037851,0.0579894500550574,,0.7299615146386434,-0.0154950482606452,-0.0198221066654999,-16.307824402558577,-0.0970059426108302,-0.0223306698498673,-0.0204014598540146,-0.016,-0.0751140775689047,0.0043258237023367,-0.0,-0.0,0.6227718009180607,2026-06-11 07:00,2026-06-12 12:15
TPC Toronto at Osprey Valley (North Course),1,2026-06-14,2026-06-11,32,RBC Canadian Open,2026-06-08 16:31:06 UTC,no,pga,-14400,0,USA,21944,115.0,145.0,"moore, taylor",49947,86,78.0,0.0,0.0,0.0,0.0,0.0,0.0,1993-07-28,-4.5,32,2.3625889775674223,0.2788815140370624,1.1152146464646462,0.9130504924581354,0.6539999999999999,pga,2026-05-31,1024,0.2788815140370624,0.0799999999999999,0.02,0.0,7.0,3.0,41.0,1.2481751824817515,-0.4306569343065689,-0.0906599497074997,0.0003441617708326,0.002289019351195,-0.0738938545682605,-0.0186328190605977,-0.0007664572006691,-6.368865227442143,0.1311787913886763,0.024205026470305,0.0431232615740194,-0.006110407137048,0.0533996798768859,,,0.0263230738608327,0.2935930159189927,-0.0082594305618358,0.0303155923536582,3.805012120998829,-0.098856667087652,-0.000582571906501,0.0050386861313868,-0.0247499999999999,-0.0430634761110623,-0.0636886522744214,0.0,-0.0,0.1671295736648957,2026-06-11 08:17,2026-06-12 13:32
TPC Toronto at Osprey Valley (North Course),1,2026-06-14,2026-06-11,32,RBC Canadian Open,2026-06-08 16:31:06 UTC,no,pga,-14400,0,USA,22085,15.0,10.0,"morikawa, collin",50525,229,5.0,0.0,0.0,0.0,0.0,0.0,0.0,1997-02-06,-6.5,29,2.628332527520598,1.4147432213819742,-1.0097853535353538,2.202099099887908,2.14,pga,2026-05-17,841,1.4147432213819742,-0.8899999999999999,-0.04,-0.2399999999999999,21.0,0.0,35.0,-1.7518248175182485,13.569343065693433,0.0465893649553245,4.394303369605218e-05,-0.0059879068939742,0.0359752106857198,0.0174482002582296,-0.0008900821283466,0.0,0.7958970941384513,,0.0808077414885658,-0.011565900042797,0.0178807346695362,0.44392587546603,0.15216378186304,,1.4428391253559412,-0.024256512322722,-0.0455860326684391,46.37316830028815,-0.0207876151245525,0.0335723427642761,-0.1764014598540146,-0.0416,0.0244594166015453,0.0,0.0,-0.0,1.2492970821034717,2026-06-11 07:33,2026-06-12 12:48
TPC Toronto at Osprey Valley (North Course),1,2026-06-14,2026-06-11,32,RBC Canadian Open,2026-06-08 16:31:06 UTC,no,pga,-14400,0,USA,29770,144.0,138.0,"mouw, william",63121,35,118.0,0.0,0.0,0.0,0.0,0.0,0.0,2000-10-01,-4.5,25,2.5783130667687097,-0.0617418974447569,-0.0097853535353538,0.3445930926207645,0.1002,pga,2026-05-29,625,-0.0617418974447569,-0.3299999999999999,-0.08,0.01,9.0,0.0,38.0,-1.7518248175182485,1.569343065693431,-0.0137392939014453,6.122534357341807e-05,-0.00012058936818,-0.0158346242940424,0.0009599839191913,0.0011947104980123,-0.8244481213435455,-0.0147881544080812,0.0091351777549051,-0.0545847640267646,0.0100909695752336,0.0317393493692795,,,0.0213818825217685,0.0440560380979182,0.0009149992839705,-0.0174185892040337,-0.7436322014027226,0.0,0.0575851672316406,-0.0183613138686131,-0.0247499999999999,-0.0065261646031865,-0.0082444812134354,-0.0,0.0,-0.0138259215873169,2026-06-11 07:44,2026-06-12 12:59
TPC Toronto at Osprey Valley (North Course),1,2026-06-14,2026-06-11,32,RBC Canadian Open,2026-06-08 16:31:06 UTC,no,pga,-14400,0,JPN,21074,191.0,136.0,"nakajima, keita",49228,39,157.0,0.0,0.0,0.0,0.0,0.0,0.0,2000-06-24,-6.5,25,2.5758371707922034,-0.1506040036186272,0.6152146464646462,0.420382153485382,0.2025,pga,2026-05-31,625,-0.1506040036186272,0.24,0.1099999999999999,0.19,7.0,3.0,25.0,1.2481751824817515,-0.4306569343065689,0.0206569095264326,-0.00058968998056,-0.0014059101001841,0.0127581559586197,0.0062871895792808,0.0036071640692762,0.0,-0.0805365920582207,0.0112109087091575,0.0461555487070385,0.0016270039588826,-0.0104614206613029,,,-0.0373733744918307,-0.0324885177308054,0.0021950866139043,-0.0211164728524559,-19.306394743465585,-0.1892040572001609,0.0558107943440218,0.0050386861313868,-0.03575,0.0098120320250554,0.0,-0.0,-0.0,-0.053387799574363,2026-06-11 13:54,2026-06-12 08:39
TPC Toronto at Osprey Valley (North Course),1,2026-06-14,2026-06-11,32,RBC Canadian Open,2026-06-08 16:31:06 UTC,no,pga,-14400,0,DEN,23841,116.0,82.0,"neergaard-petersen, rasmus",52689,74,119.0,0.0,0.0,0.0,0.0,0.0,0.0,1999-07-03,-6.5,26,2.3,0.1684795343260242,-0.7597853535353538,0.7953323771403836,0.7101999999999999,pga,2026-05-31,676,0.1684795343260242,0.37,-0.02,-0.03,7.0,5.0,47.0,3.248175182481752,-0.4306569343065689,0.0022896719480447,-0.0003946032957249,-0.0002037612705436,-0.0170972622479863,0.0191566350499039,0.0008286637123957,0.0,0.0720220952319586,0.0210809674793686,0.0035500675302573,0.0047385629072123,0.0670773728172187,,,0.0104214217332989,0.2249681468690134,-0.0014669361061784,-0.0026043241045212,2.563840514728453,0.0,0.0501489193803984,0.0050386861313868,-0.03575,0.0010875941753212,0.0,0.0,0.0,0.1953444271757214,2026-06-11 14:05,2026-06-12 08:50
TPC Toronto at Osprey Valley (North Course),1,2026-06-14,2026-06-11,32,RBC Canadian Open,2026-06-08 16:31:06 UTC,no,pga,-14400,0,CAN,16492,0.0,461.0,"nesbitt, drew",45729,13,0.0,0.0,0.0,0.0,0.0,0.0,0.0,1995-01-01,-6.5,31,2.677659900916012,-1.7622944010677002,-4.440892098500626e-16,-1.543880164877735,-2.131351351351351,kft,2026-05-24,961,-1.7622944010677002,-0.6299999999999999,0.0,0.0,14.0,0.0,29.0,-1.7518248175182485,6.569343065693431,-0.0162130433912772,0.0,-0.0,-0.0,-0.0162130433912772,-0.0,0.0,-0.796540744305973,-0.0409111546183141,-0.2453939018197941,0.0353325265239273,-0.2048581069445751,,,-0.3030297888484261,-1.577180329684717,0.035990630987408,-0.0747779602439097,0.0,0.0,0.0170081695849392,-0.0768613138686131,-0.03575,-0.0077011956108566,0.0,0.0,0.0,-1.6974928391641868,2026-06-11 14:16,2026-06-12 09:01
TPC Toronto at Osprey Valley (North Course),1,2026-06-14,2026-06-11,32,RBC Canadian Open,2026-06-08 16:31:06 UTC,no,pga,-14400,0,SWE,10419,16.0,20.0,"noren, alex",27349,302,43.0,0.0,0.0,0.0,0.0,0.0,0.0,1982-07-12,-4.5,43,2.335584391320423,1.1223616929664195,0.2402146464646462,1.3789404458239352,1.2192,pga,2026-06-01,1849,1.1223616929664195,-0.0899999999999998,-0.0999999999999999,-0.11,0.0,2.0,50.0,0.2481751824817517,-7.430656934306569,0.1284161269388071,0.0011641694403894,-0.0025186919749847,0.1005998084082923,0.0303502174165574,-0.0011793763514473,-2.2776634894753207,0.6488416507650964,,0.2023048059807792,-0.0219977026197805,0.016494065450266,0.2676001772669059,0.1216105366182629,,1.0047187989866933,-0.0227694453553143,-0.0320856530045609,20.8247345774684,0.2166921035368617,-0.1752796361149614,0.0965985401459853,-0.0288,0.0674184666428737,-0.0113883174473766,0.0,0.0,1.128547488328176,2026-06-11 12:48,2026-06-12 07:33
TPC Toronto at Osprey Valley (North Course),1,2026-06-14,2026-06-11,32,RBC Canadian Open,2026-06-08 16:31:06 UTC,no,pga,-14400,0,SWE,25475,275.0,258.0,"nyholm, pontus",55851,39,123.0,0.0,0.0,0.0,0.0,0.0,0.0,1998-02-10,-6.5,28,3.1343197702768752,-0.3776124863988398,-0.1347853535353538,0.18,0.18,pga,2026-05-29,784,-0.3776124863988398,-0.47,0.03,-0.13,9.0,0.0,34.0,-1.7518248175182485,1.569343065693431,-0.0735702758515197,3.462795703879471e-05,-8.814243465324555e-05,-0.0422614440179285,-0.0308667091890829,-0.0003886081668938,0.0,-0.1507468806714648,0.0047718114174881,-0.1176697839332605,-0.0023383066053535,0.0193932341240864,,,-0.0532750266193645,-0.2954567529481074,0.0192181939934459,-0.0551415573420851,0.0,0.0,0.0403315626884004,-0.0183613138686131,-0.03575,-0.0349458810294718,0.0,0.0,0.0,-0.3845139478461924,2026-06-11 09:01,2026-06-12 14:16
TPC Toronto at Osprey Valley (North Course),1,2026-06-14,2026-06-11,32,RBC Canadian Open,2026-06-08 16:31:06 UTC,no,pga,-14400,0,AUS,30717,0.0,0.0,"o'donovan, declan",64526,22,0.0,0.0,0.0,0.0,0.0,0.0,0.0,1995-01-01,-6.5,31,3.0,-2.5,-4.440892098500626e-16,0.0,0.0,0,2026-05-29,961,-2.5,0.0,0.0,0.0,7.430656934306569,0.0,0.0,0.0,0.0,0.0,0.0,0.0,0.0,0.0,0.0,0.0,,,,,,,,,,,,0.0,0.0,,-0.0,-0.03575,0.0,0.0,0.0,0.0,-2.5,2026-06-11 13:43,2026-06-12 08:28
TPC Toronto at Osprey Valley (North Course),1,2026-06-14,2026-06-11,32,RBC Canadian Open,2026-06-08 16:31:06 UTC,no,pga,-14400,0,USA,7626,0.0,0.0,"o'hair, sean",24140,7,0.0,0.0,0.0,0.0,0.0,0.0,0.0,1982-07-11,-6.5,43,2.792000467468545,-0.6602912912912915,-0.4681186868686873,-0.1242825762223263,-0.1514285714285714,pga,2025-07-11,1849,-0.6602912912912915,-0.1400000000000001,-0.2,-0.12,30.0,0.0,0.0,-1.7518248175182485,22.56934306569343,0.0394745437612308,-0.0003631671567683,0.0015098527496846,0.0541454004517426,-0.0166681653806595,0.0008506230972315,0.0,-0.6123254643298423,-0.0023615369400408,-0.3542310620541245,0.01838940230482,-0.032435866932891,,,-0.2356798535662727,-1.416569038826624,0.0405459016537126,-0.1014851970301682,0.0,0.0,-0.1369853619318172,-0.2640613138686131,-0.03575,0.0187504082865846,0.0,0.0,0.0,-1.697629944408653,2026-06-11 14:16,2026-06-12 09:01
TPC Toronto at Osprey Valley (North Course),1,2026-06-14,2026-06-11,32,RBC Canadian Open,2026-06-08 16:31:06 UTC,no,pga,-14400,0,DEN,13412,99.0,128.0,"olesen, thorbjorn",33968,66,153.0,0.0,0.0,0.0,0.0,0.0,0.0,1989-12-21,-2.5,36,3.091634847460164,0.2071249397432883,0.2402146464646462,0.862490598580591,0.666,pga,2026-05-31,1296,0.2071249397432883,-0.32,0.07,-0.14,7.0,3.0,37.0,1.2481751824817515,-0.4306569343065689,-0.023461427169403,-0.0001795791448028,-0.0003322007636769,-0.0090865995644881,-0.0145091130359875,0.0006460653395524,0.0223198469620866,0.1090092447195596,0.0228646804765724,-0.0605570501251396,0.0054807815143916,0.0214008435721432,,,0.0641456475653057,0.1149881078603153,-0.0090544190326739,0.0035600474733481,-12.742103973939802,0.1035112130742445,-0.0418616683031919,0.0050386861313868,-0.0137499999999999,-0.0111441779054664,0.0002231984696208,-0.0,0.0,0.0953558145558566,2026-06-11 08:28,2026-06-12 13:43
TPC Toronto at Osprey Valley (North Course),1,2026-06-14,2026-06-11,32,RBC Canadian Open,2026-06-08 16:31:06 UTC,no,pga,-14400,0,ENG,13764,139.0,99.0,"parry, john",28723,34,93.0,0.0,0.0,0.0,0.0,0.0,0.0,1986-11-17,-6.5,39,2.493832949880901,0.1297243989809014,-0.7597853535353538,0.6227227634493413,0.423,pga,2026-05-29,1521,0.1297243989809014,-0.51,0.03,-0.13,9.0,0.0,58.0,-1.7518248175182485,1.569343065693431,0.0422369084042792,-0.0002963777329834,-0.0026367080220208,0.0424969329261695,0.0031428576272418,-0.0004697963941278,0.0,0.0947772484661054,0.0162933087371044,-0.2192215674475793,0.010538986011557,-0.0690713250581459,,,0.054802303942348,-0.1819593240929631,-0.0095636621209767,0.0219568308577905,3.059830263320864,0.0283782848250566,-0.0824714474811667,-0.0183613138686131,-0.03575,0.0200625314920326,0.0,0.0,0.0,-0.2160081064695436,2026-06-11 13:43,2026-06-12 08:28
TPC Toronto at Osprey Valley (North Course),1,2026-06-14,2026-06-11,32,RBC Canadian Open,2026-06-08 16:31:06 UTC,no,pga,-14400,0,FRA,19960,202.0,279.0,"pavon, matthieu",48153,37,106.0,0.0,0.0,0.0,0.0,0.0,0.0,1992-11-02,-4.5,33,2.3,-0.3996882553581038,-0.6347853535353538,0.8495533184368377,0.5202,pga,2026-05-29,1089,-0.3996882553581038,0.08,-0.3399999999999999,0.09,9.0,0.0,43.0,-1.7518248175182485,1.569343065693431,0.020965433622203,0.0006268350593097,0.0027991604119968,0.0125296725745211,0.0035698421431612,0.0014399234332139,-12.395612914091746,-0.1878453724093116,0.0225514453952879,-0.0401826696884042,0.0023399554565912,0.01510487108538,,,-0.060731733549225,-0.2565155429837417,0.0004913444383115,-0.0013455562410339,5.113799036500754,-0.0082464474470882,-0.0068978274713376,-0.0183613138686131,-0.0247499999999999,0.0099585809705464,-0.1239561291409174,0.0,-0.0,-0.4136244050227259,2026-06-11 08:28,2026-06-12 13:43
TPC Toronto at Osprey Valley (North Course),1,2026-06-14,2026-06-11,32,RBC Canadian Open,2026-06-08 16:31:06 UTC,no,pga,-14400,0,CAN,17780,93.0,94.0,"pendrith, taylor",40250,141,92.0,0.0,0.0,0.0,0.0,0.0,0.0,1991-05-30,-2.5,35,2.56179540789293,0.4536843615859361,0.2402146464646462,1.228695948554071,1.0538,pga,2026-06-01,1225,0.4536843615859361,-0.12,0.28,-0.23,0.0,2.0,54.0,0.2481751824817517,-7.430656934306569,-0.1221847638901504,-0.0003240805176005,-0.0011841470559373,-0.1004287154054379,-0.0204887201408709,0.0002408992296963,-0.7411487809948927,0.2259750943697562,0.0325728075329541,-0.0411240581858717,-0.0001055264792181,0.0419617689058138,,,0.0788793817399697,0.3212384379991543,-0.0060401590383515,0.0139617327415778,21.17433704450648,0.0522710156041151,-0.024842603587476,0.0869386861313868,-0.0137499999999999,-0.0580377628478214,-0.0074114878099489,0.0,0.0,0.3289778734727708,2026-06-11 08:06,2026-06-12 13:21
TPC Toronto at Osprey Valley (North Course),1,2026-06-14,2026-06-11,32,RBC Canadian Open,2026-06-08 16:31:06 UTC,no,pga,-14400,0,USA,16341,224.0,240.0,"peterson, paul",36824,5,141.0,0.0,0.0,0.0,0.0,0.0,0.0,1997-12-11,-2.5,28,2.5210884982231416,-0.2963439975535198,-0.1347853535353538,-0.1739661188189639,-0.4886,pga,2026-05-29,784,-0.2963439975535198,-0.02,-0.0799999999999999,0.0799999999999999,9.0,0.0,37.0,-1.7518248175182485,1.569343065693431,0.2237007970897667,0.0004272759573123,0.0003963285222863,0.1856849511048017,0.0387356854483803,-0.001543443943014,3.4779687233608554,-0.1288538961404281,-0.0046118206078299,-0.061378322321703,-0.002271174804958,-0.0591220496642044,,,-0.0659424444158745,-0.3853123014719607,0.0163109598362484,-0.0193332604278147,0.0,0.0,-0.0601102929253963,-0.0183613138686131,-0.0137499999999999,0.1062578786176391,0.0347796872336085,0.0,0.0,-0.2763860494893261,2026-06-11 14:16,2026-06-12 09:01
TPC Toronto at Osprey Valley (North Course),1,2026-06-14,2026-06-11,32,RBC Canadian Open,2026-06-08 16:31:06 UTC,no,pga,-14400,0,USA,27164,316.0,178.0,"phillips, chandler",57900,16,124.0,0.0,0.0,0.0,0.0,0.0,0.0,1996-12-02,-2.5,29,3.030338618513968,-0.6416936766604175,0.2402146464646462,0.2828086668489721,0.0922,pga,2026-05-29,841,-0.6416936766604175,-0.41,-0.42,-0.2099999999999999,9.0,0.0,37.0,-1.7518248175182485,1.569343065693431,0.0348347134187754,0.0003982917312616,0.0044362311950927,0.0303435204277357,0.0009062044340194,-0.0012495343693341,-1.978080236015944,-0.276512788131911,0.0074972756968575,-0.2274882723595815,0.006387531920084,-0.0216671591111712,,,-0.1078078110341272,-0.6242643046827089,0.0170937861602074,-0.05270492403357,0.0,0.0,0.0309380562105032,-0.0183613138686131,-0.0137499999999999,0.0165464888739183,-0.0197808023601594,0.0,0.0,-0.6596099320375632,2026-06-11 12:37,2026-06-12 07:22
TPC Toronto at Osprey Valley (North Course),1,2026-06-14,2026-06-11,32,RBC Canadian Open,2026-06-08 16:31:06 UTC,no,pga,-14400,0,RSA,27900,149.0,80.0,"potgieter, aldrich",63343,202,60.0,0.0,0.0,0.0,0.0,0.0,0.0,2004-09-13,-6.5,21,3.173391879712025,0.0535486245599611,0.8652146464646462,0.0778615517248674,-0.2588,pga,2026-05-17,441,0.0535486245599611,-0.03,0.3,0.1499999999999999,21.0,0.0,45.0,-1.7518248175182485,13.569343065693433,-0.1990004507631944,-0.0003873504543712,-6.096699528795361e-05,-0.1630866260355104,-0.0392135847456542,0.0037480774676294,0.0,0.0185522452493278,0.0020641671995288,0.1029662779787152,-0.0045216211943553,0.0561925787348969,,,-0.0239872379550933,0.2214063577585664,0.0006762175433757,-0.0063847344447604,-9.666013889541322,-0.031467336027974,0.0758484646469309,-0.1587613138686131,-0.03575,-0.0945252141125173,0.0,-0.0,-0.0,-0.067630170222564,2026-06-11 13:10,2026-06-12 07:55
TPC Toronto at Osprey Valley (North Course),1,2026-06-14,2026-06-11,32,RBC Canadian Open,2026-06-08 16:31:06 UTC,no,pga,-14400,0,IRL,10104,134.0,187.0,"power, seamus",28252,37,104.0,0.0,0.0,0.0,0.0,0.0,0.0,1987-03-04,-6.5,39,2.577672367900338,0.0139278700552151,-0.5097853535353538,1.1087623974102496,0.9002,pga,2026-05-31,1521,0.0139278700552151,0.32,0.12,-0.01,7.0,3.0,43.0,1.2481751824817515,-0.4306569343065689,0.0595499498249104,0.0001022762206758,0.0013576088232904,0.0449035472537244,0.0144879257783929,-0.0013014082511733,0.0,-0.0033578617702125,0.0293933614847452,0.0266595034584296,-0.0040429832350445,-0.0089796136877372,,,0.0031443944884953,-0.0422112579683556,-0.0097365698657725,0.0028649134965348,3.779391197284939,-0.0620159278245663,-0.0781564023377939,0.0050386861313868,-0.03575,0.0282862261668324,0.0,0.0,-0.0,-0.0446363456701363,2026-06-11 12:15,2026-06-12 07:00
TPC Toronto at Osprey Valley (North Course),1,2026-06-14,2026-06-11,32,RBC Canadian Open,2026-06-08 16:31:06 UTC,no,pga,-14400,0,USA,14704,57.0,84.0,"putnam, andrew",34256,150,57.0,0.0,0.0,0.0,0.0,0.0,0.0,1989-01-25,-2.5,37,2.3,0.595120377073402,0.2402146464646462,0.9523349062859509,0.8013999999999999,pga,2026-05-31,1369,0.595120377073402,0.03,-0.0899999999999999,-0.19,7.0,2.0,49.0,0.2481751824817517,-0.4306569343065689,0.2539897312186849,0.000598754458635,-0.0021107624722182,0.2288863632846432,0.0309475803279798,-0.0043322043803548,7.937311726751144,0.3187170154237753,,0.0946325465284247,-0.0138666499643094,-0.1166535480711018,0.1887722180720034,0.0408254391610768,,0.4112992121012195,-0.0149301749012754,-0.0224303773967286,8.158179378394994,0.0017090397998238,-0.0637672567506452,0.0055985401459853,-0.016,0.1333446088898096,0.0396865586337557,0.0,0.0,0.5739289197707701,2026-06-11 12:26,2026-06-12 07:11
TPC Toronto at Osprey Valley (North Course),1,2026-06-14,2026-06-11,32,RBC Canadian Open,2026-06-08 16:31:06 UTC,no,pga,-14400,0,ENG,18554,38.0,13.0,"rai, aaron",46414,226,28.0,0.0,0.0,0.0,0.0,0.0,0.0,1995-03-03,-6.5,31,3.2,0.978307073525486,1.3652146464646462,1.2626205027844255,1.0474,pga,2026-06-01,961,0.978307073525486,0.4499999999999999,-0.1,-0.04,0.0,2.0,37.0,0.2481751824817517,-7.430656934306569,0.1494167334698454,-0.0006110374225197,-0.004040863630563,0.1043696458393498,0.051084922873055,-0.0013859341894766,0.0,0.5108561768514004,,0.1898172726064736,-0.0010888164344281,0.0523011489083934,0.217274748580897,0.0611525508775776,,1.0173899967857596,-0.0131241991633249,-0.0146844908871995,21.775438986731952,-0.0385689350910218,0.01488560544597,0.0965985401459853,-0.0416,0.0784437850716688,0.0,0.0,-0.0,1.1508323220034138,2026-06-11 07:33,2026-06-12 12:48
TPC Toronto at Osprey Valley (North Course),1,2026-06-14,2026-06-11,32,RBC Canadian Open,2026-06-08 16:31:06 UTC,no,pga,-14400,0,USA,19840,142.0,168.0,"ramey, chad",47983,23,110.0,0.0,0.0,0.0,0.0,0.0,0.0,1992-08-03,-4.5,33,2.476723633749033,-0.0938161124006254,0.1152146464646461,0.5209359098856003,0.361,pga,2026-05-29,1089,-0.0938161124006254,-0.42,-0.1099999999999999,-0.21,9.0,0.0,47.0,-1.7518248175182485,1.569343065693431,-0.0058339509261512,0.0007988284980351,0.0014804595903907,0.0007494477578504,-0.0099279249003223,0.0010652381278948,-2.0340052490311984,-0.0279167599220663,0.0138100440142871,-0.0740733687381428,-0.0063815253905749,-0.0120183422740817,,,0.0092535037804292,-0.1046924763345332,-0.0001603295657671,0.002934446090331,-5.630618626410143,0.0,-0.0101401443289476,-0.0183613138686131,-0.0247499999999999,-0.0027711266899218,-0.0203400524903119,-0.0,0.0,-0.1709149693833801,2026-06-11 12:15,2026-06-12 07:00
TPC Toronto at Osprey Valley (North Course),1,2026-06-14,2026-06-11,32,RBC Canadian Open,2026-06-08 16:31:06 UTC,no,pga,-14400,0,NOR,21407,28.0,24.0,"reitan, kristoffer",49855,484,13.0,0.0,0.0,0.0,0.0,0.0,0.0,1995-01-01,-6.5,31,3.2,0.9165572839263696,0.7402146464646462,0.9165572839263696,0.4962,pga,2026-06-01,961,0.9165572839263696,-0.1100000000000001,0.06,0.0,0.0,2.0,47.0,0.2481751824817517,-7.430656934306569,-0.0702403442806804,0.0001111195928869,-0.0008975769671702,-0.068902545022619,-0.0001921900997227,-0.0003591517840552,0.0,0.4759846605493946,,0.245812961417643,-0.0120089438596872,0.1130409098419506,0.1006093689724413,0.0502081015361372,,0.9828889104991532,-0.0168558865266436,-0.0171317961569704,4.957349656213304,0.0776104154758013,0.0432295347248875,0.0965985401459853,-0.0416,-0.0368761807473572,0.0,0.0,0.0,1.001011269897781,2026-06-11 12:59,2026-06-12 07:44
TPC Toronto at Osprey Valley (North Course),1,2026-06-14,2026-06-11,32,RBC Canadian Open,2026-06-08 16:31:06 UTC,no,pga,-14400,0,USA,19872,461.0,162.0,"riley, davis",47995,37,132.0,0.0,0.0,0.0,0.0,0.0,0.0,1996-12-17,-2.5,29,3.2,-1.281725303044416,0.2402146464646462,0.8385916832123137,0.48,pga,2026-05-31,841,-1.281725303044416,0.03,-0.08,0.12,7.0,5.0,41.0,3.248175182481752,-0.4306569343065689,-0.0604047895984414,7.313439978175583e-05,0.0028705918424829,-0.0122973622626044,-0.0504599171822885,-0.0005912363958132,-1.5421258946935186,-0.5871295308201023,0.0222311102195627,-0.2591362697434053,0.0032889871190239,-0.1421100687874518,,,-0.2364584655348525,-1.201922498363231,0.0416032092784014,-0.0751495263049104,-1.1366308679436914,-0.0462294434186004,0.0309380562105032,0.0050386861313868,-0.0137499999999999,-0.0286922750592596,-0.0154212589469351,-0.0,-0.0,-1.254747346238039,2026-06-11 13:21,2026-06-12 08:06
TPC Toronto at Osprey Valley (North Course),1,2026-06-14,2026-06-11,32,RBC Canadian Open,2026-06-08 16:31:06 UTC,no,pga,-14400,0,ENG,6093,22.0,6.0,"rose, justin",22405,275,17.0,0.0,0.0,0.0,0.0,0.0,0.0,1980-07-30,-4.5,45,3.0247727967229,1.0018430073317597,0.9902146464646462,1.974094357488794,1.9,pga,2026-06-01,2025,1.0018430073317597,0.3500000000000001,0.27,-0.25,0.0,2.0,40.0,0.2481751824817517,-7.430656934306569,0.0119028903847966,0.0005297157463893,-0.0039903494563116,-0.0008626479289587,0.0176098661943395,-0.001383694170662,-1.7583282289384363,0.5806998439629559,,0.1705193100309219,-0.0021003887564926,0.0637046786721282,0.4854142750422944,0.1123931378973266,,1.134750967687454,-0.0235805624437278,-0.0367249855081993,87.0356262881221,0.1689625543258411,-0.2155743412097535,0.0965985401459853,-0.0288,0.0062490174520182,-0.0087916411446921,0.0,0.0,1.2000068841407656,2026-06-11 07:33,2026-06-12 12:48
TPC Toronto at Osprey Valley (North Course),1,2026-06-14,2026-06-11,32,RBC Canadian Open,2026-06-08 16:31:06 UTC,no,pga,-14400,0,USA,18424,155.0,131.0,"roy, kevin",39335,54,86.0,0.0,0.0,0.0,0.0,0.0,0.0,1993-05-20,-2.5,33,2.781474693911166,0.0178947897026188,-1.2597853535353538,0.5377960352629155,0.225,pga,2026-05-31,1089,0.0178947897026188,-0.74,0.0399999999999999,-0.43,7.0,3.0,44.0,1.2481751824817515,-0.4306569343065689,-0.0282481096194437,0.0004393852238901,0.0021392899254643,-0.0113329422194252,-0.0179402567372593,-0.0015535858121136,5.470749000573232,0.045840462542728,0.0142569700054123,-0.1794325412867992,-0.0036119264114526,-0.0283113903797402,,,0.0257840348056621,-0.1499908533164046,-0.0057345130352999,0.0193292674375161,0.0,0.0,-0.038111216994431,0.0050386861313868,-0.0137499999999999,-0.0134178520692357,0.0547074900057323,0.0,0.0,-0.1174125292485211,2026-06-11 07:00,2026-06-12 12:15
TPC Toronto at Osprey Valley (North Course),1,2026-06-14,2026-06-11,32,RBC Canadian Open,2026-06-08 16:31:06 UTC,no,pga,-14400,0,COL,16591,427.0,0.0,"rozo, marcelo",37076,15,193.0,0.0,0.0,0.0,0.0,0.0,0.0,1989-11-06,-6.5,36,2.3,-1.0832417365586442,-0.2597853535353538,-0.5376554327180956,-0.7275999999999999,pga,2026-05-29,1296,-1.0832417365586442,0.1899999999999999,-0.26,0.51,9.0,0.0,30.0,-1.7518248175182485,1.569343065693431,0.0793452654787865,-0.0011931226244789,-0.0009436855846665,0.0480210081552784,0.0318519022616095,0.001609163271044,0.0,-0.5105143997491406,-0.0142526190468666,-0.1223456638221784,0.0307069099265032,-0.0135001492476475,,,-0.2262167234866103,-0.9374826150514256,0.0472208180060001,-0.0841874521316412,0.0,0.0,-0.0443933354998443,-0.0183613138686131,-0.03575,0.0376890011024235,0.0,0.0,0.0,-0.9539049278176152,2026-06-11 13:43,2026-06-12 08:28
TPC Toronto at Osprey Valley (North Course),1,2026-06-14,2026-06-11,32,RBC Canadian Open,2026-06-08 16:31:06 UTC,no,pga,-14400,0,USA,16715,146.0,226.0,"ryder, sam",37275,36,129.0,0.0,0.0,0.0,0.0,0.0,0.0,1989-12-15,-4.5,36,2.4165185792110138,0.0948499057065752,0.7402146464646462,0.6216848392991361,0.38,pga,2026-05-29,1296,0.0948499057065752,-0.16,-0.22,-0.21,9.0,0.0,35.0,-1.7518248175182485,1.569343065693431,0.0312778943470017,0.0006467281447492,-0.0016785243263063,0.0250243013493599,0.0049290459674213,0.0023563432117775,-3.935742882358767,0.0524515903269716,0.0164809045235938,0.0117087461512856,-0.0033471680127,-0.0371749178068755,,,-8.983984252844197e-05,0.002825185725205,-0.00042762505389,0.0050851637425399,-5.636678372489801,0.0,-0.0418616683031919,-0.0183613138686131,-0.0247499999999999,0.0148569998148258,-0.0393574288235876,-0.0,0.0,-0.06478655715217,2026-06-11 07:22,2026-06-12 12:37
TPC Toronto at Osprey Valley (North Course),1,2026-06-14,2026-06-11,32,RBC Canadian Open,2026-06-08 16:31:06 UTC,no,pga,-14400,0,USA,35395,0.0,0.0,"sanderson, calen",69319,3,0.0,0.0,0.0,0.0,0.0,0.0,0.0,1995-01-01,-6.5,31,3.0,-2.5,-4.440892098500626e-16,0.0,0.0,0,2026-05-29,961,-2.5,0.0,0.0,0.0,7.430656934306569,0.0,0.0,0.0,0.0,0.0,0.0,0.0,0.0,0.0,0.0,0.0,,,,,,,,,,,,0.0,0.0,,-0.0,-0.03575,0.0,0.0,0.0,0.0,-2.5,2026-06-11 09:01,2026-06-12 14:16
TPC Toronto at Osprey Valley (North Course),1,2026-06-14,2026-06-11,32,RBC Canadian Open,2026-06-08 16:31:06 UTC,no,pga,-14400,0,CAN,25289,0.0,483.0,"savoie, joey",55592,11,0.0,0.0,0.0,0.0,0.0,0.0,0.0,1995-01-01,-6.5,31,2.3,-2.9655000000000005,-4.440892098500626e-16,0.0,0.0,0,2026-05-29,961,-2.9655000000000005,0.0,0.0,0.0,7.430656934306569,0.0,0.0,0.0,0.0,0.0127859516090193,0.0,-0.0,-0.0,0.0127859516090193,-0.0,0.0,,,,,,,,,,,,0.0,0.0,,-0.0,-0.03575,0.0060733270142841,0.0,0.0,0.0,-2.9655000000000005,2026-06-11 08:50,2026-06-12 14:05
TPC Toronto at Osprey Valley (North Course),1,2026-06-14,2026-06-11,32,RBC Canadian Open,2026-06-08 16:31:06 UTC,no,pga,-14400,0,USA,19477,442.0,165.0,"schenk, adam",47347,12,137.0,0.0,0.0,0.0,0.0,0.0,0.0,1992-01-26,-2.5,34,3.2,-1.0284926100383416,-1.1347853535353538,0.8600480068756723,0.6346,pga,2026-05-31,1156,-1.0284926100383416,-0.1599999999999999,0.18,-0.1,7.0,5.0,44.0,3.248175182481752,-0.4306569343065689,-0.0273790137114841,-0.0006643219478792,0.0018219400063435,-0.0127198211477003,-0.0168161979924295,0.0009993873701814,-1.4678316156543094,-0.461839491708294,0.0227999272155403,-0.2644543549982333,0.0004904154681521,-0.0584460179112872,,,-0.1698871422212789,-1.0003571520214931,0.0353543203420733,-0.0875806520136144,-1.3392712390372037,-0.0925848091395091,-0.0167941561945512,0.0050386861313868,-0.0137499999999999,-0.0130050315129549,-0.014678316156543,-0.0,-0.0,-1.0367518135596043,2026-06-11 13:10,2026-06-12 07:55
TPC Toronto at Osprey Valley (North Course),1,2026-06-14,2026-06-11,32,RBC Canadian Open,2026-06-08 16:31:06 UTC,no,pga,-14400,0,GER,20722,119.0,70.0,"schmid, matthias",48867,100,53.0,0.0,0.0,0.0,0.0,0.0,0.0,1997-11-18,-4.5,28,2.856109088083687,0.0120555011920932,-0.5097853535353538,0.4168814153489268,0.174,pga,2026-05-22,784,0.0120555011920932,0.32,0.0499999999999999,0.11,16.0,0.0,48.0,-1.7518248175182485,8.569343065693431,-0.0878538639264382,0.0003477368606046,0.0008334688680086,-0.0643664289933793,-0.0252787973220654,0.0006101566603932,-1.4771743941714273,-0.0053335701420268,0.0110515527638923,0.0226506070280495,2.967932228009926e-05,0.0067739747363006,,,0.0156321325999484,0.0781644972602397,0.0043776476370836,-0.0166008001237567,3.345286903353867,0.0347702389827176,0.0395832734384686,-0.1002613138686131,-0.0247499999999999,-0.0417305853650581,-0.0147717439417142,0.0,0.0,-0.1033491459151458,2026-06-11 07:00,2026-06-12 12:15
TPC Toronto at Osprey Valley (North Course),1,2026-06-14,2026-06-11,32,RBC Canadian Open,2026-06-08 16:31:06 UTC,no,pga,-14400,0,USA,32055,264.0,190.0,"shipley, neal",63807,24,181.0,0.0,0.0,0.0,0.0,0.0,0.0,2001-06-06,-6.5,25,2.306938195218749,-0.342809724666192,-0.5097853535353538,0.58,0.58,pga,2026-05-29,625,-0.342809724666192,0.0499999999999999,0.35,0.25,9.0,0.0,32.0,-1.7518248175182485,1.569343065693431,-0.0176689822015608,-0.0007677975322181,0.0015134752752076,-0.0542258520289737,0.0320550897727739,0.0037561023116495,0.0,-0.1609958393147971,0.015375836789684,-0.0409405405502307,0.0014162454381674,0.1132182471047019,,,-0.0774419442595147,-0.1394895620004755,0.0139140855218425,-0.0627723688962368,0.0,0.0,0.058736716165908,-0.0183613138686131,-0.03575,-0.0083927665457413,0.0,0.0,0.0,-0.20199364241483,2026-06-11 13:43,2026-06-12 08:28
TPC Toronto at Osprey Valley (North Course),1,2026-06-14,2026-06-11,32,RBC Canadian Open,2026-06-08 16:31:06 UTC,no,pga,-14400,0,CAN,29702,0.0,0.0,"sihota, jeevan",62811,10,0.0,0.0,0.0,0.0,0.0,0.0,0.0,1995-01-01,-6.5,31,3.0,-2.5,-4.440892098500626e-16,0.0,0.0,0,2026-05-29,961,-2.5,0.0,0.0,0.0,7.430656934306569,0.0,0.0,0.0,0.0,0.0,0.0,0.0,0.0,0.0,0.0,0.0,,,,,,,,,,,,0.0,0.0,,-0.0,-0.03575,0.0,0.0,0.0,0.0,-2.5,2026-06-11 14:05,2026-06-12 08:50
TPC Toronto at Osprey Valley (North Course),1,2026-06-14,2026-06-11,32,RBC Canadian Open,2026-06-08 16:31:06 UTC,no,pga,-14400,0,CAN,17381,282.0,263.0,"silverman, ben",39327,33,145.0,0.0,0.0,0.0,0.0,0.0,0.0,1987-11-15,-2.5,38,2.500478937317086,-0.6248584658626755,0.0318813131313127,0.4122310555671526,0.1698,pga,2026-05-24,1444,-0.6248584658626755,0.46,0.37,-0.08,14.0,0.0,36.0,-1.7518248175182485,6.569343065693431,0.0579373970940189,5.629868142265213e-05,0.0024774556488826,0.0414710924666461,0.0140490422332609,-0.0001164919361935,4.197721280418892,-0.314207623686846,0.0109282714311029,0.0265896593310614,-0.0043337306699737,-0.0042792582339533,,,-0.1140067601685896,-0.5170862646553134,0.0184708926864728,-0.0693220764033115,2.324998578616078,0.0,-0.0669256389412765,-0.0768613138686131,-0.0137499999999999,0.0275202636196589,0.0419772128041889,0.0,0.0,-0.5382001021000786,2026-06-11 07:00,2026-06-12 12:15
TPC Toronto at Osprey Valley (North Course),1,2026-06-14,2026-06-11,32,RBC Canadian Open,2026-06-08 16:31:06 UTC,no,pga,-14400,0,ENG,10873,262.0,283.0,"skinns, david",27139,24,154.0,0.0,0.0,0.0,0.0,0.0,0.0,1982-02-01,-2.5,44,2.5033355846674583,-0.4346073697740675,0.2402146464646462,-0.0875556911250561,-0.307,pga,2026-05-29,1936,-0.4346073697740675,-0.3,0.28,-0.14,9.0,0.0,32.0,-1.7518248175182485,1.569343065693431,-0.0140665029161286,-0.0006295747492914,-0.0009567244610261,0.0038298540974972,-0.0170670373979537,0.0007569795946453,11.273885042871342,-0.1804281402887213,-0.0023211069254256,-0.143119232586974,-0.0092064786612513,-0.0135661590821074,,,-0.0852580105594889,-0.6142126680783876,0.016717891134016,-0.0378407851825783,0.0,0.0,-0.1591906459258566,-0.0183613138686131,-0.0137499999999999,-0.006681588885161,0.1127388504287134,0.0,0.0,-0.5402667204034485,2026-06-11 08:39,2026-06-12 13:54
TPC Toronto at Osprey Valley (North Course),1,2026-06-14,2026-06-11,32,RBC Canadian Open,2026-06-08 16:31:06 UTC,no,pga,-14400,0,CAN,14050,335.0,402.0,"sloan, roger",33486,21,0.0,0.0,0.0,0.0,0.0,0.0,0.0,1987-05-15,-4.5,39,2.742780845106972,-0.8460742055278474,-4.440892098500626e-16,0.213173497034941,-0.0426,kft,2026-06-01,1521,-0.8460742055278474,-0.41,0.0,0.0,2.0,1.0,37.0,-0.7518248175182483,-5.430656934306569,0.0886738231968345,9.889050271939724e-05,0.0008127373445869,0.0441677870697171,0.0439679777354886,-0.0003735694556776,-1.508353550759519,-0.3749475575958286,0.0056512429280769,-0.2312974327166741,0.0353325265239273,-0.2048581069445751,,,-0.1368260801708132,-0.9978362384104617,0.0224688010576777,-0.0366290310059249,-0.1858639907977826,0.0,-0.0767306004863276,0.0635386861313868,-0.0247499999999999,0.0421200660184963,-0.0150835355075951,-0.0,0.0,-0.9320110217681736,2026-06-11 07:11,2026-06-12 12:26
TPC Toronto at Osprey Valley (North Course),1,2026-06-14,2026-06-11,32,RBC Canadian Open,2026-06-08 16:31:06 UTC,no,pga,-14400,0,ENG,18586,84.0,71.0,"smith, jordan",46464,116,63.0,0.0,0.0,0.0,0.0,0.0,0.0,1992-11-09,-6.5,33,2.4732066238492294,0.2901811002061901,0.2402146464646462,0.8422547797510109,0.4996,pga,2026-05-31,1089,0.2901811002061901,0.26,-0.12,0.09,7.0,4.0,49.0,2.248175182481752,-0.4306569343065689,0.011380112021111,-0.0005563938594615,-0.0026047680379906,-0.0132438296483509,0.0266502461138302,0.0011348574530839,0.0,0.1189943033559367,0.0223312057553149,0.0885864661736737,0.0159747774421748,0.0569095821092029,,,0.0668408428411589,0.3722371922037172,-0.0128742946667335,0.0223721366643262,1.4627604175183215,0.0473976130320754,-0.0068978274713376,0.0050386861313868,-0.03575,0.0054055532100277,0.0,0.0,0.0,0.3469314315451318,2026-06-11 13:32,2026-06-12 08:17
TPC Toronto at Osprey Valley (North Course),1,2026-06-14,2026-06-11,32,RBC Canadian Open,2026-06-08 16:31:06 UTC,no,pga,-14400,0,USA,22985,130.0,93.0,"smotherman, austin",50095,62,62.0,0.0,0.0,0.0,0.0,0.0,0.0,1994-05-19,-6.5,32,3.0933691410347604,0.1802848479210818,-0.1347853535353538,0.4981774177373707,0.1258,pga,2026-05-31,1024,0.1802848479210818,0.09,0.1699999999999999,-0.16,7.0,2.0,45.0,0.2481751824817517,-0.4306569343065689,0.0491962253566998,-0.0006694111683698,-0.0026353866375946,0.0252212875921142,0.0233905219789157,0.0038892135916343,0.0,0.082184951823612,0.0132058769572063,0.0301504032759438,-0.0017098587335812,0.0293834811394169,,,0.0103315818907705,0.1990679891331948,-0.004624370774516,0.031679057489548,-2.899880654182541,0.0,0.0084668660647944,0.0050386861313868,-0.03575,0.0233682070444324,0.0,-0.0,0.0,0.191724882309014,2026-06-11 07:11,2026-06-12 12:26
TPC Toronto at Osprey Valley (North Course),1,2026-06-14,2026-06-11,32,RBC Canadian Open,2026-06-08 16:31:06 UTC,no,pga,-14400,0,USA,21995,219.0,274.0,"springer, hayden",50484,45,121.0,0.0,0.0,0.0,0.0,0.0,0.0,1997-01-09,-2.5,29,2.5855141759530262,-0.306942008656345,-0.2597853535353538,0.1874070551588431,-0.049,pga,2026-05-29,841,-0.306942008656345,0.08,-0.21,0.1699999999999999,9.0,0.0,39.0,-1.7518248175182485,1.569343065693431,-0.0588490352118684,0.0006225621723525,0.0025936800928936,-0.0609461526752568,-0.0031761297706673,0.0020570049688095,-0.0692533344510213,-0.141166167314774,0.0049686360767241,-0.1054068337711644,0.0096834677693243,0.0700102580483085,,,-0.0477947962251297,-0.1961628238637454,0.0076024648511436,-0.0258152046717321,0.0,0.0,0.0317553513735542,-0.0183613138686131,-0.0137499999999999,-0.0279532917256374,-0.0006925333445102,0.0,0.0,-0.2569199628025062,2026-06-11 08:50,2026-06-12 14:05
TPC Toronto at Osprey Valley (North Course),1,2026-06-14,2026-06-11,32,RBC Canadian Open,2026-06-08 16:31:06 UTC,no,pga,-14400,0,USA,23048,415.0,0.0,"stanger, jimmy",51600,20,155.0,0.0,0.0,0.0,0.0,0.0,0.0,1995-03-23,-6.5,31,2.593309028597061,-0.7704590450131841,-0.6347853535353538,0.05031508968481,-0.0725,pga,2026-05-29,961,-0.7704590450131841,-0.41,0.29,0.12,9.0,0.0,34.0,-1.7518248175182485,1.569343065693431,-0.0681642706448645,-0.0001824256738496,0.0056308527306004,-0.0655018222440347,-0.009220260105945,0.0011093846483645,0.0,-0.3292754575830744,0.0013338562189292,-0.1796360871492676,-0.0026754966834801,0.0534952803267934,,,-0.114096600011118,-0.5692325782849683,0.0350439737386182,-0.0495062760621638,0.0,0.0,0.0160842289197947,-0.0183613138686131,-0.03575,-0.0323780285563106,0.0,0.0,0.0,-0.6557219207098921,2026-06-11 09:01,2026-06-12 14:16
TPC Toronto at Osprey Valley (North Course),1,2026-06-14,2026-06-11,32,RBC Canadian Open,2026-06-08 16:31:06 UTC,no,pga,-14400,0,USA,29279,190.0,167.0,"suber, jackson",60019,140,107.0,0.0,0.0,0.0,0.0,0.0,0.0,1999-10-18,-2.5,26,3.2,0.0155354090842198,0.8652146464646462,0.1102024127297444,-0.263,pga,2026-05-31,676,0.0155354090842198,0.4599999999999999,0.09,0.07,7.0,3.0,38.0,1.2481751824817515,-0.4306569343065689,-0.0220150903258408,-0.0003084814796157,-0.0015504356789331,-0.0305492362971532,0.0092991671955428,0.0010938959343184,8.537007406863436,0.0039827169401673,0.0029214729516585,0.0429009393985462,0.0068910204230499,0.0087884127879222,,,-0.056239741422803,0.041653913324458,-0.0034296224446424,-0.0162539557278415,-2.053621803653789,0.0,0.0520926704184007,0.0050386861313868,-0.0137499999999999,-0.0104571679047743,0.0853700740686343,-0.0,0.0,0.1078555056197048,2026-06-11 13:43,2026-06-12 08:28
TPC Toronto at Osprey Valley (North Course),1,2026-06-14,2026-06-11,32,RBC Canadian Open,2026-06-08 16:31:06 UTC,no,pga,-14400,0,CAN,13997,211.0,426.0,"svensson, adam",40115,39,164.0,0.0,0.0,0.0,0.0,0.0,0.0,1993-12-31,-4.5,32,2.383709294753439,-0.4676592414978991,-0.5097853535353538,0.692673427848337,0.566,pga,2026-05-29,1024,-0.4676592414978991,-0.0099999999999999,0.13,0.0,9.0,0.0,34.0,-1.7518248175182485,1.569343065693431,0.0929470808682453,-0.0014381027314559,-0.001245633487768,0.0797153966933472,0.0180225886772563,-0.0021071682831342,-6.242915035101532,-0.215295554453984,0.0183628165088741,-0.0608752766129524,0.017129797734242,-0.0306399441953436,,,-0.0806761785905385,-0.3644578751660676,0.0123730708753597,-0.0283387396052008,-8.354770014086,0.0,0.003502133173476,-0.0183613138686131,-0.0247499999999999,0.0441498634124165,-0.0624291503510153,-0.0,0.0,-0.4258484759732795,2026-06-11 08:28,2026-06-12 13:43
TPC Toronto at Osprey Valley (North Course),1,2026-06-14,2026-06-11,32,RBC Canadian Open,2026-06-08 16:31:06 UTC,no,pga,-14400,0,SWE,26850,216.0,196.0,"svensson, jesper",57586,73,136.0,0.0,0.0,0.0,0.0,0.0,0.0,1996-03-14,-2.5,30,2.9669014746147706,-0.564150372638643,1.6985479797979792,0.4426061674799477,0.1677999999999999,pga,2026-05-24,900,-0.564150372638643,0.3,0.0499999999999999,0.42,14.0,0.0,34.0,-1.7518248175182485,6.569343065693431,-0.1794269474687133,-0.0011551036751765,0.0016682232967605,-0.1719237247586163,-0.0074233817647204,-0.0005929605669606,5.137754332913868,-0.2824796279814099,0.011733515786738,0.0004609167296545,0.0145425145919832,0.048373827653179,,,-0.0716921943376946,-0.2856677846034672,0.0156384885944334,-0.0472865642942842,7.151468634720456,0.0460248089212458,0.0250413386539332,-0.0768613138686131,-0.0137499999999999,-0.0852278000476388,0.0513775433291386,0.0,0.0,-0.4101293551905804,2026-06-11 14:27,2026-06-12 09:12
TPC Toronto at Osprey Valley (North Course),1,2026-06-14,2026-06-11,32,RBC Canadian Open,2026-06-08 16:31:06 UTC,no,pga,-14400,0,CAN,13126,45.0,62.0,"taylor, nick",25493,287,52.0,0.0,0.0,0.0,0.0,0.0,0.0,1988-04-14,-2.5,38,2.453014802974479,1.0000133042926949,0.3652146464646462,1.0000133042926949,0.8733999999999998,pga,2026-06-01,1444,1.0000133042926949,-0.04,0.08,-0.07,0.0,2.0,59.0,0.2481751824817517,-7.430656934306569,0.0781642377793358,0.0001359390139233,-0.00278190752014,0.0663040754217559,0.0184317986826735,-0.0039256678188769,4.426433353558918,0.5342226581134102,,0.0089603859789873,-0.0119411702898356,0.0158737134311188,0.1802670961588692,0.0906761397848523,,0.6980280337645164,-0.0178160488541315,-0.0263277896891263,-13.98728823527769,0.0808815125785917,-0.0758869508696282,0.0965985401459853,-0.016,0.0410362248341513,0.0221321667677945,-0.0,0.0,0.8417949655124476,2026-06-11 12:48,2026-06-12 07:33
TPC Toronto at Osprey Valley (North Course),1,2026-06-14,2026-06-11,32,RBC Canadian Open,2026-06-08 16:31:06 UTC,no,pga,-14400,0,USA,23014,70.0,83.0,"theegala, sahith",51634,139,42.0,0.0,0.0,0.0,0.0,0.0,0.0,1997-12-04,-6.5,28,2.924428741804297,0.3524109340317981,-0.2597853535353538,1.3629450612009806,1.2166,pga,2026-06-01,784,0.3524109340317981,0.12,-0.2799999999999999,0.25,0.0,3.0,63.0,1.2481751824817515,-7.430656934306569,-0.0252832592295939,0.000256756713713,-0.0005123997668349,-0.0070364358301756,-0.0143605944578397,-0.0036305858884566,0.0,0.1720194562929689,0.0361317600247106,0.0355622134365487,0.0002965576726241,-0.0030045855685204,,,0.0857970496146596,0.3987211218565987,-0.025154314275608,0.0582442737355072,6.832844354514703,-0.0594763483911354,0.0388287109237078,0.0869386861313868,-0.03575,-0.0120095481340571,0.0,0.0,-0.0,0.4379002598539285,2026-06-11 07:44,2026-06-12 12:59
TPC Toronto at Osprey Valley (North Course),1,2026-06-14,2026-06-11,32,RBC Canadian Open,2026-06-08 16:31:06 UTC,no,pga,-14400,0,USA,27364,83.0,134.0,"thompson, davis",58168,73,90.0,0.0,0.0,0.0,0.0,0.0,0.0,1999-06-05,-6.5,27,2.4771530730984264,0.3414168311415493,-0.2597853535353538,1.199266141697349,0.873,pga,2026-05-31,729,0.3414168311415493,-0.32,0.19,-0.1999999999999999,7.0,3.0,42.0,1.2481751824817515,-0.4306569343065689,-0.028920165280018,-0.0007223036434635,-0.0015278321673463,-0.0283443879161765,0.001508663747915,0.0001656946990533,0.0,0.170368850589583,0.0317926214864353,0.0231461794300027,0.0071140864405043,0.0282362757405272,,,0.0674697217388579,0.3815724023079027,-0.0083185026957451,0.012274713739664,-7.044498633783085,-0.0772770566644177,0.0494884558380728,0.0050386861313868,-0.03575,-0.0137370785080085,0.0,-0.0,-0.0,0.337124009931281,2026-06-11 07:55,2026-06-12 13:10
TPC Toronto at Osprey Valley (North Course),1,2026-06-14,2026-06-11,32,RBC Canadian Open,2026-06-08 16:31:06 UTC,no,pga,-14400,0,USA,26649,72.0,74.0,"thorbjornsen, michael",57364,194,65.0,0.0,0.0,0.0,0.0,0.0,0.0,2001-09-16,-6.5,24,3.2,0.4356083674203584,-0.0097853535353538,0.8257063865802567,0.6286,pga,2026-05-31,576,0.4356083674203584,-0.1699999999999999,-0.0699999999999999,0.0899999999999999,7.0,4.0,48.0,2.248175182481752,-0.4306569343065689,-0.0772625371148202,-0.0002890189059195,0.0002477141826346,-0.0726238198351201,-0.0030118639477999,-0.0015855486086152,0.0,0.2012581968203694,0.0218895286803855,0.0712139711381043,0.007865255954403,0.0591698498891581,,,0.1020580611123071,0.5342483105113157,-0.0177596076477726,0.025461073254544,-3.3199596209084,0.0,0.0630919813098165,0.0050386861313868,-0.03575,-0.0366997051295395,0.0,-0.0,0.0,0.466837291513163,2026-06-11 12:37,2026-06-12 07:22
TPC Toronto at Osprey Valley (North Course),1,2026-06-14,2026-06-11,32,RBC Canadian Open,2026-06-08 16:31:06 UTC,no,pga,-14400,0,ARG,17032,0.0,377.0,"tosti, alejandro",38991,27,184.0,0.0,0.0,0.0,0.0,0.0,0.0,1996-05-30,-4.5,30,2.5798874492334445,-1.2546048082298171,0.3652146464646462,0.6906195565309858,0.3833999999999999,pga,2026-05-29,900,-1.2546048082298171,-0.2099999999999999,-0.18,-0.07,9.0,0.0,28.0,-1.7518248175182485,1.569343065693431,-0.0965266767535763,-0.0012618229731191,0.0043123989476389,-0.0748595316581785,-0.0258475466933176,0.0011298256234,-0.0832890537869301,-0.5785836761153768,0.0178302648207484,-0.2273918818454937,0.0227756999225888,0.0104545920577381,,,-0.2567622699462797,-1.082973234380186,0.044169669680903,-0.1422231143778269,-1.473945528458363,0.0,0.0267574814228125,-0.0183613138686131,-0.0247499999999999,-0.0458501714579487,-0.0008328905378693,-0.0,0.0,-1.1727676102446172,2026-06-11 14:05,2026-06-12 08:50
TPC Toronto at Osprey Valley (North Course),1,2026-06-14,2026-06-11,32,RBC Canadian Open,2026-06-08 16:31:06 UTC,no,pga,-14400,0,RSA,17550,231.0,180.0,"van rooyen, erik",40006,47,150.0,0.0,0.0,0.0,0.0,0.0,0.0,1990-02-21,-4.5,36,2.3,-0.3786753133208878,0.7402146464646462,0.9983466614083296,0.8068000000000001,pga,2026-05-31,1296,-0.3786753133208878,0.01,0.14,-0.37,7.0,3.0,38.0,1.2481751824817515,-0.4306569343065689,-0.0321822163779989,-0.0002804770241579,0.0021907020415476,-0.0243448135948806,-0.0110079575541826,0.0012603297536745,-1.234466571555493,-0.1651661649864916,0.0266830207640781,-0.0755287231447906,-0.0108369569852421,-0.0249244030115899,,,-0.0896601628433825,-0.4092201966670977,0.0209808097685761,-0.0514125220623993,-14.845238251443508,0.0310346072541343,-0.0393550941658557,0.0050386861313868,-0.0247499999999999,-0.0152865527795494,-0.0123446657155549,-0.0,0.0,-0.4565627290308152,2026-06-11 12:15,2026-06-12 07:00
TPC Toronto at Osprey Valley (North Course),1,2026-06-14,2026-06-11,32,RBC Canadian Open,2026-06-08 16:31:06 UTC,no,pga,-14400,0,USA,25319,285.0,293.0,"vanderlaan, john",55573,16,166.0,0.0,0.0,0.0,0.0,0.0,0.0,1996-06-28,-6.5,29,2.930287783220701,-0.5597737315760173,-0.2597853535353538,0.2266666666666666,0.2214814814814815,pga,2026-05-29,841,-0.5597737315760173,-0.3999999999999999,-0.18,0.18,9.0,0.0,38.0,-1.7518248175182485,1.569343065693431,-0.0011287213870086,4.6777765645129086e-06,0.0018808623321051,-0.0065270486061401,0.0028958295368073,0.0006169575736543,0.0,-0.2413555481141338,0.0068926164919273,-0.1661118807649468,0.0055788881630397,-0.0112671958819516,,,-0.0755553075664175,-0.4817415432045712,0.0070333147397898,-0.0337139116946909,0.0,0.0,0.0267574814228125,-0.0183613138686131,-0.03575,-0.000536142658829,0.0,0.0,0.0,-0.5363889997320134,2026-06-11 14:27,2026-06-12 09:12
TPC Toronto at Osprey Valley (North Course),1,2026-06-14,2026-06-11,32,RBC Canadian Open,2026-06-08 16:31:06 UTC,no,pga,-14400,0,VEN,13508,223.0,144.0,"vegas, jhonattan",27064,51,122.0,0.0,0.0,0.0,0.0,0.0,0.0,1984-08-19,-6.5,41,2.9348969665118405,-0.203404486868977,-0.3847853535353538,0.8996296296296297,0.94,pga,2026-06-01,1681,-0.203404486868977,0.0399999999999999,-0.43,0.13,2.0,1.0,46.0,-0.7518248175182483,-5.430656934306569,-0.0097443240744134,-0.0003150092216455,-0.0007973866684587,-0.0019612114711719,-0.0095567332314794,0.0028860165183422,0.0,-0.1186262040044588,0.0233535709219482,-0.1706463706453487,0.0142962468821114,0.0351126795303001,,,-0.0463573587446747,-0.4118540862259512,0.0210064839382555,-0.0525639676731811,-4.728041597417295,0.0544155187578291,-0.1174291664309032,0.0635386861313868,-0.03575,-0.0046285539353463,0.0,-0.0,0.0,-0.3886939540299107,2026-06-11 12:59,2026-06-12 07:44
TPC Toronto at Osprey Valley (North Course),1,2026-06-14,2026-06-11,32,RBC Canadian Open,2026-06-08 16:31:06 UTC,no,pga,-14400,0,NOR,15651,181.0,298.0,"ventura, kristoffer",35658,34,120.0,0.0,0.0,0.0,0.0,0.0,0.0,1995-02-24,-4.5,31,2.3,-0.3368347957718077,-0.5097853535353538,0.6250491183699132,0.3496969696969697,pga,2026-05-29,961,-0.3368347957718077,-0.24,-0.38,0.12,9.0,0.0,24.0,-1.7518248175182485,1.569343065693431,-0.0327989230420342,0.0006012884109878,0.0025595578702703,-0.0392252232154485,0.0017851681059533,0.0014802857862027,-0.0826790110362438,-0.1438718575797773,0.016570091775158,-0.1361555370443478,0.0005774905168521,0.0507744611730776,,,-0.0138353357493796,-0.2238617194567189,0.0008101422046118,-0.0138851897427351,0.0,0.0,0.0151540149898212,-0.0183613138686131,-0.0247499999999999,-0.0155794884449662,-0.0008267901103624,0.0,0.0,-0.2833793118806608,2026-06-11 09:01,2026-06-12 14:16
TPC Toronto at Osprey Valley (North Course),1,2026-06-14,2026-06-11,32,RBC Canadian Open,2026-06-08 16:31:06 UTC,no,pga,-14400,0,AUS,24304,214.0,188.0,"vilips, karl",54304,29,112.0,0.0,0.0,0.0,0.0,0.0,0.0,2001-08-16,-4.5,24,3.0150689965518627,-0.3118874297053297,0.2402146464646462,0.1230555555555555,0.120625,pga,2026-05-29,576,-0.3118874297053297,-0.61,0.12,-0.23,9.0,0.0,37.0,-1.7518248175182485,1.569343065693431,-0.0577283954288226,0.0003367101961814,-0.0004704880845157,-0.0358210672123326,-0.0234304986103496,0.0016569482821939,-4.384952413204358,-0.1061129241943046,0.0034463082459636,-0.1949239153220041,-0.0066262620242973,-0.0602624264595292,,,-0.0487830344929425,-0.3591973134606041,0.0105221961050594,-0.0190267849122788,-7.384227024802096,0.0,0.0625695295937294,-0.0183613138686131,-0.0247499999999999,-0.0274209878286907,-0.0438495241320435,-0.0,0.0,-0.4735791392899515,2026-06-11 07:44,2026-06-12 12:59
TPC Toronto at Osprey Valley (North Course),1,2026-06-14,2026-06-11,32,RBC Canadian Open,2026-06-08 16:31:06 UTC,no,pga,-14400,0,COL,9171,390.0,461.0,"villegas, camilo",27770,20,185.0,0.0,0.0,0.0,0.0,0.0,0.0,1982-01-07,-5.5,44,2.761634991915374,-0.9204512047245552,-0.3847853535353538,-0.0160691669877972,-0.3264,pga,2026-05-29,1936,-0.9204512047245552,0.21,-0.2,0.0799999999999999,9.0,0.0,36.0,-1.7518248175182485,1.569343065693431,0.0565005467791832,-3.012173302191035e-05,0.000592494606112,0.0869469318297533,-0.0313103699651478,0.0003016120414875,-1.5101822028155274,-0.426977865430772,-0.0004260309883567,-0.0862894162809133,0.0009078987128044,-0.103666737868411,,,-0.1869567123016823,-0.997366708966542,0.029137737457882,-0.0621529247186608,1.587442768766672,0.0,-0.1609426575484321,-0.0183613138686131,-0.03025,0.026837759720112,-0.0151018220281552,0.0,0.0,-1.0342420851431984,2026-06-11 08:17,2026-06-12 13:32
TPC Toronto at Osprey Valley (North Course),1,2026-06-14,2026-06-11,32,RBC Canadian Open,2026-06-08 16:31:06 UTC,no,pga,-14400,0,USA,25003,334.0,244.0,"walker, danny",54607,20,140.0,0.0,0.0,0.0,0.0,0.0,0.0,1995-10-04,-4.5,30,2.950716750961964,-0.6669467938304918,0.3652146464646462,0.107348273928075,-0.259,pga,2026-05-29,900,-0.6669467938304918,0.04,-0.28,0.3099999999999999,9.0,0.0,44.0,-1.7518248175182485,1.569343065693431,-0.0730508950425351,6.728268628259617e-05,0.0004877150651357,-0.0394814239018463,-0.0331932065021882,-0.0009312623899189,-2.5284930239994625,-0.3052242055194182,0.0028457042290892,-0.1419239732432438,0.017396087209144,-0.0485445427422994,,,-0.0981949478835842,-0.568814623454754,0.0213782867788741,-0.0380808062215418,0.0,0.0,0.0215337739382261,-0.0183613138686131,-0.0247499999999999,-0.0346991751452041,-0.0252849302399946,0.0,0.0,-0.671910042708566,2026-06-11 07:11,2026-06-12 12:26
TPC Toronto at Osprey Valley (North Course),1,2026-06-14,2026-06-11,32,RBC Canadian Open,2026-06-08 16:31:06 UTC,no,pga,-14400,0,ENG,20706,78.0,76.0,"wallace, matt",48887,52,81.0,0.0,0.0,0.0,0.0,0.0,0.0,1990-04-12,-4.5,36,2.3,0.4979623175915545,-0.1347853535353538,0.9622940039440294,0.93,pga,2026-05-17,1296,0.4979623175915545,0.0299999999999999,0.0799999999999999,-0.07,21.0,0.0,48.0,-1.7518248175182485,13.569343065693433,-0.0055556222768846,8.92739425576669e-05,-0.0013875374252287,0.0050333424870574,-0.0070869987531502,-0.0022037025281207,-3.4692408789844658,0.2690491213667733,,0.0908653070778874,-0.0126221614873401,0.0052821149865619,0.1632568523326007,0.0318198275814275,,0.4873639251532775,-0.0068695755455407,-0.0083839752198681,35.002318117759366,0.0334625784653001,-0.0450335859392245,-0.1587613138686131,-0.0247499999999999,-0.0026389205815201,-0.0346924087898446,0.0,0.0,0.2665212819132995,2026-06-11 07:22,2026-06-12 12:37
TPC Toronto at Osprey Valley (North Course),1,2026-06-14,2026-06-11,32,RBC Canadian Open,2026-06-08 16:31:06 UTC,no,pga,-14400,0,ENG,12426,283.0,311.0,"waring, paul",31113,31,176.0,0.0,0.0,0.0,0.0,0.0,0.0,1985-02-02,-2.5,41,2.537409186132136,-0.4606731207619563,-4.440892098500626e-16,0.800247210389811,0.5438000000000001,euro,2026-06-01,1681,-0.4606731207619563,0.05,0.0,0.0,0.0,2.0,39.0,0.2481751824817517,-7.430656934306569,-0.0066280397508175,2.0068305732202333e-05,0.0024454274420423,-0.0088146033126055,-0.0045427845875206,0.0042638524015341,6.167665463295941,-0.2097171319330971,0.0212147140328922,-0.0781871893178594,-0.0197094647541168,0.0298979026079666,,,-0.0945115143399182,-0.4602102231688506,0.0187559140098489,-0.0184060880804773,-4.552350985897074,-0.0503382582561436,-0.1095473653940893,0.0869386861313868,-0.0137499999999999,-0.0031483188816383,0.0616766546329594,-0.0,-0.0,-0.3284932012861426,2026-06-11 08:39,2026-06-12 13:54
TPC Toronto at Osprey Valley (North Course),1,2026-06-14,2026-06-11,32,RBC Canadian Open,2026-06-08 16:31:06 UTC,no,pga,-14400,0,CAN,5513,0.0,0.0,"weir, mike",10423,28,0.0,0.0,0.0,0.0,0.0,0.0,0.0,1970-05-12,-4.5,56,2.7,-1.372253525313882,-0.0097853535353538,-1.1534611470335658,-1.4352380952380952,pga,2026-04-10,3136,-1.372253525313882,-0.33,-0.06,-0.1100000000000001,30.0,0.0,3.0,-1.7518248175182485,22.56934306569343,0.1786954967075715,-0.0004343773803305,0.0010234454804958,0.1844865012998346,-0.001949440426478,-0.0044306322659504,-3.0205064460363165,-0.5702816879522465,-0.0282029498670763,-0.2795532307596206,0.02914933438224,-0.194820059704291,,,-0.2794019102634465,-1.8046959377391247,0.0350974680519058,-0.1124162310724025,17.313296276458278,0.0,-0.4042666705541868,-0.2640613138686131,-0.0247499999999999,0.0848803609360964,-0.0302050644603631,0.0,0.0,-2.0388319551320047,2026-06-11 12:26,2026-06-12 07:11
TPC Toronto at Osprey Valley (North Course),1,2026-06-14,2026-06-11,32,RBC Canadian Open,2026-06-08 16:31:06 UTC,no,pga,-14400,0,USA,25908,157.0,159.0,"whaley, vince",51894,31,161.0,0.0,0.0,0.0,0.0,0.0,0.0,1995-03-14,-2.5,31,2.5884940190749504,-0.1241240239148793,-0.6347853535353538,0.4964458635825537,0.3301999999999999,pga,2026-05-29,961,-0.1241240239148793,-0.6,0.03,0.13,9.0,0.0,38.0,-1.7518248175182485,1.569343065693431,-0.0195216592270982,0.0011662118879436,0.0022775185941789,0.0041172005247734,-0.0269096236570439,-0.0001729665769503,-1.7686082436734396,-0.0326953311951764,0.0131608114090069,-0.1630438456423825,-0.0190489427999333,-0.0765759603758822,,,-0.0034139140160806,-0.2938165129217161,-0.0021715857084026,-0.02611197351266,0.0,0.0,0.0160842289197947,-0.0183613138686131,-0.0137499999999999,-0.0092727881328716,-0.0176860824367343,0.0,0.0,-0.3528866973599353,2026-06-11 12:15,2026-06-12 07:00
TPC Toronto at Osprey Valley (North Course),1,2026-06-14,2026-06-11,32,RBC Canadian Open,2026-06-08 16:31:06 UTC,no,pga,-14400,0,ENG,12920,359.0,369.0,"willett, danny",32139,93,186.0,0.0,0.0,0.0,0.0,0.0,0.0,1987-10-03,-2.5,38,2.385068093976192,-0.9869118816746976,-1.3847853535353538,0.97472088791762,0.625,euro,2026-06-01,1444,-0.9869118816746976,-0.28,0.04,-0.12,0.0,2.0,32.0,0.2481751824817517,-7.430656934306569,0.0757291859285946,0.0006685886256876,0.0038057799784199,0.0838295815067866,-0.0122663575149567,-0.0003084066673428,8.807175860353771,-0.4029989465477585,0.0258407253023831,0.0394831800199166,-0.0034553902328307,-0.0924668796049458,,,-0.1652154704098,-0.6942710034009717,0.0361463967708181,-0.0605144929700017,31.428450553841824,0.0209378127528332,-0.0710901257287527,0.0869386861313868,-0.0137499999999999,0.0359713633160824,0.0880717586035377,0.0,0.0,-0.4970391953499647,2026-06-11 07:11,2026-06-12 12:26
TPC Toronto at Osprey Valley (North Course),1,2026-06-14,2026-06-11,32,RBC Canadian Open,2026-06-08 16:31:06 UTC,no,pga,-14400,0,USA,25002,278.0,395.0,"wu, dylan",54783,16,156.0,0.0,0.0,0.0,0.0,0.0,0.0,1996-07-20,-2.5,29,2.3471587078849185,-0.6521155896373139,-0.3847853535353538,0.2057607887524076,0.0462,pga,2026-05-29,841,-0.6521155896373139,-0.49,-0.04,-0.3299999999999999,9.0,0.0,33.0,-1.7518248175182485,1.569343065693431,0.0289117390821435,-0.000818661457559,0.0005279389044784,0.0269099034928969,0.0017041981126893,0.0005883600296378,0.1140064599679323,-0.2804327421990831,0.0054547315613339,-0.2269409611534049,0.0156240432288806,-0.0534747945160989,,,-0.0924451979617641,-0.6302192132189041,0.0092192356495976,-0.0348296707383739,4.832161663148344,0.0,0.0276061429100087,-0.0183613138686131,-0.0137499999999999,0.0137330760640181,0.0011400645996793,0.0,0.0,-0.6474573864238198,2026-06-11 07:00,2026-06-12 12:15
TPC Toronto at Osprey Valley (North Course),1,2026-06-14,2026-06-11,32,RBC Canadian Open,2026-06-08 16:31:06 UTC,no,pga,-14400,0,CAN,29925,98.0,110.0,"yellamaraju, sudarshan",60386,140,48.0,0.0,0.0,0.0,0.0,0.0,0.0,2001-08-01,-4.5,24,2.511009428530357,0.2583162555544248,0.1152146464646461,0.5266699127977909,0.159,pga,2026-06-01,576,0.2583162555544248,-0.4099999999999999,-0.08,0.03,0.0,3.0,56.0,1.2481751824817515,-7.430656934306569,-0.0218468535917378,0.0004107060959183,-0.0014458607078962,-0.0373928546622158,0.0164905451366633,9.061054579259648e-05,-3.7143565891404657,0.121914171529748,0.0139620717197125,-0.0148362547472855,0.00506008889858,0.0689962104189329,,,0.0709734755974671,0.3519237475137883,-0.0235081986639259,0.0473213781477454,-6.287591383217468,0.0,0.0620408046128135,0.0869386861313868,-0.0247499999999999,-0.0103772554560754,-0.0371435658914046,-0.0,0.0,0.3665916122976951,2026-06-11 07:55,2026-06-12 13:10
TPC Toronto at Osprey Valley (North Course),1,2026-06-14,2026-06-11,32,RBC Canadian Open,2026-06-08 16:31:06 UTC,no,pga,-14400,0,TPE,17881,148.0,127.0,"yu, kevin",45242,102,127.0,0.0,0.0,0.0,0.0,0.0,0.0,1998-08-11,-2.5,27,2.622795217500058,0.188647238658208,0.8652146464646462,0.7647843276726658,0.6118,pga,2026-05-31,729,0.188647238658208,-0.4599999999999999,0.25,-0.13,7.0,3.0,36.0,1.2481751824817515,-0.4306569343065689,-0.0644513092991148,-0.0004164577985558,-2.9644250531357625e-05,-0.0606251922591833,-0.0030505132834977,-0.0003295017073465,8.711587249769769,0.0941828578811916,0.0202744809065594,0.01762877462653,0.0012100212583561,0.0251429183256642,,,0.0185070075608585,0.2000078319669565,0.0004418848232855,-0.0213590233811131,-4.750436087752054,-0.0799704279453659,0.0439789099656242,0.0050386861313868,-0.0137499999999999,-0.0306143719170795,0.0871158724976976,-0.0,-0.0,0.2477980186789615,2026-06-11 13:21,2026-06-12 08:06
TPC Toronto at Osprey Valley (North Course),1,2026-06-14,2026-06-11,32,RBC Canadian Open,2026-06-08 16:31:06 UTC,no,pga,-14400,1,CAN,30036882,0.0,0.0,"zhao, eric",70674,9,0.0,0.0,0.0,0.0,0.0,0.0,0.0,1995-01-01,-6.5,31,3.0,-2.5,-4.440892098500626e-16,0.0,0.0,0,2026-05-31,961,-2.5,0.0,0.0,0.0,7.430656934306569,0.0,0.0,0.0,0.0,0.0,0.0,0.0,0.0,0.0,0.0,0.0,,,,,,,,,,,,0.0,0.0,,-0.0,-0.03575,0.0,0.0,0.0,0.0,-2.5,2026-06-11 08:39,2026-06-12 13:54
