course_name,current_round,date_end,date_start,event_id,event_name,last_updated,multi_course,tour,tz_offset,am,country,dg_id,dg_rank,owgr_rank,player_name,player_num,pre_tourn_pageviews,tour_rank,r1_course,r2_course,r3_teetime,r3_course,r4_teetime,r4_course,Birthday,c_exp,player_age,std_dev,skill_est,ema_8_great_shots,max_skill,sma_50_max_skill,tour_history,Date,age_squared,adj_skill_est,delta_adj_skill_est,delta_sg_putt,delta_sg_ott,dsle,consecutive_weeks_played,sample,relative_consecutive_weeks,relative_dsle,course_history_raw,course_history_weighted_rounds,course_history_rounds,course_history_events,course_history_sg_ott_raw,course_history_sg_ott_weighted_rounds,course_history_sg_ott_rounds,course_history_sg_app_raw,course_history_sg_app_weighted_rounds,course_history_sg_app_rounds,course_history_sg_arg_raw,course_history_sg_arg_weighted_rounds,course_history_sg_arg_rounds,course_history_sg_putt_raw,course_history_sg_putt_weighted_rounds,course_history_sg_putt_rounds,course_history_sg_ott_adjustment,course_history_sg_app_adjustment,course_history_sg_arg_adjustment,course_history_sg_putt_adjustment,course_history_as_of,course_adjustment,putt_adj,app_adj,dd_adj,acc_adj,arg_adj,comp_adj_skill_est,comp_max_skill,comp_ema_sg_adj,comp_putt,comp_ott,comp_max_skill_50,comp_6m_sg,comp_sma20_sg,pred_step2,comp_sma50_sg,comp_sma6m_sg,prior_rounds,neutral_skill_est,skill_source,tour_low_data_prior,tour_low_data_prior_n,cold_start_skill,observed_low_data_mean,low_data_weight,majors_history_raw,links_adj,comp_age,comp_skill_v2_delta,skill_model_source,uses_neutral_skill,comp_relative_dsle,comp_c_exp,comp_c_adj,comp_c_hist,comp_major,comp_links,pred,r1_teetime,r2_teetime
Detroit Golf Club,1,2026-08-02,2026-07-30,524,Rocket Classic,2026-07-28 19:31:06 UTC,no,pga,-14400,0,USA,35071,0.0,0.0,"azallion, daniel",63552,47,0.0,0.0,0.0,0.0,0.0,0.0,0.0,1995-01-01,-6.5,31,2.3,-0.371,4.440892098500626e-16,0.0,0.0,0,,961,-0.371,0.0,0.0,0.0,3.871428571428571,0.0,0.0,0.0,4.440892098500626e-16,0.0,0.0,0.0,0.0,0.0,0.0,0.0,0.0,0.0,0.0,0.0,0.0,0.0,0.0,0.0,0.0,0.0,0.0,0.0,0.0,2026-07-30,0.0,0.0,-0.0,-0.0,-0.0,-0.0,,,,,,,,,0.0,,,2,-2.6810394943169458,tour_prior_shrunk_partial,-2.937710549241051,693,-2.937710549241051,-0.371,0.1,0.0,0.0,,-2.6810394943169458,tour_prior_shrunk_partial,True,0.0,0.0,0.0,0.0,0.0,0.0,-2.6810394943169458,2026-07-30 08:50,2026-07-31 14:00
Detroit Golf Club,1,2026-08-02,2026-07-30,524,Rocket Classic,2026-07-28 19:31:06 UTC,no,pga,-14400,0,USA,19846,100.0,155.0,"bauchou, zach",48001,258,89.0,0.0,0.0,0.0,0.0,0.0,0.0,1996-01-01,-6.5,30,2.3,0.2021967486508161,0.0693452380952384,0.3970854062637493,0.1296,pga,2026-07-20,900,0.2021967486508161,0.29,0.24,0.12,1.0,5.0,57.0,2.421428571428572,-2.871428571428571,0.0,0.0,0.0,0.0,0.0,0.0,0.0,0.0,0.0,0.0,0.0,0.0,0.0,0.0,0.0,0.0,0.0,0.0,0.0,0.0,2026-07-30,-0.0187447553711531,-0.0005951414936826,-0.0081770667728474,4.985638556947831e-06,-0.0047731391800635,-0.0052043935631164,0.1006687208801034,-0.0075288300676137,0.0491954002322722,-0.004252305750942,0.0022465539514418,,,0.0728044959292374,0.1995157471105821,-0.0003983681919044,0.0082952111348598,264,-0.0627447597144658,pga_ridge_v2,-2.937710549241051,693,-2.937710549241051,0.2252671550950249,1.0,-2.8957532076078247,0.0,-0.0215151310068723,0.0,weekly_pga_core,False,0.0325561251087492,-0.0236827506460863,-0.0064036414619642,0.0,-0.0,0.0,0.2019854801112807,2026-07-30 14:00,2026-07-31 08:50
Detroit Golf Club,1,2026-08-02,2026-07-30,524,Rocket Classic,2026-07-28 19:31:06 UTC,no,pga,-14400,0,RSA,18103,68.0,99.0,"bezuidenhout, christiaan",45522,375,91.0,0.0,0.0,0.0,0.0,0.0,0.0,1994-05-18,-0.5,32,2.3,0.4746395127457838,0.1943452380952384,1.2534735352630575,1.075,pga,2026-07-20,1024,0.4746395127457838,-0.45,-0.05,-0.13,1.0,5.0,63.0,2.421428571428572,-2.871428571428571,-2.444601749154911,2.330857378485932,6.0,1.0,-0.4707693383581455,2.330857378485932,6.0,-2.245429454126453,2.330857378485932,6.0,0.4815147024755308,2.330857378485932,6.0,-0.9641024806796435,2.330857378485932,6.0,-0.0117692334589536,-0.0,0.0,-0.0,2026-07-30,-0.0207466347236058,0.0026323010305007,-0.011083686883369,0.0590680338196451,-0.0230665897779286,-0.048296692912454,0.2741857011723015,,0.0298842965378004,-0.0025803900441987,-0.0777274652783045,0.1496888418628963,0.1466236093699126,,0.4610128741979671,-0.0324256787912961,-0.0166947842295319,760,0.1148182503550048,pga_ridge_v2,-2.937710549241051,693,-2.937710549241051,0.4004300674709922,1.0,-1.68339318078934,0.0374408258265169,-0.0099412564016125,0.0,weekly_pga_core,False,0.0325561251087492,-0.0018217500496989,-0.0070875296946666,-0.0244460174915491,-0.0,0.0,0.4602137020708017,2026-07-30 07:11,2026-07-31 12:21
Detroit Golf Club,1,2026-08-02,2026-07-30,524,Rocket Classic,2026-07-28 19:31:06 UTC,no,pga,-14400,0,USA,26096,31.0,32.0,"bhatia, akshay",56630,1479,12.0,0.0,0.0,0.0,0.0,0.0,0.0,2002-01-31,3.5,24,2.7975400052029147,1.1490625775885737,-0.4306547619047616,1.518922812023853,1.2128,pga,2026-07-17,576,1.1490625775885737,0.1699999999999999,0.1799999999999999,0.15,10.0,0.0,57.0,-2.5785714285714287,6.128571428571429,3.637054766084117,6.321809367067328,10.0,1.0,1.1710718729691143,6.321809367067328,10.0,6.978103320349554,6.321809367067328,10.0,-2.001679268349756,6.321809367067328,10.0,-1.4491633924963754,6.321809367067328,10.0,0.0292767968242278,0.0,-0.0,-0.0,2026-07-30,-0.0358902772527041,0.0097599285486835,-0.0120948212582441,0.0143952829810722,0.010771605666583,-0.0587222731907989,0.567615222778844,,0.0685704229657641,-0.013037191742828,-0.0142706350854352,0.167929993755026,0.2379594604509976,,0.9380446759255135,-0.0914265814232479,-0.0371914735703601,462,0.7361583443426487,pga_ridge_v2,-2.937710549241051,693,-2.937710549241051,0.7514946395338145,1.0,-6.977273499998657,0.0058411719506187,0.051895457796753,0.0,weekly_pga_core,False,-0.0559560853583339,0.0291050090549771,-0.0221205499479288,0.0181852738304205,-0.0,0.0,0.9072583235046484,2026-07-30 07:55,2026-07-31 13:05
Detroit Golf Club,1,2026-08-02,2026-07-30,524,Rocket Classic,2026-07-28 19:31:06 UTC,no,pga,-14400,0,USA,17639,82.0,142.0,"blair, zac",40058,547,115.0,0.0,0.0,0.0,0.0,0.0,0.0,1990-08-20,1.5,35,2.466828984091973,0.4209581825349074,0.3193452380952384,0.4209581825349074,0.0843999999999999,pga,2026-07-20,1225,0.4209581825349074,0.1699999999999999,0.02,0.0499999999999999,1.0,2.0,65.0,-0.5785714285714287,-2.871428571428571,-6.26715852966212,3.05322369155636,8.0,1.0,-1.2550484468928145,3.05322369155636,8.0,-0.6317471823053465,3.05322369155636,8.0,-2.4284890773900423,3.05322369155636,8.0,-2.314047857418341,3.05322369155636,8.0,-0.0313762111723203,-0.0,-0.0,-0.0,2026-07-30,-0.0041786973972087,-3.450468667631417e-05,-0.0133421964180043,0.0768611688581241,-0.0662288270228313,-0.0014343381278209,0.1949413824536773,-0.0076473238735168,0.206975975799337,-0.0272041418106146,-0.0533321970676876,,,0.0686094413310843,0.3155010096930855,-0.0006169726187772,0.0081130526037804,623,0.1106042552608229,pga_ridge_v2,-2.937710549241051,693,-2.937710549241051,1.3071943671197188,1.0,10.02442109933306,0.0,-0.0743382071241969,0.0,weekly_pga_core,False,0.0325561251087492,0.0054652501490968,-0.001427539563997,-0.0626715852966212,0.0,0.0,0.2894232600903133,2026-07-30 07:11,2026-07-31 12:21
Detroit Golf Club,1,2026-08-02,2026-07-30,524,Rocket Classic,2026-07-28 19:31:06 UTC,no,pga,-14400,0,USA,24956,247.0,123.0,"blanchet, chandler",54788,226,105.0,0.0,0.0,0.0,0.0,0.0,0.0,1995-02-01,-6.5,31,3.1017683318428384,-0.862214826311339,-0.1806547619047616,0.4397645096997001,0.1546,pga,2026-07-20,961,-0.862214826311339,-0.44,-0.16,0.05,1.0,5.0,55.0,2.421428571428572,-2.871428571428571,0.0,0.0,0.0,0.0,0.0,0.0,0.0,0.0,0.0,0.0,0.0,0.0,0.0,0.0,0.0,0.0,0.0,0.0,0.0,0.0,2026-07-30,0.1208648624469492,-0.0049102365912812,-0.0007193946492195,0.0290202328361775,-0.0577846146130864,0.1552588754643589,-0.3001666039118837,-0.008338035624249,-0.1143882756866182,0.0264202390625431,0.0054105447158781,,,-0.0960802827318932,-0.5255750809665867,0.0005288401468813,-0.009663910916914,361,-0.6895300354444128,pga_ridge_v2,-2.937710549241051,693,-2.937710549241051,-1.256134804384831,1.0,2.536792734630265,0.0,-0.0292975960203309,0.0,weekly_pga_core,False,0.0325561251087492,-0.0236827506460863,0.0412902291406258,0.0,0.0,0.0,-0.475411477363298,2026-07-30 14:00,2026-07-31 08:50
Detroit Golf Club,1,2026-08-02,2026-07-30,524,Rocket Classic,2026-07-28 19:31:06 UTC,no,pga,-14400,0,USA,13872,44.0,44.0,"bradley, keegan",33141,761,76.0,0.0,0.0,0.0,0.0,0.0,0.0,1986-06-07,13.5,40,2.839281735019888,1.02620844962657,-0.0556547619047615,1.5256855683534836,1.283,pga,2026-07-19,1600,1.02620844962657,-0.4099999999999999,-0.13,-0.0199999999999999,8.0,0.0,63.0,-2.5785714285714287,4.128571428571429,-3.0462323712087893,8.504312265762978,20.0,1.0,-1.3425398094492798,8.504312265762978,20.0,-3.4664920351518607,8.504312265762978,20.0,2.2175707346262428,8.504312265762978,20.0,-3.3525278357517245,8.504312265762978,20.0,-0.033563495236232,-0.0,0.0,-0.0,2026-07-30,-0.0726808531225524,0.0016609895229714,-0.0106142081674574,-0.0212615064069462,0.0397582759448495,-0.0822244040159697,0.5294289916894149,,0.0094758995072922,0.0054479508936726,0.0413715112850982,0.1786518921954381,0.2186170224934643,,0.7886920123627268,-0.0586505548873759,-0.0234233084865623,793,0.4139280709116811,pga_ridge_v2,-2.937710549241051,693,-2.937710549241051,1.056792893386256,1.0,4.958489630005219,-0.1448695480488665,-0.1122273923277155,0.0,weekly_pga_core,False,-0.037695358201768,0.1122621777834834,-0.0447959883518138,-0.0152311618560439,0.0,-0.0,0.8032316817365844,2026-07-30 07:33,2026-07-31 12:43
Detroit Golf Club,1,2026-08-02,2026-07-30,524,Rocket Classic,2026-07-28 19:31:06 UTC,no,pga,-14400,0,USA,29197,87.0,60.0,"brennan, michael",61522,906,106.0,0.0,0.0,0.0,0.0,0.0,0.0,2002-06-01,-6.5,24,2.5101990688873275,0.3538833041311167,0.9443452380952384,0.5232748842493999,0.33,pga,2026-07-20,576,0.3538833041311167,0.01,-0.05,0.07,1.0,5.0,64.0,2.421428571428572,-2.871428571428571,0.0,0.0,0.0,0.0,0.0,0.0,0.0,0.0,0.0,0.0,0.0,0.0,0.0,0.0,0.0,0.0,0.0,0.0,0.0,0.0,2026-07-30,0.0044498218215723,-0.0037065060591988,-0.0058648694165706,-0.0819845667878949,0.0158682630686998,0.0801375010165368,0.2282687729117523,-0.0099214114143173,0.0641162138954107,0.0151030310519061,0.0730471972419315,,,0.1060942840307102,0.5035586770453884,-0.0004654651365864,0.0068520013580798,91,0.2285083644781104,pga_ridge_v2,-2.937710549241051,693,-2.937710549241051,0.6635731593553058,1.0,0.7989198799271864,-0.0107381183865674,0.0204640531065012,0.0,weekly_pga_core,False,0.0325561251087492,-0.0236827506460863,0.0015201619306713,0.0,0.0,-0.0,0.5139522134387225,2026-07-30 13:16,2026-07-31 08:06
Detroit Golf Club,1,2026-08-02,2026-07-30,524,Rocket Classic,2026-07-28 19:31:06 UTC,no,pga,-14400,0,USA,29433,35.0,31.0,"bridgeman, jacob",60004,889,13.0,0.0,0.0,0.0,0.0,0.0,0.0,1999-12-06,1.5,26,2.928320867206049,0.9047609612700738,0.5693452380952384,1.377564016697289,1.0228,pga,2026-07-19,676,0.9047609612700738,0.1499999999999999,0.19,-0.0399999999999999,8.0,0.0,67.0,-2.5785714285714287,4.128571428571429,3.908789605401711,5.392430777905502,8.0,1.0,-3.335236432110374,5.392430777905502,8.0,4.425660112290344,5.392430777905502,8.0,3.419824726549036,5.392430777905502,8.0,-0.29866998808427,5.392430777905502,8.0,-0.0833809108027593,0.0,0.0,-0.0,2026-07-30,0.0130904914663119,0.005673774445106,-0.0080475676042388,0.0214061386702766,-0.0289007511842941,0.0229588971394622,0.4407821437587655,,0.0892897247696701,-0.0148131351139152,0.0377504090463855,0.1424202301929026,0.21091114773011,,0.8511560669300429,-0.0549618588885315,-0.0389600575121178,381,0.545687267346787,pga_ridge_v2,-2.937710549241051,693,-2.937710549241051,1.119155547399313,1.0,-7.864923839965348,-0.0637589701705003,0.0387374629467736,0.0,weekly_pga_core,False,-0.037695358201768,0.0124735753092759,0.0080681703371815,0.0195439480270085,-0.0,-0.0,0.8535464024017408,2026-07-30 13:16,2026-07-31 08:06
Detroit Golf Club,1,2026-08-02,2026-07-30,524,Rocket Classic,2026-07-28 19:31:06 UTC,no,pga,-14400,0,USA,18628,373.0,148.0,"campbell, brian",46443,130,165.0,0.0,0.0,0.0,0.0,0.0,0.0,1993-05-23,-6.5,33,3.126219676179622,-0.905967772330466,-0.9306547619047616,0.5143258615925563,0.2095999999999999,pga,2026-07-20,1089,-0.905967772330466,-0.38,-0.39,-0.13,3.0,1.0,54.0,-1.5785714285714287,-0.871428571428571,0.0,0.0,0.0,0.0,0.0,0.0,0.0,0.0,0.0,0.0,0.0,0.0,0.0,0.0,0.0,0.0,0.0,0.0,0.0,0.0,2026-07-30,0.0743826728701992,0.0009343144761105,0.0088671604034899,0.1076551140938864,-0.0662176429788924,0.0231437268756047,-0.4246241754516215,-0.0097517358991969,-0.1996581599353551,0.0176418415805985,-0.0588060560768425,,,-0.2389827877528499,-0.9803762545987492,0.0013153241757137,-0.0204415949429389,557,-1.374614008480696,pga_ridge_v2,-2.937710549241051,693,-2.937710549241051,-1.5095472890083177,1.0,0.9603814436034376,-0.0416024649549414,-0.0470689102962567,0.0,weekly_pga_core,False,0.0098802170728044,-0.0236827506460863,0.0254108393847781,0.0,0.0,-0.0,-0.9687679487872528,2026-07-30 13:05,2026-07-31 07:55
Detroit Golf Club,1,2026-08-02,2026-07-30,524,Rocket Classic,2026-07-28 19:31:06 UTC,no,pga,-14400,0,PUR,12909,0.0,0.0,"campos, rafael",32070,77,174.0,0.0,0.0,0.0,0.0,0.0,0.0,1988-04-15,-0.5,38,2.4891406403141567,-1.3546371541138518,-0.3056547619047616,-0.3771239696435738,-0.5794,pga,2026-07-20,1444,-1.3546371541138518,0.48,0.4,0.22,3.0,4.0,35.0,1.4214285714285713,-0.871428571428571,-6.700777556075277,3.2813322399026035,6.0,1.0,-2.898006014062352,3.2813322399026035,6.0,-0.833076547428386,3.2813322399026035,6.0,1.4019608351938393,3.2813322399026035,6.0,-2.706581344632601,3.2813322399026035,6.0,-0.0724501503515588,-0.0,0.0,-0.0,2026-07-30,0.1876619560316389,-0.0056999560912398,0.0068504854627172,0.0100150361642618,0.0148867017232459,0.1616096887726537,-0.6682262850841053,0.0071503566665567,-0.2236771655109465,0.0326279883650829,-0.0426335797263106,,,-0.4170696216615423,-1.4414422668350426,0.0016673009824672,-0.0299780009222116,618,-1.5024786459088495,pga_ridge_v2,-2.937710549241051,693,-2.937710549241051,-1.6230198474801305,1.0,6.163220472061987,0.0,-0.101303259944033,0.0,weekly_pga_core,False,0.0098802170728044,-0.0018217500496989,0.0641096594051516,-0.0670077755607527,0.0,0.0,-1.4362819159675382,2026-07-30 13:38,2026-07-31 08:28
Detroit Golf Club,1,2026-08-02,2026-07-30,524,Rocket Classic,2026-07-28 19:31:06 UTC,no,pga,-14400,0,USA,15466,16.0,39.0,"cantlay, patrick",35450,1258,43.0,0.0,0.0,0.0,0.0,0.0,0.0,1992-03-17,1.5,34,2.7354451300279283,1.445784561021446,1.0693452380952384,2.364595157537445,2.1552,pga,2026-07-19,1156,1.445784561021446,-0.27,0.2,-0.2799999999999999,8.0,0.0,53.0,-2.5785714285714287,4.128571428571429,1.246169888036556,4.527376257433345,8.0,1.0,-1.2037246213149266,4.527376257433345,8.0,2.9657707523674746,4.527376257433345,8.0,-1.0645014445341534,4.527376257433345,8.0,-0.7874411349574317,4.527376257433345,8.0,-0.0300931155328731,0.0,-0.0,-0.0,2026-07-30,-0.115332041810055,0.0023474418789569,-0.0176717405239313,-0.0104879949958195,-0.00544346124232,-0.0840762869269411,0.7225137512001042,,0.0970515607237125,-0.0061704717685117,0.0614415389152471,0.3001017599841062,0.3260069405730162,,1.3246864665697895,-0.097087738455881,-0.0446972785564928,658,0.9773309898665417,pga_ridge_v2,-2.937710549241051,693,-2.937710549241051,1.354092140142077,1.0,-28.34378645144401,-0.1158565670358367,-0.034473596045511,0.0,weekly_pga_core,False,-0.037695358201768,0.0124735753092759,-0.0710835464851061,0.0062308494401827,-0.0,-0.0,1.234611986632374,2026-07-30 13:05,2026-07-31 07:55
Detroit Golf Club,1,2026-08-02,2026-07-30,524,Rocket Classic,2026-07-28 19:31:06 UTC,no,pga,-14400,0,USA,27819,105.0,102.0,"castillo, ricky",59440,281,68.0,0.0,0.0,0.0,0.0,0.0,0.0,2001-02-01,-4.5,25,2.3,0.3017095111434664,1.0693452380952384,0.7628211499358276,0.412,pga,2026-07-20,625,0.3017095111434664,0.09,0.15,0.14,1.0,2.0,55.0,-0.5785714285714287,-2.871428571428571,-4.006312647365178,1.5128814710154082,2.0,1.0,-1.3597800740314705,1.5128814710154082,2.0,-2.480405426384444,1.5128814710154082,2.0,-0.2422782736316374,1.5128814710154082,2.0,0.2605233270560809,1.5128814710154082,2.0,-0.0339945018507867,-0.0,-0.0,0.0,2026-07-30,-0.0417283663874756,0.0013395686867873,0.0056767327593882,-0.0121974964306246,0.0098459985736531,-0.0463931699766797,0.1369531497929547,-0.0144632633666569,0.0172045655690224,-0.007671870112321,0.0097179036795403,,,0.0627904946304203,0.227537417569079,-0.0004556560937657,0.008593690335435,278,-0.011629768952931,pga_ridge_v2,-2.937710549241051,693,-2.937710549241051,0.0572298578272453,1.0,-2.752323130711684,0.0,0.0148684031344498,0.0,weekly_pga_core,False,0.0325561251087492,-0.0163957504472905,-0.0142553739351593,-0.0400631264736517,-0.0,0.0,0.1893792918217266,2026-07-30 07:33,2026-07-31 12:43
Detroit Golf Club,1,2026-08-02,2026-07-30,524,Rocket Classic,2026-07-28 19:31:06 UTC,no,pga,-14400,0,USA,29665,0.0,0.0,"celano, ryan",58303,100,0.0,0.0,0.0,0.0,0.0,0.0,0.0,1995-01-01,-6.5,31,3.16229619896682,-3.2005,4.440892098500626e-16,0.0,0.0,0,,961,-3.2005,0.0,0.0,0.0,3.871428571428571,0.0,0.0,0.0,4.440892098500626e-16,0.0,0.0,0.0,0.0,0.0,0.0,0.0,0.0,0.0,0.0,0.0,0.0,0.0,0.0,0.0,0.0,0.0,0.0,0.0,0.0,2026-07-30,0.0594290110757225,0.0,-0.0,-0.0,0.0594290110757225,-0.0,,,,,,,,,0.0,,,4,-2.9902684393928407,tour_prior_shrunk_partial,-2.937710549241051,693,-2.937710549241051,-3.2005,0.2,0.0,0.0,,-2.9902684393928407,tour_prior_shrunk_partial,True,0.0,0.0,0.0,0.0,0.0,0.0,-2.9902684393928407,2026-07-30 08:39,2026-07-31 13:49
Detroit Golf Club,1,2026-08-02,2026-07-30,524,Rocket Classic,2026-07-28 19:31:06 UTC,no,pga,-14400,0,USA,30620,199.0,245.0,"chatfield, davis",59006,423,135.0,0.0,0.0,0.0,0.0,0.0,0.0,1999-06-01,-6.5,27,2.3,-0.191491730483057,1.1943452380952384,0.1738080467556972,-0.1263999999999999,pga,2026-07-20,729,-0.191491730483057,-0.08,0.0799999999999999,-0.19,1.0,5.0,43.0,2.421428571428572,-2.871428571428571,0.0,0.0,0.0,0.0,0.0,0.0,0.0,0.0,0.0,0.0,0.0,0.0,0.0,0.0,0.0,0.0,0.0,0.0,0.0,0.0,2026-07-30,0.0062261265878548,0.0002798997947373,-0.0026356393196034,0.0944923223140909,-0.1063423060463745,0.0204318498450045,-0.0826632541713443,-0.0032954402951246,0.1464258850892026,-0.0252821361899377,-0.0581456629377429,,,-0.1119132307313742,-0.1380515832434624,0.0003091059924284,-0.0076850830412902,301,-0.4427939706956562,pga_ridge_v2,-2.937710549241051,693,-2.937710549241051,0.4428868522108617,1.0,0.0,0.0,0.0041982330417207,0.0,weekly_pga_core,False,0.0325561251087492,-0.0236827506460863,0.0021269886736842,0.0,0.0,0.0,-0.1270512201071152,2026-07-30 09:01,2026-07-31 14:11
Detroit Golf Club,1,2026-08-02,2026-07-30,524,Rocket Classic,2026-07-28 19:31:06 UTC,no,pga,-14400,0,USA,32330,288.0,305.0,"clanton, luke",66743,320,156.0,0.0,0.0,0.0,0.0,0.0,0.0,2003-11-05,1.5,22,2.77923634430597,-0.6081857804816317,-0.8056547619047616,1.69,1.69,pga,2026-07-20,484,-0.6081857804816317,-0.4,-0.3,0.13,3.0,4.0,43.0,1.4214285714285713,-0.871428571428571,-3.572092044183006,5.392430777905502,8.0,1.0,1.4072948620331114,3.0278501845538743,4.0,-0.2887271119157564,3.0278501845538743,4.0,-0.6274877704409835,3.0278501845538743,4.0,-3.0802038860473626,3.0278501845538743,4.0,0.0351823715508277,-0.0,-0.0,-0.0,2026-07-30,0.0992013488036109,-0.0044880032710139,-0.0062318810807329,0.0179954175415089,0.018979650871326,0.0729461647425228,-0.2889420171759081,-0.0320427862962458,-0.1093602453881589,0.0048684855131489,-0.0225344996758932,,,-0.1331591524058915,-0.6137353702958933,0.0010553155158754,-0.0162523960613833,133,-0.93847691291083,pga_ridge_v2,-2.937710549241051,693,-2.937710549241051,-0.2664815138019324,1.0,0.0,0.0,-0.0173680743214365,0.0,weekly_pga_core,False,0.0098802170728044,0.0054652501490968,0.0338894724259344,-0.03572092044183,0.0,0.0,-0.6002213510898876,2026-07-30 13:49,2026-07-31 08:39
Detroit Golf Club,1,2026-08-02,2026-07-30,524,Rocket Classic,2026-07-28 19:31:06 UTC,no,pga,-14400,0,USA,23604,11.0,9.0,"clark, wyndham",51766,1378,4.0,0.0,0.0,0.0,0.0,0.0,0.0,1993-12-09,3.5,32,2.9470964734592195,1.5705791251909893,0.6943452380952384,1.6417916359104603,1.2941999999999998,pga,2026-07-17,1024,1.5705791251909893,-0.25,0.05,0.12,10.0,0.0,61.0,-2.5785714285714287,6.128571428571429,0.3439896268592495,3.012407543894879,6.0,1.0,-1.056774020913355,3.012407543894879,6.0,-1.0779600573891372,3.012407543894879,6.0,3.0561448158202387,3.012407543894879,6.0,-0.0210175352625674,3.012407543894879,6.0,-0.0264193505228338,-0.0,0.0,-0.0,2026-07-30,-0.1396158067552757,0.0111099030934632,-0.0121683870127592,-0.0372144751602985,0.0422649434224533,-0.1436077910981346,0.7924270127790122,,0.1218844303486355,-0.0314510132525799,0.0614694512062998,0.180211441059498,0.2129332222977443,,1.163816577157375,-0.1140012814828998,-0.0454819364702548,729,1.118233045020245,pga_ridge_v2,-2.937710549241051,693,-2.937710549241051,2.588557262902102,1.0,-9.884949726651996,0.1066868281060014,-0.0141747493280802,0.0,weekly_pga_core,False,-0.0559560853583339,0.0291050090549771,-0.0860505591836231,0.0017199481342962,-0.0,0.0,1.052634889804691,2026-07-30 07:33,2026-07-31 12:43
Detroit Golf Club,1,2026-08-02,2026-07-30,524,Rocket Classic,2026-07-28 19:31:06 UTC,no,pga,-14400,0,USA,21756,58.0,70.0,"cole, eric",47591,606,44.0,0.0,0.0,0.0,0.0,0.0,0.0,1988-06-12,-2.5,38,3.2,0.4771077523941228,0.4443452380952384,1.316784432183591,1.0412,pga,2026-07-19,1444,0.4771077523941228,-0.3399999999999999,-0.2199999999999999,-0.02,8.0,0.0,61.0,-2.5785714285714287,4.128571428571429,5.185082687249629,2.364580593351627,4.0,1.0,1.954177403743088,2.364580593351627,4.0,2.183364687182236,2.364580593351627,4.0,1.2897860862693156,2.364580593351627,4.0,0.5786292494262727,2.364580593351627,4.0,0.0488544350935771,0.0,0.0,0.0,2026-07-30,-0.0589332117127114,0.0084280016646596,-0.0043036475275285,0.0080924373014385,0.0185546353600187,-0.0897046385112998,0.2478490358438764,,0.0067926974747058,-0.0122549036478288,-0.0258198224963559,0.1449823461838582,0.1139284925706768,,0.3125395192049123,-0.057933365659781,-0.0223919639484437,603,0.0736741979178622,pga_ridge_v2,-2.937710549241051,693,-2.937710549241051,0.2585387314155103,1.0,5.565302470730207,-0.0550630604841771,-0.0826129971157954,0.0,weekly_pga_core,False,-0.0468095530170573,-0.0091087502484947,-0.0201329465515996,0.0518508268724962,0.0,-0.0,0.2883390962602569,2026-07-30 07:00,2026-07-31 12:10
Detroit Golf Club,1,2026-08-02,2026-07-30,524,Rocket Classic,2026-07-28 19:31:06 UTC,no,pga,-14400,0,CAN,17576,55.0,50.0,"conners, corey",39997,639,56.0,0.0,0.0,0.0,0.0,0.0,0.0,1992-01-06,-4.5,34,2.453213734262464,0.8207576095639713,-0.0556547619047615,1.699115716146108,1.4974,pga,2026-07-20,1156,0.8207576095639713,0.02,0.1699999999999999,-0.17,1.0,4.0,69.0,1.4214285714285713,-2.871428571428571,0.0,0.0,0.0,0.0,0.0,0.0,0.0,0.0,0.0,0.0,0.0,0.0,0.0,0.0,0.0,0.0,0.0,0.0,0.0,0.0,2026-07-30,-0.0328009740230622,-0.0014251204621723,-0.0167498192370192,0.0198824468387521,-0.0138457413035403,-0.0206627398590823,0.3925540252578834,,0.0640192363507582,-0.0029719010843199,0.0470954387127632,0.2085061133074428,0.1681905821530142,,0.7928512292698466,-0.0339686005337194,-0.0149124701863394,822,0.4518339709553219,pga_ridge_v2,-2.937710549241051,693,-2.937710549241051,1.2904385193022656,1.0,11.235688041236363,0.030057085920595,-0.0356611947076365,0.0,weekly_pga_core,False,0.0262171868462123,-0.0374207259278278,-0.0202164942641449,0.0,0.0,0.0,0.7614311959240863,2026-07-30 12:54,2026-07-31 07:44
Detroit Golf Club,1,2026-08-02,2026-07-30,524,Rocket Classic,2026-07-28 19:31:06 UTC,no,pga,-14400,0,USA,28309,94.0,62.0,"coody, pierceson",59836,482,52.0,0.0,0.0,0.0,0.0,0.0,0.0,2000-01-07,-2.5,26,2.964051731254073,0.5585705017571394,0.5693452380952384,1.34,1.34,pga,2026-07-20,676,0.5585705017571394,-0.12,-0.13,-0.22,3.0,4.0,66.0,1.4214285714285713,-0.871428571428571,0.1699459882801406,2.364580593351627,4.0,1.0,2.2820707022805364,2.364580593351627,4.0,0.1352338991350512,2.364580593351627,4.0,-3.009610686768157,2.364580593351627,4.0,-0.042431285713681,2.364580593351627,4.0,0.0570517675570134,0.0,-0.0,-0.0,2026-07-30,0.0801071338546017,0.0053666148809116,-0.0010031469115907,-0.0398219630532033,0.0454193509266767,0.0701462780118075,0.2738681156795241,,-0.0834233131235908,-0.0047066776656187,-0.0151878563925039,0.1865888819500289,0.1402297573216585,,0.5152173049412033,-0.006100709911679,-0.0154779638420916,384,-0.2276277081966424,pga_ridge_v2,-2.937710549241051,693,-2.937710549241051,0.075388147490175,1.0,3.8556660005717474,-0.0433022348656605,0.0394270709254759,0.0,weekly_pga_core,False,0.0079564596896465,-0.0207892921821265,0.0493730890719889,0.0008497299414007,0.0,-0.0,0.5526072914621131,2026-07-30 08:28,2026-07-31 13:38
Detroit Golf Club,1,2026-08-02,2026-07-30,524,Rocket Classic,2026-07-28 19:31:06 UTC,no,pga,-14400,0,USA,27780,243.0,241.0,"crowe, trace",52514,155,155.0,0.0,0.0,0.0,0.0,0.0,0.0,1996-10-09,-4.5,29,2.3,-0.3129002138919492,-0.4306547619047616,0.0268127623505029,-0.2114,pga,2026-07-20,841,-0.3129002138919492,0.0999999999999999,-0.0499999999999999,-0.11,1.0,5.0,33.0,2.421428571428572,-2.871428571428571,-2.8385057526636337,1.181499038096477,2.0,1.0,-1.390680335702235,1.181499038096477,2.0,-1.1655895815306936,1.181499038096477,2.0,0.5559674297885767,1.181499038096477,2.0,-0.8033639698320286,1.181499038096477,2.0,-0.0347670083925558,-0.0,0.0,-0.0,2026-07-30,0.0613022930351366,-0.0015111841947261,0.0049739845126858,-0.0331839474621664,0.0427429418514919,0.0482804983278516,-0.1502862396386186,-0.000508376102964,-0.1783234869944022,0.0093836551416964,0.0110515094999699,,,-0.1228745024233226,-0.4557501280615265,0.0004222076267188,-0.0096745285785866,290,-0.7708797465646648,pga_ridge_v2,-2.937710549241051,693,-2.937710549241051,-0.8833086602559674,1.0,0.0,0.0,-0.0149403665920176,0.0,weekly_pga_core,False,0.0325561251087492,-0.0163957504472905,0.0209422794600671,-0.0283850575266363,0.0,0.0,-0.447032531466637,2026-07-30 14:00,2026-07-31 08:50
Detroit Golf Club,1,2026-08-02,2026-07-30,524,Rocket Classic,2026-07-28 19:31:06 UTC,no,pga,-14400,0,USA,14509,187.0,206.0,"dahmen, joel",34076,282,113.0,0.0,0.0,0.0,0.0,0.0,0.0,1987-11-11,7.5,38,2.504950681798068,-0.0863234637078439,-0.3056547619047616,1.1056499276108362,0.6457999999999999,pga,2026-07-20,1444,-0.0863234637078439,0.0499999999999999,-0.29,0.08,1.0,5.0,51.0,2.421428571428572,-2.871428571428571,-5.118093996175817,6.730753623767674,14.0,1.0,1.5895540737259113,6.730753623767674,14.0,-2.621918288981102,6.730753623767674,14.0,-0.9159338959018456,6.730753623767674,14.0,-1.5125154241722545,6.730753623767674,14.0,0.0397388518431477,-0.0,-0.0,-0.0,2026-07-30,-0.0159995435531785,-0.0087898773736539,-0.0128462533096532,0.0381579538881296,-0.0867761672212863,0.0542548004632852,-0.0487061483056038,-0.0209633753448728,0.0519029283429709,0.0463828961138553,0.0060263590312134,,,-0.0592720617416468,-0.1329781391031196,0.0001234235109162,-0.0022069580941772,780,-0.094168827879371,pga_ridge_v2,-2.937710549241051,693,-2.937710549241051,0.0381626675618542,1.0,-3.989054535281478,-0.0548965044060897,-0.1062652026157749,0.0,weekly_pga_core,False,0.0325561251087492,0.0273262507454842,-0.0054658136871344,-0.0511809399617581,-0.0,-0.0,-0.1297425168977788,2026-07-30 07:00,2026-07-31 12:10
Detroit Golf Club,1,2026-08-02,2026-07-30,524,Rocket Classic,2026-07-28 19:31:06 UTC,no,pga,-14400,0,USA,21501,0.0,0.0,"dalke, brad",49826,473,0.0,0.0,0.0,0.0,0.0,0.0,0.0,1995-01-01,-6.5,31,2.445461942942471,-0.9030773914983786,4.440892098500626e-16,0.0,0.0,0,,961,-0.9030773914983786,0.0,0.0,0.0,3.871428571428571,0.0,0.0,0.0,4.440892098500626e-16,0.0,0.0,0.0,0.0,0.0,0.0,0.0,0.0,0.0,0.0,0.0,0.0,0.0,0.0,0.0,0.0,0.0,0.0,0.0,0.0,2026-07-30,0.0,0.0,-0.0,-0.0,-0.0,-0.0,,,,,,,,,0.0,,,10,-1.9203939703697148,tour_prior_shrunk_partial,-2.937710549241051,693,-2.937710549241051,-0.9030773914983786,0.5,0.0,0.0,,-1.9203939703697148,tour_prior_shrunk_partial,True,0.0,0.0,0.0,0.0,0.0,0.0,-1.9203939703697148,2026-07-30 13:49,2026-07-31 08:39
Detroit Golf Club,1,2026-08-02,2026-07-30,524,Rocket Classic,2026-07-28 19:31:06 UTC,no,pga,-14400,0,AUS,17786,499.0,307.0,"davis, cameron",45157,697,191.0,0.0,0.0,0.0,0.0,0.0,0.0,1995-02-21,15.5,31,3.2,-1.1226645281062613,1.3193452380952384,1.1015931706330155,0.8155999999999999,pga,2026-07-20,961,-1.1226645281062613,0.5400000000000001,0.17,0.12,3.0,1.0,31.0,-1.5785714285714287,-0.871428571428571,7.762457317404458,8.88246971421591,20.0,1.0,1.103264264749637,8.88246971421591,20.0,7.630610843753585,8.88246971421591,20.0,1.4411454580761254,8.88246971421591,20.0,1.6931149121953362,8.88246971421591,20.0,0.0275816066187409,0.0,0.0,0.0,2026-07-30,0.1226143115184545,-0.001695658407313,0.013938516396947,0.0081942085654302,0.0392822706814853,0.062894974281905,-0.5639462689966461,-0.0208864583147914,-0.1244996936070298,0.0030107095394584,-0.0488459308421296,,,-0.3947411052520177,-1.2138716944720989,0.0017132315201005,-0.0372634762608219,677,-1.4484079489803128,pga_ridge_v2,-2.937710549241051,693,-2.937710549241051,-1.3525143624402958,1.0,-8.875732191520536,0.0143014450558941,-0.0284127022582213,0.0,weekly_pga_core,False,0.0098802170728044,0.0564742515406673,0.0418878813579028,0.0776245731740445,-0.0,0.0,-1.0280047713266796,2026-07-30 13:16,2026-07-31 08:06
Detroit Golf Club,1,2026-08-02,2026-07-30,524,Rocket Classic,2026-07-28 19:31:06 UTC,no,pga,-14400,0,CHN,16757,136.0,189.0,"dou, zecheng",37338,294,110.0,0.0,0.0,0.0,0.0,0.0,0.0,1997-01-22,-2.5,29,2.359449221171664,-0.0106219228028584,-0.8056547619047616,0.3407306682899633,0.0815999999999999,pga,2026-07-20,841,-0.0106219228028584,-0.2,0.0799999999999999,-0.28,1.0,5.0,49.0,2.421428571428572,-2.871428571428571,3.56033097298934,1.859965745548108,4.0,1.0,0.6966747017791499,1.859965745548108,4.0,1.5797987296696814,1.859965745548108,4.0,-0.0227532241042565,1.859965745548108,4.0,1.5407770777352987,1.859965745548108,4.0,0.0174168675444787,0.0,-0.0,0.0,2026-07-30,-0.058954221466372,-0.0009628113500235,0.0004902163392689,-0.0168446979722358,-0.0104022199163419,-0.0312347085670397,0.0216752742729043,-0.0064603313541966,0.0910144507937819,-0.0042424784029655,0.0329398281228189,,,0.007172190119423,0.1312609071586866,-9.957897465066228e-05,0.0018196061555522,658,-0.0389921145571967,pga_ridge_v2,-2.937710549241051,693,-2.937710549241051,0.1998517804047148,1.0,0.0,0.0,-0.0125580535739809,0.0,weekly_pga_core,False,0.0325561251087492,-0.0091087502484947,-0.0201401239688015,0.0356033097298933,0.0,0.0,0.1701714677800329,2026-07-30 13:49,2026-07-31 08:39
Detroit Golf Club,1,2026-08-02,2026-07-30,524,Rocket Classic,2026-07-28 19:31:06 UTC,no,pga,-14400,0,BEL,22002,144.0,177.0,"dumont de chassart, adrien",50497,200,117.0,0.0,0.0,0.0,0.0,0.0,0.0,2000-03-01,-4.5,26,2.3,0.0776377867001676,-1.1806547619047616,1.1425198456498318,1.0661538461538462,pga,2026-07-20,676,0.0776377867001676,0.0,0.0899999999999999,-0.2999999999999999,3.0,1.0,49.0,-1.5785714285714287,-0.871428571428571,-2.535175273969508,1.181499038096477,2.0,1.0,-1.2426401815300527,1.181499038096477,2.0,0.2681134943681503,1.181499038096477,2.0,-0.499202802821116,1.181499038096477,2.0,-0.8935460821565062,1.181499038096477,2.0,-0.0310660045382513,0.0,-0.0,-0.0,2026-07-30,0.0055732711437676,0.0022571792642277,0.0052726930308737,-0.0188217059516432,0.0926794927969582,-0.0758143879966487,0.0448679145461995,-0.0216624374280339,-0.0399315259517979,-0.014404329238274,-0.0743791364811605,,,0.0144797045807219,-0.0793435279903285,-7.151701752074533e-05,0.0023567305980629,279,-0.4686571884744891,pga_ridge_v2,-2.937710549241051,693,-2.937710549241051,-0.3600010232973082,1.0,1.690477751675264,0.0,0.0094010684014742,0.0,weekly_pga_core,False,0.0098802170728044,-0.0163957504472905,0.0019039581722107,-0.025351752739695,0.0,0.0,-0.1093068559322988,2026-07-30 08:39,2026-07-31 13:49
Detroit Golf Club,1,2026-08-02,2026-07-30,524,Rocket Classic,2026-07-28 19:31:06 UTC,no,pga,-14400,0,USA,28270,297.0,368.0,"dunlap, nick",59866,251,163.0,0.0,0.0,0.0,0.0,0.0,0.0,2003-12-23,-0.5,22,2.3953455848418703,-0.7140699435661024,0.4443452380952384,0.6560247873681919,0.3702,pga,2026-07-20,484,-0.7140699435661024,0.0699999999999999,0.05,0.0899999999999999,3.0,4.0,37.0,1.4214285714285713,-0.871428571428571,0.251767569824461,3.877462064367035,6.0,1.0,1.9986369093391223,3.877462064367035,6.0,3.664849273410004,3.877462064367035,6.0,-2.057434834128777,3.877462064367035,6.0,-1.312821885032717,3.877462064367035,6.0,0.049965922733478,0.0,-0.0,-0.0,2026-07-30,0.0613989667346802,-0.0005580387230583,-0.0003683585367769,0.0218902443730267,0.0531462445114599,-0.012711124889971,-0.3585701163127401,-0.0124383799211118,-0.0892111215858136,0.00050921294393,-0.0618542118175193,,,-0.2117825950357928,-0.7204184151427739,0.0007352547651156,-0.0175126636782691,205,-0.9451531526003072,pga_ridge_v2,-2.937710549241051,693,-2.937710549241051,-0.5446834974421925,1.0,-14.803312360271722,0.0,0.0297062054994274,0.0,weekly_pga_core,False,0.0098802170728044,-0.0018217500496989,0.0209753054291139,0.0025176756982446,-0.0,0.0,-0.6888669669923099,2026-07-30 07:00,2026-07-31 12:10
Detroit Golf Club,1,2026-08-02,2026-07-30,524,Rocket Classic,2026-07-28 19:31:06 UTC,no,pga,-14400,0,COL,22833,101.0,56.0,"echavarria, nicolas",51349,465,42.0,0.0,0.0,0.0,0.0,0.0,0.0,1994-08-04,3.5,32,2.9773308659449667,0.3901521178767732,-0.1806547619047616,0.6742169886850486,0.4256,pga,2026-07-19,1024,0.3901521178767732,-0.0799999999999999,0.0299999999999999,-0.0099999999999999,8.0,0.0,63.0,-2.5785714285714287,4.128571428571429,5.913780071461101,6.321809367067328,10.0,1.0,-2.63985009713176,6.321809367067328,10.0,6.530175289439721,6.321809367067328,10.0,4.114227711007101,6.321809367067328,10.0,0.9086246311715128,6.321809367067328,10.0,-0.0659962524282939,0.0,0.0,0.0,2026-07-30,0.0556906119667772,0.0046173166598559,-0.0032306000325274,0.0315509374514316,0.0010526966278715,0.0217002612601456,0.1992176072293264,-0.0127833082164102,0.0076945409367557,-0.0166796048711521,0.0034714223520151,,,0.1028464998256885,0.253919917475273,0.0001170374144636,0.0029233324415577,604,-0.2676912169653974,pga_ridge_v2,-2.937710549241051,693,-2.937710549241051,0.4423229155452925,1.0,-14.628609565923082,0.0367812583416474,-0.0328876096369717,0.0,weekly_pga_core,False,-0.0468095530170573,0.0127522503478926,0.0190251995702986,0.059137800714611,-0.0,0.0,0.2980256150910179,2026-07-30 08:17,2026-07-31 13:27
Detroit Golf Club,1,2026-08-02,2026-07-30,524,Rocket Classic,2026-07-28 19:31:06 UTC,no,pga,-14400,0,USA,26653,171.0,187.0,"eckroat, austin",57362,214,119.0,0.0,0.0,0.0,0.0,0.0,0.0,1999-01-12,1.5,27,2.8502965584259026,-0.0093642025000257,-0.8056547619047616,0.96,0.96,pga,2026-07-20,729,-0.0093642025000257,0.16,-0.06,0.14,1.0,5.0,55.0,2.421428571428572,-2.871428571428571,-4.372671808053526,4.54418050450642,8.0,1.0,-2.697394876820579,3.9572287737157015,6.0,0.2948300293325955,3.9572287737157015,6.0,-2.287747369907508,3.9572287737157015,6.0,0.7816310445541153,3.9572287737157015,6.0,-0.0674348719205144,0.0,-0.0,0.0,2026-07-30,0.0999392522988057,0.0027108565147344,-0.0099972111615123,0.0046940341289282,0.02688700319624,0.0756445696204153,0.0111540349693816,-0.0182018194345538,-0.1375418517209724,-0.0076831128895564,-0.0662530006290488,,,-0.0097433526150652,-0.2272778414936919,0.0001108096968322,-0.0012834950149884,444,-0.6134429542031266,pga_ridge_v2,-2.937710549241051,693,-2.937710549241051,-0.7494355021197144,1.0,-7.007168332016264,-0.0467475007939304,0.0021639461442793,0.0,weekly_pga_core,False,0.0325561251087492,0.0054652501490968,0.034141557306382,-0.0437267180805352,-0.0,-0.0,-0.198841627009999,2026-07-30 13:27,2026-07-31 08:17
Detroit Golf Club,1,2026-08-02,2026-07-30,524,Rocket Classic,2026-07-28 19:31:06 UTC,no,pga,-14400,0,USA,14577,28.0,34.0,"english, harris",34099,620,48.0,0.0,0.0,0.0,0.0,0.0,0.0,1989-07-23,-0.5,37,2.3,1.1209457662883882,-1.5556547619047616,1.7791348382900487,1.4628,pga,2026-07-17,1369,1.1209457662883882,-0.1699999999999999,-0.47,0.0199999999999999,10.0,0.0,61.0,-2.5785714285714287,6.128571428571429,-0.1993477064917601,0.7492887717553415,2.0,1.0,0.2007571751857783,0.7492887717553415,2.0,0.2140402829088449,0.7492887717553415,2.0,0.0092993341748363,0.7492887717553415,2.0,-0.4193573110730423,0.7492887717553415,2.0,0.0050189293796444,0.0,0.0,-0.0,2026-07-30,-0.0644313668895746,0.0096771161676637,9.219577723018345e-05,0.0031098628908322,-0.031730746354111,-0.0455797953711897,0.5637977447866194,,0.0479090069103659,-0.0109248365650403,0.0659587660932836,0.2036882212809719,0.2619485645976172,,0.9610039471594504,-0.0688765273515625,-0.035097135482507,763,0.5506496713538278,pga_ridge_v2,-2.937710549241051,693,-2.937710549241051,0.9562332722387564,1.0,33.98238421955352,0.0823672518050021,-0.0673998571102981,0.0,weekly_pga_core,False,-0.0559560853583339,-0.0041578584364253,-0.0397115146104584,-0.0009967385324588,0.0,0.0,0.8601817502217738,2026-07-30 13:05,2026-07-31 07:55
Detroit Golf Club,1,2026-08-02,2026-07-30,524,Rocket Classic,2026-07-28 19:31:06 UTC,no,pga,-14400,0,CAN,21883,157.0,182.0,"ewart, a.j.",50286,195,96.0,0.0,0.0,0.0,0.0,0.0,0.0,1995-01-01,-6.5,31,2.4115480422826354,0.2629370207069408,0.3193452380952384,0.6923062771490627,0.67625,pga,2026-07-20,961,0.2629370207069408,0.31,0.06,0.2,1.0,5.0,54.0,2.421428571428572,-2.871428571428571,0.0,0.0,0.0,0.0,0.0,0.0,0.0,0.0,0.0,0.0,0.0,0.0,0.0,0.0,0.0,0.0,0.0,0.0,0.0,0.0,2026-07-30,0.0501502916122245,0.0067187522725653,-0.0032127725147191,0.0192160457864819,0.0427444693204743,-0.0153162032525779,0.1095607108084956,-0.0131262852604952,-0.0343865953825189,-0.0104306113788006,-0.0640164437263771,,,0.0941857419456305,0.0929686807588789,-0.0003021545652064,0.0059551132955707,68,-0.3288467503307118,pga_ridge_v2,-2.937710549241051,693,-2.937710549241051,0.000430067470992,1.0,0.0,0.0,0.0055292050225803,0.0,weekly_pga_core,False,0.0325561251087492,-0.0236827506460863,0.0171324981488879,0.0,0.0,0.0,0.1189745533704297,2026-07-30 13:49,2026-07-31 08:39
Detroit Golf Club,1,2026-08-02,2026-07-30,524,Rocket Classic,2026-07-28 19:31:06 UTC,no,pga,-14400,0,USA,11676,137.0,130.0,"finau, tony",29725,501,87.0,0.0,0.0,0.0,0.0,0.0,0.0,1989-09-14,3.5,36,2.76155584182915,0.2032286540330156,0.6943452380952384,2.069706818217949,1.9794,pga,2026-07-20,1296,0.2032286540330156,-0.2,-0.1,0.22,3.0,1.0,63.0,-1.5785714285714287,-0.871428571428571,0.8255070862905931,3.3712507263393534,10.0,1.0,-0.086952639771562,3.3712507263393534,10.0,-0.2937900487784662,3.3712507263393534,10.0,-1.525948713242369,3.3712507263393534,10.0,2.021848154159644,3.3712507263393534,10.0,-0.002173815994289,-0.0,-0.0,0.0,2026-07-30,-0.0744903133377381,0.0004098224212461,-0.0004741966233699,-0.0393908458194796,0.0260469693030079,-0.0610820626191426,0.0951540638628665,-0.0392421143621542,-0.0890080072586353,-0.0012274599615131,0.0459897148676354,,,0.0883667952449665,0.0223089409109893,-0.0001661122380965,0.0070140473082047,829,-0.094686551017633,pga_ridge_v2,-2.937710549241051,693,-2.937710549241051,0.0365084165602438,1.0,-2.3318942553177964,0.01781676768137,-0.0845719865522847,0.0,weekly_pga_core,False,0.0098802170728044,0.0127522503478926,-0.0254476118551182,0.0082550708629059,-0.0,0.0,0.027748867339474,2026-07-30 07:33,2026-07-31 12:43
Detroit Golf Club,1,2026-08-02,2026-07-30,524,Rocket Classic,2026-07-28 19:31:06 UTC,no,pga,-14400,0,USA,25094,182.0,210.0,"fishburn, patrick",54576,254,145.0,0.0,0.0,0.0,0.0,0.0,0.0,1992-07-21,-0.5,34,2.637749798723689,-0.3655485941803882,0.0693452380952384,0.7262985422429652,0.489,pga,2026-07-20,1156,-0.3655485941803882,-0.0999999999999999,-0.28,0.0799999999999999,1.0,5.0,47.0,2.421428571428572,-2.871428571428571,0.7740215902861289,3.877462064367035,6.0,1.0,0.4993064549862612,3.877462064367035,6.0,2.420178923865227,3.877462064367035,6.0,3.5012890630096845,3.877462064367035,6.0,-3.397406265960776,3.877462064367035,6.0,0.0124826613746565,0.0,0.0,-0.0,2026-07-30,-0.0019463593349566,-0.001738933857219,0.0019555471987856,-0.0358810803129556,-0.0055531356708416,0.039271243307274,-0.128421345335509,-0.013770786376548,0.076275177143308,0.0095097703250269,0.0538166168622178,,,-0.03734951835775,-0.0996442461202628,0.0004850962665037,-0.0071300631078674,518,-0.3352878315309069,pga_ridge_v2,-2.937710549241051,693,-2.937710549241051,0.0712103703551551,1.0,-0.9031937266398282,0.0,-0.0530591935396449,0.0,weekly_pga_core,False,0.0325561251087492,-0.0018217500496989,-0.0006649213121442,0.0077402159028612,-0.0,0.0,-0.0618345764704954,2026-07-30 08:50,2026-07-31 14:00
Detroit Golf Club,1,2026-08-02,2026-07-30,524,Rocket Classic,2026-07-28 19:31:06 UTC,no,pga,-14400,0,USA,26657,128.0,85.0,"fisk, steven",57123,250,66.0,0.0,0.0,0.0,0.0,0.0,0.0,1997-04-17,-4.5,29,2.36941102318686,0.2255161317016885,-1.1806547619047616,0.3485432343516008,0.1198,pga,2026-07-20,841,0.2255161317016885,0.01,-0.2199999999999999,0.1399999999999999,3.0,1.0,55.0,-1.5785714285714287,-0.871428571428571,-2.3945322974435075,1.5128814710154082,2.0,1.0,0.1856359613315643,1.5128814710154082,2.0,-2.036883813001128,1.5128814710154082,2.0,-1.1104794812895395,1.5128814710154082,2.0,0.480749822181198,1.5128814710154082,2.0,0.0046408990332891,-0.0,-0.0,0.0,2026-07-30,-0.0317471817621146,0.0049144785388945,0.0057183196160198,-0.0289222311761466,-0.0262449902740507,0.0127872415331684,0.097608529967285,-0.0066084593925033,0.0201655187861957,-0.0123173253653081,0.0566257781271292,,,0.0518292229384719,0.1999328287422961,-0.0002734981474831,0.0038981260078994,363,-0.0466136635618709,pga_ridge_v2,-2.937710549241051,693,-2.937710549241051,0.4960554234578074,1.0,-3.492519462672941,0.0,-0.0109950641793908,0.0,weekly_pga_core,False,0.0098802170728044,-0.0163957504472905,-0.0108455706893488,-0.023945322974435,-0.0,0.0,0.1586264017040261,2026-07-30 12:54,2026-07-31 07:44
Detroit Golf Club,1,2026-08-02,2026-07-30,524,Rocket Classic,2026-07-28 19:31:06 UTC,no,pga,-14400,0,USA,12965,41.0,41.0,"fowler, rickie",32102,961,32.0,0.0,0.0,0.0,0.0,0.0,0.0,1988-12-13,17.5,37,2.96475257894876,0.8389500675015742,0.4443452380952384,1.885517506498701,1.7629411764705882,pga,2026-07-19,1369,0.8389500675015742,0.6300000000000001,0.1599999999999999,0.2,8.0,0.0,59.0,-2.5785714285714287,4.128571428571429,-1.90166395417789,8.60368684445201,20.0,1.0,-1.0011750357606717,8.60368684445201,20.0,3.3050076933092587,8.60368684445201,20.0,-2.365749632161622,8.60368684445201,20.0,-1.9736600832599784,8.60368684445201,20.0,-0.0250293758940167,0.0,-0.0,-0.0,2026-07-30,-0.0333032821460743,0.002698448136045,-0.0040004096436075,0.0128690844812822,-0.0335200494578811,-0.0113503556619129,0.3899954998822764,,0.1090490704992702,0.0031593258879019,0.0761212850400937,0.2715285968675794,0.2475241682075312,,0.933801736179344,-0.056385508903758,-0.0315873230176727,723,0.4793551908973478,pga_ridge_v2,-2.937710549241051,693,-2.937710549241051,-0.1196037810519568,1.0,25.024592586917247,0.0258879763127418,-0.075603378283878,0.0,weekly_pga_core,False,-0.037695358201768,0.1455250452748859,-0.0205260859634819,-0.0095083197708894,0.0,0.0,1.0115970175180906,2026-07-30 07:44,2026-07-31 12:54
Detroit Golf Club,1,2026-08-02,2026-07-30,524,Rocket Classic,2026-07-28 19:31:06 UTC,no,pga,-14400,0,USA,11451,295.0,260.0,"garnett, brice",29535,110,128.0,0.0,0.0,0.0,0.0,0.0,0.0,1983-09-06,9.5,42,2.83688243449123,-0.461195919581381,-0.6806547619047616,0.4366181243279755,0.2478,pga,2026-07-20,1764,-0.461195919581381,-0.8,-0.25,-0.13,3.0,4.0,41.0,1.4214285714285713,-0.871428571428571,-2.985347001705464,5.890586757206053,12.0,1.0,-0.3006914931016204,5.890586757206053,12.0,0.5496531589115672,5.890586757206053,12.0,1.466207498152973,5.890586757206053,12.0,-5.38822590519447,5.890586757206053,12.0,-0.0075172873275405,0.0,0.0,-0.0,2026-07-30,0.057428205700349,-0.0002240687344955,0.0030664503590165,0.0518893026428223,-0.0528738424550301,0.0555703638880358,-0.2189948418618127,-0.0082783798203025,-0.1941681545207873,-0.0061132330506531,-0.0048424104937311,,,-0.1327531793802637,-0.7458962128432884,0.0008637042000806,-0.018371751558417,696,-1.101427331710462,pga_ridge_v2,-2.937710549241051,693,-2.937710549241051,-0.2391099940412499,1.0,5.7995565613735724,0.0,-0.1632379663574014,0.0,weekly_pga_core,False,0.0098802170728044,0.03461325094428,0.0196188017302646,-0.0298534700170546,0.0,0.0,-0.7116374131129939,2026-07-30 12:21,2026-07-31 07:11
Detroit Golf Club,1,2026-08-02,2026-07-30,524,Rocket Classic,2026-07-28 19:31:06 UTC,no,pga,-14400,0,USA,29767,23.0,24.0,"gerard, ryan",59018,1446,18.0,0.0,0.0,0.0,0.0,0.0,0.0,1999-08-02,1.5,27,2.638216494677412,1.1657252774193316,-0.3056547619047616,1.1657252774193316,0.9318,pga,2026-07-19,729,1.1657252774193316,0.2299999999999999,-0.09,0.22,8.0,0.0,67.0,-2.5785714285714287,4.128571428571429,-0.3009098526232057,4.887815930101983,8.0,1.0,-1.5143775068585663,4.887815930101983,8.0,3.0965799128182643,4.887815930101983,8.0,0.2611955188731416,4.887815930101983,8.0,-0.5840273583539595,4.887815930101983,8.0,-0.0378594376714641,0.0,0.0,-0.0,2026-07-30,-0.0312103485631885,0.0087312187805238,-0.0118506891580681,-0.0045081691243952,-0.0434043522070886,0.0198216431458395,0.5705720939400319,,0.1177739740916274,-0.0258696713231347,0.0904959246748505,0.1297488956724156,0.2167436593979364,,1.0296429438286876,-0.0688628467874735,-0.0375899027710107,370,0.7532730691388949,pga_ridge_v2,-2.937710549241051,693,-2.937710549241051,1.883129906713463,1.0,9.424348732708877,-0.0285225586521792,0.0366308169334445,0.0,weekly_pga_core,False,-0.037695358201768,0.0124735753092759,-0.0192361309839774,-0.001504549263116,0.0,-0.0,0.983680480689102,2026-07-30 08:06,2026-07-31 13:16
Detroit Golf Club,1,2026-08-02,2026-07-30,524,Rocket Classic,2026-07-28 19:31:06 UTC,no,pga,-14400,0,USA,24550,76.0,169.0,"ghim, doug",52375,433,101.0,0.0,0.0,0.0,0.0,0.0,0.0,1996-04-16,11.5,30,2.3,0.7013003563841798,-0.3056547619047616,0.8001338344144102,0.4894,pga,2026-07-20,900,0.7013003563841798,0.0899999999999999,0.2099999999999999,-0.09,3.0,1.0,45.0,-1.5785714285714287,-0.871428571428571,0.2241494612326268,8.464119571375093,18.0,1.0,-2.556390173573228,8.464119571375093,18.0,-1.000576884273512,8.464119571375093,18.0,1.1464309369259162,8.464119571375093,18.0,4.963731779146102,8.464119571375093,18.0,-0.0639097543393307,-0.0,0.0,0.0,2026-07-30,-0.1095596533535378,-0.0028458488124075,-0.0061345254630677,-0.0230664420938112,-0.030807470245919,-0.0467053667383322,0.3412441833510332,,0.0382154691427763,0.0002874345716498,0.1345796878670933,0.0681467155420478,0.0883779578876838,,0.6292747157406916,-0.0329636377147454,-0.0174035759271218,655,0.4038923788983031,pga_ridge_v2,-2.937710549241051,693,-2.937710549241051,1.040703126251108,1.0,-4.716034972840351,-0.007060860856612,0.0087904810202742,0.0,weekly_pga_core,False,0.0079564596896465,0.0956307440377822,-0.0675258028022647,0.0011207473061631,-0.0,-0.0,0.6664568639720188,2026-07-30 08:28,2026-07-31 13:38
Detroit Golf Club,1,2026-08-02,2026-07-30,524,Rocket Classic,2026-07-28 19:31:06 UTC,no,pga,-14400,0,USA,7399,147.0,93.0,"glover, lucas",25900,521,92.0,0.0,0.0,0.0,0.0,0.0,0.0,1979-11-12,7.5,46,2.881879227780624,0.451426790723654,-0.6806547619047616,1.1176106295077075,1.0539999999999998,pga,2026-07-20,2116,0.451426790723654,0.3799999999999999,0.0599999999999999,0.02,1.0,2.0,58.0,-0.5785714285714287,-2.871428571428571,5.908956724281074,4.726224780084975,14.0,1.0,0.3199147916608509,4.726224780084975,14.0,3.084985877026768,4.726224780084975,14.0,-1.0917805999532515,4.726224780084975,14.0,4.783301291509599,4.726224780084975,14.0,0.0079978697915212,0.0,-0.0,0.0,2026-07-30,-0.0291091757173562,-0.0086845343980036,-0.0172078139681013,0.0421295932892072,-0.047935425190862,0.0025890045504036,0.1777866638727233,-0.0237140983030345,-0.0726698666887997,0.0385643000569027,0.0061129430551763,,,0.0292300578451957,-0.0705083463499115,0.0002074987739783,-0.0052259899942708,801,-0.3135148129953931,pga_ridge_v2,-2.937710549241051,693,-2.937710549241051,0.01280687877099,1.0,-3.028043379154477,-0.1180939278718858,-0.2207998549677828,0.0,weekly_pga_core,False,0.0325561251087492,0.0273262507454842,-0.0099443668832365,0.0590895672428107,-0.0,-0.0,0.0385192298638961,2026-07-30 07:44,2026-07-31 12:54
Detroit Golf Club,1,2026-08-02,2026-07-30,524,Rocket Classic,2026-07-28 19:31:06 UTC,no,pga,-14400,0,USA,27774,13.0,7.0,"gotterup, chris",59095,1687,5.0,0.0,0.0,0.0,0.0,0.0,0.0,1999-07-20,5.5,27,2.658306684331724,1.5149761912246469,1.3193452380952384,1.5149761912246469,1.2456,pga,2026-07-19,729,1.5149761912246469,0.05,-0.2199999999999999,0.1100000000000001,8.0,0.0,71.0,-2.5785714285714287,4.128571428571429,-1.041530168188023,6.891956850784972,12.0,1.0,3.641909449313093,6.891956850784972,12.0,-4.388341087210431,6.891956850784972,12.0,-0.273658886005084,6.891956850784972,12.0,-0.5909263520063535,6.891956850784972,12.0,0.0910477362328273,-0.0,-0.0,-0.0,2026-07-30,-0.0422264190738207,0.0079272099464475,-0.0096727344593119,-0.0861727935686338,0.0271113999265806,0.0185804990810967,0.7466954801321896,,0.1549521101102203,-0.0112848660162029,0.1871657135137329,0.1717731677414594,0.2707100711201367,,1.4059329907392435,-0.1022225943620684,-0.0477720857368183,390,1.205663983408244,pga_ridge_v2,-2.937710549241051,693,-2.937710549241051,1.7771269943512589,1.0,17.421782931792574,0.1983080055564366,0.035915994236594,0.0,weekly_pga_core,False,-0.037695358201768,0.0457364428006784,-0.026025756381535,-0.0052076508409401,0.0,0.0,1.3827406681156784,2026-07-30 07:44,2026-07-31 12:54
Detroit Golf Club,1,2026-08-02,2026-07-30,524,Rocket Classic,2026-07-28 19:31:06 UTC,no,pga,-14400,0,USA,23465,98.0,83.0,"greyserman, max",51977,753,99.0,0.0,0.0,0.0,0.0,0.0,0.0,1995-05-31,1.5,31,2.890644823083448,0.2370699945162965,0.6943452380952384,1.3071986584749005,0.9678,pga,2026-07-20,961,0.2370699945162965,-0.11,0.15,0.16,1.0,5.0,59.0,2.421428571428572,-2.871428571428571,7.974951347501394,5.392430777905502,8.0,1.0,3.315571261048833,5.392430777905502,8.0,-1.0828759267574617,5.392430777905502,8.0,-2.2310814265794185,5.392430777905502,8.0,7.514385823331011,5.392430777905502,8.0,0.0828892815262208,-0.0,-0.0,0.0,2026-07-30,-0.006331638655758,0.0007804845609627,0.008700843068355,-0.0588224294574162,0.0614151465018758,-0.0184056833295354,0.1204428047933759,-0.0247847853610949,0.0786969475527138,-0.0202279729642954,0.0509559209588078,,,0.0818712268349231,0.26237772011737,-0.00012396275564,0.0022055873630423,537,-0.1065523566131912,pga_ridge_v2,-2.937710549241051,693,-2.937710549241051,-0.1728203486010547,1.0,13.458248057783544,0.0333213799388718,-0.0266580463044626,0.0,weekly_pga_core,False,0.0325561251087492,0.0054652501490968,-0.00216303403354,0.0797495134750139,0.0,0.0,0.3779855748166899,2026-07-30 13:27,2026-07-31 08:17
Detroit Golf Club,1,2026-08-02,2026-07-30,524,Rocket Classic,2026-07-28 19:31:06 UTC,no,pga,-14400,0,USA,24968,21.0,19.0,"griffin, ben",54591,1338,36.0,0.0,0.0,0.0,0.0,0.0,0.0,1996-05-06,5.5,30,2.3525466064400407,1.3483372727932286,0.0693452380952384,1.7073589634844062,1.5082,pga,2026-07-19,900,1.3483372727932286,-0.32,-0.27,0.0199999999999999,8.0,0.0,65.0,-2.5785714285714287,4.128571428571429,2.09660819649946,7.252396523453608,12.0,1.0,-0.9140566917437484,7.252396523453608,12.0,0.5036359937823232,7.252396523453608,12.0,2.3396628204211165,7.252396523453608,12.0,-0.3183113484996498,7.252396523453608,12.0,-0.0228514172935937,0.0,0.0,-0.0,2026-07-30,-0.1143357786873225,0.0075283851632564,-0.0067897779647759,-0.0108020654001554,0.0051883751780597,-0.1094606956637074,0.6796362741633308,,0.0707891014046984,-0.0059423952530712,0.0357479186271915,0.2100099639977863,0.2827191190258802,,1.1768894476754812,-0.0742955973537647,-0.031488262078416,517,0.7904194453733091,pga_ridge_v2,-2.937710549241051,693,-2.937710549241051,1.5498381474901752,1.0,6.1437833625572695,-0.0280262570830978,0.0097133251418457,0.0,weekly_pga_core,False,-0.037695358201768,0.0457364428006784,-0.0704695114356549,0.0104830409824973,0.0,-0.0,1.124944061821234,2026-07-30 12:54,2026-07-31 07:44
Detroit Golf Club,1,2026-08-02,2026-07-30,524,Rocket Classic,2026-07-28 19:31:06 UTC,no,pga,-14400,0,USA,15330,245.0,226.0,"griffin, lanto",35310,125,154.0,0.0,0.0,0.0,0.0,0.0,0.0,1988-06-15,9.5,38,2.462569662034652,-0.333415884612347,-0.6806547619047616,1.085302025506915,0.8596,pga,2026-07-20,1444,-0.333415884612347,-0.33,-0.35,0.02,1.0,5.0,43.0,2.421428571428572,-2.871428571428571,0.2186507278651306,7.255698074593704,16.0,1.0,1.3808899378338206,7.255698074593704,16.0,0.3100972805341397,7.255698074593704,16.0,-0.2804788707956285,7.255698074593704,16.0,0.322544064118496,7.255698074593704,16.0,0.0345222484458455,0.0,-0.0,0.0,2026-07-30,0.012708289024112,-0.0010793802411265,-0.0015422408102444,0.0268791520135826,0.0048476766919639,-0.0163969186300635,-0.1531272475710406,-0.0205775744794087,-0.248086734220522,0.027593844145183,-0.0281046498638398,,,-0.0629258189722962,-0.5915407956128946,0.0006162921176937,-0.0080763550195803,715,-0.8512170306689408,pga_ridge_v2,-2.937710549241051,693,-2.937710549241051,-0.6710046518649613,1.0,-5.31064617147488,0.0,-0.0988525517490834,0.0,weekly_pga_core,False,0.0325561251087492,0.03461325094428,0.0043414451079295,0.0021865072786513,-0.0,0.0,-0.5178434671732846,2026-07-30 07:00,2026-07-31 12:10
Detroit Golf Club,1,2026-08-02,2026-07-30,524,Rocket Classic,2026-07-28 19:31:06 UTC,no,pga,-14400,0,ARG,12808,89.0,101.0,"grillo, emiliano",31646,650,103.0,0.0,0.0,0.0,0.0,0.0,0.0,1992-09-14,3.5,33,2.955452497857531,0.3197111378019697,0.0693452380952384,1.077257635299886,0.8415384615384615,pga,2026-07-20,1089,0.3197111378019697,-0.01,0.45,-0.16,1.0,2.0,55.0,-0.5785714285714287,-2.871428571428571,-4.69544161072466,4.557147979642648,10.0,1.0,1.4182809202398614,4.557147979642648,10.0,-9.317546893568,4.557147979642648,10.0,1.596831894183361,4.557147979642648,10.0,0.0380523197262311,4.557147979642648,10.0,0.0354570230059965,-0.0,0.0,0.0,2026-07-30,-0.0162679311507074,-0.0001347553523336,-0.0047979859211038,0.035078718395356,-0.0645948216682174,0.0181809133955914,0.2052047754961147,-0.0229418765789689,0.2350346608676345,-0.0249882231767945,0.0340562947490522,,,0.0625198459466685,0.438875193072318,-4.267227598213551e-05,0.0020805914016231,828,0.1797145249651798,pga_ridge_v2,-2.937710549241051,693,-2.937710549241051,1.3425186598510312,1.0,-12.040414363773555,0.0163950557271583,-0.0520482033570296,0.0,weekly_pga_core,False,0.0325561251087492,0.0127522503478926,-0.0055575010905378,-0.0469544161072466,-0.0,0.0,0.4316716513311753,2026-07-30 07:11,2026-07-31 12:21
Detroit Golf Club,1,2026-08-02,2026-07-30,524,Rocket Classic,2026-07-28 19:31:06 UTC,no,pga,-14400,0,ENG,27194,78.0,86.0,"hall, harry",57975,305,60.0,0.0,0.0,0.0,0.0,0.0,0.0,1997-08-06,3.5,28,2.508925456384664,0.4714263747035784,0.3193452380952384,1.3672105236138752,1.182,pga,2026-07-17,784,0.4714263747035784,-0.08,0.31,-0.1899999999999999,10.0,0.0,55.0,-2.5785714285714287,6.128571428571429,2.275829019088312,6.321809367067328,10.0,1.0,-0.8031596201921258,6.321809367067328,10.0,1.599853335307956,6.321809367067328,10.0,-1.425003067736505,6.321809367067328,10.0,1.495278236862836,6.321809367067328,10.0,-0.0200789905048031,0.0,-0.0,0.0,2026-07-30,-0.0057497019398391,0.005178975678072,0.0011785172216655,0.0066646342761634,0.0605524078538124,-0.0793242369695527,0.2328226757944176,-0.0259226240415016,-0.0639884820863634,-0.0177218253814788,-0.074368676750576,,,0.1793047529855754,0.2312814496007953,-0.0005093209685133,0.0095945617212889,558,-0.202417828301727,pga_ridge_v2,-2.937710549241051,693,-2.937710549241051,-0.2165262234927963,1.0,-14.691813729482584,0.0404589115502191,-0.0079296116720533,0.0,weekly_pga_core,False,-0.069485461053002,0.0127522503478926,-0.0019642310079197,0.0227582901908831,-0.0,0.0,0.1953422980786491,2026-07-30 08:17,2026-07-31 13:27
Detroit Golf Club,1,2026-08-02,2026-07-30,524,Rocket Classic,2026-07-28 19:31:06 UTC,no,pga,-14400,0,USA,14578,9.0,5.0,"henley, russell",34098,1040,14.0,0.0,0.0,0.0,0.0,0.0,0.0,1989-04-12,-0.5,37,2.402604050223438,1.4936783993462035,0.4443452380952384,1.9657005770381324,1.7797999999999998,pga,2026-07-19,1369,1.4936783993462035,0.4599999999999999,0.4600000000000001,0.0199999999999999,8.0,0.0,51.0,-2.5785714285714287,4.128571428571429,1.8872072526709385,1.4995260728794706,4.0,1.0,0.7027257208361142,1.4995260728794706,4.0,1.3523042967024264,1.4995260728794706,4.0,0.9338358502700884,1.4995260728794706,4.0,-0.4676121813496658,1.4995260728794706,4.0,0.0175681430209028,0.0,0.0,-0.0,2026-07-30,-0.0741304638338624,0.0051065522452593,-0.015877879158997,0.0506997161919467,-0.0992294323926854,-0.0148294207193859,0.7123895757843588,,0.1542142095142681,-0.0187749886238359,0.095777472999822,0.2478290239512399,0.3628204249843302,,1.333097790543218,-0.1009756658920249,-0.0487090110357686,715,1.1967572362453316,pga_ridge_v2,-2.937710549241051,693,-2.937710549241051,1.6811840686842086,1.0,11.434970817837424,0.0740158437482941,-0.0714732511391714,0.0,weekly_pga_core,False,-0.037695358201768,-0.0041578584364253,-0.0456894388514799,0.0094360362633546,0.0,0.0,1.2549911713168995,2026-07-30 12:43,2026-07-31 07:33
Detroit Golf Club,1,2026-08-02,2026-07-30,524,Rocket Classic,2026-07-28 19:31:06 UTC,no,pga,-14400,0,RSA,24342,232.0,110.0,"higgo, garrick",54421,159,161.0,0.0,0.0,0.0,0.0,0.0,0.0,1999-05-12,7.5,27,2.536096029309831,-0.2052785838080333,-0.5556547619047616,1.000141300301426,0.275,pga,2026-07-20,729,-0.2052785838080333,-0.46,0.06,-0.1,3.0,2.0,53.0,-0.5785714285714287,-0.871428571428571,-2.778019378085147,6.478259224898805,14.0,1.0,2.4322813491345183,6.478259224898805,14.0,-0.8433068144818449,6.478259224898805,14.0,1.723028134938395,6.478259224898805,14.0,-4.351896778733011,6.478259224898805,14.0,0.0608070337283629,-0.0,0.0,-0.0,2026-07-30,0.0309144019660277,0.0007875162735438,0.0115571283246868,-0.0236166647102489,0.0119901930005805,0.0301962290774654,-0.0976318628369183,-0.0189629076636733,-0.1418117077301695,-0.0302843887451445,0.002542899486177,,,-0.0338310854689764,-0.3327766817466945,0.0009587023083739,-0.0179545641380838,483,-0.9129621022646686,pga_ridge_v2,-2.937710549241051,693,-2.937710549241051,-0.1972641943751168,1.0,-13.764449567930615,-0.1033126278594125,0.0041982330417207,0.0,weekly_pga_core,False,0.0098802170728044,0.0273262507454842,0.0105610738727557,-0.0277801937808514,-0.0,-0.0,-0.3127893338365014,2026-07-30 12:43,2026-07-31 07:33
Detroit Golf Club,1,2026-08-02,2026-07-30,524,Rocket Classic,2026-07-28 19:31:06 UTC,no,pga,-14400,0,USA,28469,397.0,193.0,"highsmith, joe",60067,134,153.0,0.0,0.0,0.0,0.0,0.0,0.0,2000-04-19,1.5,26,2.847273207035244,-0.827395311095866,-0.5556547619047616,0.6891537677351174,0.3674,pga,2026-07-20,676,-0.827395311095866,0.6499999999999999,0.02,0.22,3.0,4.0,55.0,1.4214285714285713,-0.871428571428571,2.537665075098778,5.392430777905502,8.0,1.0,1.7371042666956955,5.392430777905502,8.0,3.160928514093612,5.392430777905502,8.0,1.1773881974981328,5.392430777905502,8.0,-0.3948489682632187,5.392430777905502,8.0,0.0434276066673924,0.0,0.0,-0.0,2026-07-30,0.0251737276450541,-0.0061270378464816,0.0059397421915305,0.0108695981831346,0.0059920468587319,0.0084993782581386,-0.4233308773112449,-0.0130665129614136,-0.0458465022834252,0.0207182657622333,-0.0281802198148758,,,-0.2927065514775846,-0.7922906030575922,0.0011383963304042,-0.021045326767438,300,-1.0185787003689972,pga_ridge_v2,-2.937710549241051,693,-2.937710549241051,-1.235546250052924,1.0,1.7346710982940516,-0.0640545905600558,0.0100287254657524,0.0,weekly_pga_core,False,0.0098802170728044,0.0054652501490968,0.0085999269079896,0.0253766507509877,0.0,-0.0,-0.7429685581767134,2026-07-30 12:54,2026-07-31 07:44
Detroit Golf Club,1,2026-08-02,2026-07-30,524,Rocket Classic,2026-07-28 19:31:06 UTC,no,pga,-14400,0,JPN,20954,0.0,316.0,"hirata, kensei",49120,98,166.0,0.0,0.0,0.0,0.0,0.0,0.0,1995-01-01,-6.5,31,2.797964653224665,-1.1287743467514308,-1.8056547619047616,0.1408888185593949,0.0269230769230769,pga,2026-07-20,961,-1.1287743467514308,-0.3799999999999999,-0.3,-0.15,3.0,4.0,43.0,1.4214285714285713,-0.871428571428571,0.0,0.0,0.0,0.0,0.0,0.0,0.0,0.0,0.0,0.0,0.0,0.0,0.0,0.0,0.0,0.0,0.0,0.0,0.0,0.0,2026-07-30,0.0176895639680286,-0.0034478744233462,0.012880379131032,0.0535139423640355,-0.0403095249402723,-0.0049473581634203,-0.5457940278368116,-0.0026712842039226,-0.4736066674144399,0.0324454010666748,-0.0370761782244589,,,-0.2269389213258943,-1.263786076121848,0.0013270116558772,-0.0257525067636056,145,-1.5821746409295363,pga_ridge_v2,-2.937710549241051,693,-2.937710549241051,-1.711886353805297,1.0,0.0,0.0,0.0142810969247334,0.0,weekly_pga_core,False,0.0098802170728044,-0.0236827506460863,0.0060431637024222,0.0,0.0,0.0,-1.2715454459927076,2026-07-30 08:39,2026-07-31 13:49
Detroit Golf Club,1,2026-08-02,2026-07-30,524,Rocket Classic,2026-07-28 19:31:06 UTC,no,pga,-14400,0,JPN,22760,70.0,65.0,"hisatsune, ryo",51287,641,40.0,0.0,0.0,0.0,0.0,0.0,0.0,2002-09-09,1.5,23,2.875150131759487,0.4876766277620875,0.6943452380952384,0.7522235034660665,0.62,pga,2026-07-19,529,0.4876766277620875,0.2099999999999999,0.12,0.1099999999999999,8.0,0.0,77.0,-2.5785714285714287,4.128571428571429,-1.47088560901316,5.392430777905502,8.0,1.0,-1.559510248095506,5.392430777905502,8.0,-0.4019190721671964,5.392430777905502,8.0,0.549823221584719,5.392430777905502,8.0,-0.8077655996465161,5.392430777905502,8.0,-0.0389877562023876,-0.0,0.0,-0.0,2026-07-30,-0.0191654326806117,-0.0012864946776623,-0.0082937702529018,-0.0160263614619904,-0.0430150191356742,0.049456212847617,0.2258146283448681,-0.014262329567205,0.1262363499594071,0.0052822939962434,0.0355635535201781,,,0.0803826590742881,0.5004939563069902,-0.0005205343119254,0.0179164366850016,400,0.2905293328925464,pga_ridge_v2,-2.937710549241051,693,-2.937710549241051,0.3567928933862563,1.0,5.943688547665594,-0.1414551250120082,0.0240808986061341,0.0,weekly_pga_core,False,-0.0468095530170573,0.0054652501490968,-0.0065473545490447,-0.0147088560901316,0.0,-0.0,0.4378934427998533,2026-07-30 12:32,2026-07-31 07:22
Detroit Golf Club,1,2026-08-02,2026-07-30,524,Rocket Classic,2026-07-28 19:31:06 UTC,no,pga,-14400,0,USA,25157,118.0,122.0,"hodges, lee",54628,305,100.0,0.0,0.0,0.0,0.0,0.0,0.0,1995-06-14,5.5,31,2.6221807889157907,0.2334556786237103,-0.5556547619047616,0.6946758513156019,0.4639999999999999,pga,2026-07-20,961,0.2334556786237103,-0.06,0.0,0.17,1.0,2.0,43.0,-0.5785714285714287,-2.871428571428571,-2.3375414083992605,6.638253884691649,12.0,1.0,0.6244749143851709,6.638253884691649,12.0,-4.997099310324246,6.638253884691649,12.0,-0.1440331311817268,6.638253884691649,12.0,2.0993325479545666,6.638253884691649,12.0,0.0156118728596292,-0.0,-0.0,0.0,2026-07-30,0.0025362249345574,0.0010643461949424,-0.0047110140785197,0.0273326201822523,-0.08246344922793,0.0613137218638124,0.1498699915196456,-0.0131712129283245,0.1031751804532947,-0.0197667892329618,0.0232130686113838,,,0.0324778420502174,0.2511239887172708,-0.0002618378042103,0.0013760301610395,653,-0.0273253242790655,pga_ridge_v2,-2.937710549241051,693,-2.937710549241051,0.3317775957557071,1.0,-10.330182986235418,-0.0151174267719355,-0.0257882841128138,0.0,weekly_pga_core,False,0.0325561251087492,0.0200392505466884,0.0008664330275973,-0.0233754140839926,-0.0,-0.0,0.2812103833163131,2026-07-30 12:32,2026-07-31 07:22
Detroit Golf Club,1,2026-08-02,2026-07-30,524,Rocket Classic,2026-07-28 19:31:06 UTC,no,pga,-14400,0,PHI,23504,168.0,112.0,"hoey, rico",51696,229,120.0,0.0,0.0,0.0,0.0,0.0,0.0,1995-09-19,-0.5,30,2.46510742624706,0.0246365521983226,-0.6806547619047616,0.72699350665552,0.5048,pga,2026-07-20,900,0.0246365521983226,-0.11,-0.01,0.0999999999999999,1.0,5.0,65.0,2.421428571428572,-2.871428571428571,1.600989892380433,3.877462064367035,6.0,1.0,-2.027398326193582,3.877462064367035,6.0,5.258455560279547,3.877462064367035,6.0,0.1760581555111907,3.877462064367035,6.0,0.57949909811007,3.877462064367035,6.0,-0.0506849581548395,0.0,0.0,0.0,2026-07-30,-0.0407715731871659,-0.0047872948558978,-0.0041392787935964,-0.0464597427328828,-0.0082914528131782,0.0229061960083894,0.0196368043113231,-0.0137839630606634,-0.1950109040168228,0.0371045608618621,0.0327280872034592,,,0.0530471420153551,-0.0935775002805852,0.0001393120483881,-0.0033746483435103,559,-0.3745815480122026,pga_ridge_v2,-2.937710549241051,693,-2.937710549241051,-0.5207719724911862,1.0,-8.351029446113603,0.0,-0.0240638912999764,0.0,weekly_pga_core,False,0.0325561251087492,-0.0018217500496989,-0.0139285112748197,0.0160098989238043,-0.0,0.0,-0.0607617375725503,2026-07-30 12:21,2026-07-31 07:11
Detroit Golf Club,1,2026-08-02,2026-07-30,524,Rocket Classic,2026-07-28 19:31:06 UTC,no,pga,-14400,0,USA,15575,179.0,118.0,"hoge, tom",35532,247,77.0,0.0,0.0,0.0,0.0,0.0,0.0,1989-05-25,3.5,37,2.9904362867300525,-0.0105608511047754,-0.3056547619047616,1.1538122678561842,0.9614,pga,2026-07-20,1369,-0.0105608511047754,0.1699999999999999,-0.26,0.2299999999999999,3.0,1.0,67.0,-1.5785714285714287,-0.871428571428571,-6.50579618710298,1.9872219528903687,6.0,1.0,-3.131854512019665,1.9872219528903687,6.0,0.9179726865527608,1.9872219528903687,6.0,-0.0064478864474096,1.9872219528903687,6.0,-3.1157711635205088,1.9872219528903687,6.0,-0.0782963628004916,0.0,-0.0,-0.0,2026-07-30,0.0350075664272293,-0.0023888324550554,-0.0152962312616551,0.0310119810601368,-0.0082273179544021,0.0299079670382052,-0.0017752584018634,-0.0218765443342618,-0.0596056937367454,0.0203147893821564,-0.0350452783175036,,,-0.0565655749041286,-0.2482298693756565,0.0003967586566744,-0.0059990319355728,867,-0.5193587799918147,pga_ridge_v2,-2.937710549241051,693,-2.937710549241051,-0.0861892862330568,1.0,-4.534435645602203,-0.1327484613175835,-0.0880740357844114,0.0,weekly_pga_core,False,0.0098802170728044,0.0127522503478926,0.0119593934098955,-0.0650579618710298,-0.0,-0.0,-0.2786959704160936,2026-07-30 13:27,2026-07-31 08:17
Detroit Golf Club,1,2026-08-02,2026-07-30,524,Rocket Classic,2026-07-28 19:31:06 UTC,no,pga,-14400,0,DEN,23602,43.0,38.0,"hojgaard, nicolai",52453,1093,30.0,0.0,0.0,0.0,0.0,0.0,0.0,2001-03-12,5.5,25,2.5676378598665672,0.903208924614931,1.3193452380952384,1.2224139395411535,1.0192,pga,2026-07-17,625,0.903208924614931,0.7,-0.2,0.2299999999999999,10.0,0.0,63.0,-2.5785714285714287,6.128571428571429,4.390964832303324,7.252396523453608,12.0,1.0,2.586830792382026,7.252396523453608,12.0,4.904298171341332,7.252396523453608,12.0,1.7857900391900656,7.252396523453608,12.0,-3.3579186773936285,7.252396523453608,12.0,0.0646707698095506,0.0,0.0,-0.0,2026-07-30,-0.0884059664799993,0.0010449504525368,-0.0124836801562929,-0.0750106336587614,0.0381517893860008,-0.0401083925034826,0.4329587363960031,,0.0590805341537249,0.0031843859355672,-0.0050519319421407,0.1419189466294548,0.1996328679996714,,0.785846170743963,-0.060609897056869,-0.0324781510374671,575,0.5094011708849091,pga_ridge_v2,-2.937710549241051,693,-2.937710549241051,0.3088673732037587,1.0,3.726270941609977,0.3296273266590271,0.0472106796660182,0.0,weekly_pga_core,False,-0.0559560853583339,0.0457364428006784,-0.0544879768814939,0.0219548241615166,0.0,0.0,0.7430933754663303,2026-07-30 13:16,2026-07-31 08:06
Detroit Golf Club,1,2026-08-02,2026-07-30,524,Rocket Classic,2026-07-28 19:31:06 UTC,no,pga,-14400,0,DEN,23838,133.0,95.0,"hojgaard, rasmus",52686,426,125.0,0.0,0.0,0.0,0.0,0.0,0.0,2001-03-12,-4.5,25,2.5062104547280755,0.0695286922007056,1.8193452380952384,1.0781367123279988,0.8814,pga,2026-07-20,625,0.0695286922007056,0.12,0.29,-0.15,3.0,3.0,51.0,0.4214285714285712,-0.871428571428571,-1.227792056263765,1.5128814710154082,2.0,1.0,-0.0945975760561006,1.5128814710154082,2.0,2.812211554129603,1.5128814710154082,2.0,-2.84247620732091,1.5128814710154082,2.0,-0.7826431682907933,1.5128814710154082,2.0,-0.0023649394014025,0.0,-0.0,-0.0,2026-07-30,0.0582021718715862,0.0020046152711442,0.0032810133492272,-0.0745683612534669,0.0728860487060631,0.0545988557986185,0.0506098961284601,-0.0204417185037059,-0.1064255501162941,0.0020269567723274,0.0303684639154085,,,0.0577834939810118,0.0299896806189585,4.149689285164725e-05,0.0005759760615531,554,-0.2732761213801208,pga_ridge_v2,-2.937710549241051,693,-2.937710549241051,-0.4488621958616683,1.0,-26.0210662410775,0.0463272235908132,0.0154506654873458,0.0,weekly_pga_core,False,0.0098802170728044,-0.0163957504472905,0.019883206453941,-0.0122779205626376,-0.0,0.0,0.0310794331357758,2026-07-30 13:38,2026-07-31 08:28
Detroit Golf Club,1,2026-08-02,2026-07-30,524,Rocket Classic,2026-07-28 19:31:06 UTC,no,pga,-14400,0,USA,33913,0.0,0.0,"hooks, joe",59862,132,0.0,0.0,0.0,0.0,0.0,0.0,0.0,1995-06-01,-4.5,31,2.3,-4.9275,4.440892098500626e-16,0.0,0.0,0,,961,-4.9275,0.0,0.0,0.0,3.871428571428571,0.0,0.0,0.0,4.440892098500626e-16,0.0,1.5128814710154082,2.0,1.0,0.0,0.0,0.0,0.0,0.0,0.0,0.0,0.0,0.0,0.0,0.0,0.0,0.0,0.0,0.0,0.0,2026-07-30,0.2108548387739496,0.0,-0.0,-0.0,0.2108548387739496,-0.0,,,,,,,,,0.0,,,2,-3.1366894943169457,tour_prior_shrunk_partial,-2.937710549241051,693,-2.937710549241051,-4.9275,0.1,0.0,0.0,,-3.1366894943169457,tour_prior_shrunk_partial,True,0.0,0.0,0.0,0.0,0.0,0.0,-3.1366894943169457,2026-07-30 08:50,2026-07-31 14:00
Detroit Golf Club,1,2026-08-02,2026-07-30,524,Rocket Classic,2026-07-28 19:31:06 UTC,no,pga,-14400,0,USA,11276,122.0,164.0,"horschel, billy",29420,716,102.0,0.0,0.0,0.0,0.0,0.0,0.0,1986-12-07,-2.5,39,2.663996829867957,0.0297297583891545,-0.0556547619047615,1.386380155858866,1.212,pga,2026-07-20,1521,0.0297297583891545,-0.07,-0.19,0.0,1.0,4.0,59.0,1.4214285714285713,-2.871428571428571,0.0,0.0,0.0,0.0,0.0,0.0,0.0,0.0,0.0,0.0,0.0,0.0,0.0,0.0,0.0,0.0,0.0,0.0,0.0,0.0,2026-07-30,0.0394951146122215,-4.6519275813078986e-05,-0.010479452135525,0.0076723132248817,-0.0242904741952717,0.0666392469939497,0.0502655645626238,-0.0265443200087243,0.1239591418043345,0.0115747233163597,-0.0018891461255198,,,-0.0167802183926123,0.0205349744633794,2.986560925133112e-05,-0.0023559970511562,778,-0.1069542949241283,pga_ridge_v2,-2.937710549241051,693,-2.937710549241051,0.6629651956151694,1.0,-1.9667773190698057,0.0675142697767775,-0.1177246392511772,0.0,weekly_pga_core,False,0.0325561251087492,-0.0091087502484947,0.013492443537837,0.0,-0.0,0.0,0.0574747928614709,2026-07-30 13:16,2026-07-31 08:06
Detroit Golf Club,1,2026-08-02,2026-07-30,524,Rocket Classic,2026-07-28 19:31:06 UTC,no,pga,-14400,0,USA,15470,151.0,163.0,"hossler, beau",35461,209,121.0,0.0,0.0,0.0,0.0,0.0,0.0,1995-03-16,15.5,31,2.3,0.1366831799025599,-0.1806547619047616,0.9062818577127572,0.7547999999999999,pga,2026-07-20,961,0.1366831799025599,-0.15,-0.0399999999999999,-0.1,1.0,5.0,49.0,2.421428571428572,-2.871428571428571,-3.068251770842493,9.466851271368093,20.0,1.0,-0.0613360929103958,9.466851271368093,20.0,6.610880532472733,9.466851271368093,20.0,-1.4023170338027209,9.466851271368093,20.0,-6.615124944688927,9.466851271368093,20.0,-0.0015334023227598,0.0,-0.0,-0.0,2026-07-30,-0.037403318128844,0.0045874255050507,0.0084387870136072,-0.0068378229242897,-0.0186894454844149,-0.0249022622387974,0.0892767870127186,-0.0171833111780204,-0.096006833673618,-1.0615321983915503e-05,0.0081583152071721,,,0.0453336545284284,0.0046773155097618,-6.03016966200305e-05,0.0035823228899061,817,-0.132696012117561,pga_ridge_v2,-2.937710549241051,693,-2.937710549241051,0.0504300674709919,1.0,6.386771078961932,0.0,-0.0284127022582213,0.0,weekly_pga_core,False,0.0325561251087492,0.0564742515406673,-0.0127778375360131,-0.0306825177084249,0.0,0.0,0.0502473369147403,2026-07-30 12:21,2026-07-31 07:11
Detroit Golf Club,1,2026-08-02,2026-07-30,524,Rocket Classic,2026-07-28 19:31:06 UTC,no,pga,-14400,0,USA,16333,207.0,137.0,"hubbard, mark",36801,210,111.0,0.0,0.0,0.0,0.0,0.0,0.0,1989-05-24,11.5,37,2.5159781984699574,-0.3927804317658716,-0.0556547619047615,0.7715967974591318,0.5392,pga,2026-07-20,1369,-0.3927804317658716,0.0399999999999999,-0.16,0.14,1.0,2.0,53.0,-0.5785714285714287,-2.871428571428571,2.9497291223438227,8.600395933911443,18.0,1.0,-0.5106233866913413,8.600395933911443,18.0,3.448970271861089,8.600395933911443,18.0,-0.7086704233453867,8.600395933911443,18.0,-0.1079079616941118,8.600395933911443,18.0,-0.0127655846672835,0.0,-0.0,-0.0,2026-07-30,-0.0106058807777963,-0.0085973577128897,-0.0047930783483902,0.0249526555762588,-0.0124093515116452,-0.0097587487811298,-0.148933125169363,-0.0146296516496157,-0.029570787456204,0.0277783848944532,0.0069022014069852,,,-0.060354656476654,-0.3135799736957052,0.0004431047700292,-0.0071414082309246,866,-0.5332379770304232,pga_ridge_v2,-2.937710549241051,693,-2.937710549241051,-0.6640933795919208,1.0,-6.92386777989977,-0.0473575978880915,-0.0880740357844114,0.0,weekly_pga_core,False,0.0325561251087492,0.0419002511430757,-0.003623213882741,0.0294972912234382,-0.0,-0.0,-0.213249520103183,2026-07-30 07:11,2026-07-31 12:21
Detroit Golf Club,1,2026-08-02,2026-07-30,524,Rocket Classic,2026-07-28 19:31:06 UTC,no,pga,-14400,0,CAN,15556,121.0,146.0,"hughes, mackenzie",35506,193,114.0,0.0,0.0,0.0,0.0,0.0,0.0,1990-11-23,3.5,35,2.3606828765128225,0.2881050855347824,-0.3056547619047616,0.9436176169887016,0.662,pga,2026-07-20,1225,0.2881050855347824,0.0,0.16,0.06,1.0,5.0,57.0,2.421428571428572,-2.871428571428571,-0.4021098054550434,1.923912970238812,6.0,1.0,0.6654515855248565,1.923912970238812,6.0,-1.0502377862071932,1.923912970238812,6.0,-0.3438877498376347,1.923912970238812,6.0,0.9290691124068624,1.923912970238812,6.0,0.0166362896381214,-0.0,-0.0,0.0,2026-07-30,-0.0925604098644958,0.0053181203014734,0.0099136145771962,-0.0253468652927103,0.0355581944277666,-0.1180034738782219,0.1254736132780283,-0.0178912057080128,0.0389658159411855,-0.0176086303221302,0.0135901342511739,,,0.0594073860835227,0.1371556475900689,-0.0002494397134479,0.0053889747687888,779,-0.0983566475410571,pga_ridge_v2,-2.937710549241051,693,-2.937710549241051,0.3881626675618542,1.0,-16.56853528538698,0.0700730786722752,-0.0699210009890394,0.0,weekly_pga_core,False,0.0325561251087492,0.0127522503478926,-0.031620774270378,-0.0040210980545504,-0.0,0.0,0.1468221507217822,2026-07-30 08:28,2026-07-31 13:38
Detroit Golf Club,1,2026-08-02,2026-07-30,524,Rocket Classic,2026-07-28 19:31:06 UTC,no,pga,-14400,0,USA,26597,0.0,0.0,"huskey, keenan",56926,70,0.0,0.0,0.0,0.0,0.0,0.0,0.0,1996-09-01,-6.5,29,2.7,-1.9571963324141903,-0.8056547619047616,-0.7142316100823046,-0.6542857142857142,pga,2026-07-19,841,-1.9571963324141903,-0.05,0.0,0.0,8.0,0.0,5.0,-2.5785714285714287,4.128571428571429,0.0,0.0,0.0,0.0,0.0,0.0,0.0,0.0,0.0,0.0,0.0,0.0,0.0,0.0,0.0,0.0,0.0,0.0,0.0,0.0,2026-07-30,0.0507668296292043,0.0,-0.0,-0.0,0.0507668296292043,-0.0,-0.9592214989055452,0.0135419945845508,-0.2045359022271161,0.0470320210269087,0.0448106878742991,,,-0.5906907522883296,-1.6894411638521685,0.0020529043656872,-0.0266860596376194,104,-1.5960455829552307,pga_ridge_v2,-2.937710549241051,693,-2.937710549241051,-1.4465978835545776,1.0,0.0,0.0,-0.0157445586450037,0.0,weekly_pga_core,False,-0.0468095530170573,-0.0236827506460863,0.0173431217782837,0.0,0.0,0.0,-1.7425903457370284,2026-07-30 09:01,2026-07-31 14:11
Detroit Golf Club,1,2026-08-02,2026-07-30,524,Rocket Classic,2026-07-28 19:31:06 UTC,no,pga,-14400,0,KOR,17488,111.0,79.0,"im, sungjae",39971,694,58.0,0.0,0.0,0.0,0.0,0.0,0.0,1998-03-30,9.5,28,3.002768137165893,0.2570026149303813,-0.3056547619047616,1.8381210509569632,1.6192000000000002,pga,2026-07-20,784,0.2570026149303813,-0.02,-0.13,0.06,3.0,6.0,61.0,3.421428571428572,-0.871428571428571,0.3766507551665737,3.9769360083296337,12.0,1.0,-0.6239918244036251,3.9769360083296337,12.0,0.3986697352951943,3.9769360083296337,12.0,0.1092471787725106,3.9769360083296337,12.0,1.6273283016516484,3.9769360083296337,12.0,-0.0155997956100906,0.0,0.0,0.0,2026-07-30,-0.1094330123685469,0.0035189491712817,0.0157923356993457,-0.0067582910860113,-0.0276370190706838,-0.0943489870824792,0.1202202413971108,-0.0348511952795531,-0.0050190886197024,-0.0033122238831578,0.0447869633051436,,,0.09783949917628,0.2228811583411121,-0.0003597843915919,0.0077880294529195,857,0.136308275003068,pga_ridge_v2,-2.937710549241051,693,-2.937710549241051,0.1440123321391824,1.0,-31.98266903701544,-0.2137528487931928,-0.0042112828163365,0.0,weekly_pga_core,False,0.0098802170728044,0.03461325094428,-0.0373848450638789,0.0037665075516657,-0.0,-0.0,0.2337562888459833,2026-07-30 12:43,2026-07-31 07:33
Detroit Golf Club,1,2026-08-02,2026-07-30,524,Rocket Classic,2026-07-28 19:31:06 UTC,no,pga,-14400,0,GER,16394,146.0,106.0,"jaeger, stephan",36799,403,79.0,0.0,0.0,0.0,0.0,0.0,0.0,1989-05-30,7.5,37,3.2,0.1747608772582428,0.5693452380952384,0.8697100722614584,0.7928000000000001,pga,2026-07-20,1369,0.1747608772582428,0.32,-0.13,0.18,3.0,4.0,56.0,1.4214285714285713,-0.871428571428571,0.2774115725197714,6.053872327539464,12.0,1.0,-2.474649845461173,6.053872327539464,12.0,0.0265013374037899,6.053872327539464,12.0,2.1717433157442567,6.053872327539464,12.0,2.252886894479862,6.053872327539464,12.0,-0.0618662461365293,0.0,0.0,0.0,2026-07-30,-0.0836637147956545,0.0001803146031236,-0.0009029430417632,-0.0353938618513937,0.049100294866665,-0.0966475193722862,0.0826439275858197,-0.0164899017663706,-0.0636735181027838,0.0120421200911331,-0.0533872787647343,,,0.0423565190071585,-0.0797506189563001,-2.1149075958481523e-05,0.0048526978538471,793,-0.0584591439546425,pga_ridge_v2,-2.937710549241051,693,-2.937710549241051,-0.124319036397344,1.0,-18.749541536907383,-0.0478695716313191,-0.0880740357844114,0.0,weekly_pga_core,False,0.0098802170728044,0.0273262507454842,-0.0285814577101331,0.0027741157251977,-0.0,-0.0,-0.0683514931229468,2026-07-30 08:06,2026-07-31 13:16
Detroit Golf Club,1,2026-08-02,2026-07-30,524,Rocket Classic,2026-07-28 19:31:06 UTC,no,pga,-14400,0,USA,29827,102.0,397.0,"james, ben",57869,574,141.0,0.0,0.0,0.0,0.0,0.0,0.0,2004-01-01,-2.5,22,2.7,0.4962533522980354,-0.3056547619047616,0.4962533522980354,0.1413333333333333,pga,2026-07-20,484,0.4962533522980354,0.69,0.2699999999999999,-0.1099999999999999,3.0,3.0,23.0,0.4214285714285712,-0.871428571428571,0.0,2.364580593351627,4.0,1.0,0.0,0.0,0.0,0.0,0.0,0.0,0.0,0.0,0.0,0.0,0.0,0.0,0.0,0.0,0.0,0.0,2026-07-30,-0.072171978481243,-0.0054251019809625,-0.0060074390145036,0.000351973636426,-0.0484414767502335,-0.0126499343719694,0.2006618500809714,-0.0078717311702296,0.0469522845354956,-0.0044668848194361,0.0074385710541275,,,0.067662170937953,0.3026889767217093,-0.0003910043428649,0.010071794767129,44,-0.2849944787818049,pga_ridge_v2,-2.937710549241051,693,-2.937710549241051,0.1652680865967272,1.0,7.20358932686581,0.0,-0.0173680743214365,0.0,weekly_pga_core,False,0.0098802170728044,-0.0091087502484947,-0.0246556151117189,0.0,0.0,0.0,0.25,2026-07-30 09:01,2026-07-31 14:11
Detroit Golf Club,1,2026-08-02,2026-07-30,524,Rocket Classic,2026-07-28 19:31:06 UTC,no,pga,-14400,1,USA,35417,0.0,0.0,"jennings, william",70415,74,0.0,0.0,0.0,0.0,0.0,0.0,0.0,1995-01-01,-6.5,31,2.3,0.6936262621548266,4.440892098500626e-16,0.0,0.0,0,,961,0.6936262621548266,0.0,0.0,0.0,3.871428571428571,0.0,0.0,0.0,4.440892098500626e-16,0.0,0.0,0.0,0.0,0.0,0.0,0.0,0.0,0.0,0.0,0.0,0.0,0.0,0.0,0.0,0.0,0.0,0.0,0.0,0.0,2026-07-30,0.0,0.0,-0.0,-0.0,-0.0,-0.0,,,,,,,,,0.0,,,4,-2.191625293757452,tour_prior_shrunk_partial,-2.937710549241051,693,-2.937710549241051,0.7927157281769446,0.2,0.0,0.0,,-2.191625293757452,tour_prior_shrunk_partial,True,0.0,0.0,0.0,0.0,0.0,0.0,-2.191625293757452,2026-07-30 14:11,2026-07-31 09:01
Detroit Golf Club,1,2026-08-02,2026-07-30,524,Rocket Classic,2026-07-28 19:31:06 UTC,no,pga,-14400,0,JPN,19729,181.0,166.0,"kanaya, takumi",47917,102,139.0,0.0,0.0,0.0,0.0,0.0,0.0,1998-05-23,-2.5,28,2.5858219832604323,-0.0619918093740215,-0.3056547619047616,0.4587228990885119,0.3755555555555555,pga,2026-07-20,784,-0.0619918093740215,-0.06,-0.08,-0.04,3.0,4.0,53.0,1.4214285714285713,-0.871428571428571,1.3047985626981211,3.0278501845538743,4.0,1.0,0.4845924848369839,3.0278501845538743,4.0,0.0304746726985274,3.0278501845538743,4.0,1.94502013186094,3.0278501845538743,4.0,-0.6356157066111902,3.0278501845538743,4.0,0.0121148121209246,0.0,0.0,-0.0,2026-07-30,-0.0130460540807241,0.0040731753386034,0.0181168328637531,0.0521602407812617,-0.0196255161746096,-0.0677707868897329,-0.0375656148700167,-0.0086974910205251,-0.0583544493929519,-0.0044193031935358,-0.0226451947413609,,,-0.0424918433490344,-0.1832136419786073,0.000318432597577,-0.0065989197369677,259,-0.5645393892712377,pga_ridge_v2,-2.937710549241051,693,-2.937710549241051,-0.2144854569220481,1.0,-19.03173662064103,-0.0367304337269167,-0.0027592582717915,0.0,weekly_pga_core,False,0.0098802170728044,-0.0091087502484947,-0.0044568334540614,0.0130479856269812,-0.0,-0.0,-0.1738510229813777,2026-07-30 07:22,2026-07-31 12:32
Detroit Golf Club,1,2026-08-02,2026-07-30,524,Rocket Classic,2026-07-28 19:31:06 UTC,no,pga,-14400,0,USA,21889,370.0,273.0,"kang, jeffrey",47393,85,160.0,0.0,0.0,0.0,0.0,0.0,0.0,1991-06-24,-6.5,35,2.699734514549871,-0.8197470026256248,-0.5556547619047616,-0.2536593266673497,-0.6883999999999999,pga,2026-07-20,1225,-0.8197470026256248,-0.12,-0.1,-0.0499999999999999,1.0,5.0,41.0,2.421428571428572,-2.871428571428571,0.0,0.0,0.0,0.0,0.0,0.0,0.0,0.0,0.0,0.0,0.0,0.0,0.0,0.0,0.0,0.0,0.0,0.0,0.0,0.0,2026-07-30,0.022480683572828,-0.0066228822412925,0.0047270651967897,0.0062502658622703,0.0384834354391141,-0.0203572006840536,-0.3628338679070377,0.0048094388144683,-0.2426816034980015,0.0306400746870683,-0.0008892773252183,,,-0.2060989726770047,-0.8626145367000577,0.0012324554461243,-0.0222798041419088,209,-1.211927411221089,pga_ridge_v2,-2.937710549241051,693,-2.937710549241051,-0.71536802937107,1.0,0.0,0.0,-0.0645129800985474,0.0,weekly_pga_core,False,0.0325561251087492,-0.0236827506460863,0.0076799208402474,0.0,0.0,0.0,-0.8460612413971473,2026-07-30 14:22,2026-07-31 09:12
Detroit Golf Club,1,2026-08-02,2026-07-30,524,Rocket Classic,2026-07-28 19:31:06 UTC,no,pga,-14400,0,USA,32457,93.0,63.0,"keefer, johnny",63454,721,73.0,0.0,0.0,0.0,0.0,0.0,0.0,2001-06-01,-6.5,25,2.8930890372501765,0.6088079750111374,0.5693452380952384,1.0166666666666666,1.03,pga,2026-07-20,625,0.6088079750111374,0.27,0.3199999999999999,-0.4,3.0,4.0,63.0,1.4214285714285713,-0.871428571428571,0.0,0.0,0.0,0.0,0.0,0.0,0.0,0.0,0.0,0.0,0.0,0.0,0.0,0.0,0.0,0.0,0.0,0.0,0.0,0.0,2026-07-30,0.0083640369641273,-0.0043838674664168,-0.0154214282832188,-0.0535761348950864,0.0054209016179965,0.0763245659908528,0.2671038186287248,,0.028745201923076,0.0044905070509884,0.0677277135147741,0.1434227973197983,0.0585026488779134,,0.5992991940432276,-0.0099037161393385,-0.0067662254706738,162,0.0922611155744627,pga_ridge_v2,-2.937710549241051,693,-2.937710549241051,0.720235569558349,1.0,-20.719739282061425,0.101086231019702,0.0459764483379644,0.0,weekly_pga_core,False,0.0079564596896465,-0.054052159673529,0.005155075736211,0.0,-0.0,0.0,0.5583585697955561,2026-07-30 09:01,2026-07-31 14:11
Detroit Golf Club,1,2026-08-02,2026-07-30,524,Rocket Classic,2026-07-28 19:31:06 UTC,no,pga,-14400,0,USA,17543,69.0,55.0,"kim, michael",39975,460,61.0,0.0,0.0,0.0,0.0,0.0,0.0,1993-07-14,7.5,33,3.2,0.34418255286436,-0.3056547619047616,1.0065483163364035,0.7939999999999999,pga,2026-07-20,1089,0.34418255286436,-0.2,-0.25,-0.01,1.0,7.0,69.0,4.0,-2.871428571428571,0.1061990017023154,6.4502741416340434,12.0,1.0,-0.6252138064778422,5.9793825086962205,10.0,-2.2072352095498373,5.9793825086962205,10.0,1.2427671101114846,5.9793825086962205,10.0,2.504839662888288,5.9793825086962205,10.0,-0.015630345161946,-0.0,0.0,0.0,2026-07-30,0.0102921552614921,0.0046032685210084,-0.0068317071662246,0.0123906724521737,0.0309300812618091,-0.0308001598072744,0.2278605551567053,-0.0190843861521972,0.0821415274592657,0.0010680848526924,-0.0063630273899601,,,0.1396547208159349,0.3895260702723743,-0.0008495062934811,0.0082743670938169,743,0.2506104809637097,pga_ridge_v2,-2.937710549241051,693,-2.937710549241051,0.251795550433942,1.0,-13.813364026655629,-0.0203656099830653,-0.0431762652704025,0.0,weekly_pga_core,False,0.0325561251087492,0.0273262507454842,0.0035160379989216,0.0010619900170231,-0.0,-0.0,0.4539864741425525,2026-07-30 07:11,2026-07-31 12:21
Detroit Golf Club,1,2026-08-02,2026-07-30,524,Rocket Classic,2026-07-28 19:31:06 UTC,no,pga,-14400,0,KOR,14609,7.0,18.0,"kim, si woo",37455,1150,7.0,0.0,0.0,0.0,0.0,0.0,0.0,1995-06-28,11.5,31,2.662668544372384,1.596943392446635,-0.0556547619047615,1.622196763388207,1.4473999999999998,pga,2026-07-19,961,1.596943392446635,0.31,0.25,-0.0899999999999999,8.0,0.0,71.0,-2.5785714285714287,4.128571428571429,-6.152261197020873,6.644346520214871,16.0,1.0,-1.8833535829816468,6.644346520214871,16.0,-3.4658560517946064,6.644346520214871,16.0,-1.3950468847620567,6.644346520214871,16.0,0.5302867855586761,6.644346520214871,16.0,-0.0470838395745411,-0.0,-0.0,0.0,2026-07-30,-0.1222660941810091,0.0038781580273771,-0.018649533792763,0.0173220899994119,-0.0511792899221792,-0.0736375184928558,0.773506319815114,,0.1618869434287745,-0.0113949381740666,0.0606467690515595,0.2007640671608594,0.3240731628182027,,1.353812514648757,-0.1047694239443171,-0.0520811810917406,872,1.2432498965701493,pga_ridge_v2,-2.937710549241051,693,-2.937710549241051,1.860353546949416,1.0,-14.104794414175975,0.0647193677918393,0.0011807955843711,0.0,weekly_pga_core,False,-0.037695358201768,0.0956307440377822,-0.0753572680485607,-0.0307613059851043,-0.0,0.0,1.305629326451106,2026-07-30 07:55,2026-07-31 13:05
Detroit Golf Club,1,2026-08-02,2026-07-30,524,Rocket Classic,2026-07-28 19:31:06 UTC,no,pga,-14400,0,USA,12423,132.0,120.0,"kirk, chris",30926,745,142.0,0.0,0.0,0.0,0.0,0.0,0.0,1985-05-08,17.5,41,2.3891921680783907,0.0306178270333971,-0.9306547619047616,1.1149745703968796,0.9262,pga,2026-07-20,1681,0.0306178270333971,0.12,-0.13,-0.09,1.0,2.0,47.0,-0.5785714285714287,-2.871428571428571,12.916077201226788,10.868892859114606,24.0,1.0,0.5160336507192702,10.868892859114606,24.0,7.443417383932139,10.868892859114606,24.0,0.4290864585882594,10.868892859114606,24.0,6.992066364307778,10.868892859114606,24.0,0.0129008412679817,0.0,0.0,0.0,2026-07-30,-0.0468074006306705,-0.0060940429905199,-0.0108213894281997,0.0032896254220287,0.0147233435778012,-0.0479049372117808,0.0459384463190303,-0.0211401727130033,0.0075626589342748,0.0250860709864008,-0.0279109684740182,,,0.059001413057895,-0.049652196917978,3.104651474652941e-05,0.0008850508681889,697,-0.3128641889179378,pga_ridge_v2,-2.937710549241051,693,-2.937710549241051,-0.2281370062052493,1.0,19.70724159713446,-0.0832851125095026,-0.1391057424114929,0.0,weekly_pga_core,False,0.0325561251087492,0.0637612517394631,-0.0159904893646469,0.1,0.0,-0.0,0.1306746905655874,2026-07-30 07:33,2026-07-31 12:43
Detroit Golf Club,1,2026-08-02,2026-07-30,524,Rocket Classic,2026-07-28 19:31:06 UTC,no,pga,-14400,0,USA,13470,0.0,428.0,"kizzire, patton",32757,98,162.0,0.0,0.0,0.0,0.0,0.0,0.0,1986-03-03,13.5,40,2.845685978719437,-1.224638160842435,-1.3056547619047616,0.7683732888774387,0.4812,pga,2026-07-20,1600,-1.224638160842435,0.1600000000000001,0.1299999999999999,0.27,4.0,1.0,32.0,-1.5785714285714287,0.128571428571429,-3.54812065348414,7.951882557829627,18.0,1.0,-0.7432510773021004,7.951882557829627,18.0,-3.6861869943355554,7.951882557829627,18.0,4.934966843006772,7.951882557829627,18.0,-3.5799451428339912,7.951882557829627,18.0,-0.0185812769325525,-0.0,0.0,-0.0,2026-07-30,-0.008698885165698,-0.0048644767018844,0.0065535424280048,0.0331372760691733,0.0375296212601857,-0.0810548482211776,-0.5981449267693795,-0.0145685331900848,-0.402124317050186,0.0343204353205526,-0.0983859703550572,,,-0.2920299297682051,-1.532545130735982,0.0011045031742503,-0.034462604684784,713,-1.743486663622715,pga_ridge_v2,-2.937710549241051,693,-2.937710549241051,-2.5291544875331704,1.0,-7.85940882596809,0.0,-0.1282537874130879,0.0,weekly_pga_core,False,-0.0014577369451678,0.0491872513418715,-0.0029717401276761,-0.0354812065348414,-0.0,0.0,-1.5232685630017957,2026-07-30 07:22,2026-07-31 12:32
Detroit Golf Club,1,2026-08-02,2026-07-30,524,Rocket Classic,2026-07-28 19:31:06 UTC,no,pga,-14400,0,USA,19396,36.0,47.0,"knapp, jake",47420,2020,38.0,0.0,0.0,0.0,0.0,0.0,0.0,1994-05-31,1.5,32,2.7941936720536464,0.6221731420508031,0.5693452380952384,1.528375350146313,1.0676,pga,2026-07-20,1024,0.6221731420508031,-0.14,-0.41,0.07,1.0,4.0,45.0,1.4214285714285713,-2.871428571428571,8.012402879492724,5.392430777905502,8.0,1.0,7.917066439369702,5.392430777905502,8.0,2.449406067163203,5.392430777905502,8.0,0.965851232672984,5.392430777905502,8.0,-0.5521413486471776,5.392430777905502,8.0,0.1,0.0,0.0,-0.0,2026-07-30,0.0153642735776634,0.0053179684385644,-0.0081649828187073,-0.0580274549270656,0.0416971502514869,0.0345415926333851,0.3404911946753052,,0.0821309675456733,0.0111962785706967,0.055278355301126,0.1486584256491424,0.2463195677819535,,0.745604338668737,-0.0856541108482149,-0.0428750836053329,400,0.7299414889151943,pga_ridge_v2,-2.937710549241051,693,-2.937710549241051,0.0919794663387046,1.0,-9.521922132290936,-0.0012534026636621,-0.0099412564016125,0.0,weekly_pga_core,False,0.0262171868462123,0.0124735753092759,0.0094695891785773,0.0400620143974636,-0.0,-0.0,0.8338267044002663,2026-07-30 13:05,2026-07-31 07:55
Detroit Golf Club,1,2026-08-02,2026-07-30,524,Rocket Classic,2026-07-28 19:31:06 UTC,no,pga,-14400,0,USA,16395,60.0,114.0,"kohles, ben",36884,1088,97.0,0.0,0.0,0.0,0.0,0.0,0.0,1990-02-24,3.5,36,2.7260536055247324,0.4435184013633783,1.0693452380952384,0.4435184013633783,0.1447999999999999,pga,2026-07-20,1296,0.4435184013633783,0.03,0.3299999999999999,0.0099999999999999,1.0,2.0,56.0,-0.5785714285714287,-2.871428571428571,-1.0760761165088937,6.141719549660843,10.0,1.0,-0.1713245291635891,6.141719549660843,10.0,2.0061655122526485,6.141719549660843,10.0,3.135952822597957,6.141719549660843,10.0,-5.614299860017558,6.141719549660843,10.0,-0.0042831132290897,0.0,0.0,-0.0,2026-07-30,-0.073565645599488,-0.0042571993560208,-0.0197144067348541,0.0624116232088819,-0.1073534167757876,-0.0046522459417072,0.2601645930218584,,0.1205065437235039,-0.0086802144797214,0.0509520726617895,0.0201627388853464,0.0065577271948523,,0.3440742288304975,-0.0321249946088086,-0.0127272969154073,702,0.3630475173881968,pga_ridge_v2,-2.937710549241051,693,-2.937710549241051,1.5071943671197183,1.0,12.385710640873455,0.0,-0.0607369406529157,0.0,weekly_pga_core,False,0.0325561251087492,0.0127522503478926,-0.0251317239947564,-0.0107607611650889,0.0,0.0,0.3534901191272939,2026-07-30 13:38,2026-07-31 08:28
Detroit Golf Club,1,2026-08-02,2026-07-30,524,Rocket Classic,2026-07-28 19:31:06 UTC,no,pga,-14400,0,USA,32319,30.0,73.0,"koivun, jackson",66701,4612,70.0,0.0,0.0,0.0,0.0,0.0,0.0,2005-05-23,-4.5,21,2.7,0.9337181908609749,0.9443452380952384,1.3860290470627183,0.8591304347826088,pga,2026-07-20,441,0.9337181908609749,0.01,-0.07,-0.1699999999999999,1.0,2.0,15.0,-0.5785714285714287,-2.871428571428571,0.0,1.181499038096477,2.0,1.0,0.0,0.0,0.0,0.0,0.0,0.0,0.0,0.0,0.0,0.0,0.0,0.0,0.0,0.0,0.0,0.0,2026-07-30,-0.051494805746865,0.0076842843463801,-0.0073662210243845,-0.0065978195751992,-0.0540525326822963,0.0088374831886348,0.589993710595204,,0.1935333884513455,-0.0108587122708006,0.0755477437704155,0.1260395769744297,0.270029163459991,,1.0927064057911833,-0.1163485457298791,-0.0458597850434029,46,0.9384196345892156,pga_ridge_v2,-2.937710549241051,693,-2.937710549241051,2.079917936519072,1.0,2.173129072696381,0.0,0.0106298655838802,0.0,weekly_pga_core,False,0.0262171868462123,-0.0374207259278278,-0.031738217416434,0.0,0.0,0.0,1.0497646492931338,2026-07-30 07:33,2026-07-31 12:43
Detroit Golf Club,1,2026-08-02,2026-07-30,524,Rocket Classic,2026-07-28 19:31:06 UTC,no,pga,-14400,0,USA,6169,139.0,185.0,"kuchar, matt",23108,164,140.0,0.0,0.0,0.0,0.0,0.0,0.0,1978-06-21,1.5,48,2.3634126682460344,0.472425237288279,-0.8056547619047616,1.62513578639593,1.5153571428571428,pga,2026-07-20,2304,0.472425237288279,0.34,0.2300000000000001,-0.0499999999999999,3.0,1.0,33.0,-1.5785714285714287,-0.871428571428571,-1.061639048874471,4.626750836122377,8.0,1.0,-0.3790221067902309,4.626750836122377,8.0,0.7502016224764045,4.626750836122377,8.0,0.5486209907183642,4.626750836122377,8.0,-3.070939716550241,4.626750836122377,8.0,-0.0094755526697557,0.0,0.0,-0.0,2026-07-30,-0.0172161115729291,0.0068778119333115,0.0025099678370828,0.0727637299872254,-0.0408944812898067,-0.0584731400407423,0.1845594556006808,-0.030824561372152,-0.0172484938979123,-0.0233466212380295,-0.0470795281450509,,,0.0458749518959321,-0.1365636038431794,-1.965845211356483e-05,-0.0023762883188708,714,-0.2510707494018334,pga_ridge_v2,-2.937710549241051,693,-2.937710549241051,0.435161991998734,1.0,-3.1375101294279126,-0.0633809020024222,-0.246102859915663,0.0,weekly_pga_core,False,0.0098802170728044,0.0054652501490968,-0.0058814214269166,-0.0106163904887447,-0.0,-0.0,-0.1377159485369394,2026-07-30 07:55,2026-07-31 13:05
Detroit Golf Club,1,2026-08-02,2026-07-30,524,Rocket Classic,2026-07-28 19:31:06 UTC,no,pga,-14400,0,RSA,24343,0.0,287.0,"lamprecht, christo",54422,170,198.0,0.0,0.0,0.0,0.0,0.0,0.0,2001-01-30,-6.5,25,3.2,-1.612567455551707,-0.3056547619047616,0.0318407935239409,-0.3734,pga,2026-07-20,625,-1.612567455551707,-0.26,0.0399999999999999,0.2,3.0,4.0,39.0,1.4214285714285713,-0.871428571428571,0.0,0.0,0.0,0.0,0.0,0.0,0.0,0.0,0.0,0.0,0.0,0.0,0.0,0.0,0.0,0.0,0.0,0.0,0.0,0.0,2026-07-30,0.0332855151535857,-0.0024885243451814,0.0413580957524013,-0.0955264286881385,0.0836801564896054,0.0062622159448989,-0.725212691699986,-0.000603708723308,-0.4791632888174819,0.0139117736923175,-0.025311909932088,,,-0.3293794481259551,-1.5610710243621522,0.0020668472668364,-0.0322470011569369,185,-2.116025915822282,pga_ridge_v2,-2.937710549241051,693,-2.937710549241051,-2.6660335121855434,1.0,2.141500285925068,0.0,0.0148684031344498,0.0,weekly_pga_core,False,0.0098802170728044,-0.0236827506460863,0.0113711009132912,0.0,0.0,0.0,-1.5635024570221427,2026-07-30 08:39,2026-07-31 13:49
Detroit Golf Club,1,2026-08-02,2026-07-30,524,Rocket Classic,2026-07-28 19:31:06 UTC,no,pga,-14400,0,USA,21943,274.0,250.0,"lebioda, hank",49766,137,137.0,0.0,0.0,0.0,0.0,0.0,0.0,1994-01-14,7.5,32,2.481329390761668,-0.8506757866617629,-0.4306547619047616,0.6449509271788738,0.2852,pga,2026-07-20,1024,-0.8506757866617629,0.0,-0.0899999999999999,0.09,1.0,5.0,49.0,2.421428571428572,-2.871428571428571,2.2935426405318875,4.254770348724743,12.0,1.0,-1.4340929074804063,4.254770348724743,12.0,2.9966429908733563,4.254770348724743,12.0,0.7997788041894243,4.254770348724743,12.0,1.1506464254907458,4.254770348724743,12.0,-0.0358523226870101,0.0,0.0,0.0,2026-07-30,0.0757382094670841,-0.0072675664822047,2.8371407991799884e-05,0.0170654644060225,0.0552109258196817,0.0107010143155927,-0.3538895611802768,-0.0122284170006853,-0.0397763826209091,0.0373660209428714,-0.0423051982206835,,,-0.1893187542843924,-0.6518269737189585,0.0007861434895049,-0.0140368790778478,641,-0.7434965701606473,pga_ridge_v2,-2.937710549241051,693,-2.937710549241051,-1.0197438447220624,1.0,-13.506266780129245,0.0,-0.0384239457665397,0.0,weekly_pga_core,False,0.0325561251087492,0.0273262507454842,0.0258739220008565,0.0229354264053188,-0.0,0.0,-0.5431352494585496,2026-07-30 13:27,2026-07-31 08:17
Detroit Golf Club,1,2026-08-02,2026-07-30,524,Rocket Classic,2026-07-28 19:31:06 UTC,no,pga,-14400,0,CHN,15310,204.0,109.0,"li, haotong",35296,257,127.0,0.0,0.0,0.0,0.0,0.0,0.0,1995-08-03,-6.5,31,3.082253204535802,-0.289922052503758,1.0693452380952384,0.7333736480625745,0.5917241379310345,pga,2026-07-20,961,-0.289922052503758,-0.36,0.25,0.0,1.0,5.0,47.0,2.421428571428572,-2.871428571428571,0.0,0.0,0.0,0.0,0.0,0.0,0.0,0.0,0.0,0.0,0.0,0.0,0.0,0.0,0.0,0.0,0.0,0.0,0.0,0.0,2026-07-30,0.1464909738868335,-0.0001076071141506,-0.0046877500285208,-0.0409786108963038,0.0494348443361772,0.1428300975896315,-0.0618291804259578,-0.0162358088692037,-0.2065583883326218,0.0073919309840857,0.0207678365197256,,,0.0110965960338242,-0.274566619042436,6.987864448205384e-05,-0.0043459178187852,634,-0.5268338448353365,pga_ridge_v2,-2.937710549241051,693,-2.937710549241051,-0.9328579087441408,1.0,17.612424435042275,0.0385591568533185,-0.0249235657779849,0.0,weekly_pga_core,False,0.0325561251087492,-0.0236827506460863,0.0500447008035581,0.0,0.0,0.0,-0.2156485437762149,2026-07-30 08:39,2026-07-31 13:49
Detroit Golf Club,1,2026-08-02,2026-07-30,524,Rocket Classic,2026-07-28 19:31:06 UTC,no,pga,-14400,0,USA,15980,200.0,115.0,"lipsky, david",36326,186,78.0,0.0,0.0,0.0,0.0,0.0,0.0,1988-07-14,2.5,38,2.650591578331784,-0.1511540219389115,-0.4306547619047616,0.3938268826525428,0.407,pga,2026-07-20,1444,-0.1511540219389115,-0.03,-0.08,0.07,3.0,1.0,45.0,-1.5785714285714287,-0.871428571428571,-2.219483980938981,4.532337985920055,9.0,1.0,0.1656606114198789,4.532337985920055,9.0,0.8436133255282054,4.532337985920055,9.0,-2.094069534243104,4.532337985920055,9.0,-0.8911415998770796,4.532337985920055,9.0,0.0041415152854969,0.0,-0.0,-0.0,2026-07-30,-0.0085654842165403,0.0006131304582932,-0.0022034688589499,0.0551968986332659,-0.010157037013276,-0.0520150074358736,-0.0800955206050435,-0.0074268764334685,-0.1196222915111475,0.000487160407603,-0.0419658946937186,,,-0.0572421966135082,-0.4029819804939736,0.0001362814934163,0.0003821208987323,763,-0.534769617044401,pga_ridge_v2,-2.937710549241051,693,-2.937710549241051,-0.2544198474801299,1.0,-4.583075720068004,-0.0096892770930381,-0.0976347634368389,0.0,weekly_pga_core,False,0.0098802170728044,0.0091087502484947,-0.0029261672817159,-0.0221948398093898,-0.0,-0.0,-0.4091140202637801,2026-07-30 12:10,2026-07-31 07:00
Detroit Golf Club,1,2026-08-02,2026-07-30,524,Rocket Classic,2026-07-28 19:31:06 UTC,no,pga,-14400,0,USA,17723,395.0,294.0,"lower, justin",40162,110,182.0,0.0,0.0,0.0,0.0,0.0,0.0,1989-04-04,9.5,37,2.871194014725308,-0.8686204684723673,-0.5556547619047616,0.4819740162737113,0.2938,pga,2026-07-20,1369,-0.8686204684723673,-0.1099999999999999,0.1099999999999999,-0.15,3.0,4.0,39.0,1.4214285714285713,-0.871428571428571,11.062809417545278,8.751922596333081,16.0,1.0,2.481136512370242,8.751922596333081,16.0,3.5403959199342605,8.751922596333081,16.0,2.5909892908813084,8.751922596333081,16.0,8.23657919958807,8.751922596333081,16.0,0.062028412809256,0.0,0.0,0.0,2026-07-30,0.0458089107750567,-0.0038701280719486,0.0104069573878359,0.0504882251744126,-0.0478789825465936,0.0366628388313504,-0.4229136990928319,-0.0091383375170425,-0.1927774476233508,0.0024463793849435,-0.0352402869060991,,,-0.2293747594796606,-0.9967180306427346,0.001148605053565,-0.021617011220164,692,-1.2243150715823086,pga_ridge_v2,-2.937710549241051,693,-2.937710549241051,-1.0282235219116518,1.0,-13.17464261886644,0.0,-0.089251473242094,0.0,weekly_pga_core,False,0.0098802170728044,0.03461325094428,0.0156493821636109,0.1,-0.0,0.0,-0.8365751804620392,2026-07-30 12:10,2026-07-31 07:00
Detroit Golf Club,1,2026-08-02,2026-07-30,524,Rocket Classic,2026-07-28 19:31:06 UTC,no,pga,-14400,0,USA,14926,438.0,0.0,"malnati, peter",34466,102,170.0,0.0,0.0,0.0,0.0,0.0,0.0,1987-06-13,17.5,39,2.6722327718824603,-0.9362670544191104,-0.0556547619047615,0.5628214593579426,0.4054999999999999,pga,2026-07-20,1521,-0.9362670544191104,0.01,0.32,-0.05,3.0,4.0,43.0,1.4214285714285713,-0.871428571428571,2.137115869220186,9.809765960061622,20.0,1.0,4.091906174553542,9.809765960061622,20.0,-0.9462436675264524,9.809765960061622,20.0,0.5112362639748791,9.809765960061622,20.0,2.4433556678365624,9.809765960061622,20.0,0.1,-0.0,0.0,0.0,2026-07-30,0.0547083652836311,0.0063346744979739,0.0171680356355865,0.0158509336660024,0.0745315567487528,-0.0591768352646846,-0.4577980264875132,-0.0106789494161867,-0.3290045628708172,-0.0167728554849249,-0.1277667009479374,,,-0.2358703278897041,-1.3067986242210383,0.0011529993644468,-0.0187523534917611,749,-1.6697866210776322,pga_ridge_v2,-2.937710549241051,693,-2.937710549241051,-1.493784394325441,1.0,-3.429010877491403,0.0,-0.1113078469966404,0.0,weekly_pga_core,False,0.0098802170728044,0.0637612517394631,0.0186896414122151,0.0213711586922018,-0.0,0.0,-1.1930963553043537,2026-07-30 07:22,2026-07-31 12:32
Detroit Golf Club,1,2026-08-02,2026-07-30,524,Rocket Classic,2026-07-28 19:31:06 UTC,no,pga,-14400,0,JPN,13562,22.0,25.0,"matsuyama, hideki",32839,1605,26.0,0.0,0.0,0.0,0.0,0.0,0.0,1992-02-25,8.5,34,2.466911412809381,1.155451623158525,0.9443452380952384,1.9884333145883848,1.7484,pga,2026-07-20,1156,1.155451623158525,0.31,0.06,-0.0099999999999999,1.0,3.0,69.0,0.4214285714285712,-2.871428571428571,0.3435621175256105,5.192960673414348,11.0,1.0,-4.110681740069948,5.192960673414348,11.0,3.521279852654713,5.192960673414348,11.0,0.3457445423075025,5.192960673414348,11.0,-0.1076738395877844,5.192960673414348,11.0,-0.1,0.0,0.0,-0.0,2026-07-30,-0.1275635183951906,0.001778199931272,-0.0117188079735773,0.0204777900131358,-0.046773788956014,-0.091326911410007,0.5637062238651884,,0.177061426553606,-0.0050444682591871,0.0390324114498468,0.2434567173145004,0.289168624017018,,1.1751205674376393,-0.0593482771452315,-0.0372508956504651,793,0.8286203419003031,pga_ridge_v2,-2.937710549241051,693,-2.937710549241051,1.1201044183372628,1.0,20.770100975020178,-0.1214080914808064,-0.0356611947076365,0.0,weekly_pga_core,False,0.0262171868462123,0.0706835934192303,-0.0786222731110764,0.001717810587628,0.0,-0.0,1.1951168851796337,2026-07-30 12:43,2026-07-31 07:33
Detroit Golf Club,1,2026-08-02,2026-07-30,524,Rocket Classic,2026-07-28 19:31:06 UTC,no,pga,-14400,0,ITA,20844,324.0,208.0,"mazzoli, stefano",49037,152,0.0,0.0,0.0,0.0,0.0,0.0,0.0,1995-01-01,-6.5,31,3.2,-0.5967612945785208,0.6943452380952384,-0.5967612945785208,-0.9771428571428572,pga,2026-07-20,961,-0.5967612945785208,0.2,0.0,0.0,3.0,5.0,49.0,2.421428571428572,-0.871428571428571,0.0,0.0,0.0,0.0,0.0,0.0,0.0,0.0,0.0,0.0,0.0,0.0,0.0,0.0,0.0,0.0,0.0,0.0,0.0,0.0,2026-07-30,0.0864968372602804,0.0,-0.0,-0.0,0.0864968372602804,-0.0,-0.34235549583448,0.0134302082173181,0.0017263577558083,0.0006881716094431,-0.0097207698511872,,,-0.2584694929829804,-0.6279830520561844,0.0012779620297462,-0.0212128789433465,76,-1.060215560916859,pga_ridge_v2,-2.937710549241051,693,-2.937710549241051,0.0702678547012483,1.0,0.0,0.0,-0.0133471140565062,0.0,weekly_pga_core,False,0.0098802170728044,-0.0236827506460863,0.0295493177927043,0.0,0.0,0.0,-0.6122362678367619,2026-07-30 08:06,2026-07-31 13:16
Detroit Golf Club,1,2026-08-02,2026-07-30,524,Rocket Classic,2026-07-28 19:31:06 UTC,no,pga,-14400,0,USA,19870,61.0,90.0,"mccarthy, denny",47993,580,81.0,0.0,0.0,0.0,0.0,0.0,0.0,1993-03-04,1.5,33,2.3,0.4421363350618549,-0.9306547619047616,1.522906047503665,1.097,pga,2026-07-20,1089,0.4421363350618549,-0.0499999999999999,-0.0899999999999999,0.02,1.0,2.0,65.0,-0.5785714285714287,-2.871428571428571,-1.7398111508560146,1.33624050254606,4.0,1.0,-0.2294465439202061,1.33624050254606,4.0,-0.2460417761150986,1.33624050254606,4.0,-0.4171486112481423,1.33624050254606,4.0,-1.331822866915819,1.33624050254606,4.0,-0.0057361635980051,-0.0,-0.0,-0.0,2026-07-30,0.0289070259091941,0.0081397190096348,-0.0034778610512352,0.0510690534486945,-0.0034175868035066,-0.0234062986943932,0.2533003203750442,,0.1064250093889122,-0.0165996785827349,-0.0640242043241588,0.1527522414172998,0.1141281183028147,,0.4753849908725008,-0.0360764899441691,-0.0115760139617154,803,0.2200357406025611,pga_ridge_v2,-2.937710549241051,693,-2.937710549241051,0.71141545397808,1.0,-1.5439588444462418,-0.2620429159244307,-0.0229443117987916,0.0,weekly_pga_core,False,0.0325561251087492,0.0054652501490968,0.0098753078388561,-0.0173981115085601,-0.0,-0.0,0.5058835624606428,2026-07-30 12:10,2026-07-31 07:00
Detroit Golf Club,1,2026-08-02,2026-07-30,524,Rocket Classic,2026-07-28 19:31:06 UTC,no,pga,-14400,0,USA,28635,83.0,67.0,"mccarty, matt",59141,329,45.0,0.0,0.0,0.0,0.0,0.0,0.0,1997-12-11,-2.5,28,3.1287880923554434,0.3427616631843529,-0.5556547619047616,0.9901153040601204,0.7092,pga,2026-07-17,784,0.3427616631843529,0.3899999999999999,0.0499999999999999,-0.18,10.0,0.0,61.0,-2.5785714285714287,6.128571428571429,4.571897519337395,3.0278501845538743,4.0,1.0,-1.305324205497964,3.0278501845538743,4.0,1.9822575260702933,3.0278501845538743,4.0,-0.4436380277296554,3.0278501845538743,4.0,4.982664900464137,3.0278501845538743,4.0,-0.0326331051374491,0.0,-0.0,0.0,2026-07-30,0.058665859353704,0.0042765669351514,-0.0050625352136258,0.0275842815900429,0.0051712234681476,0.0266963225739878,0.1533653870083252,-0.0187728124832194,0.0308386173348595,-0.0111836561034996,-0.0384322331887686,,,0.1269342326795998,0.2457522698363722,-0.0004541418404205,0.0091403592176586,426,-0.0927264922740633,pga_ridge_v2,-2.937710549241051,693,-2.937710549241051,-0.2810241846490078,1.0,-17.847134942908262,0.0351726540608017,-0.0056834827881626,0.0,weekly_pga_core,False,-0.069485461053002,-0.0091087502484947,0.0200416128095904,0.0457189751933739,-0.0,0.0,0.2329186465378397,2026-07-30 12:43,2026-07-31 07:33
Detroit Golf Club,1,2026-08-02,2026-07-30,524,Rocket Classic,2026-07-28 19:31:06 UTC,no,pga,-14400,0,USA,23505,96.0,107.0,"mcgreevy, max",51950,243,116.0,0.0,0.0,0.0,0.0,0.0,0.0,1995-05-03,-0.5,31,2.4461254849778222,0.370347105265868,-0.1806547619047616,0.6531022547857214,0.4873999999999999,pga,2026-07-20,961,0.370347105265868,0.0399999999999999,0.18,0.02,3.0,4.0,61.0,1.4214285714285713,-0.871428571428571,-2.646387471050258,3.1915488319325767,6.0,1.0,-0.7902044590587625,3.1915488319325767,6.0,0.206433604320475,3.1915488319325767,6.0,-1.9697238478063308,3.1915488319325767,6.0,1.2591746948750295,3.1915488319325767,6.0,-0.019755111476469,0.0,-0.0,0.0,2026-07-30,-0.0485061400402249,-0.003919213383074,-0.0073593659931782,0.0333834603452587,-0.0399698211591797,-0.0306411998500515,0.1606647985221743,-0.0123829680353225,0.0554897790012054,-3.3878288842409744e-05,-0.0093653844780007,,,0.0947270393131341,0.2702033422839752,-0.0003048569671133,0.0080668595212031,587,-0.0034236318712631,pga_ridge_v2,-2.937710549241051,693,-2.937710549241051,0.4164072141829383,1.0,-0.7649430439885632,-0.0084552496157098,-0.0266580463044626,0.0,weekly_pga_core,False,0.0098802170728044,-0.0018217500496989,-0.0165708179899453,-0.0264638747105025,-0.0,-0.0,0.2352271166066329,2026-07-30 07:00,2026-07-31 12:10
Detroit Golf Club,1,2026-08-02,2026-07-30,524,Rocket Classic,2026-07-28 19:31:06 UTC,no,pga,-14400,0,USA,28159,54.0,87.0,"meissner, mac",59143,486,72.0,0.0,0.0,0.0,0.0,0.0,0.0,1999-02-08,-2.5,27,2.3,0.7392208177442627,0.5693452380952384,0.7392208177442627,0.5429999999999999,pga,2026-07-20,729,0.7392208177442627,0.4599999999999999,0.2199999999999999,-0.1999999999999999,3.0,1.0,55.0,-1.5785714285714287,-0.871428571428571,-1.7100417875376417,2.6943805091118853,4.0,1.0,-1.1157458822047583,2.6943805091118853,4.0,-0.0603453105471494,2.6943805091118853,4.0,0.0288191826315587,2.6943805091118853,4.0,-0.1326896913057824,2.6943805091118853,4.0,-0.0278936470551189,-0.0,0.0,-0.0,2026-07-30,-0.0645020452554568,0.0052636637693683,-0.0054589209196417,0.0112436219675689,-0.0058737746391386,-0.0696766354336136,0.3355745929757244,,0.0651689500037969,-0.0104471645674328,-0.0431037365110953,0.0747747982143026,0.1185063826082964,,0.5024170530532719,-0.0492124486263197,-0.0218379876978233,387,0.2773810431648327,pga_ridge_v2,-2.937710549241051,693,-2.937710549241051,0.4853798635121901,1.0,-4.264269110768544,0.0,0.0329936666538226,0.0,weekly_pga_core,False,0.0079564596896465,-0.0207892921821265,-0.0397550763893694,-0.0085502089376882,-0.0,0.0,0.4412789352337342,2026-07-30 13:27,2026-07-31 08:17
Detroit Golf Club,1,2026-08-02,2026-07-30,524,Rocket Classic,2026-07-28 19:31:06 UTC,no,pga,-14400,0,USA,21944,166.0,153.0,"moore, taylor",49947,414,95.0,0.0,0.0,0.0,0.0,0.0,0.0,1993-07-28,7.5,33,2.537922663869648,0.0424129818989301,-0.9306547619047616,1.00562633120041,0.727,pga,2026-07-20,1089,0.0424129818989301,-0.51,-0.32,0.02,3.0,1.0,47.0,-1.5785714285714287,-0.871428571428571,11.184303515145746,7.236953882794614,14.0,1.0,-0.3130054060976833,7.236953882794614,14.0,3.370747924896134,7.236953882794614,14.0,4.515035263319134,7.236953882794614,14.0,8.529128884783027,7.236953882794614,14.0,-0.007825135152442,0.0,0.0,0.0,2026-07-30,-0.0338764732558516,0.0015671223283166,0.0084684986705018,-0.0470229713933094,0.0321853935730839,-0.0290745164344445,0.0461875015676593,-0.0190669051032736,-0.1794096600287239,0.0067021781559231,0.0278831141560611,,,0.0707746308010988,-0.0849123599047787,-0.0003296514486355,0.0055226972655144,686,-0.2016012618387448,pga_ridge_v2,-2.937710549241051,693,-2.937710549241051,-0.2183605384543044,1.0,-2.2602693702594374,-0.1239223129114651,-0.0431762652704025,0.0,weekly_pga_core,False,0.0098802170728044,0.0273262507454842,-0.0115729858528929,0.1,-0.0,-0.0,0.040721122060617,2026-07-30 13:38,2026-07-31 08:28
Detroit Golf Club,1,2026-08-02,2026-07-30,524,Rocket Classic,2026-07-28 19:31:06 UTC,no,pga,-14400,0,USA,29770,120.0,133.0,"mouw, william",63121,588,109.0,0.0,0.0,0.0,0.0,0.0,0.0,2000-10-01,-2.5,25,2.7393403711497264,0.2291226140909424,-0.6806547619047616,0.4440618016786576,0.358,pga,2026-07-20,625,0.2291226140909424,0.19,-0.0399999999999999,-0.24,3.0,1.0,49.0,-1.5785714285714287,-0.871428571428571,3.773324295828264,3.0278501845538743,4.0,1.0,2.1127953585092354,3.0278501845538743,4.0,2.5595886305487614,3.0278501845538743,4.0,1.021097955765586,3.0278501845538743,4.0,-0.7208356218281259,3.0278501845538743,4.0,0.0528198839627308,0.0,0.0,-0.0,2026-07-30,0.0094783813457371,-0.0037635331515684,-0.0097385164246545,-0.0002156814563036,-0.0053137122868512,0.0285098246651151,0.0905170971847676,-0.0084195132624349,0.0344626233920214,0.0238440059767068,0.0224888714392735,,,0.0359962749389909,0.2133971897002449,-0.0001239949467869,0.0021429098230434,246,-0.0026886000604026,pga_ridge_v2,-2.937710549241051,693,-2.937710549241051,0.4492421919628217,1.0,-5.638064957575331,0.0,0.0124889151546629,0.0,weekly_pga_core,False,0.0098802170728044,-0.0091087502484947,0.0032380340301094,0.0377332429582826,-0.0,0.0,0.2551399335129467,2026-07-30 07:55,2026-07-31 13:05
Detroit Golf Club,1,2026-08-02,2026-07-30,524,Rocket Classic,2026-07-28 19:31:06 UTC,no,pga,-14400,0,JPN,21074,115.0,100.0,"nakajima, keita",49228,289,118.0,0.0,0.0,0.0,0.0,0.0,0.0,2000-06-24,-6.5,26,2.5686297089295063,0.5204176447241499,0.5693452380952384,0.5204176447241499,0.1085999999999999,pga,2026-07-20,676,0.5204176447241499,0.35,0.2499999999999999,0.22,3.0,4.0,36.0,1.4214285714285713,-0.871428571428571,0.0,0.0,0.0,0.0,0.0,0.0,0.0,0.0,0.0,0.0,0.0,0.0,0.0,0.0,0.0,0.0,0.0,0.0,0.0,0.0,2026-07-30,0.0627550735665028,0.0035302944186062,-0.0059114420741276,0.000444945735983,-0.0063307626017966,0.0710220380878379,0.2532603970971481,,0.0527603093877108,-0.0219475324424272,0.0164848660984518,0.0145650724268455,0.0156448947091071,,0.3440021086094833,-0.0193416077120273,-0.0095467570002409,217,0.0694950417471753,pga_ridge_v2,-2.937710549241051,693,-2.937710549241051,1.094368332876239,1.0,-19.07921452323361,-0.0095766662431183,0.0421224660449154,0.0,weekly_pga_core,False,0.0079564596896465,-0.054052159673529,0.0386783509511391,0.0,-0.0,-0.0,0.3365847595767399,2026-07-30 08:50,2026-07-31 14:00
Detroit Golf Club,1,2026-08-02,2026-07-30,524,Rocket Classic,2026-07-28 19:31:06 UTC,no,pga,-14400,0,DEN,23841,74.0,77.0,"neergaard-petersen, rasmus",52689,777,90.0,0.0,0.0,0.0,0.0,0.0,0.0,1999-07-03,-6.5,27,2.443759955520524,0.5298963047801324,1.6943452380952384,0.8861175863261636,0.8028,pga,2026-07-20,729,0.5298963047801324,0.44,-0.09,0.22,1.0,5.0,59.0,2.421428571428572,-2.871428571428571,0.0,0.0,0.0,0.0,0.0,0.0,0.0,0.0,0.0,0.0,0.0,0.0,0.0,0.0,0.0,0.0,0.0,0.0,0.0,0.0,2026-07-30,-0.0237471305136711,0.002017821482037,-0.0017793862881176,-0.0111683367965038,-0.0620188957400996,0.0492016668290129,0.2387017852050743,-0.0168009919834286,0.1882792636212654,-0.013306858764947,0.0736135449542116,,,0.1039290945606958,0.5832536452083422,-9.98798764805316e-05,0.0034084824693708,218,0.2471414410006849,pga_ridge_v2,-2.937710549241051,693,-2.937710549241051,0.8506714368526065,1.0,7.344840613146125,0.0103670652501013,0.0055292050225803,0.0,weekly_pga_core,False,0.0262171868462123,-0.054052159673529,-0.0146362643829414,0.0,0.0,0.0,0.5407824079980841,2026-07-30 14:11,2026-07-31 09:01
Detroit Golf Club,1,2026-08-02,2026-07-30,524,Rocket Classic,2026-07-28 19:31:06 UTC,no,pga,-14400,0,USA,23475,107.0,75.0,"novak, andrew",51997,285,88.0,0.0,0.0,0.0,0.0,0.0,0.0,1995-03-31,1.5,31,2.6364699065086588,0.2365595275471619,0.6943452380952384,0.9241037530057964,0.7056,pga,2026-07-17,961,0.2365595275471619,-0.38,-0.44,0.01,10.0,0.0,67.0,-2.5785714285714287,6.128571428571429,-2.6171021736325577,4.0432479542687965,8.0,1.0,-2.7836274370207303,4.0432479542687965,8.0,0.7671615840179299,4.0432479542687965,8.0,-1.4222666335012408,4.0432479542687965,8.0,0.3900226160438897,4.0432479542687965,8.0,-0.0695906859255182,0.0,-0.0,0.0,2026-07-30,-0.0648892738878222,-0.0061168914895727,-0.0060792265162444,-0.0117636963372144,0.0081595605105442,-0.0490890200553347,0.1304352701685893,-0.0175212183864635,-0.0338530022498156,0.0284150321110502,0.0456036944801558,,,0.0993280669369149,0.2292635582792505,-0.0003083245280972,0.0046968920998486,682,-0.0517385002536683,pga_ridge_v2,-2.937710549241051,693,-2.937710549241051,-0.075509522436931,1.0,-12.291179003940076,-0.1074351847285792,-0.027532852352932,0.0,weekly_pga_core,False,-0.069485461053002,0.0054652501490968,-0.0221676749830664,-0.0261710217363255,-0.0,-0.0,0.1169046506559532,2026-07-30 07:44,2026-07-31 12:54
Detroit Golf Club,1,2026-08-02,2026-07-30,524,Rocket Classic,2026-07-28 19:31:06 UTC,no,pga,-14400,0,SWE,25475,269.0,257.0,"nyholm, pontus",55851,237,130.0,0.0,0.0,0.0,0.0,0.0,0.0,1998-02-10,-6.5,28,2.559969551425778,-0.5979346501927673,-0.3056547619047616,0.0707618438042889,-0.211,pga,2026-07-20,784,-0.5979346501927673,-0.21,-0.15,0.4,1.0,5.0,47.0,2.421428571428572,-2.871428571428571,0.0,0.0,0.0,0.0,0.0,0.0,0.0,0.0,0.0,0.0,0.0,0.0,0.0,0.0,0.0,0.0,0.0,0.0,0.0,0.0,2026-07-30,-0.0195347369943013,-4.073724844434137e-05,0.0095172413417965,-0.0668748467283493,0.0243615099590578,0.0135020956816378,-0.2692754556936151,-0.001341660733106,-0.066737303609906,-0.0059241455214964,0.0063706490174932,,,-0.1544050740804087,-0.5005440181988355,0.0007262733533559,-0.0050124400573129,382,-0.7367842377336136,pga_ridge_v2,-2.937710549241051,693,-2.937710549241051,-0.607113147789138,1.0,0.0,0.0,-0.0049448608738394,0.0,weekly_pga_core,False,0.0325561251087492,-0.0236827506460863,-0.0066735174339903,0.0,0.0,0.0,-0.498344161170163,2026-07-30 08:50,2026-07-31 14:00
Detroit Golf Club,1,2026-08-02,2026-07-30,524,Rocket Classic,2026-07-28 19:31:06 UTC,no,pga,-14400,0,DEN,13412,165.0,158.0,"olesen, thorbjorn",33968,155,172.0,0.0,0.0,0.0,0.0,0.0,0.0,1989-12-21,-0.5,36,2.979463591113684,-0.0864403630100359,-0.9306547619047616,0.9006884651156186,0.6564,pga,2026-07-20,1296,-0.0864403630100359,-0.36,-0.33,-0.19,3.0,1.0,37.0,-1.5785714285714287,-0.871428571428571,-3.899089378088232,4.209349222650351,6.0,1.0,-1.851144308764896,4.209349222650351,6.0,-3.38577081543813,4.209349222650351,6.0,0.8529343404150431,4.209349222650351,6.0,-0.97757691454744,4.209349222650351,6.0,-0.0462786077191223,-0.0,0.0,-0.0,2026-07-30,0.0296214450306955,-0.0031942328428026,-0.0025454902006268,-0.006368241559091,0.0276253888961894,0.0141040207370267,-0.0148517824043807,-0.0170772591758541,-0.2349438032544621,0.0175601579111594,-0.0130437270775904,,,0.0608959538441576,-0.2888541517296097,0.0001183518002812,-0.0063967113413804,688,-0.6564659101991653,pga_ridge_v2,-2.937710549241051,693,-2.937710549241051,-0.9877975849682128,1.0,-17.42361784656058,0.0643090105564525,-0.0811153320315403,0.0,weekly_pga_core,False,0.0098802170728044,-0.0018217500496989,0.0101193699147319,-0.0389908937808823,-0.0,0.0,-0.3096672085726545,2026-07-30 12:32,2026-07-31 07:22
Detroit Golf Club,1,2026-08-02,2026-07-30,524,Rocket Classic,2026-07-28 19:31:06 UTC,no,pga,-14400,0,ENG,13764,104.0,91.0,"parry, john",28723,278,85.0,0.0,0.0,0.0,0.0,0.0,0.0,1986-11-17,-6.5,39,2.582375554057057,0.2000830430314965,0.4443452380952384,0.7246522690122577,0.5066,pga,2026-07-20,1521,0.2000830430314965,0.3,0.19,0.2299999999999999,1.0,4.0,59.0,1.4214285714285713,-2.871428571428571,0.0,0.0,0.0,0.0,0.0,0.0,0.0,0.0,0.0,0.0,0.0,0.0,0.0,0.0,0.0,0.0,0.0,0.0,0.0,0.0,2026-07-30,-0.0628631043432675,-0.0061941757422435,-0.0135091359684067,0.0301814474100464,-0.0450776132151628,-0.0282636268275008,0.0815195406213065,-0.0137395726597925,0.1390211981157003,0.0237924277346877,-0.028644219800468,,,0.0170508670763641,0.1044303253942596,-8.777334084015015e-05,0.0032424968984788,302,-0.1870206243125078,pga_ridge_v2,-2.937710549241051,693,-2.937710549241051,-0.1783766873228653,1.0,16.644310412379923,0.0442735380566352,-0.1177246392511772,0.0,weekly_pga_core,False,0.0325561251087492,-0.0236827506460863,-0.0214754886596083,0.0,0.0,0.0,0.0918282111973141,2026-07-30 14:11,2026-07-31 09:01
Detroit Golf Club,1,2026-08-02,2026-07-30,524,Rocket Classic,2026-07-28 19:31:06 UTC,no,pga,-14400,0,FRA,19960,225.0,290.0,"pavon, matthieu",48153,132,123.0,0.0,0.0,0.0,0.0,0.0,0.0,1992-11-02,-6.5,33,2.3,-0.319156197357721,-0.8056547619047616,1.0138664623257545,0.6232,pga,2026-07-20,1089,-0.319156197357721,-0.2199999999999999,-0.51,0.25,3.0,1.0,45.0,-1.5785714285714287,-0.871428571428571,0.0,0.0,0.0,0.0,0.0,0.0,0.0,0.0,0.0,0.0,0.0,0.0,0.0,0.0,0.0,0.0,0.0,0.0,0.0,0.0,2026-07-30,-0.0196324607391619,-8.356530415851573e-05,0.0079208729991835,-0.0004684754567049,-0.0310165858268829,0.0040152928494009,-0.1491798554672991,-0.01922313987292,-0.1463953476065082,0.0440299877994532,0.0514195737915963,,,-0.0832244702536821,-0.3545477049527467,8.360788312854738e-05,-0.0020167066642554,779,-0.363988444850838,pga_ridge_v2,-2.937710549241051,693,-2.937710549241051,-0.7281573291529245,1.0,0.1812339206540154,-0.0225505983613456,-0.0500413545622598,0.0,weekly_pga_core,False,0.0098802170728044,-0.0236827506460863,-0.0067069021227748,0.0,0.0,-0.0,-0.3750571406488033,2026-07-30 12:21,2026-07-31 07:11
Detroit Golf Club,1,2026-08-02,2026-07-30,524,Rocket Classic,2026-07-28 19:31:06 UTC,no,pga,-14400,0,CAN,17780,138.0,92.0,"pendrith, taylor",40250,402,82.0,0.0,0.0,0.0,0.0,0.0,0.0,1991-05-30,5.5,35,2.707786382174801,0.2919080458735038,0.4443452380952384,1.264999744034429,1.084,pga,2026-07-20,1225,0.2919080458735038,0.1699999999999999,-0.12,0.0799999999999999,3.0,5.0,65.0,2.421428571428572,-0.871428571428571,3.101659767084838,5.724072411779206,12.0,1.0,1.2402421379980564,5.724072411779206,12.0,4.135179946328233,5.724072411779206,12.0,-0.4929340801273011,5.724072411779206,12.0,-3.2058171024285125,5.724072411779206,12.0,0.0310060534499514,0.0,-0.0,-0.0,2026-07-30,-0.0039645491290158,-0.0017333627128378,0.0001024624370925,-0.0548296208025912,0.0564780822073321,-0.0039821102580115,0.1403038815724477,-0.0239846842975744,-0.1486633484059794,0.007789166933767,-0.0021860348989877,,,0.09783949917628,0.0050445223196338,0.0002017793148753,-0.0006712405121891,576,-0.4560195249860375,pga_ridge_v2,-2.937710549241051,693,-2.937710549241051,-0.4580807110259668,1.0,12.424028035140845,0.0372979454991652,-0.0655844965630055,0.0,weekly_pga_core,False,0.0098802170728044,0.0200392505466884,-0.0013543815684908,0.0310165976708483,0.0,0.0,0.0646262060414842,2026-07-30 13:16,2026-07-31 08:06
Detroit Golf Club,1,2026-08-02,2026-07-30,524,Rocket Classic,2026-07-28 19:31:06 UTC,no,pga,-14400,0,ENG,22465,106.0,51.0,"penge, marco",51003,681,107.0,0.0,0.0,0.0,0.0,0.0,0.0,1998-05-15,-6.5,28,2.898799678834492,0.1865430187716964,1.4443452380952384,0.682908463993312,0.5732,pga,2026-07-19,784,0.1865430187716964,0.7,0.16,0.27,8.0,0.0,45.0,-2.5785714285714287,4.128571428571429,0.0,0.0,0.0,0.0,0.0,0.0,0.0,0.0,0.0,0.0,0.0,0.0,0.0,0.0,0.0,0.0,0.0,0.0,0.0,0.0,2026-07-30,0.0050652615693248,-0.0015478993163085,0.0089436577411109,-0.0979671983658856,0.0438507941687768,0.0517859073416312,0.0588937818451179,-0.012948100574932,0.1450997561802992,0.0019906321420906,0.0235816251204135,,,0.03734951835775,0.2522418742908417,0.0001362592577359,0.0008976602341577,245,-0.2228588027867995,pga_ridge_v2,-2.937710549241051,693,-2.937710549241051,-0.1366993042889886,1.0,-0.6382610836856397,0.0963412117938384,-0.0027592582717915,0.0,weekly_pga_core,False,-0.0468095530170573,-0.0236827506460863,0.0017304103659277,0.0,-0.0,0.0,0.1834799809936257,2026-07-30 13:49,2026-07-31 08:39
Detroit Golf Club,1,2026-08-02,2026-07-30,524,Rocket Classic,2026-07-28 19:31:06 UTC,no,pga,-14400,0,USA,27164,145.0,132.0,"phillips, chandler",57900,678,86.0,0.0,0.0,0.0,0.0,0.0,0.0,1996-12-02,3.5,29,3.0195521701632484,-0.0208906085255047,1.5693452380952384,0.3290862340317609,0.1484,pga,2026-07-20,841,-0.0208906085255047,0.14,-0.1999999999999999,0.0999999999999999,1.0,2.0,47.0,-0.5785714285714287,-2.871428571428571,4.312798286917318,5.863322410843324,10.0,1.0,2.0552523318863765,5.392430777905501,8.0,-4.5405129641585615,5.392430777905501,8.0,-1.0250075311083318,5.392430777905501,8.0,6.209350999471261,5.392430777905501,8.0,0.0513813082971594,-0.0,-0.0,0.0,2026-07-30,-0.0366602845063396,0.0037462981577177,0.0111726150639079,0.0207706624917639,-0.0084594970164428,-0.0638903632032864,0.0293190019038489,-0.0062395502190035,0.2430244084089709,-0.018335783654793,-0.0019050043990521,,,-0.0626551702885444,0.1647631743156261,0.0002573735872237,-0.0053549869665179,347,-0.165677134656003,pga_ridge_v2,-2.937710549241051,693,-2.937710549241051,0.8776195327840464,1.0,-2.683566512586903,0.0,-0.0133471140565062,0.0,weekly_pga_core,False,0.0325561251087492,0.0127522503478926,-0.0125240000855641,0.0431279828691731,-0.0,0.0,0.2406755325558769,2026-07-30 07:22,2026-07-31 12:32
Detroit Golf Club,1,2026-08-02,2026-07-30,524,Rocket Classic,2026-07-28 19:31:06 UTC,no,pga,-14400,0,RSA,27900,141.0,88.0,"potgieter, aldrich",63343,941,64.0,0.0,0.0,0.0,0.0,0.0,0.0,2004-09-13,-0.5,21,3.2,0.1334667636491182,2.1943452380952384,0.2707935243220974,-0.095,pga,2026-07-20,441,0.1334667636491182,-0.1,0.0199999999999999,0.1699999999999999,3.0,4.0,53.0,1.4214285714285713,-0.871428571428571,7.830204717467549,3.957228773715701,6.0,1.0,2.494764511679937,3.957228773715701,6.0,1.3724783734904025,3.957228773715701,6.0,2.719682656277853,3.957228773715701,6.0,1.2407950207490424,3.957228773715701,6.0,0.0623691127919984,0.0,0.0,0.0,2026-07-30,0.0590688545894339,0.0011062104516819,0.0016479281091569,-0.093538959571072,0.0792385731606063,0.0706151024390608,0.0506652727656086,-0.0051343071184971,-0.0012871971485612,-0.0171940629624776,0.043305947456764,,,0.0479048170240707,0.1514658692239934,-0.0001340560022225,0.0006872371673383,227,-0.1502925962517999,pga_ridge_v2,-2.937710549241051,693,-2.937710549241051,0.645254794155133,1.0,-14.386831331850068,-0.0582980152643676,0.0326522180419702,0.0,weekly_pga_core,False,0.0098802170728044,-0.0018217500496989,0.0201792852918072,0.0783020471746754,-0.0,-0.0,0.2580056687135817,2026-07-30 07:55,2026-07-31 13:05
Detroit Golf Club,1,2026-08-02,2026-07-30,524,Rocket Classic,2026-07-28 19:31:06 UTC,no,pga,-14400,0,IRL,10104,124.0,184.0,"power, seamus",28252,354,104.0,0.0,0.0,0.0,0.0,0.0,0.0,1987-03-04,5.5,39,2.7581632531499505,-0.0532065427653963,-0.0556547619047615,1.2057365993310496,1.0026,pga,2026-07-20,1521,-0.0532065427653963,0.31,0.3399999999999999,0.09,1.0,3.0,46.0,0.4214285714285712,-2.871428571428571,-2.5093822686428595,3.629851733796934,10.0,1.0,-0.6430054821058848,2.6875056694988784,6.0,-0.130405783743194,2.6875056694988784,6.0,-1.049707115210572,2.6875056694988784,6.0,-1.2206845857051043,2.6875056694988784,6.0,-0.0160751370526471,-0.0,-0.0,-0.0,2026-07-30,-0.0140359832532073,0.0036532228685608,0.0057047424516596,0.0177453984589605,-0.0014291139113015,-0.0397102331210866,0.0213755833595509,-0.0228610415277674,0.1610982769133375,-0.0287546850548068,-0.0355155130501473,,,-0.0014885677606349,-0.0199394865097471,-0.0002815800265567,0.0016308314161795,719,-0.1323304773328113,pga_ridge_v2,-2.937710549241051,693,-2.937710549241051,0.427567458302744,1.0,-0.2446709496654699,-0.0571161930514895,-0.1151427907789017,0.0,weekly_pga_core,False,0.0325561251087492,0.0200392505466884,-0.0047950161279776,-0.0250938226864285,-0.0,-0.0,0.0027670503312843,2026-07-30 07:11,2026-07-31 12:21
Detroit Golf Club,1,2026-08-02,2026-07-30,524,Rocket Classic,2026-07-28 19:31:06 UTC,no,pga,-14400,0,USA,14704,110.0,96.0,"putnam, andrew",34256,274,71.0,0.0,0.0,0.0,0.0,0.0,0.0,1989-01-25,1.5,37,2.486087934886734,0.2893772621854678,-0.4306547619047616,0.9700220876922304,0.8128,pga,2026-07-20,1369,0.2893772621854678,0.01,-0.18,0.15,3.0,1.0,61.0,-1.5785714285714287,-0.871428571428571,4.1626725575204375,4.085693548282416,8.0,1.0,-2.8339970408328607,4.085693548282416,8.0,-1.450328145542243,4.085693548282416,8.0,1.1932506933520604,4.085693548282416,8.0,5.919162190084094,4.085693548282416,8.0,-0.0708499260208215,-0.0,0.0,0.0,2026-07-30,-0.01442867730907,0.0063439970784017,-0.0069105230169171,0.1176255631170464,-0.0308006352813863,-0.1006870792062147,0.1409304590402589,-0.0190631070441489,-0.1302059828370288,-0.019123086156612,-0.0973854706558132,,,0.105011689295703,-0.100188724595297,-0.0006333579778064,0.0119016114680704,772,-0.2309808435329293,pga_ridge_v2,-2.937710549241051,693,-2.937710549241051,-0.1914560582010692,1.0,2.210052077364124,0.0171111794829886,-0.09162147972792,0.0,weekly_pga_core,False,0.0098802170728044,0.0054652501490968,-0.0049291694891817,0.0416267255752043,0.0,0.0,-0.048145701287373,2026-07-30 12:32,2026-07-31 07:22
Detroit Golf Club,1,2026-08-02,2026-07-30,524,Rocket Classic,2026-07-28 19:31:06 UTC,no,pga,-14400,0,PHI,15981,0.0,0.0,"quiban, justin",36327,63,0.0,0.0,0.0,0.0,0.0,0.0,0.0,1995-01-01,-6.5,31,2.3,-3.5922500000000004,4.440892098500626e-16,0.0,0.0,0,,961,-3.5922500000000004,0.0,0.0,0.0,3.871428571428571,0.0,0.0,0.0,4.440892098500626e-16,0.0,0.0,0.0,0.0,0.0,0.0,0.0,0.0,0.0,0.0,0.0,0.0,0.0,0.0,0.0,0.0,0.0,0.0,0.0,0.0,2026-07-30,-0.0122703238093351,0.0,-0.0,-0.0,-0.0122703238093351,-0.0,,,,,,,,,0.0,,,4,-3.0686184393928406,tour_prior_shrunk_partial,-2.937710549241051,693,-2.937710549241051,-3.59225,0.2,0.0,0.0,,-3.0686184393928406,tour_prior_shrunk_partial,True,0.0,0.0,0.0,0.0,0.0,0.0,-3.0686184393928406,2026-07-30 14:11,2026-07-31 09:01
Detroit Golf Club,1,2026-08-02,2026-07-30,524,Rocket Classic,2026-07-28 19:31:06 UTC,no,pga,-14400,0,USA,19840,223.0,186.0,"ramey, chad",47983,98,129.0,0.0,0.0,0.0,0.0,0.0,0.0,1992-08-03,5.5,34,2.3,-0.3380127045572884,0.0693452380952384,0.742155096725174,0.6002000000000001,pga,2026-07-20,1156,-0.3380127045572884,0.16,-0.08,-0.03,3.0,4.0,53.0,1.4214285714285713,-0.871428571428571,6.494502249080703,6.818603739953801,12.0,1.0,1.2111266140287675,6.818603739953801,12.0,3.6479804468726265,6.818603739953801,12.0,0.961257750714325,6.818603739953801,12.0,1.9928915364875648,6.818603739953801,12.0,0.0302781653507191,0.0,0.0,0.0,2026-07-30,0.0222944508239001,0.0025728209080476,0.0135933527981765,0.0026427931784232,0.007851976435647,-0.0043664924963943,-0.1765762710089678,-0.0140714302739848,-0.1603395765089595,0.0092793643050126,-0.0203493356471298,,,-0.0836304432793099,-0.4998164051543743,0.0001780900565213,-0.0022585994405267,716,-0.6457988335992557,pga_ridge_v2,-2.937710549241051,693,-2.937710549241051,-1.0280944972592794,1.0,-4.960294889666716,0.0,-0.0520482033570296,0.0,weekly_pga_core,False,0.0098802170728044,0.0200392505466884,0.0076162994310054,0.064945022490807,-0.0,0.0,-0.3973356156130689,2026-07-30 12:10,2026-07-31 07:00
Detroit Golf Club,1,2026-08-02,2026-07-30,524,Rocket Classic,2026-07-28 19:31:06 UTC,no,pga,-14400,0,USA,19872,457.0,180.0,"riley, davis",47995,157,146.0,0.0,0.0,0.0,0.0,0.0,0.0,1996-12-17,7.5,29,3.2,-1.0359455483976223,-0.8056547619047616,0.9715258950271092,0.5726,pga,2026-07-20,841,-1.0359455483976223,-0.05,-0.13,0.0599999999999999,3.0,4.0,49.0,1.4214285714285713,-0.871428571428571,-4.025802543319092,8.00168529520895,14.0,1.0,-0.1232750548214679,8.00168529520895,14.0,-5.433235988604918,8.00168529520895,14.0,2.47872871388393,8.00168529520895,14.0,1.532931957401194,8.00168529520895,14.0,-0.0030818763705366,-0.0,0.0,0.0,2026-07-30,0.1246039302558161,0.0032860663872008,0.0098680219951946,-0.0169087669323363,0.0531202639424902,0.0752383448632667,-0.5351044629055552,-0.0184203530388299,-0.1720992637576907,-0.0225083104151363,-0.0636486073753293,,,-0.2990667955457523,-1.152744596182624,0.0017727935596395,-0.0303224826474633,632,-1.547182033994015,pga_ridge_v2,-2.937710549241051,693,-2.937710549241051,-1.023114347696945,1.0,-7.969860314503189,-0.08801965914815,-0.0133471140565062,0.0,weekly_pga_core,False,0.0098802170728044,0.0273262507454842,0.0425675810812546,-0.0402580254331909,-0.0,-0.0,-1.1132285727162716,2026-07-30 07:44,2026-07-31 12:54
Detroit Golf Club,1,2026-08-02,2026-07-30,524,Rocket Classic,2026-07-28 19:31:06 UTC,no,pga,-14400,0,USA,16283,189.0,97.0,"rodgers, patrick",36699,185,63.0,0.0,0.0,0.0,0.0,0.0,0.0,1992-06-30,11.5,34,2.8269128284513925,-0.020564495012362,-0.1806547619047616,0.8274674039069612,0.6567999999999999,pga,2026-07-20,1156,-0.020564495012362,-0.35,-0.23,0.0199999999999999,3.0,1.0,65.0,-1.5785714285714287,-0.871428571428571,-3.1899320300573453,7.493958400028031,18.0,1.0,3.7434507738189216,7.493958400028031,18.0,-0.991532861822158,7.493958400028031,18.0,-3.223487094167214,7.493958400028031,18.0,-0.9465987071695192,7.493958400028031,18.0,0.093586269345473,-0.0,-0.0,-0.0,2026-07-30,0.0533713367957761,0.0054824328039681,0.0078334632371797,-0.0179531181048864,0.043318616821267,0.0146899420382475,-0.018747405341259,-0.0156889711186391,-0.2726258986944922,-0.0016920165849206,-0.0236056623854998,,,0.0334251124433487,-0.3520848403194979,0.0002177217878255,0.0007075071532189,869,-0.7278615864604496,pga_ridge_v2,-2.937710549241051,693,-2.937710549241051,-0.9323753436321665,1.0,-15.121359288710895,-0.0378595132855187,-0.0540752275790803,0.0,weekly_pga_core,False,0.0098802170728044,0.0419002511430757,0.0182328815937417,-0.0318993203005734,-0.0,-0.0,-0.3139708108104493,2026-07-30 12:21,2026-07-31 07:11
Detroit Golf Club,1,2026-08-02,2026-07-30,524,Rocket Classic,2026-07-28 19:31:06 UTC,no,pga,-14400,0,USA,18424,162.0,121.0,"roy, kevin",39335,377,94.0,0.0,0.0,0.0,0.0,0.0,0.0,1993-05-20,-0.5,33,2.9077794206158383,0.0078213609594614,-1.1806547619047616,0.6591097622850605,0.3468,pga,2026-07-20,1089,0.0078213609594614,-0.02,-0.36,0.05,1.0,5.0,57.0,2.421428571428572,-2.871428571428571,5.632489048468301,3.957228773715701,6.0,1.0,0.6584290223858174,3.957228773715701,6.0,5.147298810900958,3.957228773715701,6.0,0.1056954661778352,3.957228773715701,6.0,-0.7204527208631847,3.957228773715701,6.0,0.0164607255596454,0.0,0.0,-0.0,2026-07-30,-0.0557488627330837,-0.0013639123918721,0.006928799665676,-0.004917297701813,-0.0134870026530154,-0.042909449652059,0.0094903676392122,-0.012496871750692,0.0079319630830933,0.0234054929480671,0.0207284228910268,,,-0.0449276815028007,-0.0755923134732149,0.0001932678491188,-0.0010811596617623,565,-0.3298150388895994,pga_ridge_v2,-2.937710549241051,693,-2.937710549241051,-0.2296854228368011,1.0,-2.9119030985566434,0.0,-0.0788361149684782,0.0,weekly_pga_core,False,0.0325561251087492,-0.0018217500496989,-0.0190450993777341,0.056324890484683,-0.0,0.0,-0.0075781473072158,2026-07-30 12:10,2026-07-31 07:00
Detroit Golf Club,1,2026-08-02,2026-07-30,524,Rocket Classic,2026-07-28 19:31:06 UTC,no,pga,-14400,0,COL,16591,0.0,0.0,"rozo, marcelo",37076,80,204.0,0.0,0.0,0.0,0.0,0.0,0.0,1989-11-06,-6.5,36,2.3,-1.4091790697335345,-0.8056547619047616,-0.4701292353989504,-0.6542,pga,2026-07-20,1296,-1.4091790697335345,-0.5899999999999999,0.1700000000000001,-0.04,3.0,4.0,37.0,1.4214285714285713,-0.871428571428571,0.0,0.0,0.0,0.0,0.0,0.0,0.0,0.0,0.0,0.0,0.0,0.0,0.0,0.0,0.0,0.0,0.0,0.0,0.0,0.0,2026-07-30,0.0309459817204972,-0.016312035980079,0.0036861877432628,0.0350408666644111,-0.0789358605332427,0.087466823826145,-0.6402500403612937,0.0089137577642047,-0.2908117015928275,0.0459818677113429,0.0453900451910188,,,-0.3178768790665031,-1.2618210850805731,0.0016641132810975,-0.0302602614553283,448,-1.4880569480268273,pga_ridge_v2,-2.937710549241051,693,-2.937710549241051,-1.5332790246523722,1.0,-0.5052772405618418,0.0,-0.0845719865522847,0.0,weekly_pga_core,False,0.0098802170728044,-0.0236827506460863,0.0105718622464141,0.0,-0.0,0.0,-1.2650517564074408,2026-07-30 14:11,2026-07-31 09:01
Detroit Golf Club,1,2026-08-02,2026-07-30,524,Rocket Classic,2026-07-28 19:31:06 UTC,no,pga,-14400,0,AUS,17169,0.0,0.0,"ruffels, ryan",39251,248,0.0,0.0,0.0,0.0,0.0,0.0,0.0,1998-04-29,-6.5,28,2.7,-2.737728402609512,0.1110119047619049,0.0802625366414437,-0.4396,pga,2024-08-04,784,-2.737728402609512,-0.1399999999999996,0.0,0.0,30.0,0.0,5.0,-2.5785714285714287,26.12857142857143,0.0,0.0,0.0,0.0,0.0,0.0,0.0,0.0,0.0,0.0,0.0,0.0,0.0,0.0,0.0,0.0,0.0,0.0,0.0,0.0,2026-07-30,0.2279723294279517,-0.0049074284639554,0.0047689254015796,-0.0677266351033285,0.1272877658573508,0.1685497017363052,-1.3191229555696045,-0.0015212600131701,-0.2513590591985123,-0.0605441322707621,0.0022044543501415,,,-0.7524033408300371,-2.4117438413971044,0.0023391231823289,-0.029295859262739,170,-2.206017492028557,pga_ridge_v2,-2.937710549241051,693,-2.937710549241051,-2.3852290246523724,1.0,0.0,0.0,-0.0020408117847492,0.0,weekly_pga_core,False,-0.2962445414124494,-0.0236827506460863,0.0778806141771268,0.0,0.0,0.0,-2.653790519278513,2026-07-30 09:01,2026-07-31 14:11
Detroit Golf Club,1,2026-08-02,2026-07-30,524,Rocket Classic,2026-07-28 19:31:06 UTC,no,pga,-14400,0,FRA,14792,248.0,139.0,"saddier, adrien",34371,112,184.0,0.0,0.0,0.0,0.0,0.0,0.0,1992-05-15,-6.5,34,2.3,-0.3942333301564704,0.9443452380952384,0.5432222784587197,0.146,pga,2026-07-17,1156,-0.3942333301564704,-0.32,-0.0399999999999999,-0.39,10.0,0.0,41.0,-2.5785714285714287,6.128571428571429,0.0,0.0,0.0,0.0,0.0,0.0,0.0,0.0,0.0,0.0,0.0,0.0,0.0,0.0,0.0,0.0,0.0,0.0,0.0,0.0,2026-07-30,0.0675075475669842,-0.000744690405052,0.0045813632587684,0.0064518514810194,0.0122168422529232,0.0450021809793252,-0.1783851238766623,-0.0102996185680547,-0.1331939734673846,0.0129294413895092,-0.0256552506100754,,,-0.0979748235181559,-0.500588459150237,0.000605491640577,-0.0135182966646541,545,-0.8938852041026766,pga_ridge_v2,-2.937710549241051,693,-2.937710549241051,-0.7349100668499859,1.0,-8.820811767625093,-0.0327523020254653,-0.055096305475336,0.0,weekly_pga_core,False,-0.069485461053002,-0.0236827506460863,0.0230621377572488,0.0,-0.0,-0.0,-0.5706945330920765,2026-07-30 14:11,2026-07-31 09:01
Detroit Golf Club,1,2026-08-02,2026-07-30,524,Rocket Classic,2026-07-28 19:31:06 UTC,no,pga,-14400,0,USA,30814,0.0,345.0,"sargent, gordon",64442,309,131.0,0.0,0.0,0.0,0.0,0.0,0.0,2003-06-01,-0.5,23,3.2,-1.1220399375676282,0.4443452380952384,-0.8157845387089503,-0.984,pga,2026-07-20,529,-1.1220399375676282,1.17,-0.04,0.22,3.0,4.0,33.0,1.4214285714285713,-0.871428571428571,1.3331964889513352,3.957228773715701,6.0,1.0,-3.7003814643228106,3.0278501845538743,4.0,-2.784852508639992,3.0278501845538743,4.0,2.7996268725283,3.0278501845538743,4.0,7.887972942874756,3.0278501845538743,4.0,-0.0925095366080702,-0.0,0.0,0.0,2026-07-30,-0.0663556601629551,-0.0010433154744385,0.039010948062853,-0.0799272760114186,-0.0049966484813434,-0.0193993682586075,-0.5816549512629229,0.0154674613240428,-0.0249460074530235,-0.0041751624141662,0.0354684716925507,,,-0.3387168277153926,-0.9332883689140876,0.0012079118796216,-0.0185711906433609,84,-1.1619509936079526,pga_ridge_v2,-2.937710549241051,693,-2.937710549241051,-1.0676776811661646,1.0,0.0,0.0,-0.0173680743214365,0.0,weekly_pga_core,False,0.0098802170728044,-0.0018217500496989,-0.0226686264099998,0.0133319648895133,0.0,0.0,-0.9345665634114686,2026-07-30 08:39,2026-07-31 13:49
Detroit Golf Club,1,2026-08-02,2026-07-30,524,Rocket Classic,2026-07-28 19:31:06 UTC,no,pga,-14400,0,USA,19895,15.0,15.0,"schauffele, xander",48081,1341,15.0,0.0,0.0,0.0,0.0,0.0,0.0,1993-10-25,-6.5,32,2.5023941902134035,1.335022547690876,0.3193452380952384,2.7028399433641166,2.5696,pga,2026-07-19,1024,1.335022547690876,-0.25,-0.37,0.0499999999999999,8.0,0.0,61.0,-2.5785714285714287,4.128571428571429,0.0,0.0,0.0,0.0,0.0,0.0,0.0,0.0,0.0,0.0,0.0,0.0,0.0,0.0,0.0,0.0,0.0,0.0,0.0,0.0,2026-07-30,-0.0830893684206686,0.0036929367915457,-0.0118672079649831,-0.0371609314865875,0.0044080887086006,-0.0421622544692444,0.6658375990901424,,0.0661100614153317,-0.0019094562719949,0.1194891787352957,0.3578050679543242,0.3758144399815376,,1.4146971457028896,-0.1052096959108441,-0.0469107314223666,743,1.076314108661217,pga_ridge_v2,-2.937710549241051,693,-2.937710549241051,1.1881609643248987,1.0,74.04498882391742,0.1369975796249526,-0.016329317868536,0.0,weekly_pga_core,False,-0.037695358201768,-0.054052159673529,-0.0512111542452011,0.0,0.0,0.0,1.2717384735823911,2026-07-30 07:44,2026-07-31 12:54
Detroit Golf Club,1,2026-08-02,2026-07-30,524,Rocket Classic,2026-07-28 19:31:06 UTC,no,pga,-14400,0,USA,19477,480.0,190.0,"schenk, adam",47347,142,158.0,0.0,0.0,0.0,0.0,0.0,0.0,1992-01-26,15.5,34,3.2,-1.1939381722106543,-0.4306547619047616,0.9011626289131348,0.6742,pga,2026-07-20,1156,-1.1939381722106543,-0.1600000000000001,-0.2799999999999999,0.0299999999999999,3.0,1.0,47.0,-1.5785714285714287,-0.871428571428571,1.244022919771992,7.42060528919686,18.0,1.0,2.303874469265561,7.42060528919686,18.0,2.0661345122181407,7.42060528919686,18.0,0.3936069648445679,7.42060528919686,18.0,0.0103481398793547,7.42060528919686,18.0,0.057596861731639,0.0,0.0,0.0,2026-07-30,0.0739455805424688,-0.005108575966089,0.0089261042954953,0.003644719309238,0.0151431581667718,0.0513401747370527,-0.5669673300164944,-0.0170862494298382,-0.2131848199148301,0.0126822108931524,-0.0381033733965964,,,-0.2784974955806145,-1.1826258117288977,0.0017312389813619,-0.0250101909600139,835,-1.5118357246846612,pga_ridge_v2,-2.937710549241051,693,-2.937710549241051,-1.5759741846490076,1.0,-5.800470024109817,-0.0740446982939644,-0.0581898023050245,0.0,weekly_pga_core,False,0.0098802170728044,0.0564742515406673,0.0252615185482487,0.0124402291977199,-0.0,-0.0,-1.0785695953694572,2026-07-30 08:06,2026-07-31 13:16
Detroit Golf Club,1,2026-08-02,2026-07-30,524,Rocket Classic,2026-07-28 19:31:06 UTC,no,pga,-14400,0,GER,20722,131.0,84.0,"schmid, matthias",48867,320,65.0,0.0,0.0,0.0,0.0,0.0,0.0,1997-11-18,-0.5,28,2.6257347742251334,0.0915137748557746,0.0693452380952384,0.5004814753090094,0.249,pga,2026-07-20,784,0.0915137748557746,0.49,0.21,-0.13,1.0,2.0,59.0,-0.5785714285714287,-2.871428571428571,-0.2413152713495109,3.2939591825134547,6.0,1.0,-1.1970936530382028,3.2939591825134547,6.0,-0.9163522995553686,3.2939591825134547,6.0,3.3794377195255505,3.2939591825134547,6.0,0.8093166590615071,3.2939591825134547,6.0,-0.029927341325955,-0.0,0.0,0.0,2026-07-30,0.041683430865501,-0.0007949116088149,0.0005510305779709,-0.0290318977084485,0.0423254191968979,0.0286337904078957,0.0248957308324212,-0.0094892431707434,0.047122194486324,-0.0050401204296304,0.0020212627332403,,,-0.0055482980169121,0.0471624797514732,-0.0001701248563833,-0.0009454390386802,507,-0.1628318060740263,pga_ridge_v2,-2.937710549241051,693,-2.937710549241051,0.1706220646808384,1.0,-7.115223083673671,-0.0537398469484943,-0.0056834827881626,0.0,weekly_pga_core,False,0.0325561251087492,-0.0018217500496989,0.0142400229227863,-0.0024131527134951,-0.0,-0.0,0.0897237250198146,2026-07-30 13:38,2026-07-31 08:28
Detroit Golf Club,1,2026-08-02,2026-07-30,524,Rocket Classic,2026-07-28 19:31:06 UTC,no,pga,-14400,0,USA,32055,246.0,204.0,"shipley, neal",63807,312,187.0,0.0,0.0,0.0,0.0,0.0,0.0,2001-06-06,-2.5,25,2.3,-0.3458887874808109,0.4443452380952384,0.5596358031246019,0.437,pga,2026-07-20,625,-0.3458887874808109,-0.0499999999999999,-0.17,-0.03,1.0,2.0,43.0,-0.5785714285714287,-2.871428571428571,0.0,2.364580593351627,4.0,1.0,0.0,0.0,0.0,0.0,0.0,0.0,0.0,0.0,0.0,0.0,0.0,0.0,0.0,0.0,0.0,0.0,2026-07-30,0.0224683923109173,-0.0049736719717002,0.0020577682152311,-0.0340548498685377,-0.0524873702614445,0.1119265161973686,-0.1539707737500014,-0.0106108227474849,-0.0448124410719572,0.0314375763488123,0.0727558972377305,,,-0.0684741169892084,-0.1707934143448875,0.0006427019109613,-0.0120425322084731,159,-0.3624786141978617,pga_ridge_v2,-2.937710549241051,693,-2.937710549241051,-0.3288423399660558,1.0,-2.918688805342799,0.0,0.0142810969247334,0.0,weekly_pga_core,False,0.0325561251087492,-0.0091087502484947,0.0076757218612353,0.0,-0.0,0.0,-0.1396703176233976,2026-07-30 08:50,2026-07-31 14:00
Detroit Golf Club,1,2026-08-02,2026-07-30,524,Rocket Classic,2026-07-28 19:31:06 UTC,no,pga,-14400,0,CAN,17381,257.0,221.0,"silverman, ben",39327,42,134.0,0.0,0.0,0.0,0.0,0.0,0.0,1987-11-15,3.5,38,2.375504818518606,-0.3887341626029214,-0.0556547619047615,0.4842180596491213,0.2378,pga,2026-07-20,1444,-0.3887341626029214,0.36,0.2799999999999999,0.15,3.0,4.0,47.0,1.4214285714285713,-0.871428571428571,2.3976423932438973,5.392430777905502,8.0,1.0,0.1233721359188358,5.392430777905502,8.0,0.2528810775935222,5.392430777905502,8.0,-0.4675841372783388,5.392430777905502,8.0,1.477710271243528,5.392430777905502,8.0,0.0030843033979708,0.0,-0.0,0.0,2026-07-30,0.0500933407410739,0.0037881714651476,0.005564095721352,0.0371954415445892,-0.0296772500303615,0.0332228820403466,-0.1827677419227912,-0.0091808850923784,-0.029922137659851,-0.0241102237633317,-0.0287196608220278,,,-0.110830635996367,-0.5030826224711438,0.0008786522836924,-0.0134128383354798,588,-0.8909257104142858,pga_ridge_v2,-2.937710549241051,693,-2.937710549241051,0.0699881833139046,1.0,0.4819015830881603,0.0,-0.1050171511626091,0.0,weekly_pga_core,False,0.0098802170728044,0.0127522503478926,0.0171130424156669,0.0239764239324389,0.0,0.0,-0.4393606887023407,2026-07-30 12:43,2026-07-31 07:33
Detroit Golf Club,1,2026-08-02,2026-07-30,524,Rocket Classic,2026-07-28 19:31:06 UTC,no,pga,-14400,0,USA,11049,212.0,0.0,"simpson, webb",29221,91,179.0,0.0,0.0,0.0,0.0,0.0,0.0,1985-08-08,11.5,40,2.7,-0.0980594099240949,-1.6806547619047616,2.1167951238405927,1.9238,pga,2026-07-03,1600,-0.0980594099240949,-0.21,0.05,-0.14,24.0,0.0,18.0,-2.5785714285714287,20.12857142857143,-5.242952208418124,8.167551679780422,18.0,1.0,0.6648495473760978,8.167551679780422,18.0,-2.6250837489763628,8.167551679780422,18.0,0.0572708947313325,8.167551679780422,18.0,-4.560545027440103,8.167551679780422,18.0,0.0166212386844024,-0.0,0.0,-0.0,2026-07-30,0.0245644271909945,0.0011655455264353,0.0011774033791718,0.0041026137095846,0.0411822857660292,-0.0230634211902265,-0.0365737317668428,-0.0401376700978846,-0.079163982998224,-0.0176192734512584,-0.0417558763515905,,,-0.0139384072132183,-0.3724089476165806,0.0001109155415273,-0.0083324909181496,580,-0.7842737704771896,pga_ridge_v2,-2.937710549241051,693,-2.937710549241051,-0.3882825220679091,1.0,11.357871628676593,0.0077881480260582,-0.1349984303609394,0.0,weekly_pga_core,False,-0.2282168173046152,0.0419002511430757,0.0083917757972841,-0.0524295220841812,0.0,0.0,-0.6027632600650172,2026-07-30 13:05,2026-07-31 07:55
Detroit Golf Club,1,2026-08-02,2026-07-30,524,Rocket Classic,2026-07-28 19:31:06 UTC,no,pga,-14400,0,ENG,18586,71.0,76.0,"smith, jordan",46464,540,67.0,0.0,0.0,0.0,0.0,0.0,0.0,1992-11-09,-6.5,33,2.554386466021061,0.6462423356553205,0.1943452380952384,0.9391807450159726,0.6709999999999999,pga,2026-07-20,1089,0.6462423356553205,0.3,0.42,-0.06,1.0,4.0,55.0,1.4214285714285713,-2.871428571428571,0.0,0.0,0.0,0.0,0.0,0.0,0.0,0.0,0.0,0.0,0.0,0.0,0.0,0.0,0.0,0.0,0.0,0.0,0.0,0.0,2026-07-30,-0.0563487607893985,-0.0036942251541816,-0.0116706936267392,0.0004206522279314,-0.0731027478146705,0.0316982535782614,0.2786780779211002,,0.0576192007154644,0.0014736048444536,0.1298498196977738,0.0934336864093055,0.1086882562850526,,0.5894202415613451,-0.0380390310905917,-0.0159464647835443,830,0.4389094224485823,pga_ridge_v2,-2.937710549241051,693,-2.937710549241051,0.7396449660573807,1.0,-2.960253421417747,0.1132391890257765,-0.026336908437669,0.0,weekly_pga_core,False,0.0262171868462123,-0.054052159673529,-0.0347298954747381,0.0,-0.0,0.0,0.5268553732592902,2026-07-30 12:32,2026-07-31 07:22
Detroit Golf Club,1,2026-08-02,2026-07-30,524,Rocket Classic,2026-07-28 19:31:06 UTC,no,pga,-14400,0,USA,22985,156.0,104.0,"smotherman, austin",50095,379,75.0,0.0,0.0,0.0,0.0,0.0,0.0,1994-05-19,-0.5,32,3.0016845919497173,-0.1523554036168876,-0.6806547619047616,0.5463810363606464,0.2123999999999999,pga,2026-07-20,1024,-0.1523554036168876,-0.54,-0.4,-0.19,1.0,2.0,51.0,-0.5785714285714287,-2.871428571428571,-2.047010209441435,2.428904662041297,6.0,1.0,-0.8212480476963686,2.428904662041297,6.0,-0.0365449813258339,2.428904662041297,6.0,-0.48637139254877,2.428904662041297,6.0,-0.4631813639645784,2.428904662041297,6.0,-0.0205312011924092,-0.0,-0.0,-0.0,2026-07-30,0.0968869496665075,-0.0042502863601124,-0.0149989370465996,0.0217516263852477,-0.0323607148872024,0.1267452615751743,-0.0144292736024201,-0.0103595093398967,-0.0240868289716013,0.0225564723269227,0.0046400446547704,,,0.0288240848195679,-0.0263532455729895,-9.330022231651072e-05,0.0022281451080487,609,-0.2041061560798581,pga_ridge_v2,-2.937710549241051,693,-2.937710549241051,-0.1138933795919208,1.0,-2.763980362534561,0.0,-0.0356330803460646,0.0,weekly_pga_core,False,0.0325561251087492,-0.0018217500496989,0.0330988202151993,-0.0204701020944143,-0.0,0.0,0.0170098476068457,2026-07-30 07:22,2026-07-31 12:32
Detroit Golf Club,1,2026-08-02,2026-07-30,524,Rocket Classic,2026-07-28 19:31:06 UTC,no,pga,-14400,0,USA,8820,211.0,129.0,"snedeker, brandt",27649,253,83.0,0.0,0.0,0.0,0.0,0.0,0.0,1980-12-08,9.5,45,2.972558417606339,-0.0184748362696345,-0.8056547619047616,1.0583999206860364,0.8845999999999999,pga,2026-07-20,2025,-0.0184748362696345,-0.56,-0.35,-0.3299999999999999,3.0,3.0,41.0,0.4214285714285712,-0.871428571428571,-3.444820475430699,5.269274929695006,12.0,1.0,-1.8981575470318648,5.269274929695006,12.0,-0.5608000121424237,5.269274929695006,12.0,0.8362055809018236,5.269274929695006,12.0,-2.1359273560294847,5.269274929695006,12.0,-0.0474539386757966,-0.0,0.0,-0.0,2026-07-30,-0.0504664370454584,0.004791703387078,-0.0032712491611294,0.0803205603797902,-0.0513146221282695,-0.0809928295229278,-0.0091578158461967,-0.0200671720973823,-0.3119029875855793,-0.0044258784099716,-0.1007134725680761,,,0.0454689788703044,-0.606006310455768,2.578307938565528e-05,-0.0006720787931945,623,-0.9035224295174802,pga_ridge_v2,-2.937710549241051,693,-2.937710549241051,-0.4355330887149884,1.0,-9.745853065906983,0.0348040183801051,-0.2045616671050575,0.0,weekly_pga_core,False,0.0098802170728044,0.03461325094428,-0.0172405007322336,-0.0344482047543069,-0.0,0.0,-0.6132015479252241,2026-07-30 08:06,2026-07-31 13:16
Detroit Golf Club,1,2026-08-02,2026-07-30,524,Rocket Classic,2026-07-28 19:31:06 UTC,no,pga,-14400,0,USA,17536,19.0,14.0,"spaun, j.j.",39324,1532,20.0,0.0,0.0,0.0,0.0,0.0,0.0,1990-08-21,17.5,35,2.5124527592595345,1.3977997691365036,-0.0556547619047615,1.633057345956154,1.3492,pga,2026-07-19,1225,1.3977997691365036,-0.2099999999999999,0.09,-0.2,8.0,0.0,59.0,-2.5785714285714287,4.128571428571429,10.972621954135498,7.841042674560732,20.0,1.0,1.8659764764898,7.841042674560732,20.0,2.289595155660985,7.841042674560732,20.0,1.0874843365840072,7.841042674560732,20.0,8.591852852152401,7.841042674560732,20.0,0.046649411912245,0.0,0.0,0.0,2026-07-30,-0.0921420073993606,-0.0004337529933126,-0.0230855649463852,0.0073123666802494,-0.0207099321805934,-0.0552251239593187,0.7000326883249464,,0.08790377794742,-0.0065137075221226,0.0279461634663182,0.1878699399455067,0.2802231134330968,,1.0985001650222577,-0.0906092912229055,-0.0354030570212245,782,0.856971583842898,pga_ridge_v2,-2.937710549241051,693,-2.937710549241051,1.483129906713463,1.0,1.8329691219397144,-0.019116549393827,-0.0529494623287778,0.0,weekly_pga_core,False,-0.037695358201768,0.1455250452748859,-0.0567906417280858,0.0548631097706774,0.0,-0.0,1.2044023201379672,2026-07-30 12:54,2026-07-31 07:44
Detroit Golf Club,1,2026-08-02,2026-07-30,524,Rocket Classic,2026-07-28 19:31:06 UTC,no,pga,-14400,0,USA,14636,91.0,57.0,"spieth, jordan",34046,1061,55.0,0.0,0.0,0.0,0.0,0.0,0.0,1993-07-27,-6.5,33,2.6961553788152948,0.4251378048072158,-0.0556547619047615,1.7998940092461388,1.5064,pga,2026-07-17,1089,0.4251378048072158,-0.48,0.05,-0.38,10.0,0.0,67.0,-2.5785714285714287,6.128571428571429,0.0,0.0,0.0,0.0,0.0,0.0,0.0,0.0,0.0,0.0,0.0,0.0,0.0,0.0,0.0,0.0,0.0,0.0,0.0,0.0,2026-07-30,-0.0325919302411517,0.000193037941603,-0.003442633701164,-0.038586019910065,0.0344100701656463,-0.0251663847371719,0.2378752049617464,-0.0341264018308681,-0.2419501618068326,0.0061190788875885,-0.0086957919462064,,,0.1962202957200636,0.1248593559966405,-0.0003806789222105,0.0129740762037622,729,-0.2088352482204901,pga_ridge_v2,-2.937710549241051,693,-2.937710549241051,-0.5929970801771924,1.0,17.0501605913774,0.1686170931264034,-0.0431762652704025,0.0,weekly_pga_core,False,-0.069485461053002,-0.0236827506460863,-0.0111341562845291,0.0,0.0,0.0,0.0205569880130229,2026-07-30 13:05,2026-07-31 07:55
Detroit Golf Club,1,2026-08-02,2026-07-30,524,Rocket Classic,2026-07-28 19:31:06 UTC,no,pga,-14400,0,USA,21995,260.0,298.0,"springer, hayden",50484,140,132.0,0.0,0.0,0.0,0.0,0.0,0.0,1997-01-09,1.5,29,2.5412671053303697,-0.5142417174659898,0.3193452380952384,0.2460367147008108,0.021,pga,2026-07-20,841,-0.5142417174659898,0.0,0.17,0.0099999999999999,3.0,4.0,45.0,1.4214285714285713,-0.871428571428571,8.568281086806662,5.392430777905502,8.0,1.0,2.798249245928391,5.392430777905502,8.0,0.885810417904126,5.392430777905502,8.0,1.8065953675385915,5.392430777905502,8.0,6.536796761881991,5.392430777905502,8.0,0.0699562311482097,0.0,0.0,0.0,2026-07-30,0.0388969700001781,0.0006323565808556,0.008701836807492,-0.0283929521131505,0.0162571928056695,0.0416985359193113,-0.2479886068859866,-0.0046649123492239,-0.0786800624261158,0.001231092558432,-0.0245834423963841,,,-0.1178675017739141,-0.4978926468377093,0.0005610740750203,-0.0133422340655561,241,-0.8337742636231323,pga_ridge_v2,-2.937710549241051,693,-2.937710549241051,-0.7162838499123859,1.0,0.0,0.0,-0.0125580535739809,0.0,weekly_pga_core,False,0.0098802170728044,0.0054652501490968,0.013288103520478,0.0856828108680666,0.0,0.0,-0.3835762652272633,2026-07-30 14:00,2026-07-31 08:50
Detroit Golf Club,1,2026-08-02,2026-07-30,524,Rocket Classic,2026-07-28 19:31:06 UTC,no,pga,-14400,0,USA,25569,126.0,53.0,"stevens, samuel",55893,365,51.0,0.0,0.0,0.0,0.0,0.0,0.0,1996-07-04,1.5,30,2.422889832617434,0.2498175659708623,-0.4306547619047616,0.8715216706028837,0.6906,pga,2026-07-20,900,0.2498175659708623,-0.3299999999999999,-0.23,0.01,1.0,4.0,69.0,1.4214285714285713,-2.871428571428571,0.0265756303190158,4.224546338899735,8.0,1.0,-0.4551016384842244,4.224546338899735,8.0,-1.412922369697862,4.224546338899735,8.0,-1.089444442706865,4.224546338899735,8.0,2.952632180529098,4.224546338899735,8.0,-0.0113775409621056,-0.0,-0.0,0.0,2026-07-30,0.0364651197603407,-0.0031838837344787,-0.0022282322992251,-0.0163787543519305,0.0358801174317133,0.0223758727142618,0.1310352857703541,-0.0165242500850149,-0.1509183044055575,0.0204486113972124,0.0168613551612066,,,0.0931031472106233,0.0839749059349957,-0.0001960069099298,0.0067188623509115,500,-0.1553491534216536,pga_ridge_v2,-2.937710549241051,693,-2.937710549241051,-0.2832591954621389,1.0,6.192309762908525,-0.1115782766431829,-0.0165537945548099,0.0,weekly_pga_core,False,0.0325561251087492,0.0054652501490968,0.0124573272997824,0.0002657563031901,0.0,-0.0,0.1347193647958143,2026-07-30 08:28,2026-07-31 13:38
Detroit Golf Club,1,2026-08-02,2026-07-30,524,Rocket Classic,2026-07-28 19:31:06 UTC,no,pga,-14400,0,USA,8480,254.0,397.0,"streelman, kevin",27214,141,151.0,0.0,0.0,0.0,0.0,0.0,0.0,1978-11-04,5.5,47,2.3924980580687505,-0.4832852042684875,0.4443452380952384,1.113387595431899,0.865,pga,2026-07-20,2209,-0.4832852042684875,0.07,0.02,-0.19,1.0,2.0,37.0,-0.5785714285714287,-2.871428571428571,0.606220121313666,3.8641066662310974,8.0,1.0,-0.3687190105045203,3.8641066662310974,8.0,-1.716644990061191,3.8641066662310974,8.0,-0.0267446518928972,3.8641066662310974,8.0,1.108158316696734,3.8641066662310974,8.0,-0.009217975262613,-0.0,-0.0,0.0,2026-07-30,0.0726161532653054,-7.821771132883425e-05,-8.359279090447705e-05,0.0340161788956419,-0.018887471784074,0.0576492566559708,-0.1848113435891389,-0.0211395994364336,0.0440590512271036,0.0167732785532867,-0.0014042385491705,,,-0.1257163136027166,-0.5142774012959788,0.0005965994929152,-0.0033904083123077,702,-0.5927863383352423,pga_ridge_v2,-2.937710549241051,693,-2.937710549241051,-0.3380053630842822,1.0,14.071839619986005,-0.0055114711485066,-0.2392444270795169,0.0,weekly_pga_core,False,0.0325561251087492,0.0200392505466884,0.024807355478945,0.0060622012131366,0.0,-0.0,-0.4308124689484594,2026-07-30 08:17,2026-07-31 13:27
Detroit Golf Club,1,2026-08-02,2026-07-30,524,Rocket Classic,2026-07-28 19:31:06 UTC,no,pga,-14400,0,USA,29279,97.0,105.0,"suber, jackson",60019,1370,80.0,0.0,0.0,0.0,0.0,0.0,0.0,1999-10-18,-2.5,26,3.2,0.5780520803345299,-0.1806547619047616,0.5780520803345299,0.0213999999999999,pga,2026-07-20,676,0.5780520803345299,0.0999999999999999,0.06,-0.18,3.0,2.0,55.0,-0.5785714285714287,-0.871428571428571,9.24362574925596,3.0278501845538743,4.0,1.0,1.1226782406721072,3.0278501845538743,4.0,1.2684059882657792,3.0278501845538743,4.0,1.6289060069870724,3.0278501845538743,4.0,4.886639674587408,3.0278501845538743,4.0,0.0280669560168026,0.0,0.0,0.0,2026-07-30,-0.039947309915841,-0.0002368101463211,-0.0106721647203097,-0.0244875178426016,0.0151381855614448,-0.0196890027680533,0.2853981668176813,,0.0090506047418045,-0.0019653583928012,0.0517997096867586,-0.0006126799108806,-0.0097006943292458,,0.3284161663241438,-0.0356643327232298,-0.0072285855167008,292,0.2113176417138085,pga_ridge_v2,-2.937710549241051,693,-2.937710549241051,1.2660367232164906,1.0,0.0074631324576461,0.0,0.0373393359507579,0.0,weekly_pga_core,False,0.0079564596896465,-0.0207892921821265,-0.0246210542776505,0.0462181287462798,0.0,0.0,0.337180408300293,2026-07-30 14:00,2026-07-31 08:50
Detroit Golf Club,1,2026-08-02,2026-07-30,524,Rocket Classic,2026-07-28 19:31:06 UTC,no,pga,-14400,0,CAN,13997,329.0,476.0,"svensson, adam",40115,120,177.0,0.0,0.0,0.0,0.0,0.0,0.0,1993-12-31,7.5,32,2.3,-0.809850445750344,-0.6806547619047616,0.7367838536424471,0.6128,pga,2026-07-20,1024,-0.809850445750344,-0.6100000000000001,0.13,-0.2,3.0,4.0,41.0,1.4214285714285713,-0.871428571428571,-2.9772061804114545,6.053872327539464,12.0,1.0,0.7340354523507164,6.053872327539464,12.0,3.780078224866812,6.053872327539464,12.0,1.004519145038533,6.053872327539464,12.0,-6.213497470742091,6.053872327539464,12.0,0.0183508863087679,0.0,0.0,-0.0,2026-07-30,0.0283591688973891,-0.0069610699888402,-0.0037482812792271,0.0504255618608431,0.0147232250569707,-0.0260802667523573,-0.3485507842412721,-0.0139695902773901,-0.3308433021079425,0.0096789911330459,-0.0677742525045379,,,-0.1422258833115771,-0.9475065846982365,0.0008732217609404,-0.0153306631958311,771,-1.2437058315599867,pga_ridge_v2,-2.937710549241051,693,-2.937710549241051,-1.2872618166860952,1.0,-12.990655194994378,0.0,-0.0393643219536717,0.0,weekly_pga_core,False,0.0098802170728044,0.0273262507454842,0.0096881472274447,-0.0297720618041145,-0.0,0.0,-0.9303840314566174,2026-07-30 08:28,2026-07-31 13:38
Detroit Golf Club,1,2026-08-02,2026-07-30,524,Rocket Classic,2026-07-28 19:31:06 UTC,no,pga,-14400,0,SWE,26850,186.0,168.0,"svensson, jesper",57586,345,122.0,0.0,0.0,0.0,0.0,0.0,0.0,1996-03-14,-4.5,30,3.0516955086109863,-0.0951141054614791,1.1943452380952384,0.5496131343343333,0.28,pga,2026-07-20,900,-0.0951141054614791,-0.46,-0.14,-0.0999999999999999,1.0,4.0,47.0,1.4214285714285713,-2.871428571428571,-1.939642013707683,1.5128814710154082,2.0,1.0,0.2238466855741742,1.5128814710154082,2.0,0.2905037017348348,1.5128814710154082,2.0,0.5797559049245777,1.5128814710154082,2.0,-3.020690263035448,1.5128814710154082,2.0,0.0055961671393543,0.0,0.0,-0.0,2026-07-30,-0.0933876556723871,-0.0042766718646624,0.0092396100866378,-0.0920583291005624,0.0082129600841265,-0.0145052248779266,-0.0018965447557835,-0.0104207906562632,-0.0812044973603157,0.0016752017266943,0.0730699026509863,,,-0.0069015414356712,-0.0496881849962946,0.0003276309998664,-0.0044963694035706,265,-0.2866821617176285,pga_ridge_v2,-2.937710549241051,693,-2.937710549241051,0.6502123659665188,1.0,-1.2083040624269938,0.1126963850239816,-0.0198411767622373,0.0,weekly_pga_core,False,0.0325561251087492,-0.0163957504472905,-0.0319033805487614,-0.0193964201370768,-0.0,0.0,-0.0848276110206741,2026-07-30 09:01,2026-07-31 14:11
Detroit Golf Club,1,2026-08-02,2026-07-30,524,Rocket Classic,2026-07-28 19:31:06 UTC,no,pga,-14400,0,CAN,13126,49.0,72.0,"taylor, nick",25493,392,59.0,0.0,0.0,0.0,0.0,0.0,0.0,1988-04-14,3.5,38,2.629845064061974,0.8581783969159666,0.0693452380952384,1.0494419653956284,0.9094,pga,2026-07-19,1444,0.8581783969159666,0.12,0.3299999999999999,-0.24,8.0,0.0,69.0,-2.5785714285714287,4.128571428571429,-0.5518177827022204,1.923912970238812,6.0,1.0,0.5974677314335815,1.923912970238812,6.0,0.781690479016074,1.923912970238812,6.0,-1.018277833995599,1.923912970238812,6.0,-0.3778770085914104,1.923912970238812,6.0,0.0149366932858395,0.0,-0.0,-0.0,2026-07-30,-0.0173130005510626,0.0059920827184844,-0.0050737743759367,0.0381513119037167,-0.0115591273254023,-0.0448234934719246,0.4270222309504957,,0.0523269849789742,-0.0231177615670851,-0.061714758338397,0.1266297979442957,0.1903105000231119,,0.556706941622175,-0.0449718987402103,-0.0243171832236887,812,0.0730161299885295,pga_ridge_v2,-2.937710549241051,693,-2.937710549241051,0.3024473066226005,1.0,-18.312292693621377,0.0993791124651194,-0.0854609704053214,0.0,weekly_pga_core,False,-0.037695358201768,0.0291050090549771,-0.0106706641116695,-0.0027590889135111,-0.0,0.0,0.5346868394502035,2026-07-30 08:06,2026-07-31 13:16
Detroit Golf Club,1,2026-08-02,2026-07-30,524,Rocket Classic,2026-07-28 19:31:06 UTC,no,pga,-14400,0,USA,27364,72.0,136.0,"thompson, davis",58168,1029,93.0,0.0,0.0,0.0,0.0,0.0,0.0,1999-06-05,9.5,27,2.39843428572442,0.2294234501144283,0.4443452380952384,1.2794646556044886,0.9280000000000002,pga,2026-07-20,729,0.2294234501144283,0.0799999999999999,-0.0299999999999999,-0.07,1.0,2.0,55.0,-0.5785714285714287,-2.871428571428571,6.885155307053858,8.42702072193708,16.0,1.0,4.775199743183405,8.42702072193708,16.0,2.848601788780533,8.42702072193708,16.0,-4.382484567434268,8.42702072193708,16.0,0.5480903233335105,8.42702072193708,16.0,0.1,0.0,-0.0,0.0,2026-07-30,-0.0326090136715109,-0.004267720238071,-0.0066370037762617,-0.0208436510270427,0.0076025560474213,-0.0084631946775568,0.1642462913922685,-0.0242589423272984,0.2075285401800027,0.0031116827344838,0.0241662087252526,,,0.0798413617067845,0.4658814315622126,-0.0003686170463468,0.006748665236505,449,0.2888203199045941,pga_ridge_v2,-2.937710549241051,693,-2.937710549241051,0.5983998356682093,1.0,-14.32063568299915,-0.0502328493245073,0.0048662409605606,0.0,weekly_pga_core,False,0.0325561251087492,0.03461325094428,-0.0111399923789883,0.0688515530705385,-0.0,-0.0,0.5907623683067921,2026-07-30 08:17,2026-07-31 13:27
Detroit Golf Club,1,2026-08-02,2026-07-30,524,Rocket Classic,2026-07-28 19:31:06 UTC,no,pga,-14400,0,USA,26649,56.0,68.0,"thorbjornsen, michael",57364,1301,69.0,0.0,0.0,0.0,0.0,0.0,0.0,2001-09-16,1.5,24,3.2,0.7380204802842676,0.4443452380952384,0.9160807902955056,0.6918000000000001,pga,2026-07-19,576,0.7380204802842676,0.6499999999999999,0.1599999999999999,0.0799999999999999,8.0,0.0,59.0,-2.5785714285714287,4.128571428571429,6.174978235936806,4.958637994405693,8.0,1.0,-0.0303352487026752,4.209349222650351,6.0,-0.1105635145279503,4.209349222650351,6.0,3.3502882964690666,4.209349222650351,6.0,4.469491729530292,4.209349222650351,6.0,-0.0007583812175668,-0.0,0.0,0.0,2026-07-30,-0.1340094161633349,-0.002706265767553,-0.002937614336973,-0.0270115921721795,-0.0321091582830593,-0.0692447856035699,0.3440706395401081,,0.0938130136524962,0.0020886866440929,0.0669726256879684,0.0963299914425597,0.1347877716233993,,0.7437609243658314,-0.0253244199587138,-0.0185808824337609,207,0.4018918930202994,pga_ridge_v2,-2.937710549241051,693,-2.937710549241051,1.0507425607265193,1.0,-4.508353342507153,0.087349138897485,0.0496034981676817,0.0,weekly_pga_core,False,-0.037695358201768,0.0124735753092759,-0.0825951263307805,0.030874891179684,-0.0,0.0,0.6668189063222428,2026-07-30 12:21,2026-07-31 07:11
Detroit Golf Club,1,2026-08-02,2026-07-30,524,Rocket Classic,2026-07-28 19:31:06 UTC,no,pga,-14400,0,USA,12425,0.0,0.0,"todd, brendon",30927,155,217.0,0.0,0.0,0.0,0.0,0.0,0.0,1985-07-22,5.5,41,2.7,-1.839702250636024,-0.8056547619047616,0.9603606128754284,0.8136,pga,2026-07-10,1681,-1.839702250636024,-0.4599999999999999,-0.15,0.27,17.0,0.0,17.0,-2.5785714285714287,13.12857142857143,-4.016010953998295,4.570762578733358,12.0,1.0,-1.147803201841749,4.570762578733358,12.0,-3.078666834462517,4.570762578733358,12.0,1.4639419567347842,4.570762578733358,12.0,-0.7974911021143688,4.570762578733358,12.0,-0.0286950800460437,-0.0,0.0,-0.0,2026-07-30,0.0987798496080194,0.0069428410079584,0.0393745828644767,0.1010822185765261,-0.0079343528519934,-0.0406854399889484,-0.847577147616281,-0.0182086567363511,-0.5003834944079182,-0.0055954732140653,-0.083597787678959,,,-0.5116613366328004,-2.1440589015809404,0.002975724006811,-0.0436482387804061,571,-2.777739035377857,pga_ridge_v2,-2.937710549241051,693,-2.937710549241051,-2.0998262316270773,1.0,-2.2721962906297533,0.005173089991796,-0.1363624905209703,0.0,weekly_pga_core,False,-0.1488511391788086,0.0200392505466884,0.0337454785635643,-0.0401601095399829,-0.0,0.0,-2.279285421189479,2026-07-30 07:00,2026-07-31 12:10
Detroit Golf Club,1,2026-08-02,2026-07-30,524,Rocket Classic,2026-07-28 19:31:06 UTC,no,pga,-14400,0,ARG,17032,471.0,396.0,"tosti, alejandro",38991,139,185.0,0.0,0.0,0.0,0.0,0.0,0.0,1996-05-30,-3.5,30,2.449516146379492,-0.9304256200449454,-0.3056547619047616,0.7371237747206789,0.438,pga,2026-07-20,900,-0.9304256200449454,-0.14,-0.05,-0.2099999999999999,3.0,4.0,41.0,1.4214285714285713,-0.871428571428571,-2.6723252339005974,2.103433323878757,3.0,1.0,0.0600772165168963,2.103433323878757,3.0,-3.408102403097629,2.103433323878757,3.0,0.2921222968736418,2.103433323878757,3.0,-0.9590974131397082,2.103433323878757,3.0,0.0015019304129224,-0.0,0.0,-0.0,2026-07-30,-0.003675861268384,-0.0101455853419548,0.0180851508923904,-0.0510649147141467,0.0370353108382031,0.0024141770571238,-0.4669764790247417,-0.0139760352587318,-0.2411286373737764,0.0384124843053484,0.0481032039906172,,,-0.2674008995467902,-0.9500670888947472,0.0018549706506516,-0.0307682986924413,284,-1.3543033656079897,pga_ridge_v2,-2.937710549241051,693,-2.937710549241051,-0.9841007375860948,1.0,-2.886218180279313,0.0,-0.0181873979448831,0.0,weekly_pga_core,False,0.0098802170728044,-0.0127522503478926,-0.0012557591262501,-0.0267232523390059,-0.0,0.0,-0.9809181336350916,2026-07-30 14:00,2026-07-31 08:50
Detroit Golf Club,1,2026-08-02,2026-07-30,524,Rocket Classic,2026-07-28 19:31:06 UTC,no,pga,-14400,0,RSA,17550,192.0,195.0,"van rooyen, erik",40006,172,144.0,0.0,0.0,0.0,0.0,0.0,0.0,1990-02-21,5.5,36,2.3889922865548923,-0.0632634620998529,-0.4306547619047616,1.0614931504478544,0.795,pga,2026-07-20,1296,-0.0632634620998529,0.19,0.1899999999999999,0.19,3.0,1.0,45.0,-1.5785714285714287,-0.871428571428571,-2.3246432857428667,6.792701000005152,12.0,1.0,-1.1125960348216375,6.792701000005152,12.0,-1.833438029361124,6.792701000005152,12.0,1.8519420648566884,6.792701000005152,12.0,0.0026838930727108,6.792701000005152,12.0,-0.0278149008705409,-0.0,0.0,0.0,2026-07-30,0.0685666604937834,0.0048281520632849,0.008484933343487,0.0037465545358119,0.0414600191041497,0.0100470014470496,-0.0574750004716139,-0.020126152766112,0.0043820900259271,-0.0351329672060314,-0.054054522075874,,,-0.0511526012290924,-0.3000186922388906,0.0006041244673894,-0.0082275480150049,699,-0.7277448955615123,pga_ridge_v2,-2.937710549241051,693,-2.937710549241051,0.340703126251108,1.0,-25.167399076667103,0.0303254042358759,-0.0788361149684782,0.0,weekly_pga_core,False,0.0098802170728044,0.0200392505466884,0.0234239551998701,-0.0232464328574286,-0.0,0.0,-0.2699217022769561,2026-07-30 13:38,2026-07-31 08:28
Detroit Golf Club,1,2026-08-02,2026-07-30,524,Rocket Classic,2026-07-28 19:31:06 UTC,no,pga,-14400,0,USA,25319,311.0,293.0,"vanderlaan, john",55573,107,167.0,0.0,0.0,0.0,0.0,0.0,0.0,1996-06-28,-6.5,30,2.6187929861195087,-0.8275535280741806,1.4443452380952384,0.28,0.28,pga,2026-07-20,900,-0.8275535280741806,0.4099999999999999,0.35,0.3,1.0,5.0,47.0,2.421428571428572,-2.871428571428571,0.0,0.0,0.0,0.0,0.0,0.0,0.0,0.0,0.0,0.0,0.0,0.0,0.0,0.0,0.0,0.0,0.0,0.0,0.0,0.0,2026-07-30,-0.0010370033910108,-0.0029771788749902,0.0184094747629879,-0.009850252228016,-0.0228164708794355,0.0161974238284429,-0.3558870992026399,-0.0053088640017448,-0.0590326015091408,0.0172074568562233,0.027602421236527,,,-0.2196314068645953,-0.624330574987441,0.0009172293838736,-0.0128296365645076,532,-0.7495126274710442,pga_ridge_v2,-2.937710549241051,693,-2.937710549241051,-1.1697438447220625,1.0,0.0,0.0,-0.0173680743214365,0.0,weekly_pga_core,False,0.0325561251087492,-0.0236827506460863,-0.0003542643144382,0.0,0.0,0.0,-0.6158114648392164,2026-07-30 14:22,2026-07-31 09:12
Detroit Golf Club,1,2026-08-02,2026-07-30,524,Rocket Classic,2026-07-28 19:31:06 UTC,no,pga,-14400,0,NOR,15651,155.0,262.0,"ventura, kristoffer",35658,210,112.0,0.0,0.0,0.0,0.0,0.0,0.0,1995-02-24,3.5,31,2.397245375929256,0.0500361404916801,0.3193452380952384,0.5206293517767552,0.1962,pga,2026-07-20,961,0.0500361404916801,0.34,-0.11,0.0399999999999999,1.0,5.0,37.0,2.421428571428572,-2.871428571428571,1.507673102671678,4.557147979642648,10.0,1.0,1.8647272812828928,3.614801915344593,6.0,3.4968336667008835,3.614801915344593,6.0,-0.5741124431731572,3.614801915344593,6.0,-1.849217182818022,3.614801915344593,6.0,0.0466181820320723,0.0,-0.0,-0.0,2026-07-30,0.0350303394677598,0.0024841215203179,0.0112777937639893,-0.0380781274493597,0.0112243472380957,0.0481222043947165,0.0049750293974318,-0.0098712515139263,0.0169574351752991,-0.0035266504877992,0.0381049285547984,,,-0.0696920360660915,-0.0580342449776377,0.0002047504331288,-0.0058888544501479,525,-0.3270457076524595,pga_ridge_v2,-2.937710549241051,693,-2.937710549241051,-0.0177477878421781,1.0,0.0,0.0,-0.0292975960203309,0.0,weekly_pga_core,False,0.0325561251087492,0.0127522503478926,0.0119671732066263,0.0150767310267167,0.0,0.0,0.0143180347123472,2026-07-30 13:49,2026-07-31 08:39
Detroit Golf Club,1,2026-08-02,2026-07-30,524,Rocket Classic,2026-07-28 19:31:06 UTC,no,pga,-14400,0,AUS,24304,210.0,196.0,"vilips, karl",54304,180,126.0,0.0,0.0,0.0,0.0,0.0,0.0,2001-08-16,-4.5,24,3.0507201810859845,-0.1851472631483786,0.0693452380952384,1.183419495884774,1.334,pga,2026-07-20,576,-0.1851472631483786,0.54,-0.04,0.36,3.0,1.0,45.0,-1.5785714285714287,-0.871428571428571,-4.640408947622431,1.5128814710154082,2.0,1.0,0.7533473498809418,1.5128814710154082,2.0,-3.3847251426983425,1.5128814710154082,2.0,0.3152024314992081,1.5128814710154082,2.0,-1.6567681413564332,1.5128814710154082,2.0,0.0188336837470235,-0.0,0.0,-0.0,2026-07-30,0.0281347789980798,0.0030556192317436,0.0012407765692996,-0.0172284729991764,0.0376868732605817,0.0033799829356312,-0.096589050887485,-0.0224379041452347,-0.0912832285259631,0.0023778204578504,-0.0326214906876562,,,-0.0746990367155,-0.297963101732135,0.000208679327868,-0.0012052099555376,154,-0.5774671785063543,pga_ridge_v2,-2.937710549241051,693,-2.937710549241051,-0.4988797223872555,1.0,-7.211084684608526,-0.0400057710873981,0.0182863193995234,0.0,weekly_pga_core,False,0.0098802170728044,-0.0163957504472905,0.0096114904541547,-0.0464040894762243,-0.0,-0.0,-0.3412712341286906,2026-07-30 08:17,2026-07-31 13:27
Detroit Golf Club,1,2026-08-02,2026-07-30,524,Rocket Classic,2026-07-28 19:31:06 UTC,no,pga,-14400,0,USA,25003,0.0,277.0,"walker, danny",54607,90,159.0,0.0,0.0,0.0,0.0,0.0,0.0,1995-10-04,-4.5,30,3.2,-1.254964906174088,-0.6806547619047616,0.1607822646673122,-0.1772,pga,2026-07-20,900,-1.254964906174088,0.1,0.1099999999999999,0.1,3.0,4.0,51.0,1.4214285714285713,-0.871428571428571,-3.4222081370498767,1.5128814710154082,2.0,1.0,-1.1821073738279038,1.5128814710154082,2.0,-0.8200264980942646,1.5128814710154082,2.0,-1.4167887338761238,1.5128814710154082,2.0,-0.0499843096040203,1.5128814710154082,2.0,-0.0295526843456975,-0.0,-0.0,-0.0,2026-07-30,0.0254886640319329,-0.0072015072932592,0.0067895932263354,-0.0376282245238421,0.0448125006417838,0.018716301980915,-0.5791625936391175,-0.0030484684893261,-0.3816537049166518,0.0393608112031989,0.0028604122639967,,,-0.2713253054611914,-1.235104198222331,0.0012080390596886,-0.0201341275641402,326,-1.4322037925464954,pga_ridge_v2,-2.937710549241051,693,-2.937710549241051,-2.066033512185543,1.0,0.0,0.0,-0.0232092606787883,0.0,weekly_pga_core,False,0.0098802170728044,-0.0163957504472905,0.0087075164531699,-0.0342220813704987,0.0,0.0,-1.2671342965141457,2026-07-30 07:22,2026-07-31 12:32
Detroit Golf Club,1,2026-08-02,2026-07-30,524,Rocket Classic,2026-07-28 19:31:06 UTC,no,pga,-14400,0,ENG,20706,62.0,74.0,"wallace, matt",48887,370,98.0,0.0,0.0,0.0,0.0,0.0,0.0,1990-04-12,11.5,36,2.4201181327004524,0.5970573256743829,0.4443452380952384,1.017700504325606,1.0,pga,2026-07-19,1296,0.5970573256743829,-0.13,-0.29,-0.02,8.0,0.0,57.0,-2.5785714285714287,4.128571428571429,-1.0402523658485665,8.511187105375985,18.0,1.0,-3.878221215339296,8.511187105375985,18.0,3.477643460556199,8.511187105375985,18.0,0.1673629677755533,8.511187105375985,18.0,-0.0836570176549003,8.511187105375985,18.0,-0.0969555303834824,0.0,0.0,-0.0,2026-07-30,0.0015640138334948,0.0006875971679891,-0.010721445220412,0.004464317617687,0.0317960431960667,-0.0246624989278362,0.29911231884816,,0.0517179397038731,0.0090778688516221,-0.0164968451090044,0.1168826175439211,0.0957718275663851,,0.4343071199160739,-0.0469712779911814,-0.0166714296709798,867,0.2225745595072011,pga_ridge_v2,-2.937710549241051,693,-2.937710549241051,0.8973843221601359,1.0,23.7169249584576,0.0052854146646208,-0.0581158998267217,0.0,weekly_pga_core,False,-0.037695358201768,0.0956307440377822,0.0009639615174738,-0.0052012618292428,0.0,0.0,0.488005205440319,2026-07-30 12:32,2026-07-31 07:22
Detroit Golf Club,1,2026-08-02,2026-07-30,524,Rocket Classic,2026-07-28 19:31:06 UTC,no,pga,-14400,0,USA,25908,216.0,181.0,"whaley, vince",51894,148,168.0,0.0,0.0,0.0,0.0,0.0,0.0,1995-03-14,15.5,31,2.3,-0.5966386044675426,-0.1806547619047616,0.5780404544467891,0.4182,pga,2026-07-20,961,-0.5966386044675426,-0.2199999999999999,-0.26,-0.07,1.0,5.0,45.0,2.421428571428572,-2.871428571428571,3.15443492119312,10.397438427754375,22.0,1.0,2.515945380927568,10.397438427754375,22.0,-1.2057839703928417,10.397438427754375,22.0,0.4782523460257218,10.397438427754375,22.0,3.691294621128917,10.397438427754375,22.0,0.0628986345231892,-0.0,0.0,0.0,2026-07-30,0.1121746125052365,0.0075777033848763,0.0163891960698285,-0.0025172218184993,0.0892116822120943,0.0015132526569366,-0.2186071623467862,-0.0109597791434457,-0.1064295748176301,-0.0046500772091082,-0.0575755889116088,,,-0.0933737958943751,-0.5328673684699933,0.0007635004790356,-0.0136221883678532,624,-0.9611113655312076,pga_ridge_v2,-2.937710549241051,693,-2.937710549241051,-1.2000106197358231,1.0,0.0,0.0,-0.0284127022582213,0.0,weekly_pga_core,False,0.0325561251087492,0.0564742515406673,0.0383214390049474,0.0315443492119312,0.0,0.0,-0.3739712036036979,2026-07-30 08:28,2026-07-31 13:38
Detroit Golf Club,1,2026-08-02,2026-07-30,524,Rocket Classic,2026-07-28 19:31:06 UTC,no,pga,-14400,0,USA,14001,0.0,0.0,"wilkes-krier, patrick",33445,59,0.0,0.0,0.0,0.0,0.0,0.0,0.0,1995-01-01,-6.5,31,2.3,-3.558,4.440892098500626e-16,0.0,0.0,0,,961,-3.558,0.0,0.0,0.0,3.871428571428571,0.0,0.0,0.0,4.440892098500626e-16,0.0,0.0,0.0,0.0,0.0,0.0,0.0,0.0,0.0,0.0,0.0,0.0,0.0,0.0,0.0,0.0,0.0,0.0,0.0,0.0,2026-07-30,0.0,0.0,-0.0,-0.0,-0.0,-0.0,,,,,,,,,0.0,,,2,-2.999739494316946,tour_prior_shrunk_partial,-2.937710549241051,693,-2.937710549241051,-3.558,0.1,0.0,0.0,,-2.999739494316946,tour_prior_shrunk_partial,True,0.0,0.0,0.0,0.0,0.0,0.0,-2.999739494316946,2026-07-30 14:22,2026-07-31 09:12
Detroit Golf Club,1,2026-08-02,2026-07-30,524,Rocket Classic,2026-07-28 19:31:06 UTC,no,pga,-14400,0,USA,22051,448.0,466.0,"wise, aaron",49964,180,148.0,0.0,0.0,0.0,0.0,0.0,0.0,1996-06-21,3.5,30,3.2,-0.2737841970304399,0.1943452380952384,1.3526934385129628,1.2372,pga,2026-07-20,900,-0.2737841970304399,0.2299999999999999,0.06,0.26,3.0,4.0,27.0,1.4214285714285713,-0.871428571428571,2.4760369665562103,3.498741817491698,6.0,1.0,0.3412518116800159,3.498741817491698,6.0,2.89118188397729,3.498741817491698,6.0,-1.4350140574345152,3.498741817491698,6.0,2.727510643164469,3.498741817491698,6.0,0.0085312952920003,0.0,-0.0,0.0,2026-07-30,-0.034978357137591,-0.0022588815045242,0.0059921888374182,-0.0015467500428916,0.0028988480546181,-0.0400637624822115,-0.1687803728735738,-0.0259755131513945,-0.1819917047907202,0.0056218887971953,-0.0198942099490853,,,-0.1809286450880863,-0.6033591059194221,0.0011239665770032,-0.0151664411193237,484,-0.995266355579386,pga_ridge_v2,-2.937710549241051,693,-2.937710549241051,-0.4191093127931845,1.0,0.4637718021066173,0.0065102624776046,-0.0173680743214365,0.0,weekly_pga_core,False,0.0098802170728044,0.0127522503478926,-0.0119494148417841,0.0247603696655621,0.0,0.0,-0.567915683674947,2026-07-30 08:17,2026-07-31 13:27
Detroit Golf Club,1,2026-08-02,2026-07-30,524,Rocket Classic,2026-07-28 19:31:06 UTC,no,pga,-14400,0,USA,25002,287.0,388.0,"wu, dylan",54783,110,164.0,0.0,0.0,0.0,0.0,0.0,0.0,1996-07-20,3.5,30,2.368403848717258,-0.6156295443168586,0.0693452380952384,0.2784409834224228,0.1182,pga,2026-07-20,900,-0.6156295443168586,0.22,0.1599999999999999,0.08,3.0,4.0,43.0,1.4214285714285713,-0.871428571428571,4.757594209880192,4.973835110655076,10.0,1.0,-1.9888617623123328,4.973835110655076,10.0,1.0516490736018946,4.973835110655076,10.0,0.8011992004575804,4.973835110655076,10.0,6.290261865753019,4.973835110655076,10.0,-0.0497215440578083,0.0,0.0,0.0,2026-07-30,0.0657962085349367,-0.005678832461545,-0.0020379249465846,0.0278037322415424,0.0057104504787732,0.0399987832227508,-0.317264393556293,-0.0052793046910776,-0.1250811367807683,0.0099085491169728,-0.0505984164162467,,,-0.1799813746949549,-0.6996952690515879,0.0007216099220608,-0.0155670073964708,566,-0.930536130009982,pga_ridge_v2,-2.937710549241051,693,-2.937710549241051,-0.8463424480902182,1.0,-1.3746822998345172,0.0,-0.0165537945548099,0.0,weekly_pga_core,False,0.0098802170728044,0.0127522503478926,0.0224775048098398,0.0475759420988019,-0.0,0.0,-0.6070093547222489,2026-07-30 13:27,2026-07-31 08:17
Detroit Golf Club,1,2026-08-02,2026-07-30,524,Rocket Classic,2026-07-28 19:31:06 UTC,no,pga,-14400,0,CAN,29925,108.0,103.0,"yellamaraju, sudarshan",60386,319,53.0,0.0,0.0,0.0,0.0,0.0,0.0,2001-08-01,-6.5,25,2.6388558588461883,0.3610978370762658,0.4443452380952384,0.5977270453455795,0.3984,pga,2026-07-20,625,0.3610978370762658,-0.31,0.1,-0.31,3.0,1.0,63.0,-1.5785714285714287,-0.871428571428571,0.0,0.0,0.0,0.0,0.0,0.0,0.0,0.0,0.0,0.0,0.0,0.0,0.0,0.0,0.0,0.0,0.0,0.0,0.0,0.0,2026-07-30,-0.048591650163903,0.0025512324289796,-0.0013551432235192,-0.0197120118270788,-0.0090685834752722,-0.0210071440670123,0.1842997538179827,-0.0113330414068016,-0.0994255151017488,-0.0099863772655632,0.0247399913929073,,,0.0894493899799738,0.2091240954196557,-0.0008691819512408,0.014519799623418,212,0.0782008991268543,pga_ridge_v2,-2.937710549241051,693,-2.937710549241051,0.1934884387192799,1.0,-6.784452221838719,0.0,0.0177292763307282,0.0,weekly_pga_core,False,0.0098802170728044,-0.0236827506460863,-0.016600030223584,0.0,-0.0,0.0,0.1787215316227898,2026-07-30 12:10,2026-07-31 07:00
Detroit Golf Club,1,2026-08-02,2026-07-30,524,Rocket Classic,2026-07-28 19:31:06 UTC,no,pga,-14400,0,USA,26651,6.0,3.0,"young, cameron",57366,1743,3.0,0.0,0.0,0.0,0.0,0.0,0.0,1997-05-07,5.5,29,2.8328435171275106,1.4314415787105863,-0.5556547619047616,2.143198681359509,1.7406,pga,2026-07-19,841,1.4314415787105863,0.4099999999999999,-0.13,0.3,8.0,0.0,61.0,-2.5785714285714287,4.128571428571429,3.644393201609434,6.891956850784972,12.0,1.0,0.695041831098338,6.891956850784972,12.0,2.622550228473522,6.891956850784972,12.0,1.9299188275560768,6.891956850784972,12.0,-2.0178977009333474,6.891956850784972,12.0,0.0173760457774584,0.0,0.0,-0.0,2026-07-30,-0.1294535850956935,0.0010347609716182,-0.0135672362294639,-0.0538713836854588,0.0147034155630588,-0.0777531417154477,0.6804871320141381,,0.1615481436795939,0.0070933410290863,0.1316592094300118,0.2423706029270301,0.3680220789629631,,1.4179755810631005,-0.1334841968542585,-0.0583157941084893,506,1.4559065790541323,pga_ridge_v2,-2.937710549241051,693,-2.937710549241051,1.0366109643248984,1.0,29.401931713445943,0.0688850250141553,0.0185950639830247,0.0,weekly_pga_core,False,-0.037695358201768,0.0457364428006784,-0.0797871934754138,0.0182219660080471,0.0,0.0,1.3644514381946442,2026-07-30 12:54,2026-07-31 07:44
Detroit Golf Club,1,2026-08-02,2026-07-30,524,Rocket Classic,2026-07-28 19:31:06 UTC,no,pga,-14400,0,TPE,17881,103.0,127.0,"yu, kevin",45242,382,108.0,0.0,0.0,0.0,0.0,0.0,0.0,1998-08-11,-0.5,27,2.571199090929872,0.2912770402311164,-0.5556547619047616,0.8356053354147873,0.74,pga,2026-07-20,729,0.2912770402311164,0.03,0.0099999999999999,-0.13,1.0,5.0,51.0,2.421428571428572,-2.871428571428571,-2.1712060024704125,3.2939591825134547,6.0,1.0,-1.597593592278225,3.2939591825134547,6.0,-1.8598003599416817,3.2939591825134547,6.0,0.5289759230223172,3.2939591825134547,6.0,1.1514813595587274,3.2939591825134547,6.0,-0.0399398398069556,-0.0,0.0,0.0,2026-07-30,-0.0356522762466383,-0.001500887594277,-0.00103843942111,-0.0422594713755136,0.0053927373645939,0.0037537847796684,0.1593961612931286,-0.0158432681601768,0.125133335602659,-0.0004854828634357,0.0464621160554578,,,0.0913439307662365,0.406070896469157,-8.54620339445094e-05,0.0014769749637592,420,0.0781726841423304,pga_ridge_v2,-2.937710549241051,693,-2.937710549241051,0.582810370355155,1.0,-6.056653128410163,-0.0833268220326358,-0.0013274091545271,0.0,weekly_pga_core,False,0.0325561251087492,-0.0018217500496989,-0.0121796411778048,-0.0217120600247041,-0.0,-0.0,0.4029135703256983,2026-07-30 07:55,2026-07-31 13:05
