course_name,current_round,date_end,date_start,event_id,event_name,last_updated,multi_course,tour,tz_offset,am,country,dg_id,dg_rank,owgr_rank,player_name,player_num,pre_tourn_pageviews,tour_rank,r1_course,r2_course,r3_teetime,r3_course,r4_teetime,r4_course,Birthday,c_exp,player_age,std_dev,skill_est,ema_8_great_shots,max_skill,sma_50_max_skill,tour_history,Date,age_squared,adj_skill_est,delta_adj_skill_est,delta_sg_putt,delta_sg_ott,dsle,consecutive_weeks_played,sample,relative_consecutive_weeks,relative_dsle,course_history_raw,course_history_weighted_rounds,course_history_rounds,course_history_events,course_history_sg_ott_raw,course_history_sg_ott_weighted_rounds,course_history_sg_ott_rounds,course_history_sg_app_raw,course_history_sg_app_weighted_rounds,course_history_sg_app_rounds,course_history_sg_arg_raw,course_history_sg_arg_weighted_rounds,course_history_sg_arg_rounds,course_history_sg_putt_raw,course_history_sg_putt_weighted_rounds,course_history_sg_putt_rounds,course_history_sg_ott_adjustment,course_history_sg_app_adjustment,course_history_sg_arg_adjustment,course_history_sg_putt_adjustment,course_history_as_of,course_adjustment,putt_adj,app_adj,dd_adj,acc_adj,arg_adj,comp_adj_skill_est,comp_max_skill,comp_ema_sg_adj,comp_putt,comp_ott,comp_max_skill_50,comp_6m_sg,comp_sma20_sg,pred_step2,comp_sma50_sg,comp_sma6m_sg,prior_rounds,neutral_skill_est,skill_source,tour_low_data_prior,tour_low_data_prior_n,cold_start_skill,observed_low_data_mean,low_data_weight,majors_history_raw,links_adj,comp_age,comp_skill_v2_delta,skill_model_source,uses_neutral_skill,comp_relative_dsle,comp_c_exp,comp_c_adj,comp_c_hist,comp_major,comp_links,pred,r1_teetime,r2_teetime
Sedgefield Country Club,1,2026-08-09,2026-08-06,13,Wyndham Championship,2026-08-03 19:01:12 UTC,no,pga,-14400,1,USA,32652,342.0,0.0,"akina, kihei",67118,53,0.0,0.0,0.0,0.0,0.0,0.0,0.0,1995-01-01,-6.5,31,2.7,-1.1083333333333334,0.0,-1.1,-1.1,kft,2026-07-10,961,-1.1083333333333334,0.0,0.0,0.0,23.0,0.0,2.0,-3.563380281690141,20.2887323943662,0.0,0.0,0.0,0.0,0.0,0.0,0.0,0.0,0.0,0.0,0.0,0.0,0.0,0.0,0.0,0.0,0.0,0.0,0.0,0.0,2026-08-06,-0.0643687186448011,0.0,0.0,-0.0,-0.0643687186448011,-0.0,-0.5283287633643142,0.0214607818043243,-0.0810774907134661,-0.0,0.0,,,-0.3010101922506979,-0.9151852535953362,0.0008054369084121,-0.0097839836785223,16,-1.4748444305019586,tour_prior_shrunk_partial,-2.950153167083164,698,-2.950153167083164,-1.1060172463566575,0.8,0.0,0.0,-0.017251042301072,-0.5596591769066224,tour_prior_shrunk_partial,True,0.0,0.0,0.0,0.0,0.0,0.0,-1.4748444305019586,2026-08-03 10:00,2026-08-03 10:00
Sedgefield Country Club,1,2026-08-09,2026-08-06,13,Wyndham Championship,2026-08-03 19:01:12 UTC,no,pga,-14400,0,USA,19846,110.0,159.0,"bauchou, zach",48001,101,93.0,0.0,0.0,0.0,0.0,0.0,0.0,1996-01-01,-6.5,30,2.3,0.2094700500747266,-0.5315476190476187,0.3970854062637493,0.1458,pga,2026-07-31,900,0.2094700500747266,0.05,0.28,0.11,2.0,5.0,55.0,1.436619718309859,-0.7112676056338025,0.0,0.0,0.0,0.0,0.0,0.0,0.0,0.0,0.0,0.0,0.0,0.0,0.0,0.0,0.0,0.0,0.0,0.0,0.0,0.0,2026-08-06,0.0383495848209811,-3.4985685403695605e-06,0.0012167331716877,-0.0024657825501573,0.0399063260452074,-0.0003041932772163,0.1053603114488649,-0.0077470575104616,0.0037575157447912,-0.0007634712520012,0.0021800203240325,,,0.0686850529590228,0.1556455027033903,-0.0005848652572587,0.0061771238240141,266,-0.110465163219817,pga_ridge_v2,-2.950153167083164,698,-2.950153167083164,0.0805171550950249,1.0,-2.843317953108014,0.0,-0.0214191275776139,0.0,weekly_pga_core,False,0.0080566302553038,-0.0232082615142579,0.0130672333052667,0.0,-0.0,0.0,0.1535611047497029,2026-08-03 10:00,2026-08-03 10:00
Sedgefield Country Club,1,2026-08-09,2026-08-06,13,Wyndham Championship,2026-08-03 19:01:12 UTC,no,pga,-14400,0,USA,17606,105.0,56.0,"berger, daniel",40026,217,58.0,0.0,0.0,0.0,0.0,0.0,0.0,1993-04-07,3.5,33,3.062893109599797,0.391908612453559,-0.5315476190476187,1.7678813535059816,1.6376000000000002,pga,2026-07-17,1089,0.391908612453559,0.01,-0.38,0.13,16.0,0.0,53.0,-3.563380281690141,13.288732394366198,0.092836682196906,2.420703354284138,4.0,1.0,-0.250371790186398,2.420703354284138,4.0,-2.9051576937008994,2.420703354284138,4.0,1.3051479598702906,2.420703354284138,4.0,2.873606262724404,2.420703354284138,4.0,-0.0062592947546599,-0.0,0.0,0.0,2026-08-06,0.074355130701644,-0.0003140816990009,0.0030318245304067,0.0568921467568565,0.0112055480928628,0.0035396930205188,0.1989831821226309,-0.0344910145304777,-0.0735054357788202,0.0185436378712356,0.0181392753571107,,,0.1442112466510161,0.2327553108613095,-0.000363144145527,0.0073562703189569,609,-0.0771240463468231,pga_ridge_v2,-2.950153167083164,698,-2.950153167083164,-0.1312972890083175,1.0,-33.99741873912008,0.0493950527383551,-0.0461187070048159,0.0,weekly_pga_core,False,-0.1505233791263198,0.012496756199985,0.0253357590403538,0.000928366821969,-0.0,0.0,0.1209928137972975,2026-08-03 10:00,2026-08-03 10:00
Sedgefield Country Club,1,2026-08-09,2026-08-06,13,Wyndham Championship,2026-08-03 19:01:12 UTC,no,pga,-14400,0,RSA,18103,71.0,98.0,"bezuidenhout, christiaan",45522,193,92.0,0.0,0.0,0.0,0.0,0.0,0.0,1994-05-18,13.5,32,2.3,0.5450021405631317,0.0934523809523812,1.2534735352630575,1.075,pga,2026-08-02,1024,0.5450021405631317,0.33,0.3,0.13,0.0,6.0,63.0,2.436619718309859,-2.7112676056338025,-7.1523945335364285,9.863588782416556,20.0,1.0,-4.26006349369608,9.863588782416556,20.0,-1.5891555965284248,9.863588782416556,20.0,3.562617683682843,9.863588782416556,20.0,-3.760204575084407,9.863588782416556,20.0,-0.1,-0.0,0.0,-0.0,2026-08-06,0.251763511546919,0.0008879552724812,0.0021426138308934,0.2182970825544555,0.0333335012582204,-0.0028976413691317,0.2551036724915583,,0.0372603376861761,-0.0100020063071959,-0.0743914550788079,0.1509460424718343,0.14711230197785,,0.4370493983636258,-0.0417517404398028,-0.0170419957060254,764,0.1720101577503265,pga_ridge_v2,-2.950153167083164,698,-2.950153167083164,0.5368156852470862,1.0,-0.714505555506602,0.039352071567879,-0.0101857587319608,0.0,weekly_pga_core,False,0.0247547013827484,0.1120015935146334,0.1548921903793603,-0.0357619726676821,-0.0,0.0,0.6929359109726859,2026-08-03 10:00,2026-08-03 10:00
Sedgefield Country Club,1,2026-08-09,2026-08-06,13,Wyndham Championship,2026-08-03 19:01:12 UTC,no,pga,-14400,0,USA,17639,86.0,143.0,"blair, zac",40058,274,117.0,0.0,0.0,0.0,0.0,0.0,0.0,1990-08-20,8.5,35,2.477023047090928,0.4839868683397128,-0.4065476190476187,0.4905410904091863,0.1406,pga,2026-08-02,1225,0.4839868683397128,-0.0499999999999999,0.35,-0.01,0.0,3.0,65.0,-0.563380281690141,-2.7112676056338025,-4.931992425119723,5.390411770989625,10.0,1.0,3.053902679624985,5.390411770989625,10.0,-4.091819503709338,5.390411770989625,10.0,-3.97068870804094,5.390411770989625,10.0,1.9948073138631253,5.390411770989625,10.0,0.0763475669906246,-0.0,-0.0,0.0,2026-08-06,0.486491949091648,0.0005936892742395,0.0024617842856426,0.2996195840132072,0.1851195398719687,-0.0013026483534102,0.234762521938062,-0.0095703593702971,0.1068408805676053,-0.0358116596407232,-0.0554639118551436,,,0.1053535672877442,0.2777062612404941,-0.0008692670931987,0.0069816390393789,627,0.0909412964359319,pga_ridge_v2,-2.950153167083164,698,-2.950153167083164,1.1303043759731208,1.0,9.974331340281685,0.0,-0.0745171496329337,0.0,weekly_pga_core,False,0.0307109173098214,0.0303492650571065,0.1657672131156048,-0.0493199242511972,0.0,0.0,0.4552137324718297,2026-08-03 10:00,2026-08-03 10:00
Sedgefield Country Club,1,2026-08-09,2026-08-06,13,Wyndham Championship,2026-08-03 19:01:12 UTC,no,pga,-14400,0,USA,24956,201.0,119.0,"blanchet, chandler",54788,144,106.0,0.0,0.0,0.0,0.0,0.0,0.0,1995-02-01,-6.5,31,3.1863441038430205,-0.3063285592136444,0.4684523809523813,0.4397645096997001,0.1546,pga,2026-08-02,961,-0.3063285592136444,1.31,0.4,0.45,0.0,6.0,57.0,2.436619718309859,-2.7112676056338025,0.0,0.0,0.0,0.0,0.0,0.0,0.0,0.0,0.0,0.0,0.0,0.0,0.0,0.0,0.0,0.0,0.0,0.0,0.0,0.0,2026-08-06,0.327513643112029,-0.001473641780843,0.0001521445651732,0.1057713116427984,0.2110362166418563,0.0120276120430441,-0.1967276679166558,-0.0085797183526826,0.1168398957226093,0.0111940685941042,0.008737435639994,,,-0.1102791886154829,-0.2146481963429676,0.0007547495581344,-0.006451931360715,365,-0.4391299259578418,pga_ridge_v2,-2.950153167083164,698,-2.950153167083164,-0.7196059713486069,1.0,2.726817598802498,0.0,-0.0301358396122732,0.0,weekly_pga_core,False,0.0307109173098214,-0.0232082615142579,0.1115969626576332,0.0,0.0,0.0,-0.0955485778897708,2026-08-03 10:00,2026-08-03 10:00
Sedgefield Country Club,1,2026-08-09,2026-08-06,13,Wyndham Championship,2026-08-03 19:01:12 UTC,no,pga,-14400,0,USA,13872,34.0,45.0,"bradley, keegan",33141,412,72.0,0.0,0.0,0.0,0.0,0.0,0.0,1986-06-07,3.5,40,2.82750645759174,0.9921684267103444,0.4684523809523813,1.5256855683534836,1.283,pga,2026-08-02,1600,0.9921684267103444,-0.2099999999999999,-0.16,0.0299999999999999,0.0,2.0,63.0,-1.563380281690141,-2.7112676056338025,-1.977944478406525,3.9631010467583314,6.0,1.0,-0.1278821473655855,3.9631010467583314,6.0,-3.044597628022932,3.9631010467583314,6.0,1.4341955798447468,3.9631010467583314,6.0,-0.2304401403460608,3.9631010467583314,6.0,-0.0031970536841396,-0.0,0.0,-0.0,2026-08-06,-0.1679939540782221,0.0001654417871283,0.0026383679062685,-0.0856886510570234,-0.0791671090835325,-0.0059420036310629,0.4870413941494096,,0.0847092245814356,0.0069049067332109,0.05758465230123,0.1801523465035939,0.2263831576776308,,0.8286974972988495,-0.0719173580912148,-0.0292588194297468,797,0.6170495544568131,pga_ridge_v2,-2.950153167083164,698,-2.950153167083164,1.0555411651754063,1.0,4.195714389389343,-0.1488591055145866,-0.1129020071266997,0.0,weekly_pga_core,False,0.0247547013827484,0.0290374501704605,-0.1033547369822739,-0.0098897223920326,0.0,-0.0,0.7692451894777519,2026-08-03 10:00,2026-08-03 10:00
Sedgefield Country Club,1,2026-08-09,2026-08-06,13,Wyndham Championship,2026-08-03 19:01:12 UTC,no,pga,-14400,0,USA,29197,67.0,58.0,"brennan, michael",61522,291,105.0,0.0,0.0,0.0,0.0,0.0,0.0,2002-06-01,-6.5,24,2.582734026068334,0.6355459083184518,1.9684523809523813,0.6355459083184518,0.3733999999999999,pga,2026-08-02,576,0.6355459083184518,0.39,0.65,-0.52,0.0,6.0,67.0,2.436619718309859,-2.7112676056338025,0.0,0.0,0.0,0.0,0.0,0.0,0.0,0.0,0.0,0.0,0.0,0.0,0.0,0.0,0.0,0.0,0.0,0.0,0.0,0.0,2026-08-06,-0.4710423092311854,-0.0007293961072422,0.001920992919555,-0.3116799445399724,-0.1673051423512063,0.0067511808476806,0.2994057363004481,,0.0853407900211557,-0.0037585057356694,0.0691656363178824,0.050100044608326,0.0764393957509644,,0.57244280379998,-0.04150508084274,-0.0146750478089703,95,0.326109573137248,pga_ridge_v2,-2.950153167083164,698,-2.950153167083164,0.936683168208708,1.0,-1.2518843228147607,-0.0153940855164621,0.0519298351885829,0.0,weekly_pga_core,False,0.0247547013827484,-0.0539266931737124,-0.2897988457099082,0.0,-0.0,-0.0,0.2534719662991079,2026-08-03 10:00,2026-08-03 10:00
Sedgefield Country Club,1,2026-08-09,2026-08-06,13,Wyndham Championship,2026-08-03 19:01:12 UTC,no,pga,-14400,0,USA,32152,73.0,94.0,"brown, blades",66417,464,0.0,0.0,0.0,0.0,0.0,0.0,0.0,2007-05-21,-6.5,19,2.562334693896543,0.5002153772044429,0.0,0.5002153772044429,0.3362,kft,2026-08-02,361,0.5002153772044429,0.14,0.0,0.0,0.0,7.0,69.0,3.436619718309859,-2.7112676056338025,0.0,0.0,0.0,0.0,0.0,0.0,0.0,0.0,0.0,0.0,0.0,0.0,0.0,0.0,0.0,0.0,0.0,0.0,0.0,0.0,2026-08-06,0.0907183854342885,0.0009181295519744,0.002714391472577,-0.016777535580133,0.1018568575754189,0.002006542414451,0.2354705836500091,-0.0095648451635883,0.1461134971074586,-0.0118494194892835,0.0242652829331789,,,0.1020698197359184,0.4804897749014591,-0.0011718724697977,0.0124077708986357,151,0.3965584808701241,pga_ridge_v2,-2.950153167083164,698,-2.950153167083164,1.1046000878799132,1.0,0.0,0.0,-0.017251042301072,0.0,weekly_pga_core,False,0.0247547013827484,-0.0539266931737124,0.0558125732408897,0.0,0.0,0.0,0.5071303563513849,2026-08-03 10:00,2026-08-03 10:00
Sedgefield Country Club,1,2026-08-09,2026-08-06,13,Wyndham Championship,2026-08-03 19:01:12 UTC,no,pga,-14400,0,USA,18628,354.0,149.0,"campbell, brian",46443,199,161.0,0.0,0.0,0.0,0.0,0.0,0.0,1993-05-23,-2.5,33,3.043004720224694,-0.881791335393136,0.2184523809523813,0.5143258615925563,0.2095999999999999,pga,2026-08-02,1089,-0.881791335393136,-0.02,-0.4399999999999999,0.17,0.0,3.0,58.0,-0.563380281690141,-2.7112676056338025,-0.6320794711525979,1.5423976924741938,2.0,1.0,0.4317492024083358,1.5423976924741938,2.0,1.1559762484442722,1.5423976924741938,2.0,-0.851002665788782,1.5423976924741938,2.0,-0.5675515083892687,1.5423976924741938,2.0,0.0107937300602083,0.0,-0.0,-0.0,2026-08-06,0.6396016663680689,-0.000240507494689,-0.0013424113666255,0.4074189456441752,0.2317853892381161,0.001980250347092,-0.4275378533483114,-0.0100343955381445,-0.135460580320314,0.0241844606113351,-0.0357426159131723,,,-0.2594160565942378,-0.9076035685790922,0.0015325491884381,-0.0180245360119309,561,-1.0718005286327967,pga_ridge_v2,-2.950153167083164,698,-2.950153167083164,-0.925421166963776,1.0,1.2339334853342256,-0.04527021264423,-0.0471045406527544,0.0,weekly_pga_core,False,0.0307109173098214,-0.0089262544285607,0.2179378013056452,-0.0063207947115259,0.0,-0.0,-0.6742018991037123,2026-08-03 10:00,2026-08-03 10:00
Sedgefield Country Club,1,2026-08-09,2026-08-06,13,Wyndham Championship,2026-08-03 19:01:12 UTC,no,pga,-14400,0,PUR,12909,0.0,0.0,"campos, rafael",32070,53,175.0,0.0,0.0,0.0,0.0,0.0,0.0,1988-04-15,1.5,38,2.46038261266838,-1.377780431097582,-0.0315476190476187,-0.3771239696435738,-0.5794,pga,2026-07-31,1444,-1.377780431097582,-0.0699999999999998,-0.16,0.25,2.0,5.0,35.0,1.436619718309859,-0.7112676056338025,0.5202615808928663,3.952094207955169,8.0,1.0,-0.1749788183662656,3.952094207955169,8.0,1.7961794028755684,3.952094207955169,8.0,0.7140855636647798,3.952094207955169,8.0,0.7066571086916862,3.952094207955169,8.0,-0.0043744704591566,0.0,0.0,0.0,2026-08-06,-0.06105251966242,-0.0016447166861757,-0.0015976658598733,0.0412357183716732,-0.111756847717697,0.0127109922296527,-0.6567301920881917,0.0073576138415467,-0.2293836752366242,0.0299371657492076,-0.0438774854812045,,,-0.4174464075258542,-1.4397753020633894,0.0022690412473569,-0.0302754623021411,620,-1.5041959522121244,pga_ridge_v2,-2.950153167083164,698,-2.950153167083164,-1.50171984748013,1.0,6.169700698636008,0.0,-0.1016259002674849,0.0,weekly_pga_core,False,0.0080566302553038,0.0053557526571364,-0.0208030288209733,0.0052026158089286,0.0,0.0,-1.441963332162994,2026-08-03 10:00,2026-08-03 10:00
Sedgefield Country Club,1,2026-08-09,2026-08-06,13,Wyndham Championship,2026-08-03 19:01:12 UTC,no,pga,-14400,0,USA,27819,90.0,96.0,"castillo, ricky",59440,156,66.0,0.0,0.0,0.0,0.0,0.0,0.0,2001-02-01,-2.5,25,2.3,0.3601415287936099,0.9684523809523812,0.7628211499358276,0.412,pga,2026-08-02,625,0.3601415287936099,0.18,0.26,0.0999999999999999,0.0,3.0,55.0,-0.563380281690141,-2.7112676056338025,4.478774375520317,3.08692817650937,4.0,1.0,-0.227098156931734,3.08692817650937,4.0,-0.5164771505082569,3.08692817650937,4.0,1.2084164509270576,3.08692817650937,4.0,5.49216429858869,3.08692817650937,4.0,-0.0056774539232933,-0.0,0.0,0.0,2026-08-06,-0.0327412935486235,0.0005365708738591,-0.001615290310281,-0.0541856118335517,0.026541164943903,-0.0040181272225529,0.1576196026022773,-0.0148824893222696,0.145686232320949,-0.0112666837214023,0.0352497350783666,,,0.0706005723642546,0.4073432793467448,-0.0005002584228238,0.0096928949761242,282,0.1904476877413692,pga_ridge_v2,-2.950153167083164,698,-2.950153167083164,0.6511586908634694,1.0,-2.298491263964176,0.0,0.0151436734712688,0.0,weekly_pga_core,False,0.0307109173098214,-0.0089262544285607,-0.0111562647552319,0.0447877437552031,-0.0,0.0,0.4627594212279767,2026-08-03 10:00,2026-08-03 10:00
Sedgefield Country Club,1,2026-08-09,2026-08-06,13,Wyndham Championship,2026-08-03 19:01:12 UTC,no,pga,-14400,0,USA,14502,49.0,42.0,"cauley, bud",34021,358,33.0,0.0,0.0,0.0,0.0,0.0,0.0,1990-03-16,9.5,36,2.7205105708867587,0.7311566769087854,-0.7815476190476187,1.0758878541896344,0.7264,pga,2026-07-19,1296,0.7311566769087854,-0.56,-0.21,-0.38,14.0,0.0,65.0,-3.563380281690141,11.288732394366198,-5.078800417911797,3.714213865685221,8.0,1.0,1.5187829611028156,3.714213865685221,8.0,0.8265974371849314,3.714213865685221,8.0,-0.3293075032318718,3.714213865685221,8.0,-5.730762073869496,3.714213865685221,8.0,0.0379695740275703,0.0,-0.0,-0.0,2026-08-06,-0.0794535655123994,4.811115923394207e-05,0.0021777194359795,0.0036492515935797,-0.0776746330053289,-0.0076540146958637,0.3740466130495479,,0.0528645379110293,-0.0033339955257759,0.0476243893648306,0.1019974002339911,0.1390190824729261,,0.5561270351298104,-0.0708596549631124,-0.0253530556635749,470,0.3715935058490855,pga_ridge_v2,-2.950153167083164,698,-2.950153167083164,1.2224514685933463,1.0,-3.93987835359634,-0.1445364668687871,-0.0598782817500515,0.0,weekly_pga_core,False,-0.1030695748481709,0.0788159361769642,-0.0488821303772292,-0.0253940020895589,-0.0,-0.0,0.4575972639918155,2026-08-03 10:00,2026-08-03 10:00
Sedgefield Country Club,1,2026-08-09,2026-08-06,13,Wyndham Championship,2026-08-03 19:01:12 UTC,no,pga,-14400,0,USA,30620,206.0,249.0,"chatfield, davis",59006,208,138.0,0.0,0.0,0.0,0.0,0.0,0.0,1999-06-01,-6.5,27,2.3,-0.1131428340974589,0.0934523809523812,0.1738080467556972,-0.1263999999999999,pga,2026-07-31,729,-0.1131428340974589,0.11,0.13,0.1,2.0,5.0,43.0,1.436619718309859,-0.7112676056338025,0.0,0.0,0.0,0.0,0.0,0.0,0.0,0.0,0.0,0.0,0.0,0.0,0.0,0.0,0.0,0.0,0.0,0.0,0.0,0.0,2026-08-06,0.6837764622803354,0.0003003729662938,0.0008051883894794,0.373569491024695,0.3075906782804538,0.0015107316194132,-0.0594472647148375,-0.0033909605156907,0.0499476916240306,-0.0169944476796079,-0.0535476393347042,,,-0.0898925892312311,-0.1744057129952591,0.0005699715820337,-0.0060729010225649,303,-0.5285612021505979,pga_ridge_v2,-2.950153167083164,698,-2.950153167083164,0.4481368522108617,1.0,0.0,0.0,0.0044224262973129,0.0,weekly_pga_core,False,0.0080566302553038,-0.0232082615142579,0.2329899163961408,0.0,0.0,0.0,0.0434325721419276,2026-08-03 10:00,2026-08-03 10:00
Sedgefield Country Club,1,2026-08-09,2026-08-06,13,Wyndham Championship,2026-08-03 19:01:12 UTC,no,pga,-14400,0,USA,32330,235.0,269.0,"clanton, luke",66743,256,147.0,0.0,0.0,0.0,0.0,0.0,0.0,2003-11-05,1.5,22,2.821214123961692,-0.4189746240748611,-0.1565476190476187,1.69,1.69,pga,2026-08-02,484,-0.4189746240748611,0.48,0.13,0.0399999999999999,0.0,6.0,45.0,2.436619718309859,-2.7112676056338025,1.1547661657352737,5.507631530793509,8.0,1.0,0.403471753454679,5.507631530793509,8.0,2.3029723507017943,5.507631530793509,8.0,2.984693400353012,5.507631530793509,8.0,-1.7783547139866582,5.507631530793509,8.0,0.0100867938363669,0.0,0.0,-0.0,2026-08-06,0.1025738939720711,-0.0011143149566822,0.0014222137346585,0.0793385775646604,0.0178421595811969,0.0050852580482374,-0.2270706828375184,-0.0329715647720983,0.0715375084763703,-0.0020363725404821,-0.0356946603586965,,,-0.1191726715683444,-0.3713045999730537,0.0010485609279062,-0.0096936749991181,137,-0.653894491830463,pga_ridge_v2,-2.950153167083164,698,-2.950153167083164,-0.0524521363526536,1.0,0.0,0.0,-0.017251042301072,0.0,weekly_pga_core,False,0.0307109173098214,0.0053557526571364,0.0349510173270361,0.0115476616573527,0.0,0.0,-0.2887392510217069,2026-08-03 10:00,2026-08-03 10:00
Sedgefield Country Club,1,2026-08-09,2026-08-06,13,Wyndham Championship,2026-08-03 19:01:12 UTC,no,pga,-14400,0,USA,21756,63.0,74.0,"cole, eric",47591,235,45.0,0.0,0.0,0.0,0.0,0.0,0.0,1988-06-12,5.5,38,3.2,0.4471581613848075,1.3434523809523813,1.316784432183591,1.0412,pga,2026-07-31,1444,0.4471581613848075,-0.23,-0.14,-0.14,2.0,1.0,59.0,-2.563380281690141,-0.7112676056338025,-0.5273417915676639,7.401785863501662,12.0,1.0,-1.2779523082951525,7.401785863501662,12.0,6.536763416654087,7.401785863501662,12.0,-2.1685101726777734,7.401785863501662,12.0,-3.631408325054372,7.401785863501662,12.0,-0.0319488077073788,0.0,-0.0,-0.0,2026-08-06,-0.0886371863816416,0.0022914010200495,0.0008291096205331,0.0218249728067604,-0.1065393426283889,-0.0070433272005959,0.2269843466035625,-0.0256902030749301,0.0040173075961384,-0.0225392985489483,-0.0261431150846854,,,0.1834793944582663,0.2518032396348816,-0.0014720173264809,0.0123288910007288,605,0.0474909022553984,pga_ridge_v2,-2.950153167083164,698,-2.950153167083164,0.0115581701684367,1.0,4.856661475285588,-0.060133638969741,-0.0991620659887697,0.0,weekly_pga_core,False,0.0080566302553038,0.0196377597428336,-0.0302022251186837,-0.0052734179156766,0.0,-0.0,0.2440219865986587,2026-08-03 10:00,2026-08-03 10:00
Sedgefield Country Club,1,2026-08-09,2026-08-06,13,Wyndham Championship,2026-08-03 19:01:12 UTC,no,pga,-14400,0,USA,28077,0.0,0.0,"collet, tyler",59570,26,0.0,0.0,0.0,0.0,0.0,0.0,0.0,1995-01-01,-6.5,31,2.7,-2.415790296077948,-0.0315476190476187,-2.415790296077948,-2.454,pga,2026-07-17,961,-2.415790296077948,0.06,0.0,0.0,16.0,0.0,11.0,-3.563380281690141,13.288732394366198,0.0,0.0,0.0,0.0,0.0,0.0,0.0,0.0,0.0,0.0,0.0,0.0,0.0,0.0,0.0,0.0,0.0,0.0,0.0,0.0,2026-08-06,0.0914342593793413,0.0004808916060577,-0.005721085631714,0.1992998934718857,-0.1131823321562498,0.0105568920893617,-1.1608575778796797,0.0471541829866138,-0.3874657025837472,0.0059031982530292,-0.1182371568494578,,,-0.6816512626331713,-2.353093341017514,0.0035485718731425,-0.0442365518831718,30,-2.9562648203577258,pga_ridge_v2,-2.950153167083164,698,-2.950153167083164,-2.1609966487592667,1.0,2.0897820486421885,0.0,-0.017251042301072,0.0,weekly_pga_core,False,-0.1505233791263198,-0.0232082615142579,0.0311552994636452,0.0,0.0,0.0,-2.495669682194447,2026-08-03 10:00,2026-08-03 10:00
Sedgefield Country Club,1,2026-08-09,2026-08-06,13,Wyndham Championship,2026-08-03 19:01:12 UTC,no,pga,-14400,0,USA,28309,108.0,64.0,"coody, pierceson",59836,99,53.0,0.0,0.0,0.0,0.0,0.0,0.0,2000-01-07,-0.5,26,2.9908290969707645,0.3686600706646801,0.9684523809523812,1.34,1.34,pga,2026-07-31,676,0.3686600706646801,-0.39,-0.0499999999999999,-0.48,2.0,5.0,64.0,1.436619718309859,-0.7112676056338025,-6.202670179532772,3.9631010467583314,6.0,1.0,-2.7853539859118706,3.9631010467583314,6.0,1.874766990830496,3.9631010467583314,6.0,-1.213580066983002,3.9631010467583314,6.0,-3.2804763469328773,3.9631010467583314,6.0,-0.0696338496477967,0.0,-0.0,-0.0,2026-08-06,-0.313927562647908,0.0013749029694824,-0.0001521239877516,-0.1445474378426088,-0.1755811966602123,0.0049782928731823,0.2057562367238044,-0.0261431341979951,-0.2011499333140352,-0.0013060145534898,-0.0122144892916245,,,0.1454426519829508,0.1271786814828277,-0.0001545942598715,0.0079333148817644,386,-0.3216503106517581,pga_ridge_v2,-2.950153167083164,698,-2.950153167083164,-0.3646376678608173,1.0,4.783258327320747,-0.0429374635440975,0.0090146435113241,0.0,weekly_pga_core,False,0.0080566302553038,-0.0017852508857121,-0.1069676430976554,-0.0620267017953277,0.0,-0.0,-0.0355442840405637,2026-08-03 10:00,2026-08-03 10:00
Sedgefield Country Club,1,2026-08-09,2026-08-06,13,Wyndham Championship,2026-08-03 19:01:12 UTC,no,pga,-14400,0,USA,27780,266.0,247.0,"crowe, trace",52514,137,156.0,0.0,0.0,0.0,0.0,0.0,0.0,1996-10-09,-2.5,29,2.3,-0.4538328817322349,-0.5315476190476187,0.0268127623505029,-0.2114,pga,2026-07-31,841,-0.4538328817322349,-0.49,-0.2099999999999999,-0.13,2.0,5.0,35.0,1.436619718309859,-0.7112676056338025,5.0223277072086345,2.420703354284138,4.0,1.0,2.114310490575936,2.420703354284138,4.0,0.8690227102669474,2.420703354284138,4.0,0.2652362254440624,2.420703354284138,4.0,1.990350509686367,2.420703354284138,4.0,0.0528577622643984,0.0,0.0,0.0,2026-08-06,-0.186694989772028,-0.0004437764252939,-0.0010020005021368,-0.134618150491057,-0.0558865656036359,0.0052555032500956,-0.1933680671071391,-0.0005231116748866,-0.2208164325568472,0.0186983133001682,0.02109782460329,,,-0.1303921423704159,-0.5305311118009992,0.0006648962423394,-0.0110813144653088,292,-0.8336137999893399,pga_ridge_v2,-2.950153167083164,698,-2.950153167083164,-0.9263586602559676,1.0,0.0,0.0,-0.014811077772199,0.0,weekly_pga_core,False,0.0080566302553038,-0.0089262544285607,-0.0636144302386498,0.0502232770720863,0.0,0.0,-0.5447918891408197,2026-08-03 10:00,2026-08-03 10:00
Sedgefield Country Club,1,2026-08-09,2026-08-06,13,Wyndham Championship,2026-08-03 19:01:12 UTC,no,pga,-14400,0,USA,14509,188.0,211.0,"dahmen, joel",34076,119,119.0,0.0,0.0,0.0,0.0,0.0,0.0,1987-11-11,19.5,38,2.3,-0.0620679060385404,-0.6565476190476187,1.1056499276108362,0.6457999999999999,pga,2026-07-31,1444,-0.0620679060385404,-0.06,0.02,0.15,2.0,5.0,49.0,1.436619718309859,-0.7112676056338025,-3.245108076029354,9.501021345444205,18.0,1.0,2.5854332966992537,9.501021345444205,18.0,3.857070458495622,9.501021345444205,18.0,-0.1717802441576396,9.501021345444205,18.0,-0.49576248298399,9.501021345444205,18.0,0.0646358324174813,0.0,-0.0,-0.0,2026-08-06,0.4325177860004172,-0.0025760301267128,0.0028633902943103,0.1434036748873227,0.2846324092674276,0.0041943416780693,-0.0300097880817942,-0.0215710107615162,0.0242534944965677,0.0388602437193366,0.0086560137999272,,,-0.0450147060229452,-0.1350316299181048,0.0005441423816592,-0.0041355639873725,782,-0.2400766341991597,pga_ridge_v2,-2.950153167083164,698,-2.950153167083164,0.0981368522108618,1.0,-3.2960968312654737,-0.0595617186918441,-0.1066144554619674,0.0,weekly_pga_core,False,0.0080566302553038,0.0696247845427738,0.1473760627325694,-0.0324510807602935,-0.0,-0.0,0.0575747668522487,2026-08-03 10:00,2026-08-03 10:00
Sedgefield Country Club,1,2026-08-09,2026-08-06,13,Wyndham Championship,2026-08-03 19:01:12 UTC,no,pga,-14400,0,AUS,17786,0.0,317.0,"davis, cameron",45157,56,191.0,0.0,0.0,0.0,0.0,0.0,0.0,1995-02-21,11.5,31,3.2,-1.0672271671519815,0.8434523809523813,1.1015931706330155,0.8155999999999999,pga,2026-07-31,961,-1.0672271671519815,0.47,0.1099999999999999,-0.0099999999999999,2.0,2.0,29.0,-1.563380281690141,-0.7112676056338025,4.497852329482626,7.152898682428551,14.0,1.0,-2.3988107961484832,7.152898682428551,14.0,0.2278105721035865,7.152898682428551,14.0,3.828855030131476,7.152898682428551,14.0,4.116731749785741,7.152898682428551,14.0,-0.059970269903712,0.0,0.0,0.0,2026-08-06,-0.0956114338073372,-0.0004977456013858,-0.0025955413082291,0.0230018489471059,-0.1202189936889743,0.0046989978441462,-0.5171246396490253,-0.0214918642473536,-0.2150853266091882,-0.0020300662684547,-0.0469640180614122,,,-0.3755786262400753,-1.2407260744182211,0.0025444517363097,-0.0357546491591084,679,-1.5867312282580244,pga_ridge_v2,-2.950153167083164,698,-2.950153167083164,-1.4098643624402958,1.0,-9.517470684400076,0.0160191955084839,-0.0292413359199127,0.0,weekly_pga_core,False,0.0080566302553038,0.0410607703713794,-0.0325786294178604,0.0449785232948262,-0.0,0.0,-1.179208779914572,2026-08-03 10:00,2026-08-03 10:00
Sedgefield Country Club,1,2026-08-09,2026-08-06,13,Wyndham Championship,2026-08-03 19:01:12 UTC,no,pga,-14400,0,AUS,9771,77.0,61.0,"day, jason",28089,113,75.0,0.0,0.0,0.0,0.0,0.0,0.0,1987-11-12,-5.5,38,2.935234328785444,0.3988835000713975,-0.4065476190476187,1.9088040123456795,1.9242857142857144,pga,2026-07-17,1444,0.3988835000713975,-0.07,-0.4,0.16,16.0,0.0,45.0,-3.563380281690141,13.288732394366198,0.0,0.3745259040641812,1.0,1.0,0.6625794111429483,0.3745259040641812,1.0,0.0813811185686669,0.3745259040641812,1.0,0.0350154686973764,0.3745259040641812,1.0,-0.0522033757099683,0.3745259040641812,1.0,0.0165644852785737,0.0,0.0,-0.0,2026-08-06,0.0887340893403457,0.0011389622885464,-0.0019388709861108,0.0219655966994797,0.0787402930793743,-0.0111718917409439,0.2020426211889551,-0.0393136211821099,-0.0704048861580387,0.0125567260566677,0.0033305337774533,,,0.1640505547766303,0.17630647440841,-0.0007237776803867,0.0101280294629539,639,-0.1388813990315761,pga_ridge_v2,-2.950153167083164,698,-2.950153167083164,-0.4080472890083175,1.0,-9.734788828571366,0.0806206926275376,-0.1053597058337152,0.0,weekly_pga_core,False,-0.1505233791263198,-0.0196377597428336,0.0302352438221525,0.0,-0.0,0.0,0.036380579361409,2026-08-03 10:00,2026-08-03 10:00
Sedgefield Country Club,1,2026-08-09,2026-08-06,13,Wyndham Championship,2026-08-03 19:01:12 UTC,no,pga,-14400,0,CHN,16757,138.0,189.0,"dou, zecheng",37338,88,115.0,0.0,0.0,0.0,0.0,0.0,0.0,1997-01-22,-0.5,29,2.4945907044731928,0.1695594960572444,0.0934523809523812,0.3407306682899633,0.0973999999999999,pga,2026-08-02,841,0.1695594960572444,0.2,0.25,0.1699999999999999,0.0,6.0,49.0,2.436619718309859,-2.7112676056338025,1.13901048141588,1.8941543327081527,4.0,1.0,0.5394037816104547,1.8941543327081527,4.0,0.292047587650495,1.8941543327081527,4.0,2.263888995766622,1.8941543327081527,4.0,-1.2244932300245954,1.8941543327081527,4.0,0.0134850945402613,0.0,0.0,-0.0,2026-08-06,-0.126644977494555,8.475939501870492e-06,-0.0002422144290873,-0.061721049880332,-0.0625882974592073,-0.0021018916654302,0.0833181161285371,-0.0066475877511022,-0.026221985028519,-0.0026172814059418,0.0395615360433698,,,0.0181974343497012,0.0966401764266239,-0.0004062509677386,0.0046659992433729,662,-0.075841217809431,pga_ridge_v2,-2.950153167083164,698,-2.950153167083164,-0.0134903619066889,1.0,0.0,0.0,-0.0132098041850554,0.0,weekly_pga_core,False,0.0307109173098214,-0.0017852508857121,-0.0431529956735337,0.0113901048141588,0.0,0.0,0.0938029519913582,2026-08-03 10:00,2026-08-03 10:00
Sedgefield Country Club,1,2026-08-09,2026-08-06,13,Wyndham Championship,2026-08-03 19:01:12 UTC,no,pga,-14400,0,BEL,22002,149.0,180.0,"dumont de chassart, adrien",50497,51,123.0,0.0,0.0,0.0,0.0,0.0,0.0,2000-03-01,-4.5,26,2.3,0.0474722284183263,-1.1565476190476187,1.1425198456498318,1.0661538461538462,pga,2026-07-31,676,0.0474722284183263,-0.19,-0.0099999999999999,-0.46,2.0,2.0,49.0,-1.563380281690141,-0.7112676056338025,-0.0026289463489649,1.209539327175607,2.0,1.0,1.3031277485441235,1.209539327175607,2.0,-0.3326165678663287,1.209539327175607,2.0,-0.5946794047422163,1.209539327175607,2.0,0.0089041989885359,1.209539327175607,2.0,0.032578193713603,-0.0,-0.0,0.0,2026-08-06,-0.4225684835240134,0.000662119332308,-0.0010014297995965,-0.0715555817526057,-0.3441034279796955,-0.0065701633244236,0.0321640182862966,-0.0222903355587285,-0.052876017920119,-0.01546636093768,-0.0774059270758706,,,0.010398533914115,-0.1137634364001583,-8.9831210552397e-05,0.0021521051061674,281,-0.4907507589674429,pga_ridge_v2,-2.950153167083164,698,-2.950153167083164,-0.3030510232973082,1.0,1.1231766572627075,0.0,0.0096503789962132,0.0,weekly_pga_core,False,0.0080566302553038,-0.0160672579714093,-0.1439859385033051,-2.6289463489649e-05,0.0,0.0,-0.2657862920830586,2026-08-03 10:00,2026-08-03 10:00
Sedgefield Country Club,1,2026-08-09,2026-08-06,13,Wyndham Championship,2026-08-03 19:01:12 UTC,no,pga,-14400,0,USA,28270,341.0,386.0,"dunlap, nick",59866,51,165.0,0.0,0.0,0.0,0.0,0.0,0.0,2003-12-23,-2.5,22,2.4034183800620865,-0.807803201550534,0.3434523809523813,0.6560247873681919,0.3702,pga,2026-07-31,484,-0.807803201550534,-0.2299999999999999,-0.11,-0.4200000000000001,2.0,5.0,39.0,1.436619718309859,-0.7112676056338025,-1.117021545177462,2.7519370196498008,4.0,1.0,-1.437743865016687,2.7519370196498008,4.0,-2.7007711146568685,2.7519370196498008,4.0,2.9892293538086774,2.7519370196498008,4.0,-1.0657071717879978,2.7519370196498008,4.0,-0.0359435966254171,-0.0,0.0,-0.0,2026-08-06,-0.1201380634286964,-0.0001673652693555,3.5047545039229697e-05,0.0800351258090902,-0.1985229108812628,-0.0015179606322076,-0.3695245883158637,-0.01279891347267,-0.2262982134610379,0.0049810541613271,-0.0792809570860127,,,-0.2149486418299301,-0.8836427372397466,0.001233434652275,-0.0170544894718613,207,-1.1606768673059569,pga_ridge_v2,-2.950153167083164,698,-2.950153167083164,-0.9394334974421924,1.0,-14.770503451276817,0.0,0.0300485775840272,0.0,weekly_pga_core,False,0.0080566302553038,-0.0089262544285607,-0.0409358304918815,-0.0111702154517746,-0.0,0.0,-0.9366184073566598,2026-08-03 10:00,2026-08-03 10:00
Sedgefield Country Club,1,2026-08-09,2026-08-06,13,Wyndham Championship,2026-08-03 19:01:12 UTC,no,pga,-14400,0,COL,22833,111.0,59.0,"echavarria, nicolas",51349,213,44.0,0.0,0.0,0.0,0.0,0.0,0.0,1994-08-04,3.5,32,2.95678860177318,0.3159389707477592,0.0934523809523812,0.6742169886850486,0.4256,pga,2026-07-31,1024,0.3159389707477592,-0.1899999999999999,-0.25,0.04,2.0,1.0,65.0,-2.563380281690141,-0.7112676056338025,7.44630757466806,6.454091912912608,10.0,1.0,0.3408462306617049,6.454091912912608,10.0,2.787687519599627,6.454091912912608,10.0,-0.2113700802295164,6.454091912912608,10.0,6.91752330626759,6.454091912912608,10.0,0.0085211557665426,0.0,-0.0,0.0,2026-08-06,0.1321179767737236,0.0012405743596105,0.0005342895597805,0.1176247785162499,0.0111616303472852,0.0015567039907973,0.1657639971837479,-0.0131538397117622,-0.0086628594087107,-0.0014413099347142,0.0106490694643926,,,0.0991965406280709,0.2221170847887925,0.0002256899032881,0.0033043899104054,606,-0.2431125833313356,pga_ridge_v2,-2.950153167083164,698,-2.950153167083164,0.3137229155452926,1.0,-14.389413117022038,0.0352329708058907,-0.0337645932459252,0.0,weekly_pga_core,False,0.0080566302553038,0.012496756199985,0.0450178648447203,0.0744630757466806,-0.0,0.0,0.3621514118354823,2026-08-03 10:00,2026-08-03 10:00
Sedgefield Country Club,1,2026-08-09,2026-08-06,13,Wyndham Championship,2026-08-03 19:01:12 UTC,no,pga,-14400,0,USA,26653,150.0,187.0,"eckroat, austin",57362,114,118.0,0.0,0.0,0.0,0.0,0.0,0.0,1999-01-12,5.5,27,2.790622339932006,-0.0419897071860597,-0.5315476190476187,0.96,0.96,pga,2026-08-02,729,-0.0419897071860597,0.03,-0.01,0.1099999999999999,0.0,6.0,55.0,2.436619718309859,-2.7112676056338025,0.2204155344968283,6.109718617182799,12.0,1.0,2.019215980229024,6.109718617182799,12.0,-0.0182173124252137,6.109718617182799,12.0,1.162482180042881,6.109718617182799,12.0,-0.126334066131073,6.109718617182799,12.0,0.0504803995057256,-0.0,0.0,-0.0,2026-08-06,-0.0204458835858674,0.0007844314603884,0.0017286940922317,0.007558491339628,-0.0363896260358276,0.0058721255577119,-0.0261223264903872,-0.018729409574683,-0.0024875586181802,-0.0147577843463976,-0.0559854186233291,,,-0.0272277401172222,-0.1440499021991783,-2.826482231507743e-05,-0.0003980762804222,448,-0.4438004410900317,pga_ridge_v2,-2.950153167083164,698,-2.950153167083164,-0.5507824844344826,1.0,-7.869919284383611,-0.048763249283448,0.0016866766737586,0.0,weekly_pga_core,False,0.0307109173098214,0.0196377597428336,-0.0069667281196401,0.0022041553449682,-0.0,-0.0,-0.098463797921195,2026-08-03 10:00,2026-08-03 10:00
Sedgefield Country Club,1,2026-08-09,2026-08-06,13,Wyndham Championship,2026-08-03 19:01:12 UTC,no,pga,-14400,0,USA,14577,44.0,36.0,"english, harris",34099,280,49.0,0.0,0.0,0.0,0.0,0.0,0.0,1989-07-23,15.5,37,2.3,0.9683316131148992,-1.4065476190476187,1.7791348382900487,1.4628,pga,2026-08-02,1369,0.9683316131148992,-0.5499999999999999,-0.5900000000000001,0.1099999999999999,0.0,2.0,61.0,-1.563380281690141,-2.7112676056338025,-1.2369066290769608,3.605719950498915,10.0,1.0,0.0585872568374605,3.605719950498915,10.0,3.45886699935262,3.605719950498915,10.0,-2.763903299110144,3.605719950498915,10.0,-1.9868590899610263,3.605719950498915,10.0,0.0014646814209365,0.0,-0.0,-0.0,2026-08-06,0.0786617779495484,0.002437963081402,-0.0001646532438614,0.0194095811398147,0.061138360827921,-0.004159473855728,0.5043394021571724,,-0.0492899020429278,-0.0081943419309698,0.0629847957146402,0.2053989497002784,0.2707362066585482,,0.8167989217957954,-0.0660640049963189,-0.0338667260175051,767,0.3349592675082387,pga_ridge_v2,-2.950153167083164,698,-2.950153167083164,0.4501621052749803,1.0,33.708098742403884,0.08463456346432,-0.069245457447122,0.0,weekly_pga_core,False,0.0247547013827484,0.128594422183468,0.0483949997792661,-0.0061845331453848,0.0,0.0,1.012358511995893,2026-08-03 10:00,2026-08-03 10:00
Sedgefield Country Club,1,2026-08-09,2026-08-06,13,Wyndham Championship,2026-08-03 19:01:12 UTC,no,pga,-14400,0,CAN,21883,163.0,183.0,"ewart, a.j.",50286,97,100.0,0.0,0.0,0.0,0.0,0.0,0.0,1995-01-01,-6.5,31,2.4472689962403797,0.1749316158887363,-0.0315476190476187,0.6923062771490627,0.67625,pga,2026-07-31,961,0.1749316158887363,-0.12,-0.2199999999999999,-0.06,2.0,5.0,56.0,1.436619718309859,-0.7112676056338025,0.0,0.0,0.0,0.0,0.0,0.0,0.0,0.0,0.0,0.0,0.0,0.0,0.0,0.0,0.0,0.0,0.0,0.0,0.0,0.0,2026-08-06,-0.0622916792013773,0.0018010223842924,0.0007914646412217,0.077698427186889,-0.1416124340800073,-0.0009701593337734,0.1008233501408916,-0.0135067581415092,-0.0664423044714874,-0.0083820867588061,-0.0599470533311872,,,0.0835987397568983,0.0471681923629961,-0.0001761728559463,0.0054406202335784,70,-0.4609557555612381,pga_ridge_v2,-2.950153167083164,698,-2.950153167083164,-0.135219932529008,1.0,0.0,0.0,0.005759857790564,0.0,weekly_pga_core,False,0.0080566302553038,-0.0232082615142579,-0.0212252599057057,0.0,0.0,0.0,0.0107913011983362,2026-08-03 10:00,2026-08-03 10:00
Sedgefield Country Club,1,2026-08-09,2026-08-06,13,Wyndham Championship,2026-08-03 19:01:12 UTC,no,pga,-14400,0,USA,11676,154.0,134.0,"finau, tony",29725,102,89.0,0.0,0.0,0.0,0.0,0.0,0.0,1989-09-14,-2.5,36,2.8842607326399463,0.0534326713765186,0.0934523809523812,2.069706818217949,1.9794,pga,2026-08-02,1296,0.0534326713765186,-0.49,-0.55,-0.1599999999999999,0.0,3.0,63.0,-0.563380281690141,-2.7112676056338025,1.761749997922356,3.08692817650937,4.0,1.0,1.7693864621765187,3.08692817650937,4.0,0.2430144185741848,3.08692817650937,4.0,-0.8499317503867134,3.08692817650937,4.0,2.710559354679246,3.08692817650937,4.0,0.0442346615544129,0.0,-0.0,0.0,2026-08-06,-0.311828527805489,-9.29841230533854e-05,-7.340913084259633e-05,-0.1703180095552805,-0.1371848416751435,-0.0041592833211689,0.0538507284285604,-0.040379569476998,-0.1923378991360812,0.0114841837769543,0.0183074752762819,,,0.0674536476270882,-0.1627063746399453,0.0001547954664077,0.0035655301736844,833,-0.3059309876475113,pga_ridge_v2,-2.950153167083164,698,-2.950153167083164,-0.3625127504035321,1.0,-1.825979786782895,0.017709244589809,-0.0848052667758432,0.0,weekly_pga_core,False,0.0307109173098214,-0.0089262544285607,-0.1062524181967911,0.0176174999792235,-0.0,0.0,-0.2295566299762521,2026-08-03 10:00,2026-08-03 10:00
Sedgefield Country Club,1,2026-08-09,2026-08-06,13,Wyndham Championship,2026-08-03 19:01:12 UTC,no,pga,-14400,0,USA,25094,170.0,209.0,"fishburn, patrick",54576,115,145.0,0.0,0.0,0.0,0.0,0.0,0.0,1992-07-21,-0.5,34,2.813217476148954,-0.0123697150337425,0.8434523809523813,0.7262985422429652,0.489,pga,2026-08-02,1156,-0.0123697150337425,0.58,0.43,-0.07,0.0,6.0,49.0,2.436619718309859,-2.7112676056338025,6.388546806475759,4.296467503684977,6.0,1.0,-0.5584628094000123,4.296467503684977,6.0,2.458097951094179,4.296467503684977,6.0,0.8505081901443289,4.296467503684977,6.0,1.8268991620502848,4.296467503684977,6.0,-0.0139615702350003,0.0,0.0,0.0,2026-08-06,-0.112319360074437,-0.0002469118450509,-0.0004701449029685,-0.1333038756005409,0.0190384480744674,0.0026631241996558,-0.0157747720335391,-0.0141699404907955,0.0202134543049709,0.0137053637936632,0.0450549200108668,,,-0.0236703469360776,-0.0314719249060408,0.0004046393205204,-0.0030877978675366,522,-0.3096090137812848,pga_ridge_v2,-2.950153167083164,698,-2.950153167083164,-0.0801366119596131,1.0,-0.9795820067650536,0.0,-0.0541474450081133,0.0,weekly_pga_core,False,0.0307109173098214,-0.0017852508857121,-0.0382716863726762,0.0638854680647575,-0.0,0.0,0.0230675232101498,2026-08-03 10:00,2026-08-03 10:00
Sedgefield Country Club,1,2026-08-09,2026-08-06,13,Wyndham Championship,2026-08-03 19:01:12 UTC,no,pga,-14400,0,USA,26657,158.0,86.0,"fisk, steven",57123,68,69.0,0.0,0.0,0.0,0.0,0.0,0.0,1997-04-17,-2.5,29,2.522336934371231,0.1253429926940738,-0.4065476190476187,0.3485432343516008,0.1224,pga,2026-07-31,841,0.1253429926940738,-0.06,-0.39,0.0,2.0,2.0,55.0,-1.563380281690141,-0.7112676056338025,-0.1878933107549238,3.08692817650937,4.0,1.0,1.430947186100235,3.08692817650937,4.0,-3.681819508940114,3.08692817650937,4.0,0.7961653547805222,3.08692817650937,4.0,2.8104540679512646,3.08692817650937,4.0,0.0357736796525058,-0.0,0.0,0.0,2026-08-06,-0.1082374780762054,0.0012333119497599,-0.0014187175145483,-0.1181350112786464,0.0094948507678558,0.0005880879993734,0.0837696911931584,-0.0068000093652665,-0.1971287737030983,0.001557614539158,0.0422525993044012,,,0.0569182908983137,-0.0285923395105724,-0.00016889886435,0.0018530944396085,365,-0.3094781559585333,pga_ridge_v2,-2.950153167083164,698,-2.950153167083164,-0.0969945765421925,1.0,-3.1119097532238333,0.0,-0.0108459479524976,0.0,weekly_pga_core,False,0.0080566302553038,-0.0089262544285607,-0.0368808263504765,-0.0018789331075492,-0.0,0.0,-0.0682217231418551,2026-08-03 10:00,2026-08-03 10:00
Sedgefield Country Club,1,2026-08-09,2026-08-06,13,Wyndham Championship,2026-08-03 19:01:12 UTC,no,pga,-14400,0,ENG,25362,37.0,68.0,"fitzpatrick, alex",55721,539,19.0,0.0,0.0,0.0,0.0,0.0,0.0,1999-01-02,-6.5,27,2.7740587296521944,0.8793342941474596,-0.1565476190476187,0.9310413835723418,0.6164000000000001,pga,2026-07-19,729,0.8793342941474596,-0.18,-0.51,-0.08,14.0,0.0,53.0,-3.563380281690141,11.288732394366198,0.0,0.0,0.0,0.0,0.0,0.0,0.0,0.0,0.0,0.0,0.0,0.0,0.0,0.0,0.0,0.0,0.0,0.0,0.0,0.0,2026-08-06,-0.0290342493759896,0.0003041396368338,0.004567136464384,-0.0117410447758566,-0.0206595429503205,-0.0015049377510303,0.4541024141110111,,0.0011527777551591,0.0074498667152818,0.0933869037064924,0.0844455348302894,0.1064643975055539,,0.6372462274092427,-0.0998329201780088,-0.042112269475742,339,0.721036608914969,pga_ridge_v2,-2.950153167083164,698,-2.950153167083164,1.322451468593346,1.0,3.342660821109007,0.047521360180911,0.0321895224392057,0.0,weekly_pga_core,False,-0.1030695748481709,-0.0539266931737124,-0.0178627095492728,0.0,0.0,0.0,0.4623872498380866,2026-08-03 10:00,2026-08-03 10:00
Sedgefield Country Club,1,2026-08-09,2026-08-06,13,Wyndham Championship,2026-08-03 19:01:12 UTC,no,pga,-14400,0,USA,11451,303.0,265.0,"garnett, brice",29535,78,131.0,0.0,0.0,0.0,0.0,0.0,0.0,1983-09-06,17.5,42,2.7472670877028675,-0.6144801910673171,-0.9065476190476188,0.4366181243279755,0.2478,pga,2026-07-31,1764,-0.6144801910673171,-0.6699999999999999,-0.26,-0.1,2.0,5.0,41.0,1.436619718309859,-0.7112676056338025,-4.594723967008118,7.339857731050335,16.0,1.0,-1.3733832606173393,7.339857731050335,16.0,1.5682745757231222,7.339857731050335,16.0,-0.62527102890085,7.339857731050335,16.0,-0.2064086667002569,7.339857731050335,16.0,-0.0343345815154334,0.0,-0.0,-0.0,2026-08-06,0.3813839619209259,-0.0001175456265457,-0.0007244818048696,0.1989153895646865,0.178259804188853,0.0050507955988016,-0.2734707628226827,-0.0085183333911606,-0.1787423254734112,0.0026755976449097,-0.0075397898800809,,,-0.1309394336290536,-0.7784398784344202,0.0011435874530047,-0.0191527590492163,698,-1.075508515730268,pga_ridge_v2,-2.950153167083164,698,-2.950153167083164,-0.4837309693888778,1.0,5.818986477917925,0.0,-0.1638956592867291,0.0,weekly_pga_core,False,0.0080566302553038,0.0624837809999252,0.1299527291513511,-0.0459472396700811,0.0,0.0,-0.6238939776979212,2026-08-03 10:00,2026-08-03 10:00
Sedgefield Country Club,1,2026-08-09,2026-08-06,13,Wyndham Championship,2026-08-03 19:01:12 UTC,no,pga,-14400,0,USA,29767,21.0,25.0,"gerard, ryan",59018,867,16.0,0.0,0.0,0.0,0.0,0.0,0.0,1999-08-02,-2.5,27,2.702204566245438,1.2404462178912676,0.3434523809523813,1.2404462178912676,0.9692,pga,2026-08-02,729,1.2404462178912676,0.32,0.01,-0.1299999999999999,0.0,2.0,67.0,-1.563380281690141,-2.7112676056338025,-4.276592156051828,2.488858074593293,4.0,1.0,-0.4166405181978269,2.488858074593293,4.0,-1.4106292017041666,2.488858074593293,4.0,1.5147857226320225,2.488858074593293,4.0,-1.702302247832958,2.488858074593293,4.0,-0.0104160129549456,-0.0,0.0,-0.0,2026-08-06,0.0498193015818033,0.0026740744180284,0.0021518145420732,-0.0385097228086934,0.0835006395460505,2.4958843444921067e-06,0.5964780583684386,,0.1672616215952278,-0.0215353350610842,0.1091269006608377,0.1349387412236584,0.2239258099687827,,1.1228484697212358,-0.0843050416570623,-0.0389173003670981,374,0.8866932374082138,pga_ridge_v2,-2.950153167083164,698,-2.950153167083164,1.5888329243986945,1.0,11.325938286164511,-0.0262728701198482,0.035875014989535,0.0,weekly_pga_core,False,0.0247547013827484,-0.0207410358360432,0.0306502745285127,-0.0213829607802591,0.0,-0.0,1.1361294490161946,2026-08-03 10:00,2026-08-03 10:00
Sedgefield Country Club,1,2026-08-09,2026-08-06,13,Wyndham Championship,2026-08-03 19:01:12 UTC,no,pga,-14400,0,USA,24550,64.0,155.0,"ghim, doug",52375,327,97.0,0.0,0.0,0.0,0.0,0.0,0.0,1996-04-16,13.5,30,2.3,0.6611095683008413,-0.1565476190476187,0.8001338344144102,0.4894,pga,2026-08-02,900,0.6611095683008413,-0.2099999999999999,0.02,0.0999999999999999,0.0,3.0,45.0,-0.563380281690141,-2.7112676056338025,-5.296854830151564,7.687103902397089,16.0,1.0,0.3032269362630516,7.687103902397089,16.0,-0.2654612665843692,7.687103902397089,16.0,-1.104170724958561,7.687103902397089,16.0,-1.0513745913827544,7.687103902397089,16.0,0.0075806734065762,-0.0,-0.0,-0.0,2026-08-06,0.0472681884636463,-0.0004999620910119,0.0009768179805331,-0.0926501850591279,0.1431953534553983,-0.0037538358221452,0.3222165800146307,,0.1069157072175772,-0.0030652182860876,0.1751577692488644,0.0687190634285727,0.1007405051665457,,0.7055462165605801,-0.049396388710719,-0.0243694700513627,659,0.6253262761358803,pga_ridge_v2,-2.950153167083164,698,-2.950153167083164,1.3047325037003863,1.0,-4.909184771006833,-0.0094102586202116,0.0086276685325586,0.0,weekly_pga_core,False,0.0247547013827484,0.1120015935146334,0.0290807559896706,-0.0264842741507578,-0.0,-0.0,0.8448989932968749,2026-08-03 10:00,2026-08-03 10:00
Sedgefield Country Club,1,2026-08-09,2026-08-06,13,Wyndham Championship,2026-08-03 19:01:12 UTC,no,pga,-14400,0,USA,7399,172.0,100.0,"glover, lucas",25900,301,96.0,0.0,0.0,0.0,0.0,0.0,0.0,1979-11-12,17.5,46,2.875547420031192,0.1515751032974621,-1.2815476190476187,1.1176106295077075,1.0539999999999998,pga,2026-07-31,2116,0.1515751032974621,-1.1,-0.0899999999999999,-0.08,2.0,2.0,60.0,-1.563380281690141,-0.7112676056338025,-1.3768669018711108,7.226177176412688,16.0,1.0,2.011395062387987,7.226177176412688,16.0,1.116979452388232,7.226177176412688,16.0,3.208594862308136,7.226177176412688,16.0,-5.035316105101404,7.226177176412688,16.0,0.0502848765596996,0.0,0.0,-0.0,2026-08-06,0.3298079455965945,-0.0024661888128638,0.0035413894082172,0.162619236115799,0.1653203593224645,0.0007931495629774,0.1200219456064845,-0.0244014649968819,-0.1795126968461529,0.0331360877712552,0.0013773183830226,,,0.0309219561130262,-0.2463199314359069,0.0005217866889071,-0.0066117069712907,803,-0.5826656866799645,pga_ridge_v2,-2.950153167083164,698,-2.950153167083164,-0.1841736824760835,1.0,-2.743284281198567,-0.124142481446296,-0.2217731571842769,0.0,weekly_pga_core,False,0.0080566302553038,0.0624837809999252,0.1123787230333614,-0.0137686690187111,-0.0,-0.0,-0.0771694661660275,2026-08-03 10:00,2026-08-03 10:00
Sedgefield Country Club,1,2026-08-09,2026-08-06,13,Wyndham Championship,2026-08-03 19:01:12 UTC,no,pga,-14400,0,USA,23465,103.0,84.0,"greyserman, max",51977,130,99.0,0.0,0.0,0.0,0.0,0.0,0.0,1995-05-31,-0.5,31,2.6809946828902764,0.3401981081141167,-0.1565476190476187,1.3071986584749005,0.9678,pga,2026-08-02,961,0.3401981081141167,0.18,0.3299999999999999,-0.35,0.0,6.0,61.0,2.436619718309859,-2.7112676056338025,5.544213315228343,3.9631010467583314,6.0,1.0,-0.6766974212316481,3.9631010467583314,6.0,0.7804007798410422,3.9631010467583314,6.0,0.3010409898733194,3.9631010467583314,6.0,1.6967672330845025,3.9631010467583314,6.0,-0.0169174355307912,0.0,0.0,0.0,2026-08-06,-0.5447324662659598,0.0007198309216159,-0.0017557977041065,-0.229550138230409,-0.3131074862830694,-0.0010388749699907,0.1586128103346873,-0.0255031865313048,0.0412000341969648,-0.0232382926718658,0.0380409904431222,,,0.0764839533946091,0.2412653667450903,2.055000001082365e-05,0.0022367757402241,541,-0.0968116151169196,pga_ridge_v2,-2.950153167083164,698,-2.950153167083164,0.3211084844351692,1.0,13.563072757457068,0.0348497968048654,-0.0265882681613573,0.0,weekly_pga_core,False,0.0307109173098214,-0.0017852508857121,-0.1856120805187002,0.0554421331522834,0.0,0.0,0.1400210858027829,2026-08-03 10:00,2026-08-03 10:00
Sedgefield Country Club,1,2026-08-09,2026-08-06,13,Wyndham Championship,2026-08-03 19:01:12 UTC,no,pga,-14400,0,USA,24968,23.0,20.0,"griffin, ben",54591,721,36.0,0.0,0.0,0.0,0.0,0.0,0.0,1996-05-06,7.5,30,2.3276300903133618,1.2794008838841866,-0.1565476190476187,1.7073589634844062,1.5082,pga,2026-07-31,900,1.2794008838841866,-0.52,-0.3799999999999999,-0.18,2.0,1.0,67.0,-2.563380281690141,-0.7112676056338025,5.7841504645621455,7.953617985792079,14.0,1.0,-0.3633523149028431,6.454091912912607,10.0,1.2522809723485124,6.454091912912607,10.0,-3.324911129028245,6.454091912912607,10.0,6.456921336489248,6.454091912912607,10.0,-0.009083807872571,0.0,-0.0,0.0,2026-08-06,-0.1262898920122466,0.0019829892024811,0.0015517543038733,-0.0347439639550765,-0.086345677515819,-0.0087349940477055,0.6476674368017064,,0.0519228626461585,-0.0032011357469202,-0.0070299375017761,0.2117737872149028,0.286709124126954,,1.077385989375147,-0.0857351912667897,-0.034275535345921,519,0.7184364809681786,pga_ridge_v2,-2.950153167083164,698,-2.950153167083164,1.1098123321391828,1.0,5.354707850049083,-0.0376248186434301,0.0095545784468326,0.0,weekly_pga_core,False,0.0064940904926171,0.0622231075081297,-0.0776971924023401,0.0289207523228107,0.0,-0.0,1.0973267472963644,2026-08-03 10:00,2026-08-03 10:00
Sedgefield Country Club,1,2026-08-09,2026-08-06,13,Wyndham Championship,2026-08-03 19:01:12 UTC,no,pga,-14400,0,USA,15330,277.0,233.0,"griffin, lanto",35310,33,155.0,0.0,0.0,0.0,0.0,0.0,0.0,1988-06-15,3.5,38,2.596258362684781,-0.5151049095816197,-0.6565476190476187,1.085302025506915,0.8596,pga,2026-07-31,1444,-0.5151049095816197,-0.71,-0.64,-0.01,2.0,5.0,43.0,1.436619718309859,-0.7112676056338025,4.841179815189896,3.686637585572439,6.0,1.0,1.387194823357892,3.686637585572439,6.0,0.3910410756577989,3.686637585572439,6.0,-0.3441637188981315,3.686637585572439,6.0,5.487905766507772,3.686637585572439,6.0,0.0346798705839473,0.0,-0.0,0.0,2026-08-06,0.0888823922535983,-0.0006010142507596,0.000256191316882,0.1042106995302458,-0.0136099049523936,-0.0013735793903761,-0.209470775387516,-0.0211740272374501,-0.3435747322914352,0.0434187148153119,-0.0217339686411057,,,-0.0738843199160803,-0.7351315992412721,0.0009181962882773,-0.0104686208825041,717,-0.963741103031402,pga_ridge_v2,-2.950153167083164,698,-2.950153167083164,-1.1610304672159537,1.0,-5.533288694699305,0.0,-0.0991620659887697,0.0,weekly_pga_core,False,0.0080566302553038,0.012496756199985,0.0302857765404692,0.0484117981518989,-0.0,0.0,-0.6358806380936151,2026-08-03 10:00,2026-08-03 10:00
Sedgefield Country Club,1,2026-08-09,2026-08-06,13,Wyndham Championship,2026-08-03 19:01:12 UTC,no,pga,-14400,0,ARG,12808,79.0,99.0,"grillo, emiliano",31646,341,104.0,0.0,0.0,0.0,0.0,0.0,0.0,1992-09-14,3.5,33,2.966149236712356,0.5949988876145474,0.3434523809523813,1.077257635299886,0.8415384615384615,pga,2026-08-02,1089,0.5949988876145474,0.32,-0.1,0.0199999999999999,0.0,3.0,55.0,-0.563380281690141,-2.7112676056338025,-3.484708929711731,5.507631530793509,8.0,1.0,-0.6159243999995516,5.507631530793509,8.0,1.2380091281693006,5.507631530793509,8.0,-1.6985328081355802,5.507631530793509,8.0,-1.6332625335694348,5.507631530793509,8.0,-0.0153981099999887,0.0,-0.0,-0.0,2026-08-06,0.3353120995230079,0.0003581123705913,0.0015673552091519,0.1343913735178347,0.1986565623506031,0.0003386960748266,0.2824690739469752,,0.1117899478195463,-0.0191217110531626,0.0461125215186222,0.1699020571078321,0.0146073264757694,,0.5577688147184504,-0.0122531456358433,-0.0067823539065739,832,0.2191229068718907,pga_ridge_v2,-2.950153167083164,698,-2.950153167083164,1.5320716775362633,1.0,-11.000991670747162,0.018487285112854,-0.028954901554715,0.0,weekly_pga_core,False,0.0247547013827484,0.0290374501704605,0.2062936969567238,-0.0174235446485586,-0.0,0.0,0.8004311185798246,2026-08-03 10:00,2026-08-03 10:00
Sedgefield Country Club,1,2026-08-09,2026-08-06,13,Wyndham Championship,2026-08-03 19:01:12 UTC,no,pga,-14400,0,ENG,27194,92.0,88.0,"hall, harry",57975,109,62.0,0.0,0.0,0.0,0.0,0.0,0.0,1997-08-06,1.5,29,2.498562770461405,0.3946016490997072,0.3434523809523813,1.3672105236138752,1.182,pga,2026-07-31,841,0.3946016490997072,-0.2199999999999999,-0.0999999999999999,-0.1499999999999999,2.0,1.0,57.0,-2.563380281690141,-0.7112676056338025,-3.062376568665388,5.242927885804077,8.0,1.0,-7.755287464707267,5.242927885804077,8.0,-1.2088911721373548,5.242927885804077,8.0,-0.1018687859091729,5.242927885804077,8.0,3.359884687639421,5.242927885804077,8.0,-0.1,-0.0,-0.0,0.0,2026-08-06,-0.1992697951775567,0.0014157971702915,-0.0004503290188131,0.0233565681044098,-0.2165802388559196,-0.0070115925775254,0.2014959348425162,-0.0266740061162304,-0.1071799830818699,-0.0178380430791353,-0.0730440925358159,,,0.1635032635179927,0.1358500741455609,-0.0003649399485208,0.0044796972443532,560,-0.2543769247204117,pga_ridge_v2,-2.950153167083164,698,-2.950153167083164,-0.1612762234927963,1.0,-15.01655955630593,0.0410094796097812,-0.0085277566977289,0.0,weekly_pga_core,False,0.0080566302553038,0.0053557526571364,-0.0678991680466188,-0.0306237656866538,-0.0,0.0,0.0507395233247284,2026-08-03 10:00,2026-08-03 10:00
Sedgefield Country Club,1,2026-08-09,2026-08-06,13,Wyndham Championship,2026-08-03 19:01:12 UTC,no,pga,-14400,0,USA,8825,56.0,60.0,"harman, brian",27644,386,63.0,0.0,0.0,0.0,0.0,0.0,0.0,1987-01-19,11.5,39,2.992235900175572,0.5788793803379106,-0.0315476190476187,1.501499342845096,1.2392,pga,2026-07-26,1521,0.5788793803379106,0.02,-0.19,0.1399999999999999,7.0,4.0,67.0,0.436619718309859,4.288732394366198,-6.511023657681946,5.482215682262098,14.0,1.0,-3.0247114941005484,5.482215682262098,14.0,-2.6658695151066856,5.482215682262098,14.0,0.1826761045797218,5.482215682262098,14.0,0.7183506838090786,5.482215682262098,14.0,-0.0756177873525137,-0.0,0.0,0.0,2026-08-06,0.2155705676684838,0.001130995573731,0.0021327586477451,0.1196935246576629,0.0943465262488274,-0.0017332374594828,0.2730159124068939,,0.1120972797908363,-0.0092223613095525,-0.0193637149938899,0.1740021728661368,0.1098355888463835,,0.4532383648905579,-0.0629390654601244,-0.0204722974354407,857,0.3232788015426363,pga_ridge_v2,-2.950153167083164,698,-2.950153167083164,0.855929651398945,1.0,3.511387777914398,0.2993206388050584,-0.103715149820685,0.0,weekly_pga_core,False,-0.0391574367327112,0.0954087648457988,0.1326252450259096,-0.0325551182884097,0.0,0.0,0.6095598197411455,2026-08-03 10:00,2026-08-03 10:00
Sedgefield Country Club,1,2026-08-09,2026-08-06,13,Wyndham Championship,2026-08-03 19:01:12 UTC,no,pga,-14400,0,RSA,24342,251.0,117.0,"higgo, garrick",54421,33,163.0,0.0,0.0,0.0,0.0,0.0,0.0,1999-05-12,1.5,27,2.4792762098189938,-0.351250559743233,-0.4065476190476187,1.000141300301426,0.275,pga,2026-07-31,729,-0.351250559743233,-0.4099999999999999,0.24,-0.0399999999999999,2.0,3.0,53.0,-0.563380281690141,-0.7112676056338025,-5.450899895885616,4.447686173524241,8.0,1.0,-1.5308315257154503,4.447686173524241,8.0,-0.7622944691367046,4.447686173524241,8.0,-0.2271804596784252,4.447686173524241,8.0,-2.889189011375874,4.447686173524241,8.0,-0.0382707881428862,-0.0,-0.0,-0.0,2026-08-06,-0.11074054856277,0.0004235724354927,-0.0028399272150334,-0.0938509074748577,-0.0174963634431263,0.0030230771347547,-0.1476922269169697,-0.0195125583811474,-0.2024732949296279,-0.0270543139628177,0.0111627740062544,,,-0.0432360094323729,-0.4419886975799246,0.0014110745733291,-0.0190165688338853,485,-0.9825032065895234,pga_ridge_v2,-2.950153167083164,698,-2.950153167083164,-0.4124141943751168,1.0,-13.925976269639207,-0.1096446426856078,0.0044224262973129,0.0,weekly_pga_core,False,0.0080566302553038,0.0053557526571364,-0.0377337223121969,-0.0545089989588561,-0.0,-0.0,-0.5208190359385374,2026-08-03 10:00,2026-08-03 10:00
Sedgefield Country Club,1,2026-08-09,2026-08-06,13,Wyndham Championship,2026-08-03 19:01:12 UTC,no,pga,-14400,0,USA,28469,331.0,194.0,"highsmith, joe",60067,55,150.0,0.0,0.0,0.0,0.0,0.0,0.0,2000-04-19,-2.5,26,2.754686918547411,-0.663132383823238,-0.0315476190476187,0.6891537677351174,0.3674,pga,2026-08-02,676,-0.663132383823238,0.2099999999999999,0.47,0.0499999999999999,0.0,6.0,57.0,2.436619718309859,-2.7112676056338025,-3.0952573654575724,2.7519370196498008,4.0,1.0,-0.8048585454922451,2.7519370196498008,4.0,-0.2140397064045299,2.7519370196498008,4.0,-2.166101666066904,2.7519370196498008,4.0,1.7065719796128422,2.7519370196498008,4.0,-0.0201214636373061,-0.0,-0.0,0.0,2026-08-06,0.0038853238504315,-0.0014578085612535,-0.0008238278560072,0.0360224945259054,-0.0309576953651156,0.0011021611069025,-0.3284086120489,-0.0134452533081739,0.0194296747407249,0.0054860902741393,-0.0106132767453399,,,-0.2781607822025768,-0.6096162212078289,0.0012818049594117,-0.0154669074717952,304,-0.7741132772143384,pga_ridge_v2,-2.950153167083164,698,-2.950153167083164,-0.3694174170167,1.0,1.513428506573115,-0.0652567216762283,0.0102810405946812,0.0,weekly_pga_core,False,0.0307109173098214,-0.0089262544285607,0.0013238848205816,-0.0309525736545757,0.0,-0.0,-0.6174602471605622,2026-08-03 10:00,2026-08-03 10:00
Sedgefield Country Club,1,2026-08-09,2026-08-06,13,Wyndham Championship,2026-08-03 19:01:12 UTC,no,pga,-14400,0,JPN,20954,490.0,323.0,"hirata, kensei",49120,61,167.0,0.0,0.0,0.0,0.0,0.0,0.0,1995-01-01,-6.5,31,2.854912848637266,-1.3554464342152426,-1.1565476190476187,0.1408888185593949,0.0269230769230769,pga,2026-07-31,961,-1.3554464342152426,-0.52,-0.33,-0.04,2.0,5.0,41.0,1.436619718309859,-0.7112676056338025,0.0,0.0,0.0,0.0,0.0,0.0,0.0,0.0,0.0,0.0,0.0,0.0,0.0,0.0,0.0,0.0,0.0,0.0,0.0,0.0,2026-08-06,0.2972094075072624,-0.0012650231855239,-0.0030139273282197,0.2093028343708684,0.0923872771159265,-0.0002017534657888,-0.6352124200107805,-0.0027487129034292,-0.3291172614813313,0.0328865857083166,-0.0226513743834646,,,-0.2551745493397961,-1.2191605835876844,0.0017370894016221,-0.0234335435429901,147,-1.4406387794233415,pga_ridge_v2,-2.950153167083164,698,-2.950153167083164,-1.5565073291529248,1.0,0.0,0.0,0.0145536029641688,0.0,weekly_pga_core,False,0.0080566302553038,-0.0232082615142579,0.1012711007575948,0.0,0.0,0.0,-1.1330411140890435,2026-08-03 10:00,2026-08-03 10:00
Sedgefield Country Club,1,2026-08-09,2026-08-06,13,Wyndham Championship,2026-08-03 19:01:12 UTC,no,pga,-14400,0,JPN,22760,74.0,66.0,"hisatsune, ryo",51287,386,42.0,0.0,0.0,0.0,0.0,0.0,0.0,2002-09-09,-0.5,23,2.8262702305368634,0.4891573243451426,-0.4065476190476187,0.7522235034660665,0.62,pga,2026-08-02,529,0.4891573243451426,-0.1599999999999999,-0.27,0.12,0.0,2.0,77.0,-1.563380281690141,-2.7112676056338025,0.204177720574588,3.9631010467583314,6.0,1.0,1.8216925319006527,3.9631010467583314,6.0,0.9478546799921084,3.9631010467583314,6.0,-1.5738312145839664,3.9631010467583314,6.0,3.360759121225235,3.9631010467583314,6.0,0.0455423132975163,0.0,-0.0,0.0,2026-08-06,0.0417619276837378,-0.0004370438731309,0.0018293517624475,-0.0593355444204506,0.0960271771447787,0.0036779870700931,0.2387031567376825,-0.0146757313417906,0.0659504295065582,0.011582651251021,0.0384569571054122,,,0.0920817542657816,0.4692917884610079,-0.0003909764839063,0.013688794388639,404,0.3260845237654592,pga_ridge_v2,-2.950153167083164,698,-2.950153167083164,0.9055411651754068,1.0,4.580954145248321,-0.1450350079248192,0.0238947530316102,0.0,weekly_pga_core,False,0.0307109173098214,-0.0017852508857121,0.0142299546362369,0.0020417772057458,0.0,-0.0,0.5144891867271,2026-08-03 10:00,2026-08-03 10:00
Sedgefield Country Club,1,2026-08-09,2026-08-06,13,Wyndham Championship,2026-08-03 19:01:12 UTC,no,pga,-14400,0,USA,25157,120.0,130.0,"hodges, lee",54628,131,101.0,0.0,0.0,0.0,0.0,0.0,0.0,1995-06-14,3.5,31,2.465596369315783,0.3229641201004848,-0.2815476190476187,0.6946758513156019,0.4639999999999999,pga,2026-07-31,961,0.3229641201004848,-0.02,0.0499999999999999,0.0799999999999999,2.0,2.0,43.0,-1.563380281690141,-0.7112676056338025,-3.41225574767994,5.795993576564448,10.0,1.0,-0.9633668464452392,5.795993576564448,10.0,1.0856035594434454,5.795993576564448,10.0,-0.9633534464006278,5.795993576564448,10.0,-0.7607171117427892,5.795993576564448,10.0,-0.0240841711611309,0.0,-0.0,-0.0,2026-08-06,0.3315376286373023,0.0004931520735109,0.0009163515529433,0.1099570776716446,0.2151592410369492,0.0050118063022541,0.1525222432590705,-0.0135529880634703,0.0739358889148379,-0.0291110510938031,0.0213419662483165,,,0.0428255409883947,0.2227846808218722,-0.0003439479041689,0.0008810884873758,655,-0.0271887100586985,pga_ridge_v2,-2.950153167083164,698,-2.950153167083164,0.5871566204080793,1.0,-10.532257950924544,-0.0199688956419567,-0.0257140600146809,0.0,weekly_pga_core,False,0.0080566302553038,0.012496756199985,0.1129680950420181,-0.0341225574767994,-0.0,-0.0,0.3221836048423798,2026-08-03 10:00,2026-08-03 10:00
Sedgefield Country Club,1,2026-08-09,2026-08-06,13,Wyndham Championship,2026-08-03 19:01:12 UTC,no,pga,-14400,0,PHI,23504,134.0,103.0,"hoey, rico",51696,126,112.0,0.0,0.0,0.0,0.0,0.0,0.0,1995-09-19,1.5,30,2.510221452803578,0.0309573838786016,0.5934523809523813,0.72699350665552,0.5048,pga,2026-08-02,900,0.0309573838786016,0.26,0.0,-0.12,0.0,6.0,65.0,2.436619718309859,-2.7112676056338025,-0.7973910712182048,5.507631530793509,8.0,1.0,1.07094446807294,5.507631530793509,8.0,2.4747207018675024,5.507631530793509,8.0,-0.8122506225149126,5.507631530793509,8.0,-2.3047233237955003,5.507631530793509,8.0,0.0267736117018235,0.0,-0.0,-0.0,2026-08-06,-0.1776721236807471,-0.001615211220029,0.0006100937495906,-0.1892612602899709,0.0112695698945592,0.0013246841851029,-0.0023299967740091,-0.0141834991086315,0.0640667421673162,0.0323518664001173,0.0120805440720483,,,0.0313324245570044,0.0978259918522397,-0.0002621412015691,-0.0012490828794456,563,-0.0807489322119719,pga_ridge_v2,-2.950153167083164,698,-2.950153167083164,-0.4312189548059544,1.0,-8.502402915985462,0.0,-0.0239808653805911,0.0,weekly_pga_core,False,0.0307109173098214,0.0053557526571364,-0.0605399798411466,-0.007973910712182,-0.0,0.0,0.0653787712658689,2026-08-03 10:00,2026-08-03 10:00
Sedgefield Country Club,1,2026-08-09,2026-08-06,13,Wyndham Championship,2026-08-03 19:01:12 UTC,no,pga,-14400,0,USA,15575,185.0,124.0,"hoge, tom",35532,112,79.0,0.0,0.0,0.0,0.0,0.0,0.0,1989-05-25,8.5,37,2.939794507726075,-0.0833755910449829,0.2184523809523813,1.1538122678561842,0.9614,pga,2026-07-31,1369,-0.0833755910449829,-0.2,-0.21,0.29,2.0,2.0,65.0,-1.563380281690141,-0.7112676056338025,-0.1274475023030196,1.5619862550984889,6.0,1.0,0.6744925863899426,1.5619862550984889,6.0,0.0594241894821538,1.5619862550984889,6.0,2.11074642149189,1.5619862550984889,6.0,-1.5304760587548625,1.5619862550984889,6.0,0.0168623146597485,0.0,0.0,-0.0,2026-08-06,0.1561462631726812,-0.0007777810833343,0.0031808279418801,0.1172656950555484,0.0341287489511584,0.0023487723074286,-0.0288422881448227,-0.0225106484760129,-0.06370279783005,0.0159380995794852,-0.0326920175121912,,,-0.0570551137129731,-0.2853586506305752,0.0006571087968168,-0.0088250242184358,869,-0.5436120415047045,pga_ridge_v2,-2.950153167083164,698,-2.950153167083164,-0.1147892862330568,1.0,-5.710567924810992,-0.1436689326678551,-0.0883259691123912,0.0,weekly_pga_core,False,0.0080566302553038,0.0303492650571065,0.0532052605040643,-0.0012744750230301,-0.0,-0.0,-0.1950219698371307,2026-08-03 10:00,2026-08-03 10:00
Sedgefield Country Club,1,2026-08-09,2026-08-06,13,Wyndham Championship,2026-08-03 19:01:12 UTC,no,pga,-14400,0,DEN,23838,93.0,77.0,"hojgaard, rasmus",52686,213,103.0,0.0,0.0,0.0,0.0,0.0,0.0,2001-03-12,-2.5,25,2.675441190108239,0.2240375065982769,1.5934523809523813,1.0781367123279988,0.8814,pga,2026-08-02,625,0.2240375065982769,0.46,0.33,0.01,0.0,5.0,51.0,1.436619718309859,-2.7112676056338025,3.007158436271649,3.08692817650937,4.0,1.0,-2.4681700988180486,3.08692817650937,4.0,2.6849850849608714,3.08692817650937,4.0,0.1649013643530282,3.08692817650937,4.0,1.3477245058819745,3.08692817650937,4.0,-0.0617042524704512,0.0,0.0,0.0,2026-08-06,-0.4789760892683262,0.0006078686036151,-0.0009391091652125,-0.289871688811726,-0.1931276098693003,0.0043544499742975,0.0772536764787313,-0.0210342333986389,0.1894923509694276,-0.0107004139110329,0.0277162481387348,,,0.0503507957946621,0.330474956445434,-9.593820772094978e-05,0.0017638004893231,558,0.0168949374560206,pga_ridge_v2,-2.950153167083164,698,-2.950153167083164,-0.0343043381730721,1.0,-26.061476609647528,0.047501399526044,0.0157286700919477,0.0,weekly_pga_core,False,0.0307109173098214,-0.0089262544285607,-0.1632062598677538,0.0300715843627164,-0.0,0.0,0.2191249438216573,2026-08-03 10:00,2026-08-03 10:00
Sedgefield Country Club,1,2026-08-09,2026-08-06,13,Wyndham Championship,2026-08-03 19:01:12 UTC,no,pga,-14400,0,USA,11276,126.0,176.0,"horschel, billy",29420,416,107.0,0.0,0.0,0.0,0.0,0.0,0.0,1986-12-07,21.5,39,2.5855377015690864,0.1909258010075575,-0.0315476190476187,1.386380155858866,1.212,pga,2026-07-31,1521,0.1909258010075575,0.1399999999999999,0.07,0.16,2.0,4.0,59.0,0.436619718309859,-0.7112676056338025,8.76301987645046,6.776660605907182,16.0,1.0,1.688394509763607,6.776660605907182,16.0,3.795605569938302,6.776660605907182,16.0,-2.4609399041184736,6.776660605907182,16.0,5.527462207708702,6.776660605907182,16.0,0.0422098627440901,0.0,-0.0,0.0,2026-08-06,0.1157723171828043,-0.0001675080983213,0.0025161048622262,0.033330952294461,0.0748498000294844,0.005242968094954,0.0869873910611906,-0.0273137222964128,0.053580929538294,0.0048111720261129,-0.009392445425038,,,0.0030101019225069,-0.0088575594277898,8.053338949836853e-05,-0.0024859926387598,780,-0.1962540521190596,pga_ridge_v2,-2.950153167083164,698,-2.950153167083164,0.5182151956151694,1.0,-3.840279443318986,0.0706166324743322,-0.1181355270051822,0.0,weekly_pga_core,False,0.0080566302553038,0.0767657880856224,0.0394482465972195,0.0876301987645046,-0.0,0.0,0.2030433042748606,2026-08-03 10:00,2026-08-03 10:00
Sedgefield Country Club,1,2026-08-09,2026-08-06,13,Wyndham Championship,2026-08-03 19:01:12 UTC,no,pga,-14400,0,USA,15470,137.0,165.0,"hossler, beau",35461,78,122.0,0.0,0.0,0.0,0.0,0.0,0.0,1995-03-16,11.5,31,2.3,0.0745630225724651,0.8434523809523813,0.9062818577127572,0.7547999999999999,pga,2026-08-02,961,0.0745630225724651,-0.03,-0.22,0.17,0.0,6.0,51.0,2.436619718309859,-2.7112676056338025,7.473338622941418,8.13509944333017,16.0,1.0,-1.2079218430904302,8.13509944333017,16.0,-0.6370681083935072,8.13509944333017,16.0,2.217554913406365,8.13509944333017,16.0,8.404577749422813,8.13509944333017,16.0,-0.0301980460772607,-0.0,0.0,0.0,2026-08-06,0.0094006320274961,0.0008902829535306,-0.0018240898955718,-0.0280671168470306,0.0409270190491459,-0.0025254632325779,0.0362508588390897,-0.0176813792741738,-0.0008798358179557,0.0024318216414943,0.0287038945273849,,,0.0368053371433807,0.0616918347495753,-0.0003958801406791,0.0048089239450075,821,0.0557199508534156,pga_ridge_v2,-2.950153167083164,698,-2.950153167083164,0.0868156852470858,1.0,6.123661761181942,0.0,-0.0283519061139733,0.0,weekly_pga_core,False,0.0307109173098214,0.0410607703713794,0.0032031703209743,0.0747333862294141,0.0,0.0,0.2114000789811647,2026-08-03 10:00,2026-08-03 10:00
Sedgefield Country Club,1,2026-08-09,2026-08-06,13,Wyndham Championship,2026-08-03 19:01:12 UTC,no,pga,-14400,0,USA,35195,0.0,0.0,"hrabak, cooper",66830,17,0.0,0.0,0.0,0.0,0.0,0.0,0.0,1995-01-01,-6.5,31,2.3,-6.353999999999999,0.0,0.0,0.0,0,,961,-6.353999999999999,0.0,0.0,0.0,2.711267605633803,0.0,0.0,0.0,4.440892098500626e-16,0.0,0.0,0.0,0.0,0.0,0.0,0.0,0.0,0.0,0.0,0.0,0.0,0.0,0.0,0.0,0.0,0.0,0.0,0.0,0.0,2026-08-06,0.1917097790427663,0.0,0.0,-0.0,0.1917097790427663,-0.0,,,,,,,,,0.0,,,2,-3.290537850374847,tour_prior_shrunk_partial,-2.950153167083164,698,-2.950153167083164,-6.353999999999999,0.1,0.0,0.0,,-3.290537850374847,tour_prior_shrunk_partial,True,0.0,0.0,0.0,0.0,0.0,0.0,-3.290537850374847,2026-08-03 10:00,2026-08-03 10:00
Sedgefield Country Club,1,2026-08-09,2026-08-06,13,Wyndham Championship,2026-08-03 19:01:12 UTC,no,pga,-14400,0,USA,16333,203.0,138.0,"hubbard, mark",36801,154,116.0,0.0,0.0,0.0,0.0,0.0,0.0,1989-05-24,17.5,37,2.5449881732918445,-0.1978817904789086,-0.5315476190476187,0.7715967974591318,0.5392,pga,2026-08-02,1369,-0.1978817904789086,0.32,0.02,-0.03,0.0,3.0,53.0,-0.563380281690141,-2.7112676056338025,6.490293162567426,8.904887993024337,20.0,1.0,2.997189426316708,8.904887993024337,20.0,3.54984387336163,8.904887993024337,20.0,2.5254005463208578,8.904887993024337,20.0,0.2517573365490637,8.904887993024337,20.0,0.0749297356579177,0.0,0.0,0.0,2026-08-06,0.1337144230411483,-0.0024002211478993,0.0009605332658763,0.0918153406720888,0.044807184603461,-0.0014684143523785,-0.1015631110361577,-0.0150537004647144,-0.0584601623483646,0.0403441131316593,0.0058255574848935,,,-0.0763471305799497,-0.2992572176470549,0.0003600372223734,-0.0060368519444034,870,-0.4435419561881816,pga_ridge_v2,-2.950153167083164,698,-2.950153167083164,-0.6745403619066892,1.0,-6.495517626045388,-0.0512262154277513,-0.0883259691123912,0.0,weekly_pga_core,False,0.0307109173098214,0.0624837809999252,0.045561837769933,0.0649029316256742,-0.0,-0.0,-0.0955977499417008,2026-08-03 10:00,2026-08-03 10:00
Sedgefield Country Club,1,2026-08-09,2026-08-06,13,Wyndham Championship,2026-08-03 19:01:12 UTC,no,pga,-14400,0,CAN,15556,122.0,150.0,"hughes, mackenzie",35506,95,120.0,0.0,0.0,0.0,0.0,0.0,0.0,1990-11-23,13.5,35,2.370210475830904,0.2125959098792642,-0.4065476190476187,0.9436176169887016,0.662,pga,2026-07-31,1225,0.2125959098792642,-0.17,0.02,-0.08,2.0,5.0,55.0,1.436619718309859,-0.7112676056338025,-1.920053183242043,5.316609696463947,12.0,1.0,-1.2927379016651557,5.316609696463947,12.0,-1.9746599878582416,5.316609696463947,12.0,4.578687873592704,5.316609696463947,12.0,-2.846465979224908,5.316609696463947,12.0,-0.0323184475416288,-0.0,0.0,-0.0,2026-08-06,-0.201585045034219,0.001506595520625,-0.0021200305790219,-0.1011937927124098,-0.0900133767387107,-0.0097644405247015,0.1062013300372733,-0.0184097925317373,0.045118068022361,-0.0154461440579273,0.0065348152068572,,,0.0581496962302484,0.1163193106425035,-0.0003298637137581,0.0045777756211065,781,-0.1470366087281219,pga_ridge_v2,-2.950153167083164,698,-2.950153167083164,0.1981368522108618,1.0,-17.903134135898476,0.0746438632401177,-0.0700765741719202,0.0,weekly_pga_core,False,0.0080566302553038,0.048201773914228,-0.0686880660276066,-0.0192005318324204,-0.0,0.0,0.0846891169520082,2026-08-03 10:00,2026-08-03 10:00
Sedgefield Country Club,1,2026-08-09,2026-08-06,13,Wyndham Championship,2026-08-03 19:01:12 UTC,no,pga,-14400,0,KOR,17488,89.0,75.0,"im, sungjae",39971,517,57.0,0.0,0.0,0.0,0.0,0.0,0.0,1998-03-30,21.5,28,2.948240550160529,0.3906406214834872,-0.6565476190476187,1.8381210509569632,1.6192000000000002,pga,2026-08-02,784,0.3906406214834872,0.51,-0.01,0.0199999999999999,0.0,8.0,65.0,4.0,-2.7112676056338025,4.546165645714774,11.06374597072192,24.0,1.0,2.275160923903476,11.06374597072192,24.0,2.2451795073492944,11.06374597072192,24.0,-0.5382191913993715,11.06374597072192,24.0,5.586025204857334,11.06374597072192,24.0,0.0568790230975868,0.0,-0.0,0.0,2026-08-06,0.0369461245320922,0.0008164891043042,-0.0030681651325616,-0.0252639090812745,0.071975237767009,-0.0075135281253847,0.1655920410042823,-0.0358613770950207,0.1745864246846595,-0.0066555091123987,0.0369905779859014,,,0.1016593512919402,0.4417088950224326,-0.0007710536720925,0.0101968090567195,861,0.3682542414817789,pga_ridge_v2,-2.950153167083164,698,-2.950153167083164,0.4171223409925844,1.0,-29.946888729080253,-0.221032491651838,-0.0040283691215586,0.0,weekly_pga_core,False,0.0307109173098214,0.0767657880856224,0.0125890184011107,0.0454616564571477,-0.0,-0.0,0.6072362752761351,2026-08-03 10:00,2026-08-03 10:00
Sedgefield Country Club,1,2026-08-09,2026-08-06,13,Wyndham Championship,2026-08-03 19:01:12 UTC,no,pga,-14400,0,GER,16394,125.0,104.0,"jaeger, stephan",36799,91,77.0,0.0,0.0,0.0,0.0,0.0,0.0,1989-05-30,11.5,37,3.2,0.1818436658016932,0.8434523809523813,0.8697100722614584,0.7928000000000001,pga,2026-08-02,1369,0.1818436658016932,-0.0899999999999999,0.15,-0.06,0.0,6.0,56.0,2.436619718309859,-2.7112676056338025,-1.0195099962000462,6.145617425237425,12.0,1.0,2.228543265598754,6.145617425237425,12.0,-1.0648941710896067,6.145617425237425,12.0,-1.1093680913757078,6.145617425237425,12.0,-0.4593880051012493,6.145617425237425,12.0,0.0557135816399688,-0.0,-0.0,-0.0,2026-08-06,-0.3318030955548174,-8.80752817784601e-05,0.0007886466758962,-0.1278985887219891,-0.1973496176097794,-0.0072554606171666,0.0788710306115433,-0.0169678709943875,0.0745184675667442,0.0073475430362409,-0.0474928690343279,,,0.037899919660656,0.0489760163751379,-6.970608154793293e-05,0.0031954707226081,797,0.0328890896038166,pga_ridge_v2,-2.950153167083164,698,-2.950153167083164,-0.3362412866504338,1.0,-19.56259640947235,-0.0484896315286439,-0.0883259691123912,0.0,weekly_pga_core,False,0.0307109173098214,0.0410607703713794,-0.1130585502102342,-0.0101950999620004,-0.0,-0.0,-0.0025059461158958,2026-08-03 10:00,2026-08-03 10:00
Sedgefield Country Club,1,2026-08-09,2026-08-06,13,Wyndham Championship,2026-08-03 19:01:12 UTC,no,pga,-14400,0,USA,29827,98.0,353.0,"james, ben",57869,267,141.0,0.0,0.0,0.0,0.0,0.0,0.0,2004-01-01,-6.5,22,2.7,0.5162343627123157,-0.5315476190476187,0.5334812352547789,0.1826470588235294,pga,2026-08-02,484,0.5162343627123157,-0.06,0.05,-0.0699999999999999,0.0,5.0,27.0,1.436619718309859,-2.7112676056338025,0.0,0.0,0.0,0.0,0.0,0.0,0.0,0.0,0.0,0.0,0.0,0.0,0.0,0.0,0.0,0.0,0.0,0.0,0.0,0.0,2026-08-06,0.1212992836007587,-0.00102667858774,0.0009851772071204,0.0094484537968645,0.1132482298280387,-0.0013558986435248,0.2607133192161767,,0.0495583194330568,-0.0106427697782836,0.0538996396577189,0.0245938865535504,0.0632250165017509,,0.4011104565284741,-0.0306494690579149,-0.0200626473118804,48,-0.1675007708399055,pga_ridge_v2,-2.950153167083164,698,-2.950153167083164,0.5853037043728212,1.0,6.314495083548104,0.0,0.0104751613142993,0.0,weekly_pga_core,False,0.0247547013827484,-0.0539266931737124,0.0746268258371798,0.0,0.0,0.0,0.25,2026-08-03 10:00,2026-08-03 10:00
Sedgefield Country Club,1,2026-08-09,2026-08-06,13,Wyndham Championship,2026-08-03 19:01:12 UTC,no,pga,-14400,0,JPN,19729,189.0,171.0,"kanaya, takumi",47917,68,143.0,0.0,0.0,0.0,0.0,0.0,0.0,1998-05-23,-4.5,28,2.595543678240108,-0.1608122132998606,-0.1565476190476187,0.4587228990885119,0.3755555555555555,pga,2026-07-31,784,-0.1608122132998606,-0.36,-0.08,-0.26,2.0,5.0,53.0,1.436619718309859,-0.7112676056338025,-1.3639139149484525,1.5423976924741938,2.0,1.0,0.2681724498568454,1.5423976924741938,2.0,0.7401748661371115,1.5423976924741938,2.0,-0.0650306907562167,1.5423976924741938,2.0,-2.206822601563672,1.5423976924741938,2.0,0.0067043112464211,0.0,-0.0,-0.0,2026-08-06,0.2803737965483471,0.0011293534422023,-0.003764366224531,0.2059120566585183,0.0830937884254077,-0.0059970357532503,-0.0667493710202176,-0.0089495927690778,-0.0745247078438049,-0.0134552049467652,-0.0272125089715025,,,-0.0443305919496482,-0.2437521280883264,0.0006013993672629,-0.0065623856003696,261,-0.6251073388934927,pga_ridge_v2,-2.950153167083164,698,-2.950153167083164,-0.007535456922048,1.0,-19.65265208573004,-0.0405112250066678,-0.0025691643542032,0.0,weekly_pga_core,False,0.0080566302553038,-0.0160672579714093,0.0955345365349623,-0.0136391391494845,-0.0,-0.0,-0.1698673584189541,2026-08-03 10:00,2026-08-03 10:00
Sedgefield Country Club,1,2026-08-09,2026-08-06,13,Wyndham Championship,2026-08-03 19:01:12 UTC,no,pga,-14400,0,USA,21889,380.0,275.0,"kang, jeffrey",47393,28,162.0,0.0,0.0,0.0,0.0,0.0,0.0,1991-06-24,-6.5,35,2.583073070763814,-0.855917628709496,-0.4065476190476187,-0.2536593266673497,-0.6883999999999999,pga,2026-07-31,1225,-0.855917628709496,-0.3400000000000001,-0.24,0.25,2.0,5.0,41.0,1.436619718309859,-0.7112676056338025,0.0,0.0,0.0,0.0,0.0,0.0,0.0,0.0,0.0,0.0,0.0,0.0,0.0,0.0,0.0,0.0,0.0,0.0,0.0,0.0,2026-08-06,-0.1109177379284821,-0.001977839308205,-0.001248953015961,0.0255817395182749,-0.1316059892923021,-0.0016666958302887,-0.393413363637807,0.0049488431474907,-0.2319129495834219,0.0297746207430173,-0.0004979469959122,,,-0.2056446904330904,-0.8786496700370431,0.0018245982529343,-0.019088764240128,211,-1.305124975150907,pga_ridge_v2,-2.950153167083164,698,-2.950153167083164,-0.90841802937107,1.0,0.0,0.0,-0.064640017290126,0.0,weekly_pga_core,False,0.0080566302553038,-0.0232082615142579,-0.037794097797141,0.0,0.0,0.0,-0.9315953990931384,2026-08-03 10:00,2026-08-03 10:00
Sedgefield Country Club,1,2026-08-09,2026-08-06,13,Wyndham Championship,2026-08-03 19:01:12 UTC,no,pga,-14400,0,USA,32457,101.0,65.0,"keefer, johnny",63454,146,74.0,0.0,0.0,0.0,0.0,0.0,0.0,2001-06-01,-6.5,25,2.9252849838979125,0.410818532187727,0.0934523809523812,1.0166666666666666,1.03,pga,2026-08-02,625,0.410818532187727,-0.63,0.22,0.04,0.0,6.0,63.0,2.436619718309859,-2.7112676056338025,0.0,0.0,0.0,0.0,0.0,0.0,0.0,0.0,0.0,0.0,0.0,0.0,0.0,0.0,0.0,0.0,0.0,0.0,0.0,0.0,2026-08-06,-0.2012523227860567,-0.000686432208507,0.0021429907292075,-0.1916484422055148,-0.0158655261741443,0.004805087072902,0.2204486532173407,-0.0198349650009664,0.0026586684335148,-0.010677630630164,0.0219647376050091,,,0.1223195963055108,0.3530662531517758,-0.0005264069476024,0.0021599972049643,166,0.0205375132086046,pga_ridge_v2,-2.950153167083164,698,-2.950153167083164,0.7066211873344429,1.0,-22.41094109862751,0.1105752273352147,0.0145536029641688,0.0,weekly_pga_core,False,0.0307109173098214,-0.0232082615142579,-0.0685746942854382,0.0,-0.0,0.0,0.2919942146619011,2026-08-03 10:00,2026-08-03 10:00
Sedgefield Country Club,1,2026-08-09,2026-08-06,13,Wyndham Championship,2026-08-03 19:01:12 UTC,no,pga,-14400,0,USA,17543,59.0,51.0,"kim, michael",39975,408,59.0,0.0,0.0,0.0,0.0,0.0,0.0,1993-07-14,16.5,33,3.2,0.6676691861831107,0.3434523809523813,1.0065483163364035,0.7939999999999999,pga,2026-08-02,1089,0.6676691861831107,0.68,0.43,0.15,0.0,8.0,73.0,4.0,-2.7112676056338025,-2.64618486179467,8.47700814000458,17.0,1.0,4.196084557562327,8.47700814000458,17.0,-1.0388550933430931,8.47700814000458,17.0,-4.752793313681357,8.47700814000458,17.0,0.0098736127255592,8.47700814000458,17.0,0.1,-0.0,-0.0,0.0,2026-08-06,0.0260237566559415,0.0013606055013415,0.0016369619946991,0.0528581966727633,-0.0277585816939986,-0.0020734258188637,0.3006509163363287,,0.1154001143482051,-0.0077096613885033,0.0001182175955176,0.1114894490443129,0.1185295907954186,,0.5486683574371714,-0.0532808784406073,-0.0166348007827786,747,0.4325890662579398,pga_ridge_v2,-2.950153167083164,698,-2.950153167083164,0.7771438222230924,1.0,-14.141009368175771,-0.0200009140556369,-0.0198945900707224,0.0,weekly_pga_core,False,0.0247547013827484,0.1368908365178853,0.0160105673994264,-0.0132309243089733,-0.0,-0.0,0.7130935384282584,2026-08-03 10:00,2026-08-03 10:00
Sedgefield Country Club,1,2026-08-09,2026-08-06,13,Wyndham Championship,2026-08-03 19:01:12 UTC,no,pga,-14400,0,KOR,24766,46.0,33.0,"kim, tom",55182,670,34.0,0.0,0.0,0.0,0.0,0.0,0.0,2002-06-21,-1.5,24,2.438066646628492,0.8633637657438726,-0.6565476190476187,1.6141032033541682,1.4631999999999998,pga,2026-07-26,576,0.8633637657438726,0.0399999999999999,-0.08,-0.07,7.0,5.0,57.0,1.436619718309859,4.288732394366198,4.146130703647874,2.270458525871699,5.0,1.0,-1.197867825199313,2.270458525871699,5.0,-0.944081713772446,2.270458525871699,5.0,-1.4160971695725246,2.270458525871699,5.0,3.4411751886982263,2.270458525871699,5.0,-0.0299466956299828,-0.0,-0.0,0.0,2026-08-06,0.2482848455056761,1.6316991628768754e-05,0.0045072284172811,0.1464033850484274,0.1021688893205529,-0.0048109742722141,0.4232337343507389,,0.1271071063362992,-0.0070468811415144,0.0129631898239379,0.2054551156695702,0.1022899308768803,,0.8165814814116023,-0.0718162273357359,-0.0297361248742025,418,0.7408232298316012,pga_ridge_v2,-2.950153167083164,698,-2.950153167083164,1.902757506712116,1.0,15.78147470317904,0.4202056408154201,0.0541316377056287,0.0,weekly_pga_core,False,-0.0391574367327112,-0.0124446215016259,0.1527520144681818,0.0207306535182393,0.0,0.0,0.9384620911636864,2026-08-03 10:00,2026-08-03 10:00
Sedgefield Country Club,1,2026-08-09,2026-08-06,13,Wyndham Championship,2026-08-03 19:01:12 UTC,no,pga,-14400,0,USA,12423,102.0,105.0,"kirk, chris",30926,458,127.0,0.0,0.0,0.0,0.0,0.0,0.0,1985-05-08,11.5,41,2.404873725519681,0.3303757346304463,-0.1565476190476187,1.1149745703968796,0.9262,pga,2026-08-02,1681,0.3303757346304463,0.65,0.2299999999999999,0.19,0.0,3.0,51.0,-0.563380281690141,-2.7112676056338025,4.115145964602245,6.195822592969257,14.0,1.0,-0.0019341511489366,6.195822592969257,14.0,3.0504079658785,6.195822592969257,14.0,3.135834492681626,6.195822592969257,14.0,-0.91676146302378,6.195822592969257,14.0,-4.835377872341659e-05,0.0,0.0,-0.0,2026-08-06,0.0490687206528899,-0.0017701910911007,0.0026080545733748,0.0128911520922599,0.0394421363833552,-0.0041024313049993,0.1298972543668664,-0.0217529327024161,0.1673458918240503,0.0265016905367031,-0.0092204911504977,,,0.0526767836438721,0.209287340736514,-0.0003114040925459,0.003782757565581,701,0.0091130931997379,pga_ridge_v2,-2.950153167083164,698,-2.950153167083164,-0.0219108841607077,1.0,18.52978810913401,-0.0870063353358168,-0.1396322092550992,0.0,weekly_pga_core,False,0.0307109173098214,0.0410607703713794,0.01671967046724,0.0411514596460224,0.0,-0.0,0.3389301585309774,2026-08-03 10:00,2026-08-03 10:00
Sedgefield Country Club,1,2026-08-09,2026-08-06,13,Wyndham Championship,2026-08-03 19:01:12 UTC,no,pga,-14400,0,USA,13470,0.0,447.0,"kizzire, patton",32757,42,164.0,0.0,0.0,0.0,0.0,0.0,0.0,1986-03-03,17.5,40,2.8095870279700565,-1.3290542783628023,-1.0315476190476187,0.7683732888774387,0.4812,pga,2026-07-31,1600,-1.3290542783628023,0.05,0.14,-0.16,2.0,2.0,34.0,-1.563380281690141,-0.7112676056338025,0.3052578925826026,7.5542029126579076,16.0,1.0,0.5691717219507484,7.5542029126579076,16.0,-0.459695665135359,7.5542029126579076,16.0,-0.0019202218763196,7.5542029126579076,16.0,1.920249425206752,7.5542029126579076,16.0,0.0142292930487687,-0.0,-0.0,0.0,2026-08-06,-0.0783600538713923,-0.0014707776566065,-0.0015871657629503,0.1293263240256613,-0.198234930746006,-0.0063935037314908,-0.6190404749166221,-0.0149908104516998,-0.4167023274653306,0.0310690989497898,-0.1113699535983894,,,-0.3223545513375655,-1.615060646617638,0.0016583414356759,-0.034608465468828,715,-1.87199189452238,pga_ridge_v2,-2.950153167083164,698,-2.950153167083164,-2.7250044875331705,1.0,-7.548201237715022,0.0,-0.1287215037646683,0.0,weekly_pga_core,False,0.0080566302553038,0.0624837809999252,-0.026700396119818,0.003052578925826,-0.0,0.0,-1.568168052556401,2026-08-03 10:00,2026-08-03 10:00
Sedgefield Country Club,1,2026-08-09,2026-08-06,13,Wyndham Championship,2026-08-03 19:01:12 UTC,no,pga,-14400,0,USA,16243,69.0,114.0,"koepka, brooks",36689,258,86.0,0.0,0.0,0.0,0.0,0.0,0.0,1990-05-03,-4.5,36,2.7321106806755564,0.4958777180968728,0.7184523809523813,1.954016181135352,1.78625,pga,2026-07-19,1296,0.4958777180968728,-0.15,-0.21,0.27,14.0,0.0,44.0,-3.563380281690141,11.288732394366198,-1.39435787070278,0.4808503421121941,2.0,1.0,-0.2565954797853019,0.4808503421121941,2.0,-0.2089190874781739,0.4808503421121941,2.0,-0.2515741002099876,0.4808503421121941,2.0,-0.8543393301250464,0.4808503421121941,2.0,-0.0064148869946325,-0.0,-0.0,-0.0,2026-08-06,-0.3285748192522806,-0.0004654207140549,0.0018496276661337,-0.1764412319544111,-0.1512426996465776,-0.0022750946033705,0.2348917318016629,-0.0383474309192155,0.0936143107216715,-0.0021275007646048,0.0301867995751772,,,0.1832057488289474,0.4407894177618431,-0.0014717453080327,0.0176053845082036,593,0.3462112405156248,pga_ridge_v2,-2.950153167083164,698,-2.950153167083164,0.654568129785827,1.0,39.39902977835808,-0.0888628021415875,-0.0767678806819666,0.0,weekly_pga_core,False,-0.1278690920718022,-0.0160672579714093,-0.1119585476987068,-0.0139435787070277,0.0,-0.0,0.1709509413128969,2026-08-03 10:00,2026-08-03 10:00
Sedgefield Country Club,1,2026-08-09,2026-08-06,13,Wyndham Championship,2026-08-03 19:01:12 UTC,no,pga,-14400,0,USA,16395,57.0,108.0,"kohles, ben",36884,543,95.0,0.0,0.0,0.0,0.0,0.0,0.0,1990-02-24,1.5,36,2.730141247816422,0.631316494427498,0.5934523809523813,0.631316494427498,0.1447999999999999,pga,2026-08-02,1296,0.631316494427498,0.2299999999999999,0.27,-0.02,0.0,3.0,56.0,-0.563380281690141,-2.7112676056338025,-0.6144976677032981,4.251463092529272,8.0,1.0,-0.3004940180575247,4.251463092529272,8.0,1.6074839934911176,4.251463092529272,8.0,1.3410967017870083,4.251463092529272,8.0,-2.1690862788104672,4.251463092529272,8.0,-0.0075123504514381,0.0,0.0,-0.0,2026-08-06,0.6134811508762035,-0.0006282508050914,0.0041052382384492,0.2426287188223554,0.3679616024152961,-0.0005861577948058,0.2988802367229027,,0.1359132320699388,-0.0144883179794892,0.0324642608852903,0.020332080883648,0.0158762214475221,,0.3673176048487814,-0.0452978550479741,-0.0151647855667022,706,0.4345396455153174,pga_ridge_v2,-2.950153167083164,698,-2.950153167083164,1.5303043759731203,1.0,12.04332699521741,0.0,-0.0611974685663551,0.0,weekly_pga_core,False,0.0247547013827484,0.0124446215016259,0.3774313387663299,-0.0030724883385164,0.0,0.0,0.7788757781609692,2026-08-03 10:00,2026-08-03 10:00
Sedgefield Country Club,1,2026-08-09,2026-08-06,13,Wyndham Championship,2026-08-03 19:01:12 UTC,no,pga,-14400,0,USA,32319,26.0,70.0,"koivun, jackson",66701,831,70.0,0.0,0.0,0.0,0.0,0.0,0.0,2005-05-23,-2.5,21,2.7,1.5517653943504883,0.8434523809523813,1.5517653943504883,1.0291666666666666,pga,2026-08-02,441,1.5517653943504883,0.9,-0.07,0.27,0.0,3.0,19.0,-0.563380281690141,-2.7112676056338025,7.463854651462988,3.08692817650937,4.0,1.0,0.4057915503306054,3.08692817650937,4.0,4.378924565200101,3.08692817650937,4.0,1.6971201555908966,3.08692817650937,4.0,-0.6645599606579962,3.08692817650937,4.0,0.0101447887582651,0.0,0.0,-0.0,2026-08-06,0.1883388515882001,0.0021047965946384,0.0022944672761546,-0.0208249421783841,0.2045659861944281,0.0001985437013631,0.7389752443929186,,0.1633713075103671,-0.0058969379383066,0.0996582047347973,0.1416184797144385,0.3115340953950123,,1.282392286169888,-0.1278867987071766,-0.0494564702464621,50,0.8851328537107136,pga_ridge_v2,-2.950153167083164,698,-2.950153167083164,1.4582827467710555,1.0,2.124860875110154,0.0,0.0104751613142993,0.0,weekly_pga_core,False,0.0247547013827484,-0.0207410358360432,0.1158715060684757,0.0373192732573149,0.0,0.0,1.4395967310423838,2026-08-03 10:00,2026-08-03 10:00
Sedgefield Country Club,1,2026-08-09,2026-08-06,13,Wyndham Championship,2026-08-03 19:01:12 UTC,no,pga,-14400,0,USA,6169,133.0,182.0,"kuchar, matt",23108,102,142.0,0.0,0.0,0.0,0.0,0.0,0.0,1978-06-21,9.5,48,2.305201809148715,0.2489578226234484,-1.0315476190476187,1.62513578639593,1.5153571428571428,pga,2026-08-02,2304,0.2489578226234484,-0.35,-0.05,-0.35,0.0,3.0,35.0,-0.563380281690141,-2.7112676056338025,2.20240786920306,8.60194305180703,16.0,1.0,3.554469369435994,8.60194305180703,16.0,0.0977168088878572,8.60194305180703,16.0,-2.0161368936966726,8.60194305180703,16.0,1.5366619115837428,8.60194305180703,16.0,0.0888617342358998,0.0,-0.0,0.0,2026-08-06,0.3984066636313951,0.002106564091721,-0.0006097392329116,0.2867707956628243,0.1156398224792688,-0.0055007793695075,0.1290800285153573,-0.0317180289022652,0.0115560213807045,-0.0293013483855206,-0.0761397326280839,,,0.0655381282218565,-0.1791105559156106,9.351355802727918e-05,-0.00100331428821,718,-0.3110154939526464,pga_ridge_v2,-2.950153167083164,698,-2.950153167083164,0.4187198496873303,1.0,-2.415493264559256,-0.0658107071739425,-0.2472158233874765,0.0,weekly_pga_core,False,0.0307109173098214,0.0339197668285308,0.1357530426560482,0.0220240786920306,-0.0,-0.0,0.0432972495708205,2026-08-03 10:00,2026-08-03 10:00
Sedgefield Country Club,1,2026-08-09,2026-08-06,13,Wyndham Championship,2026-08-03 19:01:12 UTC,no,pga,-14400,0,RSA,24343,0.0,300.0,"lamprecht, christo",54422,29,198.0,0.0,0.0,0.0,0.0,0.0,0.0,2001-01-30,-6.5,25,3.2,-1.6693459696475337,-0.6565476190476187,0.0318407935239409,-0.3734,pga,2026-07-31,625,-1.6693459696475337,-0.53,-0.3399999999999999,0.25,2.0,5.0,39.0,1.436619718309859,-0.7112676056338025,0.0,0.0,0.0,0.0,0.0,0.0,0.0,0.0,0.0,0.0,0.0,0.0,0.0,0.0,0.0,0.0,0.0,0.0,0.0,0.0,2026-08-06,-0.651954487939443,-0.000792757191609,-0.0087799524248531,-0.3654912979369069,-0.2785266548870713,0.0016361745009973,-0.7729042339634183,-0.0006212075657216,-0.4867988850806549,0.0143268548136196,-0.0235757051671003,,,-0.3636750413647068,-1.6474553572029085,0.0029310909485767,-0.0322819032947711,187,-2.2296291380995097,pga_ridge_v2,-2.950153167083164,698,-2.950153167083164,-2.912183512185543,1.0,2.1821558768549143,0.0,0.0151436734712688,0.0,weekly_pga_core,False,0.0080566302553038,-0.0232082615142579,-0.2221469003664299,0.0,0.0,0.0,-1.8847538888282929,2026-08-03 10:00,2026-08-03 10:00
Sedgefield Country Club,1,2026-08-09,2026-08-06,13,Wyndham Championship,2026-08-03 19:01:12 UTC,no,pga,-14400,0,USA,21943,244.0,246.0,"lebioda, hank",49766,49,137.0,0.0,0.0,0.0,0.0,0.0,0.0,1994-01-14,6.5,32,2.445612592945017,-0.4260898248147362,-0.7815476190476187,0.6449509271788738,0.2852,pga,2026-08-02,1024,-0.4260898248147362,0.8,0.16,0.0499999999999999,0.0,6.0,51.0,2.436619718309859,-2.7112676056338025,-0.8633329329431022,3.2577354089729296,10.0,1.0,0.6913253050450592,3.2577354089729296,10.0,-1.659972179900797,3.2577354089729296,10.0,0.6683518351933108,3.2577354089729296,10.0,-0.9905102111401716,3.2577354089729296,10.0,0.0172831326261264,-0.0,0.0,-0.0,2026-08-06,0.0207575128998048,-0.0021729647480749,0.0003931563854531,0.0613897441345781,-0.0392700957459239,0.0004176728737724,-0.2359745790949981,-0.0125828646569841,0.0406530576793996,0.0404811020241005,-0.0181841130603007,,,-0.1822479891263316,-0.4160113481814123,0.0007890631603699,-0.0095850848176342,645,-0.4697704698981163,pga_ridge_v2,-2.950153167083164,698,-2.950153167083164,-0.7057144672727835,1.0,-13.493999866173382,0.0,-0.0393599402890335,0.0,weekly_pga_core,False,0.0307109173098214,0.0232082615142579,0.0070729126577254,-0.008633329329431,-0.0,0.0,-0.3636525860290384,2026-08-03 10:00,2026-08-03 10:00
Sedgefield Country Club,1,2026-08-09,2026-08-06,13,Wyndham Championship,2026-08-03 19:01:12 UTC,no,pga,-14400,0,CHN,15310,207.0,112.0,"li, haotong",35296,57,129.0,0.0,0.0,0.0,0.0,0.0,0.0,1995-08-03,-4.5,31,2.9966569729838817,-0.2270399198628634,0.5934523809523813,0.7333736480625745,0.5917241379310345,pga,2026-07-31,961,-0.2270399198628634,-0.09,0.08,-0.0799999999999999,2.0,5.0,45.0,1.436619718309859,-0.7112676056338025,0.0,0.0,0.0,0.0,0.0,0.0,0.0,0.0,0.0,0.0,0.0,0.0,0.0,0.0,0.0,0.0,0.0,0.0,0.0,0.0,2026-08-06,-0.311150598543392,-3.055558124331996e-05,0.0007872429453723,-0.165947817674931,-0.1591422890963662,0.0131828208637761,-0.102038489375197,-0.0167064130693615,-0.1757423352617728,-0.0003642956041447,0.0261529786667194,,,-0.0075252548062674,-0.3050695303999259,2.654270549971672e-05,-0.0040273379009759,636,-0.5840475841706121,pga_ridge_v2,-2.950153167083164,698,-2.950153167083164,-1.0079106197358232,1.0,18.27875118183768,0.0461380255428797,-0.0248449257544255,0.0,weekly_pga_core,False,0.0080566302553038,-0.0160672579714093,-0.106021420654741,0.0,0.0,0.0,-0.4191015787707725,2026-08-03 10:00,2026-08-03 10:00
Sedgefield Country Club,1,2026-08-09,2026-08-06,13,Wyndham Championship,2026-08-03 19:01:12 UTC,no,pga,-14400,0,USA,15980,164.0,115.0,"lipsky, david",36326,85,78.0,0.0,0.0,0.0,0.0,0.0,0.0,1988-07-14,7.5,38,2.551969490977245,-0.1693800474456771,-0.2815476190476187,0.3938268826525428,0.407,pga,2026-08-02,1444,-0.1693800474456771,-0.04,0.16,0.1699999999999999,0.0,3.0,45.0,-0.563380281690141,-2.7112676056338025,-0.1789405786065048,7.690147909272602,14.0,1.0,0.7690374495968032,7.690147909272602,14.0,2.5262196759016096,7.690147909272602,14.0,0.6090197377754087,7.690147909272602,14.0,-3.644805682540598,7.690147909272602,14.0,0.01922593623992,0.0,0.0,-0.0,2026-08-06,0.3308775128102545,0.0001986881583531,9.28210169532376e-05,0.211840023466035,0.1231836578981271,-0.004437677729214,-0.0851358848720036,-0.0076421486919559,0.0225245287441689,0.003705222235186,-0.0199936054288959,,,-0.0602020384501395,-0.2485167737113034,-7.108885674108976e-06,-0.0026036723732195,767,-0.3130334072635959,pga_ridge_v2,-2.950153167083164,698,-2.950153167083164,-0.2147910144439059,1.0,-4.351997489286806,-0.0105948252929538,-0.0991620659887697,0.0,weekly_pga_core,False,0.0307109173098214,0.0267787632856822,0.1127431672478634,-0.001789405786065,-0.0,-0.0,-0.0800733316540013,2026-08-03 10:00,2026-08-03 10:00
Sedgefield Country Club,1,2026-08-09,2026-08-06,13,Wyndham Championship,2026-08-03 19:01:12 UTC,no,pga,-14400,0,USA,17723,321.0,285.0,"lower, justin",40162,77,174.0,0.0,0.0,0.0,0.0,0.0,0.0,1989-04-04,7.5,37,2.7752821010375834,-0.7269560301060585,-0.2815476190476187,0.4819740162737113,0.2938,pga,2026-08-02,1369,-0.7269560301060585,0.3899999999999999,-0.07,0.07,0.0,6.0,39.0,2.436619718309859,-2.7112676056338025,2.689206762648922,7.953617985792079,14.0,1.0,0.8569908381172626,7.953617985792079,14.0,3.808203154912033,7.953617985792079,14.0,3.4031043231794467,7.953617985792079,14.0,-2.4416522579010795,7.953617985792079,14.0,0.0214247709529315,0.0,0.0,-0.0,2026-08-06,0.3935166420118414,-0.0009144789686676,-0.0018303552267565,0.2037836609466093,0.1898565433458524,0.0026212719148037,-0.366154520470294,-0.0094032174532763,-0.0427244525494333,0.0081216140045043,-0.0350437007467088,,,-0.2220634281922193,-0.7740826380303409,0.0016319356870569,-0.0189371839792211,696,-1.016942271241876,pga_ridge_v2,-2.950153167083164,698,-2.950153167083164,-0.7915656642230554,1.0,-13.174186359111625,0.0,-0.089509684330749,0.0,weekly_pga_core,False,0.0307109173098214,0.0267787632856822,0.1340868172283469,0.0268920676264892,-0.0,0.0,-0.5556140725800011,2026-08-03 10:00,2026-08-03 10:00
Sedgefield Country Club,1,2026-08-09,2026-08-06,13,Wyndham Championship,2026-08-03 19:01:12 UTC,no,pga,-14400,0,USA,14926,429.0,0.0,"malnati, peter",34466,180,170.0,0.0,0.0,0.0,0.0,0.0,0.0,1987-06-13,21.5,39,3.0660798434616043,-1.009512575540766,-0.5315476190476187,0.5628214593579426,0.4054999999999999,pga,2026-08-02,1521,-1.009512575540766,-0.3099999999999999,-0.12,-0.0699999999999999,0.0,6.0,45.0,2.436619718309859,-2.7112676056338025,3.9229285895493895,8.304440213782035,18.0,1.0,-2.089588082339332,8.304440213782035,18.0,4.750771609837187,8.304440213782035,18.0,1.8452857802187903,8.304440213782035,18.0,2.0579986337077565,8.304440213782035,18.0,-0.0522397020584833,0.0,0.0,0.0,2026-08-06,-0.0786772688773416,0.0018078664427945,-0.0034883699980363,0.0641615429568141,-0.1371334197671148,-0.004024888511799,-0.4656089782084073,-0.0109884848689021,-0.2826239463088598,-0.0159434857103397,-0.1068246819454616,,,-0.2490175226801227,-1.257890024996711,0.001318277131906,-0.0165170095673378,753,-1.511073983914376,pga_ridge_v2,-2.950153167083164,698,-2.950153167083164,-1.4071265366368446,1.0,-3.4913307632670145,0.0,-0.1116841928391861,0.0,weekly_pga_core,False,0.0307109173098214,0.0767657880856224,-0.0268084839259839,0.0392292858954939,-0.0,0.0,-1.1379925176317571,2026-08-03 10:00,2026-08-03 10:00
Sedgefield Country Club,1,2026-08-09,2026-08-06,13,Wyndham Championship,2026-08-03 19:01:12 UTC,no,pga,-14400,0,JPN,13562,18.0,24.0,"matsuyama, hideki",32839,973,24.0,0.0,0.0,0.0,0.0,0.0,0.0,1992-02-25,7.5,34,2.4633920352627574,1.3604393949321782,0.7184523809523813,1.9884333145883848,1.7484,pga,2026-08-02,1156,1.3604393949321782,0.33,0.0,0.1699999999999999,0.0,4.0,69.0,0.436619718309859,-2.7112676056338025,-2.992384755282393,4.633097967691539,8.0,1.0,0.4212216183847097,4.633097967691539,8.0,1.6085796056645985,4.633097967691539,8.0,-3.9294950806906894,4.633097967691539,8.0,-2.879692336705725,4.633097967691539,8.0,0.0105305404596177,0.0,-0.0,-0.0,2026-08-06,0.2310931154644208,0.0004345032812932,0.0023465941823083,0.0769780218016418,0.1611028962155213,-0.0097689000163438,0.6404572324713059,,0.2226704464141363,-0.0019857027688413,0.0809106933937652,0.245501451774656,0.3002149375111308,,1.3329908747528272,-0.0757523124215402,-0.0430100004881847,797,1.050017331424025,pga_ridge_v2,-2.950153167083164,698,-2.950153167083164,1.6688526901264134,1.0,21.242481392882063,-0.1357659848052481,-0.0360158711336008,0.0,weekly_pga_core,False,0.0247547013827484,0.0622231075081297,0.1421751651617071,-0.0149619237764119,0.0,-0.0,1.5471819250290004,2026-08-03 10:00,2026-08-03 10:00
Sedgefield Country Club,1,2026-08-09,2026-08-06,13,Wyndham Championship,2026-08-03 19:01:12 UTC,no,pga,-14400,0,ITA,20844,359.0,208.0,"mazzoli, stefano",49037,62,0.0,0.0,0.0,0.0,0.0,0.0,0.0,1995-01-01,-6.5,31,3.2,-0.6793609813173883,1.3434523809523813,-0.665233177580866,-0.9771428571428572,pga,2026-07-31,961,-0.6793609813173883,0.13,0.0,0.0,2.0,6.0,49.0,2.436619718309859,-0.7112676056338025,0.0,0.0,0.0,0.0,0.0,0.0,0.0,0.0,0.0,0.0,0.0,0.0,0.0,0.0,0.0,0.0,0.0,0.0,0.0,0.0,2026-08-06,-0.3117088069784224,0.0,0.0,-0.0,-0.3117088069784224,-0.0,-0.3195107473274656,0.0129785673391457,-0.1192787531555275,0.0068559069216292,-0.0306320689129495,,,-0.2346511271408849,-0.7162859416313213,0.0017383947102037,-0.0205763098804169,78,-1.183291633598016,pga_ridge_v2,-2.950153167083164,698,-2.950153167083164,-0.1311821452987516,1.0,0.0,0.0,-0.0132098041850554,0.0,weekly_pga_core,False,0.0080566302553038,-0.0232082615142579,-0.1062116245353712,0.0,0.0,0.0,-0.8376491974256467,2026-08-03 10:00,2026-08-03 10:00
Sedgefield Country Club,1,2026-08-09,2026-08-06,13,Wyndham Championship,2026-08-03 19:01:12 UTC,no,pga,-14400,0,USA,19870,76.0,92.0,"mccarthy, denny",47993,284,84.0,0.0,0.0,0.0,0.0,0.0,0.0,1993-03-04,21.5,33,2.3,0.5768878012689492,-0.9065476190476188,1.522906047503665,1.097,pga,2026-07-31,1089,0.5768878012689492,-0.12,0.0,-0.08,2.0,2.0,63.0,-1.563380281690141,-0.7112676056338025,5.975461267083357,9.365814719008736,20.0,1.0,-1.820392436127028,9.365814719008736,20.0,4.482833263961624,9.365814719008736,20.0,1.794716907671139,9.365814719008736,20.0,5.510469780673072,9.365814719008736,20.0,-0.0455098109031756,0.0,0.0,0.0,2026-08-06,0.151691927987,0.0023729370362884,0.0008802070665409,0.2005095042222196,-0.0503166055853905,-0.0017541147526583,0.2884638323734766,,0.0257430789847148,-0.0156273670944233,-0.0727742502423679,0.1540351707828858,0.1187205521128652,,0.4277754011955391,-0.0382802987562796,-0.0092605629391649,805,0.0599560897687493,pga_ridge_v2,-2.950153167083164,698,-2.950153167083164,0.4144348927310064,1.0,-2.827783059556885,-0.2733552109544606,-0.0232447540261677,0.0,weekly_pga_core,False,0.0064940904926171,0.1783729081899717,0.0933252592657609,0.0298773063354167,-0.0,-0.0,0.7358449654793057,2026-08-03 10:00,2026-08-03 10:00
Sedgefield Country Club,1,2026-08-09,2026-08-06,13,Wyndham Championship,2026-08-03 19:01:12 UTC,no,pga,-14400,0,USA,28635,87.0,69.0,"mccarty, matt",59141,241,46.0,0.0,0.0,0.0,0.0,0.0,0.0,1997-12-11,-2.5,28,3.138972418427176,0.3915684461087094,-0.2815476190476187,0.9901153040601204,0.7092,pga,2026-08-02,784,0.3915684461087094,0.12,0.1399999999999999,0.02,0.0,2.0,61.0,-1.563380281690141,-2.7112676056338025,6.387954164923555,3.08692817650937,4.0,1.0,1.355809110506366,3.08692817650937,4.0,1.961007310080208,3.08692817650937,4.0,1.2196016328820658,3.08692817650937,4.0,2.8589824383019176,3.08692817650937,4.0,0.0338952277626591,0.0,0.0,0.0,2026-08-06,0.1200343376448411,0.0012280729278581,0.0008920280288426,0.1162445793468292,-0.0006020745831344,0.0022717319244455,0.1843781580334451,-0.0193169531832332,0.0373641511888041,-0.0150600551283953,-0.0369920253693112,,,0.0974178440374985,0.246430488370838,-0.0004966418136533,0.0046438800402813,430,-0.0518557166990796,pga_ridge_v2,-2.950153167083164,698,-2.950153167083164,-0.0870953516127838,1.0,-18.70496649935526,0.0450169071747776,-0.0055078694345979,0.0,weekly_pga_core,False,0.0307109173098214,-0.0089262544285607,0.0409004869797226,0.0638795416492355,-0.0,0.0,0.3729951798810569,2026-08-03 10:00,2026-08-03 10:00
Sedgefield Country Club,1,2026-08-09,2026-08-06,13,Wyndham Championship,2026-08-03 19:01:12 UTC,no,pga,-14400,0,USA,23505,124.0,111.0,"mcgreevy, max",51950,111,121.0,0.0,0.0,0.0,0.0,0.0,0.0,1995-05-03,5.5,31,2.4861875643687625,0.3063058601383343,-0.4065476190476187,0.6531022547857214,0.4873999999999999,pga,2026-07-31,961,0.3063058601383343,-0.15,0.0199999999999999,-0.12,2.0,5.0,59.0,1.436619718309859,-0.7112676056338025,7.637450708251898,6.480608582096994,12.0,1.0,1.9714919037508505,6.480608582096994,12.0,2.507893906954948,6.480608582096994,12.0,-0.5656090657840558,6.480608582096994,12.0,8.513401555730264,6.480608582096994,12.0,0.0492872975937712,0.0,-0.0,0.0,2026-08-06,0.2436038135715214,-0.0010134785446119,0.0013529315266529,0.1275330693288998,0.1186472029086401,-0.0029159116480596,0.165975457057945,-0.0127418954416987,-0.1150376649158964,0.0064846684553219,-0.0291247066382633,,,0.0970073755935203,0.0881433400984574,-4.632138715030557e-05,0.0022146955360362,589,-0.2781380721032925,pga_ridge_v2,-2.950153167083164,698,-2.950153167083164,-0.0692427858170617,1.0,-1.506960940220453,-0.0061615834677388,-0.0265882681613573,0.0,weekly_pga_core,False,0.0080566302553038,0.0196377597428336,0.0830055365879799,0.0763745070825189,-0.0,-0.0,0.2752177737670938,2026-08-03 10:00,2026-08-03 10:00
Sedgefield Country Club,1,2026-08-09,2026-08-06,13,Wyndham Championship,2026-08-03 19:01:12 UTC,no,pga,-14400,0,USA,18634,25.0,44.0,"mcnealy, maverick",46442,281,50.0,0.0,0.0,0.0,0.0,0.0,0.0,1995-11-07,-0.5,30,2.9168701861307222,1.0187759657869722,0.4684523809523813,1.4666957121312003,1.3074,pga,2026-07-26,900,1.0187759657869722,-0.75,0.0399999999999999,-0.1299999999999999,7.0,3.0,61.0,-0.563380281690141,4.288732394366198,-3.06719269776692,2.9015536963963324,6.0,1.0,1.094057670678685,2.9015536963963324,6.0,-0.6544787817686766,2.9015536963963324,6.0,-2.057927976245092,2.9015536963963324,6.0,-1.469751542307211,2.9015536963963324,6.0,0.0273514417669671,-0.0,-0.0,-0.0,2026-08-06,-0.1946807996664161,0.0023940806199969,-5.424194360577147e-05,-0.1498428704527742,-0.0373767996833937,-0.0098009682066392,0.5192610478355438,,0.0371520151314902,-0.0167431085536595,-0.0082724467085803,0.1835784706303965,0.2902061650924998,,0.8802940954033968,-0.0860764946128848,-0.0436683118188029,718,0.4921019646068507,pga_ridge_v2,-2.950153167083164,698,-2.950153167083164,0.732048261425625,1.0,-0.8294915078310388,0.0685565331781495,0.004856758407394,0.0,weekly_pga_core,False,-0.0391574367327112,-0.0041482071672086,-0.1197732558616501,-0.0153359634888346,-0.0,0.0,0.7018792321529922,2026-08-03 10:00,2026-08-03 10:00
Sedgefield Country Club,1,2026-08-09,2026-08-06,13,Wyndham Championship,2026-08-03 19:01:12 UTC,no,pga,-14400,0,USA,28159,50.0,85.0,"meissner, mac",59143,572,71.0,0.0,0.0,0.0,0.0,0.0,0.0,1999-02-08,1.5,27,2.3,0.6997292609577742,-0.1565476190476187,0.7358073021598326,0.5564,pga,2026-08-02,729,0.6997292609577742,-0.05,0.02,0.16,0.0,3.0,55.0,-0.563380281690141,-2.7112676056338025,12.72512567904646,5.507631530793509,8.0,1.0,3.133636150322891,5.507631530793509,8.0,2.386405107890062,5.507631530793509,8.0,-1.3876114924239815,5.507631530793509,8.0,8.340898368188974,5.507631530793509,8.0,0.0783409037580722,0.0,-0.0,0.0,2026-08-06,0.1603249777114632,0.0016289364480521,0.0011063599627001,0.0453841191854569,0.1173105374764313,-0.0051049753611773,0.3370455717042825,,0.1104321167451946,-0.0192578685775935,0.0204874792978702,0.077705618515268,0.1252357241078215,,0.6006600974211583,-0.0556945070079521,-0.0274835598029385,391,0.3793311620168682,pga_ridge_v2,-2.950153167083164,698,-2.950153167083164,0.8841281353013406,1.0,-3.691328063308381,0.0,0.0321895224392057,0.0,weekly_pga_core,False,0.0247547013827484,0.0124446215016259,0.0986365610237476,0.0636256283952323,-0.0,0.0,0.8001216097245127,2026-08-03 10:00,2026-08-03 10:00
Sedgefield Country Club,1,2026-08-09,2026-08-06,13,Wyndham Championship,2026-08-03 19:01:12 UTC,no,pga,-14400,0,USA,17365,53.0,72.0,"mitchell, keith",39546,168,47.0,0.0,0.0,0.0,0.0,0.0,0.0,1992-01-07,13.5,34,2.500612071748676,0.7703814987240911,0.4684523809523813,1.2483573295809318,0.9214,pga,2026-07-26,1156,0.7703814987240911,-0.38,-0.39,-0.02,7.0,3.0,63.0,-0.563380281690141,4.288732394366198,1.5805437100024793,7.143634650055365,16.0,1.0,5.070669400399186,7.143634650055365,16.0,-1.7171701561657997,7.143634650055365,16.0,1.538396812370447,7.143634650055365,16.0,-3.798090313670881,7.143634650055365,16.0,0.1,-0.0,0.0,-0.0,2026-08-06,-0.3565714287292797,0.0004076947611116,0.0015795675474633,-0.2798400346482629,-0.0799220584666006,0.0012034020770088,0.3941174975839347,,0.0095270809914955,-0.00129297452927,0.1236621550715088,0.1293783102637657,0.1691538333020357,,0.6969664345428608,-0.0598184236784637,-0.0317451733285452,777,0.3611626702624612,pga_ridge_v2,-2.950153167083164,698,-2.950153167083164,0.6940928445000388,1.0,-18.435612498340923,-0.1249285271921395,-0.0360158711336008,0.0,weekly_pga_core,False,-0.0391574367327112,0.1120015935146334,-0.2193730508572261,0.0079027185500123,-0.0,-0.0,0.5583402590175692,2026-08-03 10:00,2026-08-03 10:00
Sedgefield Country Club,1,2026-08-09,2026-08-06,13,Wyndham Championship,2026-08-03 19:01:12 UTC,no,pga,-14400,0,USA,21944,166.0,158.0,"moore, taylor",49947,62,98.0,0.0,0.0,0.0,0.0,0.0,0.0,1993-07-28,7.5,33,2.609890180688933,0.0263018707878189,-0.7815476190476187,1.00562633120041,0.727,pga,2026-07-24,1089,0.0263018707878189,-0.5900000000000001,-0.28,-0.09,9.0,0.0,43.0,-3.563380281690141,6.288732394366198,3.432303406954743,7.356781452345956,14.0,1.0,2.43322664244286,7.356781452345956,14.0,-0.3859141932915655,7.356781452345956,14.0,0.3378170773701354,7.356781452345956,14.0,0.0164814689167571,7.356781452345956,14.0,0.0608306660610714,-0.0,0.0,0.0,2026-08-06,-0.2894485739716664,0.0004405581118296,-0.0017596077224474,-0.1836623781532269,-0.1020403775280467,-0.0024267686797749,0.0458984388148288,-0.0196195702459774,-0.1845426195967968,0.0066280822331007,0.0277339670799118,,,0.0715583320668704,-0.0909632754052311,-0.0004231706688053,0.0049949142911626,686,-0.2531965538899568,pga_ridge_v2,-2.950153167083164,698,-2.950153167083164,-0.2183605384543044,1.0,-2.3524571628668487,-0.1290291980102732,-0.0431916493795259,0.0,weekly_pga_core,False,-0.071233374435508,0.0267787632856822,-0.0986266751940229,0.0343230340695474,-0.0,-0.0,-0.1997215276795324,2026-08-03 10:00,2026-08-03 10:00
Sedgefield Country Club,1,2026-08-09,2026-08-06,13,Wyndham Championship,2026-08-03 19:01:12 UTC,no,pga,-14400,0,USA,29770,132.0,136.0,"mouw, william",63121,126,114.0,0.0,0.0,0.0,0.0,0.0,0.0,2000-10-01,-2.5,25,2.889275479768449,0.1195732342473895,-0.7815476190476187,0.4440618016786576,0.358,pga,2026-08-02,625,0.1195732342473895,-0.28,-0.2199999999999999,-0.14,0.0,3.0,51.0,-0.563380281690141,-2.7112676056338025,0.5159163799807664,3.08692817650937,4.0,1.0,-0.6033031365604195,3.08692817650937,4.0,-3.9585373100307,3.08692817650937,4.0,2.93462607903328,3.08692817650937,4.0,-0.5129456552580571,3.08692817650937,4.0,-0.0150825784140104,-0.0,0.0,-0.0,2026-08-06,-0.0236058892568454,-0.0014533751562347,0.002813871401179,0.0030602596531514,-0.0307824538421167,0.0027558086871754,0.0737200567375607,-0.0086635576667825,-0.0309322340381704,0.0266802299948058,0.0040614217755962,,,0.0514453783119374,0.1305131608338866,-0.0001299777946048,0.001578895389201,250,-0.1187516392954475,pga_ridge_v2,-2.950153167083164,698,-2.950153167083164,0.1431710249990458,1.0,-6.917260921759616,0.0,0.0127529481243431,0.0,weekly_pga_core,False,0.0307109173098214,-0.0089262544285607,-0.0080434681036945,0.0051591637998076,-0.0,0.0,0.1494135194112604,2026-08-03 10:00,2026-08-03 10:00
Sedgefield Country Club,1,2026-08-09,2026-08-06,13,Wyndham Championship,2026-08-03 19:01:12 UTC,no,pga,-14400,0,DEN,23841,88.0,80.0,"neergaard-petersen, rasmus",52689,137,94.0,0.0,0.0,0.0,0.0,0.0,0.0,1999-07-03,-6.5,27,2.308939936260091,0.5671039153565735,0.7184523809523813,0.8861175863261636,0.8028,pga,2026-07-31,729,0.5671039153565735,0.2,-0.49,0.29,2.0,5.0,57.0,1.436619718309859,-0.7112676056338025,0.0,0.0,0.0,0.0,0.0,0.0,0.0,0.0,0.0,0.0,0.0,0.0,0.0,0.0,0.0,0.0,0.0,0.0,0.0,0.0,2026-08-06,0.1777851152254874,0.0004977536023325,0.0003060134134471,-0.0449258682782138,0.2186062423357685,0.0033009741521528,0.2778391279549373,,0.0597255404132424,0.0039637412787942,0.1804451579707654,0.1127251003687336,0.0825653211437522,,0.7470877559437711,-0.0027445861951893,-0.0033066619807999,220,0.1816315796257537,pga_ridge_v2,-2.950153167083164,698,-2.950153167083164,0.7650214368526065,1.0,8.1673852678472,0.0100892430426303,0.035875014989535,0.0,weekly_pga_core,False,0.0064940904926171,-0.0539266931737124,0.1093785423666954,0.0,0.0,0.0,0.8090336956293713,2026-08-03 10:00,2026-08-03 10:00
Sedgefield Country Club,1,2026-08-09,2026-08-06,13,Wyndham Championship,2026-08-03 19:01:12 UTC,no,pga,-14400,0,SWE,10419,45.0,27.0,"noren, alex",27349,364,48.0,0.0,0.0,0.0,0.0,0.0,0.0,1982-07-12,5.5,44,2.37622192078259,0.7424488430871772,-0.2815476190476187,1.4547907774189732,1.2734,pga,2026-07-19,1936,0.7424488430871772,-0.15,-0.4900000000000001,-0.06,14.0,0.0,59.0,-3.563380281690141,11.288732394366198,6.9183464463895845,4.981082509217524,8.0,1.0,-0.1113208135510988,4.981082509217524,8.0,4.5839299857761,4.981082509217524,8.0,-0.0837784429641728,4.981082509217524,8.0,1.3619161480107047,4.981082509217524,8.0,-0.0027830203387774,0.0,-0.0,0.0,2026-08-06,0.3125319417466372,0.0026830685720462,1.420533798166471e-06,0.1974279385779222,0.1134160264922542,-0.0009965124293837,0.3630755472380651,,0.0490395777456582,-0.0179154961812866,0.014559890428206,0.1839435494307935,0.2582091015978952,,0.5937137023597914,-0.052573922952355,-0.0264559817583085,762,0.1494223192088583,pga_ridge_v2,-2.950153167083164,698,-2.950153167083164,0.5745921401420767,1.0,13.210308239736063,0.1368189205401977,-0.1781685631888765,0.0,weekly_pga_core,False,-0.1030695748481709,0.0456302788392951,0.1922786853552039,0.0345917322319479,0.0,0.0,0.7631448239380674,2026-08-03 10:00,2026-08-03 10:00
Sedgefield Country Club,1,2026-08-09,2026-08-06,13,Wyndham Championship,2026-08-03 19:01:12 UTC,no,pga,-14400,0,USA,23475,141.0,78.0,"novak, andrew",51997,112,91.0,0.0,0.0,0.0,0.0,0.0,0.0,1995-03-31,5.5,31,2.7102871334572503,0.1409441163521957,0.0934523809523812,0.9241037530057964,0.7056,pga,2026-07-31,961,0.1409441163521957,-0.41,-0.67,-0.12,2.0,1.0,65.0,-2.563380281690141,-0.7112676056338025,-3.904127411382668,6.606544151221827,12.0,1.0,2.874489155419857,6.606544151221827,12.0,1.1004655983904073,6.606544151221827,12.0,2.109738434528732,6.606544151221827,12.0,-9.558414639728648,6.606544151221827,12.0,0.0718622288854964,0.0,0.0,-0.0,2026-08-06,-0.1788657712567812,-0.0018757744601923,0.001161766768954,-0.0528188354268282,-0.1212806635256392,-0.0040522646130753,0.0946827292810897,-0.0180290809161951,-0.2114554977345995,0.0437575675010039,0.0335246611379528,,,0.084830145088833,-0.000165716647037,-5.897034704612704e-05,0.0009346354558974,684,-0.2649952855670353,pga_ridge_v2,-2.950153167083164,698,-2.950153167083164,-0.6702595224369311,1.0,-11.507461124600749,-0.113467322934157,-0.0283519061139733,0.0,weekly_pga_core,False,0.0080566302553038,0.0196377597428336,-0.0609467031846486,-0.0390412741138266,-0.0,-0.0,-0.0724593039473748,2026-08-03 10:00,2026-08-03 10:00
Sedgefield Country Club,1,2026-08-09,2026-08-06,13,Wyndham Championship,2026-08-03 19:01:12 UTC,no,pga,-14400,0,SWE,25475,308.0,259.0,"nyholm, pontus",55851,37,133.0,0.0,0.0,0.0,0.0,0.0,0.0,1998-02-10,-6.5,28,2.593127295191224,-0.591998085267611,-0.2815476190476187,0.0707618438042889,-0.211,pga,2026-07-31,784,-0.591998085267611,-0.16,-0.28,0.3299999999999999,2.0,5.0,47.0,1.436619718309859,-0.7112676056338025,0.0,0.0,0.0,0.0,0.0,0.0,0.0,0.0,0.0,0.0,0.0,0.0,0.0,0.0,0.0,0.0,0.0,0.0,0.0,0.0,2026-08-06,-0.305083698861963,3.398740676347226e-06,-0.0022280339312707,-0.2670632226730636,-0.0375892720491803,0.0017934310508753,-0.2710795819208951,-0.0013805495363232,-0.1968003421582047,0.0100357501269279,0.0205902339216859,,,-0.1561148315263846,-0.6041653689158419,0.0008580193370147,-0.005508484824795,384,-0.7974324547602478,pga_ridge_v2,-2.950153167083164,698,-2.950153167083164,-0.8518631477891379,1.0,0.0,0.0,-0.0047655823348677,0.0,weekly_pga_core,False,0.0080566302553038,-0.0232082615142579,-0.1039541859259439,0.0,0.0,0.0,-0.72327118610074,2026-08-03 10:00,2026-08-03 10:00
Sedgefield Country Club,1,2026-08-09,2026-08-06,13,Wyndham Championship,2026-08-03 19:01:12 UTC,no,pga,-14400,0,DEN,13412,144.0,152.0,"olesen, thorbjorn",33968,73,166.0,0.0,0.0,0.0,0.0,0.0,0.0,1989-12-21,-0.5,36,2.9484867967289974,-0.0737263839104468,-0.0315476190476187,0.9006884651156186,0.6564,pga,2026-08-02,1296,-0.0737263839104468,0.24,0.35,0.01,0.0,3.0,39.0,-0.563380281690141,-2.7112676056338025,-4.311688725513784,4.296467503684977,6.0,1.0,0.5803411110094995,4.296467503684977,6.0,-4.041536695460862,4.296467503684977,6.0,-0.6512910972790595,4.296467503684977,6.0,-0.2445748002777055,4.296467503684977,6.0,0.0145085277752374,-0.0,-0.0,-0.0,2026-08-06,0.0138681259028392,-0.0009786407636657,0.0004180390198945,-0.0202893479507662,0.0329432166242604,0.0017748589731161,-0.045374632424237,-0.0175722532941073,-0.0487289137786648,0.0133385693733746,-0.0160338010909424,,,0.0093039513968397,-0.1916231585461717,-0.0001044767569051,-0.0051213725544448,692,-0.3970967317586175,pga_ridge_v2,-2.950153167083164,698,-2.950153167083164,-0.7909458960258382,1.0,-17.3967749552991,0.0707421779952803,-0.0813302294170842,0.0,weekly_pga_core,False,0.0307109173098214,-0.0017852508857121,0.0047254236916815,-0.0431168872551378,-0.0,0.0,-0.2010889556855187,2026-08-03 10:00,2026-08-03 10:00
Sedgefield Country Club,1,2026-08-09,2026-08-06,13,Wyndham Championship,2026-08-03 19:01:12 UTC,no,pga,-14400,0,TPE,15475,348.0,0.0,"pan, c.t.",29908,61,0.0,0.0,0.0,0.0,0.0,0.0,0.0,1991-11-12,17.5,34,2.7,-0.531580399153085,-0.7398809523809522,0.5851656082258473,0.4705882352941176,kft,2026-07-24,1156,-0.531580399153085,-0.79,0.16,0.0,9.0,0.0,6.0,-3.563380281690141,6.288732394366198,-3.2491171788289224,5.78544386770618,16.0,1.0,-0.6650985078355204,5.78544386770618,16.0,1.601821479262581,5.78544386770618,16.0,-0.1171157148243335,5.78544386770618,16.0,-1.6095515666789522,5.78544386770618,16.0,-0.016627462695888,0.0,-0.0,-0.0,2026-08-06,0.2189365497392446,-0.0012975646859567,-0.0004664762456961,0.1561579816947895,0.0710129536712354,-0.0064703446951275,-0.2035970023054057,-0.0134671825211479,-0.4152748979023999,-0.0,0.0,,,-0.1625455038153768,-0.8884482811112396,0.0005876260542876,-0.0348210130523398,585,-1.3264294814225983,pga_ridge_v2,-2.950153167083164,698,-2.950153167083164,-1.7653567151960818,1.0,-23.214834682532512,-0.147931613273178,-0.059330307568857,0.0,weekly_pga_core,False,-0.071233374435508,0.0624837809999252,0.0746004158284304,-0.0324911717882892,-0.0,-0.0,-0.8550886305066812,2026-08-03 10:00,2026-08-03 10:00
Sedgefield Country Club,1,2026-08-09,2026-08-06,13,Wyndham Championship,2026-08-03 19:01:12 UTC,no,pga,-14400,0,ENG,13764,115.0,91.0,"parry, john",28723,111,87.0,0.0,0.0,0.0,0.0,0.0,0.0,1986-11-17,-6.5,39,2.585724651065253,0.2782086032711867,0.0934523809523812,0.7246522690122577,0.5066,pga,2026-07-31,1521,0.2782086032711867,0.1399999999999999,0.16,0.11,2.0,4.0,57.0,0.436619718309859,-0.7112676056338025,0.0,0.0,0.0,0.0,0.0,0.0,0.0,0.0,0.0,0.0,0.0,0.0,0.0,0.0,0.0,0.0,0.0,0.0,0.0,0.0,2026-08-06,0.1985442901819354,-0.0016689125350543,0.0026319075947434,0.1105632095196877,0.0900523535346076,-0.003034267932049,0.125766416205513,-0.0141378220266187,0.0753476781509759,0.021237356327958,-0.0265967802501523,,,0.0232598784920993,0.089375760986175,-0.0001027566262414,0.0027373177178233,304,-0.2626874018504578,pga_ridge_v2,-2.950153167083164,698,-2.950153167083164,-0.0956261429098106,1.0,15.978435084158178,0.0425880221452455,-0.1181355270051822,0.0,weekly_pga_core,False,0.0080566302553038,-0.0232082615142579,0.0676519595543711,0.0,0.0,0.0,0.141876089281592,2026-08-03 10:00,2026-08-03 10:00
Sedgefield Country Club,1,2026-08-09,2026-08-06,13,Wyndham Championship,2026-08-03 19:01:12 UTC,no,pga,-14400,0,FRA,19960,232.0,293.0,"pavon, matthieu",48153,58,125.0,0.0,0.0,0.0,0.0,0.0,0.0,1992-11-02,-2.5,33,2.3,-0.3968600135971829,-0.7815476190476187,1.0138664623257545,0.6232,pga,2026-07-31,1089,-0.3968600135971829,-0.6900000000000001,-0.46,0.27,2.0,2.0,43.0,-1.563380281690141,-0.7112676056338025,-2.8305892283310325,3.08692817650937,4.0,1.0,-2.0814756826748004,3.08692817650937,4.0,0.6491067957231047,3.08692817650937,4.0,-0.7898869170004091,3.08692817650937,4.0,0.3936811447529149,3.08692817650937,4.0,-0.05203689206687,0.0,-0.0,0.0,2026-08-06,0.1416061648663895,-0.0003512333293336,-0.0018237853261398,-0.0085927941402825,0.1522032998471741,0.0001706778149715,-0.1672554459494738,-0.0197803335697229,-0.1665045153541707,0.038157846369579,0.058633153945839,,,-0.0926290455244193,-0.404107279681664,0.0001462991732943,-0.0047827538574929,781,-0.380559844223612,pga_ridge_v2,-2.950153167083164,698,-2.950153167083164,-0.5068573291529244,1.0,1.0496141572298645,-0.0184259006836357,-0.0500924849150966,0.0,weekly_pga_core,False,0.0080566302553038,-0.0089262544285607,0.0482508690096907,-0.0283058922833103,0.0,-0.0,-0.3850319271285404,2026-08-03 10:00,2026-08-03 10:00
Sedgefield Country Club,1,2026-08-09,2026-08-06,13,Wyndham Championship,2026-08-03 19:01:12 UTC,no,pga,-14400,0,CAN,17780,151.0,95.0,"pendrith, taylor",40250,70,85.0,0.0,0.0,0.0,0.0,0.0,0.0,1991-05-30,-0.5,35,2.6961288174516245,0.1749824392640073,-0.0315476190476187,1.264999744034429,1.084,pga,2026-07-31,1225,0.1749824392640073,-0.35,-0.1399999999999999,-0.19,2.0,6.0,65.0,2.436619718309859,-0.7112676056338025,-2.3824663259933283,2.445986454998569,6.0,1.0,-1.5509189542488695,2.445986454998569,6.0,-1.3742862095348891,2.445986454998569,6.0,-0.5116200989670248,2.445986454998569,6.0,-1.4403044460799734,2.445986454998569,6.0,-0.0387729738562217,-0.0,-0.0,-0.0,2026-08-06,-0.3959141249243244,-0.000571115166526,-0.0001595421307111,-0.2170513041811907,-0.1775967013583522,-0.0005354620875442,0.1094980223970424,-0.0246798940811355,-0.1879648703863592,0.0100540809288362,0.0088632147685225,,,0.0861983732354271,-0.0663534764771013,0.0005617957264587,-0.0031670181722507,578,-0.5369991063142664,pga_ridge_v2,-2.950153167083164,698,-2.950153167083164,-0.3550612722730403,1.0,10.910976052879858,0.0376047943115147,-0.0657171808936429,0.0,weekly_pga_core,False,0.0080566302553038,-0.0017852508857121,-0.1349037352917119,-0.0238246632599332,0.0,0.0,-0.2188104956591548,2026-08-03 10:00,2026-08-03 10:00
Sedgefield Country Club,1,2026-08-09,2026-08-06,13,Wyndham Championship,2026-08-03 19:01:12 UTC,no,pga,-14400,0,ENG,22465,106.0,52.0,"penge, marco",51003,124,109.0,0.0,0.0,0.0,0.0,0.0,0.0,1998-05-15,-6.5,28,2.892664600762476,0.4055010700094986,1.3434523809523813,0.682908463993312,0.5732,pga,2026-08-02,784,0.4055010700094986,0.49,-0.1699999999999999,0.47,0.0,2.0,47.0,-1.563380281690141,-2.7112676056338025,0.0,0.0,0.0,0.0,0.0,0.0,0.0,0.0,0.0,0.0,0.0,0.0,0.0,0.0,0.0,0.0,0.0,0.0,0.0,0.0,2026-08-06,-0.4590997214550466,-0.0004438601927126,-0.0013163108019264,-0.3776271496165484,-0.0832299112786079,0.0035175104347488,0.1818417710817123,-0.0133234086709879,0.0847355571644795,0.0119689273204602,0.0467470737605919,,,0.0394049706219095,0.3527845491868742,-1.538890089977904e-06,0.0039803611530018,249,0.0362606010660955,pga_ridge_v2,-2.950153167083164,698,-2.950153167083164,0.0629962274125774,1.0,-0.8009729885151331,0.1065101609400557,-0.0025691643542032,0.0,weekly_pga_core,False,0.0307109173098214,-0.0232082615142579,-0.156433588489697,0.0,-0.0,0.0,0.2038536164927407,2026-08-03 10:00,2026-08-03 10:00
Sedgefield Country Club,1,2026-08-09,2026-08-06,13,Wyndham Championship,2026-08-03 19:01:12 UTC,no,pga,-14400,0,USA,27164,156.0,135.0,"phillips, chandler",57900,117,90.0,0.0,0.0,0.0,0.0,0.0,0.0,1996-12-02,1.5,29,3.035599070578401,0.1506141250237264,1.0934523809523813,0.3290862340317609,0.1484,pga,2026-07-31,841,0.1506141250237264,0.14,-0.11,0.1699999999999999,2.0,2.0,47.0,-1.563380281690141,-0.7112676056338025,4.296242427897496,5.507631530793509,8.0,1.0,0.939798738998598,5.507631530793509,8.0,0.1459119306644092,5.507631530793509,8.0,2.589017540890487,5.507631530793509,8.0,2.485575371519284,5.507631530793509,8.0,0.0234949684749649,0.0,0.0,0.0,2026-08-06,0.1535779857563769,0.0011133402972635,-0.0020150268011937,0.080893459381183,0.0794301790736608,-0.0058439661945366,0.0675957988801888,-0.0064204071485113,0.112545265634433,-0.0202601811337808,0.0010887405203138,,,-0.0351634633674678,0.1015048492452287,0.0005299972117207,-0.0052010971666122,349,-0.2948396767917617,pga_ridge_v2,-2.950153167083164,698,-2.950153167083164,1.0328695327840465,1.0,-2.7736484446592646,0.0,-0.0132098041850554,0.0,weekly_pga_core,False,0.0080566302553038,0.0053557526571364,0.0523301459402911,0.0429624242789749,-0.0,0.0,0.2102098023769351,2026-08-03 10:00,2026-08-03 10:00
Sedgefield Country Club,1,2026-08-09,2026-08-06,13,Wyndham Championship,2026-08-03 19:01:12 UTC,no,pga,-14400,0,USA,21554,62.0,35.0,"poston, j.t.",49771,356,29.0,0.0,0.0,0.0,0.0,0.0,0.0,1993-06-01,21.5,33,2.954208187484715,0.6525159057717089,-0.2815476190476187,1.422415393569583,1.1792,pga,2026-07-17,1089,0.6525159057717089,-0.94,0.0699999999999999,-0.0999999999999999,16.0,0.0,59.0,-3.563380281690141,13.288732394366198,4.1558227754219565,8.770707660447865,18.0,1.0,0.2351966003353879,8.770707660447865,18.0,6.6285825082338805,8.770707660447865,18.0,-0.5059943020626947,8.770707660447865,18.0,0.3080882599120551,8.770707660447865,18.0,0.0058799150083846,0.0,-0.0,0.0,2026-08-06,0.1502493719309193,0.0015898239245584,0.0011331189416973,0.0610924332082721,0.0854149409351304,0.0010190549212609,0.3523634327661646,,-0.0079260823663467,-0.0288404253062982,0.04222760196816,0.16557727747236,0.1645717592186193,,0.6149296422302212,-0.0336073439492405,-0.0195419875024749,801,-0.0004013817431134,pga_ridge_v2,-2.950153167083164,698,-2.950153167083164,1.0837098408339283,1.0,-18.8653507475036,-0.0232588745337929,-0.0198945900707224,0.0,weekly_pga_core,False,-0.1213301857383022,0.1783729081899717,0.092437757078099,0.0207791138771097,-0.0,-0.0,0.7851892356370994,2026-08-03 10:00,2026-08-03 10:00
Sedgefield Country Club,1,2026-08-09,2026-08-06,13,Wyndham Championship,2026-08-03 19:01:12 UTC,no,pga,-14400,0,RSA,27900,157.0,89.0,"potgieter, aldrich",63343,65,65.0,0.0,0.0,0.0,0.0,0.0,0.0,2004-09-13,-6.5,21,3.2,-0.0246141301819394,2.7184523809523813,0.2707935243220974,-0.09,pga,2026-07-31,441,-0.0246141301819394,-0.39,0.13,-0.0499999999999999,2.0,5.0,53.0,1.436619718309859,-0.7112676056338025,0.0,0.0,0.0,0.0,0.0,0.0,0.0,0.0,0.0,0.0,0.0,0.0,0.0,0.0,0.0,0.0,0.0,0.0,0.0,0.0,2026-08-06,-0.644733190035369,0.0003663507831558,-0.0005122835360256,-0.3715933413708009,-0.2790210593672443,0.006027143455546,0.0069465836687772,-0.0052831279450004,-0.1027464788005465,-0.0136034941025811,0.037528459495013,,,0.0480248079454522,0.0019555545224736,-0.0001815136385264,-0.0017366854705877,229,-0.289402467548466,pga_ridge_v2,-2.950153167083164,698,-2.950153167083164,0.180004794155133,1.0,-16.615722234757886,-0.0680404999514989,0.0330070033704734,0.0,weekly_pga_core,False,0.0080566302553038,-0.0232082615142579,-0.2196863161144789,0.0,-0.0,-0.0,-0.2328823928509594,2026-08-03 10:00,2026-08-03 10:00
Sedgefield Country Club,1,2026-08-09,2026-08-06,13,Wyndham Championship,2026-08-03 19:01:12 UTC,no,pga,-14400,0,IRL,10104,142.0,190.0,"power, seamus",28252,77,110.0,0.0,0.0,0.0,0.0,0.0,0.0,1987-03-04,18.5,39,2.5444663173689053,0.1568901752057861,0.3434523809523813,1.2057365993310496,1.0026,pga,2026-07-31,1521,0.1568901752057861,0.53,0.27,-0.0399999999999999,2.0,3.0,44.0,-0.563380281690141,-0.7112676056338025,-0.6257396688892061,7.670065565134297,16.0,1.0,2.4860464472487225,6.707788719098877,12.0,-8.165028897437537,6.707788719098877,12.0,2.787675372998184,6.707788719098877,12.0,3.589029906357182,6.707788719098877,12.0,0.062151161181218,-0.0,0.0,0.0,2026-08-06,0.1132691905228893,0.0011902378588178,-0.0007949122781522,0.0675123556079153,0.0488963695828185,-0.0035348602485101,0.0702524569447991,-0.0235236818833924,-0.0177919910022177,-0.0260831713974926,-0.0449291278063632,,,0.0142295727245784,-0.1464350282753033,3.7509311984063065e-05,-0.0030868234876782,721,-0.4680048921159596,pga_ridge_v2,-2.950153167083164,698,-2.950153167083164,0.0063319706289301,1.0,0.5315274144631137,-0.0610825195795278,-0.1155397716795207,0.0,weekly_pga_core,False,0.0080566302553038,0.0660542827713495,0.0385953314949979,-0.006257396688892,0.0,-0.0,-0.039986180442544,2026-08-03 10:00,2026-08-03 10:00
Sedgefield Country Club,1,2026-08-09,2026-08-06,13,Wyndham Championship,2026-08-03 19:01:12 UTC,no,pga,-14400,0,USA,14704,113.0,101.0,"putnam, andrew",34256,146,73.0,0.0,0.0,0.0,0.0,0.0,0.0,1989-01-25,7.5,37,2.435535604315295,0.2000845184929945,-0.0315476190476187,0.9700220876922304,0.8128,pga,2026-07-31,1369,0.2000845184929945,-0.05,-0.1499999999999999,0.0,2.0,2.0,61.0,-1.563380281690141,-0.7112676056338025,-3.2869721749616367,6.745326834300494,14.0,1.0,2.382910049464346,6.745326834300494,14.0,-1.0422625198334128,6.745326834300494,14.0,0.2585682605807307,6.745326834300494,14.0,-2.171886031414658,6.745326834300494,14.0,0.0595727512366086,-0.0,0.0,-0.0,2026-08-06,0.5146155044956933,0.0016999207382466,0.0014091585797975,0.4570377560151159,0.0622513072780974,-0.0077826381155643,0.1037932701343219,-0.0196156620979381,-0.0895790211030661,-0.0160259140828965,-0.0933606121948758,,,0.0904398804898687,-0.1085406641015441,-0.0008179036642514,0.0085176348440214,774,-0.2093747572248744,pga_ridge_v2,-2.950153167083164,698,-2.950153167083164,-0.3862060582010692,1.0,1.8287440471524536,0.024093714584343,-0.0918923364267281,0.0,weekly_pga_core,False,0.0080566302553038,0.0267787632856822,0.1753500302843893,-0.0328697217496163,0.0,0.0,0.0687750379742149,2026-08-03 10:00,2026-08-03 10:00
Sedgefield Country Club,1,2026-08-09,2026-08-06,13,Wyndham Championship,2026-08-03 19:01:12 UTC,no,pga,-14400,0,ENG,18554,40.0,19.0,"rai, aaron",46414,694,35.0,0.0,0.0,0.0,0.0,0.0,0.0,1995-03-03,7.5,31,3.089336723543403,1.011154775557728,-0.9065476190476188,1.2909936618014173,1.108,pga,2026-07-17,961,1.011154775557728,-0.32,-0.2,-0.06,16.0,0.0,47.0,-3.563380281690141,13.288732394366198,5.995459594832598,7.953617985792079,14.0,1.0,2.185174373544695,7.953617985792079,14.0,10.51583878830414,7.953617985792079,14.0,-1.8948460252435697,7.953617985792079,14.0,-1.8839070225008216,7.953617985792079,14.0,0.0546293593386173,0.0,-0.0,-0.0,2026-08-06,0.4775708659746495,-0.0002271940775793,0.0032660084112013,0.2149025052026673,0.2644007302619976,-0.0047711838236375,0.5157690631138491,,0.0485477898470183,-0.0007216566572308,0.0834621981976266,0.1555797349384116,0.1797887577613744,,0.8935585474262605,-0.0588211296521189,-0.029056791938109,779,0.6291597851432867,pga_ridge_v2,-2.950153167083164,698,-2.950153167083164,1.4107020964215782,1.0,18.01993816839932,-0.0300516946219749,-0.0009894181845607,0.0,weekly_pga_core,False,-0.1213301857383022,0.0622231075081297,0.2938154025484978,0.0299772979741629,0.0,-0.0,1.1582441697187489,2026-08-03 10:00,2026-08-03 10:00
Sedgefield Country Club,1,2026-08-09,2026-08-06,13,Wyndham Championship,2026-08-03 19:01:12 UTC,no,pga,-14400,0,USA,19840,254.0,191.0,"ramey, chad",47983,35,132.0,0.0,0.0,0.0,0.0,0.0,0.0,1992-08-03,3.5,34,2.3,-0.4584591826915326,-0.2815476190476187,0.742155096725174,0.6002000000000001,pga,2026-07-31,1156,-0.4584591826915326,-0.23,-0.24,-0.1699999999999999,2.0,5.0,51.0,1.436619718309859,-0.7112676056338025,-6.898908289406127,5.658850200632773,10.0,1.0,0.427808759698341,5.658850200632773,10.0,-7.166323915067276,5.658850200632773,10.0,1.4936289483221463,5.658850200632773,10.0,-1.014534971857275,5.658850200632773,10.0,0.0106952189924585,-0.0,0.0,-0.0,2026-08-06,0.0035087004002923,0.0005746610369525,-0.0029011463542364,0.013143749656005,-0.0066535726818739,-0.0006549912565548,-0.2008374644447531,-0.014479298723442,-0.2620776468597839,0.016724394706221,-0.0308861283700679,,,-0.098238780925455,-0.6467985764122263,0.000646990206394,-0.0045245478461115,718,-0.9085698771441172,pga_ridge_v2,-2.950153167083164,698,-2.950153167083164,-1.5211444972592794,1.0,-4.769667023208869,0.0,-0.0531260941552277,0.0,weekly_pga_core,False,0.0080566302553038,0.012496756199985,0.0011955541876901,-0.0689890828940612,-0.0,0.0,-0.6940387186633086,2026-08-03 10:00,2026-08-03 10:00
Sedgefield Country Club,1,2026-08-09,2026-08-06,13,Wyndham Championship,2026-08-03 19:01:12 UTC,no,pga,-14400,0,USA,19872,313.0,116.0,"riley, davis",47995,192,108.0,0.0,0.0,0.0,0.0,0.0,0.0,1996-12-17,5.5,29,3.2,-0.8298927220281743,-0.4065476190476187,0.9715258950271092,0.5726,pga,2026-08-02,841,-0.8298927220281743,0.7100000000000001,0.1699999999999999,0.36,0.0,6.0,51.0,2.436619718309859,-2.7112676056338025,0.9839333750821956,6.409087501756902,12.0,1.0,-0.847507187504128,6.409087501756902,12.0,4.378639258363907,6.409087501756902,12.0,-2.439293898563432,6.409087501756902,12.0,2.033409382593095,6.409087501756902,12.0,-0.0211876796876032,0.0,-0.0,0.0,2026-08-06,-0.1980038961730599,0.0010511102688066,-0.0020241309593734,-0.0707459022031972,-0.1330101610425689,0.0067251877632729,-0.4398919396326207,-0.0189542775003888,0.1496306081910016,-0.0313440222817742,-0.035805858617555,,,-0.2804867700517866,-0.6921741841046357,0.0019836080435462,-0.0240957280700027,636,-0.9992691486659152,pga_ridge_v2,-2.950153167083164,698,-2.950153167083164,-0.1835613300117136,1.0,-7.502301080032941,-0.0904713136959055,-0.0132098041850554,0.0,weekly_pga_core,False,0.0307109173098214,0.0196377597428336,-0.0674678257593455,0.0098393337508219,-0.0,-0.0,-0.6994539990605042,2026-08-03 10:00,2026-08-03 10:00
Sedgefield Country Club,1,2026-08-09,2026-08-06,13,Wyndham Championship,2026-08-03 19:01:12 UTC,no,pga,-14400,0,USA,16283,224.0,102.0,"rodgers, patrick",36699,71,64.0,0.0,0.0,0.0,0.0,0.0,0.0,1992-06-30,20.5,34,3.01749287747554,-0.2361031285596843,-0.4065476190476187,0.8274674039069612,0.6567999999999999,pga,2026-07-30,1156,-0.2361031285596843,-0.94,-0.7,-0.0299999999999999,3.0,2.0,62.0,-1.563380281690141,0.2887323943661974,5.862315566671319,9.515604240890568,20.0,1.0,1.8824863139136068,9.515604240890568,20.0,6.114433034205774,9.515604240890568,20.0,1.3926947227583812,9.515604240890568,20.0,-3.5902867290631675,9.515604240890568,20.0,0.0470621578478401,0.0,0.0,-0.0,2026-08-06,-0.2393705249794261,0.001455807680099,-0.0018700440590061,-0.0700502433112052,-0.170020707500198,0.0011146622108842,-0.0563504672796221,-0.0161437249140345,-0.4269568797836872,0.0056843358050701,-0.0386053255989894,,,0.0228494100481211,-0.5659747820202913,0.0005881172008674,-0.0028928024899032,870,-0.9663900261069032,pga_ridge_v2,-2.950153167083164,698,-2.950153167083164,-1.0808253436321664,1.0,-14.367267288319905,-0.0396333066561871,-0.0541474450081133,0.0,weekly_pga_core,False,-0.003270513271955,0.0731952863141981,-0.081563086299674,0.0586231556667131,-0.0,-0.0,-0.5189899396110091,2026-08-03 10:00,2026-08-03 10:00
Sedgefield Country Club,1,2026-08-09,2026-08-06,13,Wyndham Championship,2026-08-03 19:01:12 UTC,no,pga,-14400,0,USA,18424,136.0,118.0,"roy, kevin",39335,93,88.0,0.0,0.0,0.0,0.0,0.0,0.0,1993-05-20,-2.5,33,2.880276291071153,0.1297455444441847,0.3434523809523813,0.6591097622850605,0.3468,pga,2026-08-02,1089,0.1297455444441847,0.26,0.35,0.0199999999999999,0.0,6.0,59.0,2.436619718309859,-2.7112676056338025,-2.8007673675418845,2.488858074593293,4.0,1.0,-0.1372247651769693,2.488858074593293,4.0,-1.7821688978583257,2.488858074593293,4.0,-1.060305042679225,2.488858074593293,4.0,0.0578652156522588,2.488858074593293,4.0,-0.0034306191294242,-0.0,-0.0,0.0,2026-08-06,0.0293194251943153,-0.0005379568275865,-0.0009577750032524,-0.0227705111865619,0.0568115404130409,-0.0032258722013245,0.0421196434082705,-0.0128591007213634,0.1261157501494276,0.00757167749745,0.0506877293102441,,,-0.0249017522680122,0.1123441811626387,0.0001449121885273,0.002504228874778,569,-0.1015870685632857,pga_ridge_v2,-2.950153167083164,698,-2.950153167083164,0.4067001949392928,1.0,-2.8449247002137845,0.0,-0.0790389072766833,0.0,weekly_pga_core,False,0.0307109173098214,-0.0089262544285607,0.0099902977093203,-0.0280076736754188,-0.0,0.0,0.1161114680778009,2026-08-03 10:00,2026-08-03 10:00
Sedgefield Country Club,1,2026-08-09,2026-08-06,13,Wyndham Championship,2026-08-03 19:01:12 UTC,no,pga,-14400,0,COL,16591,0.0,0.0,"rozo, marcelo",37076,53,201.0,0.0,0.0,0.0,0.0,0.0,0.0,1989-11-06,-6.5,36,2.5068067839640986,-1.3937165438315444,-0.2815476190476187,-0.4701292353989504,-0.6542,pga,2026-08-02,1296,-1.3937165438315444,0.1500000000000001,0.8400000000000001,-0.2299999999999999,0.0,6.0,37.0,2.436619718309859,-2.7112676056338025,0.0,0.0,0.0,0.0,0.0,0.0,0.0,0.0,0.0,0.0,0.0,0.0,0.0,0.0,0.0,0.0,0.0,0.0,0.0,0.0,2026-08-06,0.3258113448410031,-0.0041947258837834,-0.0016257775541304,0.1269490779702463,0.1963533125021632,0.0083294578065076,-0.6630333152700975,0.009172128127937,-0.3333777012058134,0.0325775478806909,0.0325817854981916,,,-0.3341213133982746,-1.369230449781094,0.0024255209067489,-0.0306498355446337,452,-1.6644641461196508,pga_ridge_v2,-2.950153167083164,698,-2.950153167083164,-1.849721166963776,1.0,-0.4663807998931124,0.0,-0.0848052667758432,0.0,weekly_pga_core,False,0.0307109173098214,-0.0232082615142579,0.1110169217323797,0.0,-0.0,0.0,-1.2507108722531508,2026-08-03 10:00,2026-08-03 10:00
Sedgefield Country Club,1,2026-08-09,2026-08-06,13,Wyndham Championship,2026-08-03 19:01:12 UTC,no,pga,-14400,0,FRA,14792,227.0,140.0,"saddier, adrien",34371,52,179.0,0.0,0.0,0.0,0.0,0.0,0.0,1992-05-15,-6.5,34,2.306149271045678,-0.3243717834473719,1.2184523809523813,0.5432222784587197,0.146,pga,2026-08-02,1156,-0.3243717834473719,-0.11,0.29,-0.76,0.0,2.0,43.0,-1.563380281690141,-2.7112676056338025,0.0,0.0,0.0,0.0,0.0,0.0,0.0,0.0,0.0,0.0,0.0,0.0,0.0,0.0,0.0,0.0,0.0,0.0,0.0,0.0,2026-08-06,-0.1578389023649703,-0.0001346977543334,-0.0010585936277221,0.0124357355361869,-0.1715242216808238,0.002442875161722,-0.1542941599582356,-0.0105981588993186,-0.0626215199051657,-0.0071765709678652,-0.0310385124332891,,,-0.0913976401924846,-0.4208417804788941,0.0008454171675268,-0.0093867655426417,549,-0.7673179376955991,pga_ridge_v2,-2.950153167083164,698,-2.950153167083164,-0.268781233813762,1.0,-10.13835961399593,-0.0364292170471775,-0.05517386974742,0.0,weekly_pga_core,False,0.0307109173098214,-0.0232082615142579,-0.0537820101958936,0.0,-0.0,-0.0,-0.4671211348792241,2026-08-03 10:00,2026-08-03 10:00
Sedgefield Country Club,1,2026-08-09,2026-08-06,13,Wyndham Championship,2026-08-03 19:01:12 UTC,no,pga,-14400,0,USA,30814,451.0,326.0,"sargent, gordon",64442,82,130.0,0.0,0.0,0.0,0.0,0.0,0.0,2003-06-01,-4.5,23,3.2,-0.7382542137189565,-0.2815476190476187,-0.7382542137189565,-0.984,pga,2026-08-02,529,-0.7382542137189565,0.52,-0.12,0.31,0.0,6.0,35.0,2.436619718309859,-2.7112676056338025,-1.052616863622299,1.5423976924741938,2.0,1.0,-1.737120348009571,1.5423976924741938,2.0,0.3804598284299714,1.5423976924741938,2.0,-1.1940623562028092,1.5423976924741938,2.0,1.683154214492066,1.5423976924741938,2.0,-0.0434280087002392,0.0,-0.0,0.0,2026-08-06,-0.3235658792686923,-0.00013173592539,-0.0079221451623076,-0.3025003069581164,-0.0095091131617091,-0.003502578061169,-0.3784299128449578,0.0153718713629735,0.0158209922198975,0.0003540458733076,0.0271984050002204,,,-0.3079881557983276,-0.6564249486130993,0.0014686094795379,-0.0129697616046787,88,-1.050436226234591,pga_ridge_v2,-2.950153167083164,698,-2.950153167083164,-0.92082599222379,1.0,0.0,0.0,-0.017251042301072,0.0,weekly_pga_core,False,0.0307109173098214,-0.0160672579714093,-0.1102518020407507,-0.0105261686362229,0.0,0.0,-0.7625592599516611,2026-08-03 10:00,2026-08-03 10:00
Sedgefield Country Club,1,2026-08-09,2026-08-06,13,Wyndham Championship,2026-08-03 19:01:12 UTC,no,pga,-14400,0,USA,19477,444.0,187.0,"schenk, adam",47347,46,157.0,0.0,0.0,0.0,0.0,0.0,0.0,1992-01-26,13.5,34,3.116132623856187,-0.998573792754195,-0.4065476190476187,0.9011626289131348,0.6742,pga,2026-08-02,1156,-0.998573792754195,0.49,0.3099999999999999,-0.1099999999999999,0.0,3.0,47.0,-0.563380281690141,-2.7112676056338025,-12.182838647936386,6.957366379211784,16.0,1.0,0.7209288729064228,6.957366379211784,16.0,-6.125142366754304,6.957366379211784,16.0,-3.379716019148503,6.957366379211784,16.0,-1.4071871422884152,6.957366379211784,16.0,0.0180232218226605,-0.0,-0.0,-0.0,2026-08-06,-0.0240077758323193,-0.0012816815784535,-0.0016683152859316,0.0177537367040614,-0.0434753916665926,0.004663875994597,-0.4986888239330126,-0.0175815041357419,-0.1035841956436068,0.0081673932222745,-0.0446888043764089,,,-0.2978632675135315,-1.0364926014472138,0.001703558689744,-0.0246266501880734,839,-1.2212047662136856,pga_ridge_v2,-2.950153167083164,698,-2.950153167083164,-1.1546453516127837,1.0,-5.6786331170202295,-0.0774407162635719,-0.059330307568857,0.0,weekly_pga_core,False,0.0307109173098214,0.048201773914228,-0.0081804068911282,-0.1,-0.0,-0.0,-1.0657603171142926,2026-08-03 10:00,2026-08-03 10:00
Sedgefield Country Club,1,2026-08-09,2026-08-06,13,Wyndham Championship,2026-08-03 19:01:12 UTC,no,pga,-14400,0,GER,20722,147.0,83.0,"schmid, matthias",48867,78,67.0,0.0,0.0,0.0,0.0,0.0,0.0,1997-11-18,5.5,28,2.722387880470799,0.065086476308737,0.2184523809523813,0.5004814753090094,0.249,pga,2026-07-31,784,0.065086476308737,0.02,0.14,0.12,2.0,2.0,57.0,-1.563380281690141,-0.7112676056338025,3.9005859178057807,7.401785863501662,12.0,1.0,-1.051957117800955,7.401785863501662,12.0,1.473350882857871,7.401785863501662,12.0,2.253368595542346,7.401785863501662,12.0,2.0073408537949065,7.401785863501662,12.0,-0.0262989279450238,0.0,0.0,0.0,2026-08-06,-0.2153823139931105,-0.0001338168726616,-0.0001865253466169,-0.1081189676189908,-0.1090925976274201,0.002149593472579,0.0451979356925017,-0.0097642943079209,-0.0890971931611223,-0.0038594503441269,-0.0030546540744368,,,0.0009577597026158,-0.0678436727656622,-9.97278308365668e-05,-0.0026161790077381,509,-0.3367616379176716,pga_ridge_v2,-2.950153167083164,698,-2.950153167083164,-0.4044306463108441,1.0,-7.087780016612701,-0.064931312166138,-0.0055078694345979,0.0,weekly_pga_core,False,0.0080566302553038,0.0196377597428336,-0.0733893459320168,0.0390058591780578,-0.0,-0.0,-0.0745327695214837,2026-08-03 10:00,2026-08-03 10:00
Sedgefield Country Club,1,2026-08-09,2026-08-06,13,Wyndham Championship,2026-08-03 19:01:12 UTC,no,pga,-14400,0,USA,32055,233.0,207.0,"shipley, neal",63807,68,184.0,0.0,0.0,0.0,0.0,0.0,0.0,2001-06-06,-6.5,25,2.3,-0.1889403874811009,0.3434523809523813,0.5596358031246019,0.437,pga,2026-08-02,625,-0.1889403874811009,0.24,-0.1899999999999999,0.3299999999999999,0.0,3.0,45.0,-0.563380281690141,-2.7112676056338025,0.0,0.0,0.0,0.0,0.0,0.0,0.0,0.0,0.0,0.0,0.0,0.0,0.0,0.0,0.0,0.0,0.0,0.0,0.0,0.0,2026-08-06,0.0786837367078919,-0.0017845370466137,1.755491217526978e-05,-0.1372592346151321,0.2085233965485299,0.0091865569089326,-0.0964096560668046,-0.0109183835097681,-0.007543160949645,0.0352875460882969,0.0754807116545971,,,-0.0630753175579871,-0.0600789294432901,0.0009235391303654,-0.0083778111965135,163,-0.2939512259446383,pga_ridge_v2,-2.950153167083164,698,-2.950153167083164,-0.2165129625167771,1.0,-2.8549279136821264,0.0,0.0145536029641688,0.0,weekly_pga_core,False,0.0307109173098214,-0.0232082615142579,0.0268106877738527,0.0,-0.0,0.0,-0.0257655858738737,2026-08-03 10:00,2026-08-03 10:00
Sedgefield Country Club,1,2026-08-09,2026-08-06,13,Wyndham Championship,2026-08-03 19:01:12 UTC,no,pga,-14400,0,CAN,17381,250.0,228.0,"silverman, ben",39327,18,136.0,0.0,0.0,0.0,0.0,0.0,0.0,1987-11-15,1.5,38,2.3,-0.3492521190915349,-0.5315476190476187,0.4842180596491213,0.2378,pga,2026-07-31,1444,-0.3492521190915349,0.3199999999999999,0.19,0.16,2.0,5.0,47.0,1.436619718309859,-0.7112676056338025,-0.5937153613715653,2.7519370196498008,4.0,1.0,-0.7234580500171335,2.7519370196498008,4.0,-1.649241760799932,2.7519370196498008,4.0,1.87035043033768,2.7519370196498008,4.0,1.008653806300828,2.7519370196498008,4.0,-0.0180864512504283,-0.0,0.0,0.0,2026-08-06,0.2582071666581458,0.0011069896441024,-0.001238002952996,0.1484418686868459,0.1067159420171775,0.0031803692630159,-0.175358340906112,-0.0094469982944028,-0.009364769629321,-0.0185554618306851,-0.0261573883099458,,,-0.1024802881798967,-0.4571681906963155,0.0011714131519109,-0.0116166508641475,590,-0.8484697750876227,pga_ridge_v2,-2.950153167083164,698,-2.950153167083164,-0.0230618166860953,1.0,0.3695726201521763,0.0,-0.1053597058337152,0.0,weekly_pga_core,False,0.0080566302553038,0.0053557526571364,0.0879814815092325,-0.0059371536137156,0.0,0.0,-0.3617114798883583,2026-08-03 10:00,2026-08-03 10:00
Sedgefield Country Club,1,2026-08-09,2026-08-06,13,Wyndham Championship,2026-08-03 19:01:12 UTC,no,pga,-14400,0,USA,11049,221.0,0.0,"simpson, webb",29221,133,181.0,0.0,0.0,0.0,0.0,0.0,0.0,1985-08-08,24.5,41,2.7,-0.1797634791139548,-1.1565476190476187,2.1167951238405927,1.9238,pga,2026-07-31,1681,-0.1797634791139548,-0.31,0.0699999999999999,-0.14,2.0,1.0,20.0,-2.563380281690141,-0.7112676056338025,10.763684174624066,8.7275817747981,19.0,1.0,3.850753562811648,8.7275817747981,19.0,2.192526553371817,8.7275817747981,19.0,-1.1137112139758425,8.7275817747981,19.0,6.62247557911729,8.7275817747981,19.0,0.0962688390702912,0.0,-0.0,0.0,2026-08-06,-0.1493172688193407,0.0004429918316032,-0.0003536864784578,0.0163182934685857,-0.1644794067326395,-0.0012454609084323,-0.0680661195027742,-0.0413010834076114,-0.144812555146289,-0.0182261934046094,-0.0571460625078689,,,-0.0296689471787769,-0.5094164982856112,0.0002156148760122,-0.0135370624497279,582,-0.7800002607314398,pga_ridge_v2,-2.950153167083164,698,-2.950153167083164,-0.6356400604868931,1.0,12.46880625526825,0.0099165268683291,-0.1368740895639654,0.0,weekly_pga_core,False,0.0080566302553038,0.0874772933998953,-0.0508783497207531,0.1,0.0,0.0,-0.3647609243511652,2026-08-03 10:00,2026-08-03 10:00
Sedgefield Country Club,1,2026-08-09,2026-08-06,13,Wyndham Championship,2026-08-03 19:01:12 UTC,no,pga,-14400,0,USA,18474,54.0,46.0,"smalley, alex",46340,383,25.0,0.0,0.0,0.0,0.0,0.0,0.0,1996-10-21,7.5,29,2.815834464533696,0.6299333586150873,0.0934523809523812,1.2158075185769848,0.7682000000000001,pga,2026-07-19,841,0.6299333586150873,0.28,0.0899999999999999,0.11,14.0,0.0,59.0,-3.563380281690141,11.288732394366198,-1.891785724609373,6.39808066295374,14.0,1.0,2.413033064237998,5.197923474648371,10.0,-1.085615194078304,5.197923474648371,10.0,-0.3344507601054535,5.197923474648371,10.0,-3.274299933482105,5.197923474648371,10.0,0.0603258266059499,-0.0,-0.0,-0.0,2026-08-06,0.2011311485310866,0.0017810627413481,0.0018042758413723,0.0497124431961305,0.1461191664287857,0.0017142003234499,0.3078431462950521,,0.0231665444221281,-0.0129318611766505,-0.018392282690339,0.107866744024989,0.1486767430300328,,0.4676701517996089,-0.0715675106187159,-0.0301903191227461,475,0.2207516793220246,pga_ridge_v2,-2.950153167083164,698,-2.950153167083164,0.2267373942459952,1.0,11.596163499243096,0.0373120057704844,0.0131989476358585,0.0,weekly_pga_core,False,-0.1030695748481709,0.0622231075081297,0.1237416969523426,-0.0094589286230468,0.0,0.0,0.5411064527888635,2026-08-03 10:00,2026-08-03 10:00
Sedgefield Country Club,1,2026-08-09,2026-08-06,13,Wyndham Championship,2026-08-03 19:01:12 UTC,no,pga,-14400,0,ENG,18586,65.0,76.0,"smith, jordan",46464,247,68.0,0.0,0.0,0.0,0.0,0.0,0.0,1992-11-09,-6.5,33,2.548263692590216,0.5957884432398891,-0.2815476190476187,0.9391807450159726,0.6709999999999999,pga,2026-08-02,1089,0.5957884432398891,-0.13,0.2299999999999999,0.1199999999999999,0.0,5.0,57.0,1.436619718309859,-2.7112676056338025,0.0,0.0,0.0,0.0,0.0,0.0,0.0,0.0,0.0,0.0,0.0,0.0,0.0,0.0,0.0,0.0,0.0,0.0,0.0,0.0,2026-08-06,0.2493630696628357,-0.0006926227720241,0.0024728131263974,0.0023156318294776,0.2418669186129371,0.0034003288660477,0.2897739300746921,,0.0882803393952464,-0.0051437597796562,0.1246578652525272,0.0942184134870705,0.1162189023150645,,0.6124356670831721,-0.0451301926548884,-0.0237879696040087,834,0.431016930773985,pga_ridge_v2,-2.950153167083164,698,-2.950153167083164,0.8019743435066593,1.0,-2.1185622289534067,0.1172079275000653,-0.0266518614028754,0.0,weekly_pga_core,False,0.0247547013827484,-0.0539266931737124,0.153415369139382,0.0,-0.0,0.0,0.7366790444315903,2026-08-03 10:00,2026-08-03 10:00
Sedgefield Country Club,1,2026-08-09,2026-08-06,13,Wyndham Championship,2026-08-03 19:01:12 UTC,no,pga,-14400,0,USA,22985,225.0,107.0,"smotherman, austin",50095,250,76.0,0.0,0.0,0.0,0.0,0.0,0.0,1994-05-19,-0.5,32,3.2,-0.1797767720590525,-0.2815476190476187,0.5463810363606464,0.2123999999999999,pga,2026-07-31,1024,-0.1797767720590525,-0.58,-0.46,-0.5800000000000001,2.0,2.0,51.0,-1.563380281690141,-0.7112676056338025,2.2336505295074134,2.6434431044634947,6.0,1.0,0.7663675399863601,2.6434431044634947,6.0,3.501202228476768,2.6434431044634947,6.0,1.408440517454937,2.6434431044634947,6.0,-1.514718357816695,2.6434431044634947,6.0,0.019159188499659,0.0,0.0,-0.0,2026-08-06,0.1938568342837156,-0.0013897656680308,0.003216218380684,0.0853671634050641,0.0959951243116988,0.0106680938542994,-0.0459800327205338,-0.0106597856394149,-0.3347950801629603,0.0396299088189364,-0.0173649520037328,,,0.0201129537549329,-0.3888105114767949,0.0003601729522477,-0.0045042830949929,611,-0.6641343273577597,pga_ridge_v2,-2.950153167083164,698,-2.950153167083164,-1.0291433795919207,1.0,-2.23873543854724,0.0,-0.0356094133812774,0.0,weekly_pga_core,False,0.0080566302553038,-0.0017852508857121,0.0660547563482317,0.0223365052950741,-0.0,0.0,-0.2941478704638973,2026-08-03 10:00,2026-08-03 10:00
Sedgefield Country Club,1,2026-08-09,2026-08-06,13,Wyndham Championship,2026-08-03 19:01:12 UTC,no,pga,-14400,0,USA,8820,179.0,127.0,"snedeker, brandt",27649,151,83.0,0.0,0.0,0.0,0.0,0.0,0.0,1980-12-08,15.5,45,2.893935864765756,-0.2492028281335757,-1.0315476190476187,1.0583999206860364,0.8845999999999999,pga,2026-08-02,2025,-0.2492028281335757,-0.3399999999999999,-0.1099999999999999,-0.01,0.0,5.0,43.0,1.436619718309859,-2.7112676056338025,-2.6841191577171584,6.208077607456444,14.0,1.0,2.297260392295702,6.208077607456444,14.0,-6.9918249087619095,6.208077607456444,14.0,0.8563704942120651,6.208077607456444,14.0,3.320674442909652,6.208077607456444,14.0,0.0574315098073925,-0.0,0.0,0.0,2026-08-06,0.5219517472705919,0.0011848958368703,0.000244693324198,0.3124739631152021,0.2146562754194234,-0.006608080425102,-0.1157728710386472,-0.0206488305506442,-0.0623487716627906,-0.0103318187625917,-0.075249620618704,,,0.0061570266596733,-0.4811057442880843,-0.0001132312266447,0.0026479884303684,627,-0.6307528763936341,pga_ridge_v2,-2.950153167083164,698,-2.950153167083164,-0.3959800710297568,1.0,-9.849771464413164,0.0377086011038278,-0.2054456155181035,0.0,weekly_pga_core,False,0.0307109173098214,0.0553427774570766,0.1778497808389567,-0.0268411915771715,-0.0,0.0,-0.2440434602594009,2026-08-03 10:00,2026-08-03 10:00
Sedgefield Country Club,1,2026-08-09,2026-08-06,13,Wyndham Championship,2026-08-03 19:01:12 UTC,no,pga,-14400,0,USA,14636,82.0,57.0,"spieth, jordan",34046,425,55.0,0.0,0.0,0.0,0.0,0.0,0.0,1993-07-27,6.5,33,2.65432775175493,0.376312598768912,0.3434523809523813,1.7998940092461388,1.5064,pga,2026-08-02,1089,0.376312598768912,0.04,-0.0099999999999999,0.11,0.0,2.0,71.0,-1.563380281690141,-2.7112676056338025,-2.258090294023793,5.258744349720398,10.0,1.0,-0.9825968895153364,5.258744349720398,10.0,-0.9635312984568014,5.258744349720398,10.0,-2.639199094224701,5.258744349720398,10.0,1.3143420745689591,5.258744349720398,10.0,-0.0245649222378834,-0.0,-0.0,0.0,2026-08-06,-0.1835892087292169,-0.0001068675412707,0.0006348667546896,-0.1498456127755585,-0.0341930363296018,-7.855883747542495e-05,0.1794277094479747,-0.0351155750939472,-0.0146828310218267,0.0087320744725466,0.0031626138740447,,,0.1551570718237688,0.2652387067632401,-0.0006015415796233,0.0133214462085043,733,0.0428237311016475,pga_ridge_v2,-2.950153167083164,698,-2.950153167083164,-0.5289677027279137,1.0,15.54485299481763,0.1762058781110902,-0.0441622613682017,0.0,weekly_pga_core,False,0.0307109173098214,0.0232082615142579,-0.0625561667484207,-0.0225809029402379,0.0,0.0,0.2340208158986607,2026-08-03 10:00,2026-08-03 10:00
Sedgefield Country Club,1,2026-08-09,2026-08-06,13,Wyndham Championship,2026-08-03 19:01:12 UTC,no,pga,-14400,0,USA,21995,268.0,309.0,"springer, hayden",50484,34,134.0,0.0,0.0,0.0,0.0,0.0,0.0,1997-01-09,-4.5,29,2.688894334986257,-0.4185474889810114,0.5934523809523813,0.2460367147008108,0.021,pga,2026-07-31,841,-0.4185474889810114,0.35,0.36,0.21,2.0,5.0,43.0,1.436619718309859,-0.7112676056338025,0.7911462400491622,1.209539327175607,2.0,1.0,0.5539090574326814,1.209539327175607,2.0,0.3987108706656144,1.209539327175607,2.0,0.5436690911859138,1.209539327175607,2.0,-0.8640779877366355,1.209539327175607,2.0,0.013847726435817,0.0,0.0,-0.0,2026-08-06,-0.2235010434277028,0.0002717524624293,-0.0017540718634402,-0.1126415192842889,-0.1128415998154175,0.0034643950730146,-0.2056913492964843,-0.0048001275000426,-0.111325887428733,-0.0007278229143929,-0.0325079597032806,,,-0.1160257468311781,-0.49731741027966,0.0008166914598734,-0.0146384298443065,243,-0.8985729434558776,pga_ridge_v2,-2.950153167083164,698,-2.950153167083164,-0.9109048252600138,1.0,0.0,0.0,-0.0124167782211151,0.0,weekly_pga_core,False,0.0080566302553038,-0.0160672579714093,-0.0761557209047678,0.0079114624004916,0.0,0.0,-0.5735722965000416,2026-08-03 10:00,2026-08-03 10:00
Sedgefield Country Club,1,2026-08-09,2026-08-06,13,Wyndham Championship,2026-08-03 19:01:12 UTC,no,pga,-14400,0,USA,25569,135.0,55.0,"stevens, samuel",55893,85,52.0,0.0,0.0,0.0,0.0,0.0,0.0,1996-07-04,-0.5,30,2.4693545922185094,0.1655514289863955,-0.1565476190476187,0.8715216706028837,0.6906,pga,2026-07-31,900,0.1655514289863955,-0.17,0.0,-0.5900000000000001,2.0,4.0,67.0,0.436619718309859,-0.7112676056338025,-8.05846288137044,3.6983974017689,6.0,1.0,0.5828329335509339,3.6983974017689,6.0,-4.48885356769653,3.6983974017689,6.0,-1.739958204713848,3.6983974017689,6.0,-3.2618851688802213,3.6983974017689,6.0,0.0145708233387733,-0.0,-0.0,-0.0,2026-08-06,-0.1839194615341161,-0.0010151225937134,0.0004176666861682,-0.0586877872942303,-0.1261328859971424,0.0014986676648017,0.0934958027691233,-0.0170032149186806,-0.1548536657175789,0.0199144115607278,0.0129554679963867,,,0.0844196766448548,0.0260948298098233,-0.0001095542666322,0.0045269480426944,502,-0.2329967152247985,pga_ridge_v2,-2.950153167083164,698,-2.950153167083164,-0.4232850108131311,1.0,6.515097794568771,-0.1263387064072076,-0.017251042301072,0.0,weekly_pga_core,False,0.0080566302553038,-0.0017852508857121,-0.0626686970527638,-0.0805846288137044,0.0,-0.0,-0.1108871166870533,2026-08-03 10:00,2026-08-03 10:00
Sedgefield Country Club,1,2026-08-09,2026-08-06,13,Wyndham Championship,2026-08-03 19:01:12 UTC,no,pga,-14400,0,AUT,17511,109.0,26.0,"straka, sepp",49960,348,37.0,0.0,0.0,0.0,0.0,0.0,0.0,1993-05-01,5.5,33,3.1594804670965035,0.2382965362078434,-0.0315476190476187,1.52277040553848,1.3330000000000002,pga,2026-07-19,1089,0.2382965362078434,-0.1,-0.05,-0.03,14.0,0.0,61.0,-3.563380281690141,11.288732394366198,-3.903689664682759,2.430296302172904,8.0,1.0,-2.180888263850348,2.430296302172904,8.0,-0.3784556610984346,2.430296302172904,8.0,-1.2705556802156446,2.430296302172904,8.0,0.5319528966490307,2.430296302172904,8.0,-0.0545222065962587,-0.0,-0.0,0.0,2026-08-06,0.135069138205036,0.0001922341770957,0.0019348563740555,0.0957728535651884,0.0323161544764926,0.0048530396122036,0.120053510604829,-0.0297089485557671,-0.1551878144769089,0.0117949310320268,-0.0168736505174101,,,0.1312130792583724,0.0225423657053249,-0.000135386575882,0.0065245921793631,794,-0.3743612724329806,pga_ridge_v2,-2.950153167083164,698,-2.950153167083164,-0.736127702230284,1.0,-20.59206544755805,0.0429346731480109,-0.0451379472432982,0.0,weekly_pga_core,False,-0.1278690920718022,0.0196377597428336,0.0460234432655684,-0.0390368966468275,-0.0,0.0,-0.0787024200049027,2026-08-03 10:00,2026-08-03 10:00
Sedgefield Country Club,1,2026-08-09,2026-08-06,13,Wyndham Championship,2026-08-03 19:01:12 UTC,no,pga,-14400,0,USA,8480,276.0,407.0,"streelman, kevin",27214,49,153.0,0.0,0.0,0.0,0.0,0.0,0.0,1978-11-04,9.5,47,2.3,-0.3518378976258643,-0.0315476190476187,1.113387595431899,0.865,pga,2026-07-31,2209,-0.3518378976258643,-0.24,-0.37,-0.04,2.0,2.0,37.0,-1.563380281690141,-0.7112676056338025,-3.21689127889123,4.105445669355416,10.0,1.0,2.3817565254872584,4.105445669355416,10.0,1.2804418881236417,4.105445669355416,10.0,-0.4932819399505493,4.105445669355416,10.0,-5.387527429960324,4.105445669355416,10.0,0.0595439131371814,0.0,-0.0,-0.0,2026-08-06,0.1691671077154088,-0.0002093701551065,0.0002573026694234,0.1302157961294047,0.0349100566663636,0.0039933224053237,-0.1547549284476511,-0.0217523428090973,-0.0834796915765832,0.0210457553137677,-0.0018304260216905,,,-0.1246455841547208,-0.6083156741572256,0.0008885543162309,-0.0034675238787869,704,-0.7360898830370672,pga_ridge_v2,-2.950153167083164,698,-2.950153167083164,-0.4867825071781316,1.0,14.026999089886385,-0.0060138652012324,-0.2403194868986945,0.0,weekly_pga_core,False,0.0080566302553038,0.0339197668285308,0.0576419816384831,-0.0321689127889123,0.0,-0.0,-0.5408662082238203,2026-08-03 10:00,2026-08-03 10:00
Sedgefield Country Club,1,2026-08-09,2026-08-06,13,Wyndham Championship,2026-08-03 19:01:12 UTC,no,pga,-14400,0,USA,29279,100.0,109.0,"suber, jackson",60019,248,82.0,0.0,0.0,0.0,0.0,0.0,0.0,1999-10-18,-4.5,26,2.963859353508924,0.3290651107580359,-0.6565476190476187,0.5786624964014359,0.0619999999999999,pga,2026-08-02,676,0.3290651107580359,-0.7899999999999999,-0.23,-0.32,0.0,4.0,55.0,0.436619718309859,-2.7112676056338025,-3.799320808838473,1.5423976924741938,2.0,1.0,-1.8491398262468093,1.5423976924741938,2.0,-3.618504123323975,1.5423976924741938,2.0,1.2316044032253977,1.5423976924741938,2.0,0.2064793301869586,1.5423976924741938,2.0,-0.0462284956561702,-0.0,0.0,0.0,2026-08-06,-0.1198321645083751,-6.1107658834721e-05,0.0023178495396781,-0.0966947452043842,-0.0232988064837891,-0.0020953547010452,0.1858171323025877,-0.0112895905214698,0.0261954894428972,-0.0053073066797417,-0.0043232338641732,,,0.1173939749777722,0.3251573995401033,-0.0007342102370596,0.0103281503811596,296,0.0521249763773724,pga_ridge_v2,-2.950153167083164,698,-2.950153167083164,0.8524223409925847,1.0,0.3698854723253144,0.0,0.0070769937381311,0.0,weekly_pga_core,False,0.0307109173098214,-0.0160672579714093,-0.0408315985274853,-0.0379932080883847,0.0,0.0,0.2609762522626453,2026-08-03 10:00,2026-08-03 10:00
Sedgefield Country Club,1,2026-08-09,2026-08-06,13,Wyndham Championship,2026-08-03 19:01:12 UTC,no,pga,-14400,0,CAN,13997,330.0,475.0,"svensson, adam",40115,76,176.0,0.0,0.0,0.0,0.0,0.0,0.0,1993-12-31,11.5,32,2.3,-0.9230473042991842,-0.5315476190476187,0.7367838536424471,0.6128,pga,2026-08-02,1024,-0.9230473042991842,-0.24,0.08,-0.07,0.0,6.0,43.0,2.436619718309859,-2.7112676056338025,2.6736093514380697,7.356781452345956,14.0,1.0,-0.7111753038350641,7.356781452345956,14.0,-2.092993718726121,7.356781452345956,14.0,-0.4447214777990269,7.356781452345956,14.0,9.00440383721126,7.356781452345956,14.0,-0.0177793825958766,-0.0,-0.0,0.0,2026-08-06,0.1803017686075227,-0.001739242525438,0.0003127200765457,0.1947115918605665,-0.0127553454069775,-0.000227955397174,-0.4349859261536279,-0.0143745068363361,-0.2451950640490972,0.0085875535819469,-0.0620179479317215,,,-0.1810165837943969,-0.9835828522568651,0.0013202695235521,-0.0165407063081509,775,-1.202784214914005,pga_ridge_v2,-2.950153167083164,698,-2.950153167083164,-1.4232324392368163,1.0,-13.211572332997926,0.0,-0.0393599402890335,0.0,weekly_pga_core,False,0.0307109173098214,0.0410607703713794,0.0614360047636743,0.0267360935143806,-0.0,0.0,-0.8236390662976093,2026-08-03 10:00,2026-08-03 10:00
Sedgefield Country Club,1,2026-08-09,2026-08-06,13,Wyndham Championship,2026-08-03 19:01:12 UTC,no,pga,-14400,0,SWE,26850,194.0,169.0,"svensson, jesper",57586,46,124.0,0.0,0.0,0.0,0.0,0.0,0.0,1996-03-14,-4.5,30,3.1601363041908197,-0.1515300715224606,1.3434523809523813,0.5496131343343333,0.28,pga,2026-07-31,900,-0.1515300715224606,-0.63,-0.1999999999999999,-0.5,2.0,4.0,47.0,0.436619718309859,-0.7112676056338025,-3.872313371587154,1.5423976924741938,2.0,1.0,-0.570886331509086,1.5423976924741938,2.0,-1.471298330599831,1.5423976924741938,2.0,-0.7132471206623265,1.5423976924741938,2.0,-2.315665358755184,1.5423976924741938,2.0,-0.0142721582877271,-0.0,-0.0,-0.0,2026-08-06,-0.485669454531441,-0.0012470893852574,-0.0020161186082886,-0.3580998660215667,-0.1227875721845919,-0.0015188083317362,-0.049872355288677,-0.0107228432297635,-0.1009100096156377,0.0076063844517321,0.0711525809438147,,,0.0038310388104634,-0.1040696991824709,0.0002682847174374,-0.0056861081641061,267,-0.3326795711837562,pga_ridge_v2,-2.950153167083164,698,-2.950153167083164,0.4571623659665187,1.0,-1.5645401245569066,0.122584873431261,-0.0197366718077341,0.0,weekly_pga_core,False,0.0080566302553038,-0.0160672579714093,-0.1654869564098097,-0.0387231337158715,-0.0,0.0,-0.3162904170242577,2026-08-03 10:00,2026-08-03 10:00
Sedgefield Country Club,1,2026-08-09,2026-08-06,13,Wyndham Championship,2026-08-03 19:01:12 UTC,no,pga,-14400,0,CAN,13126,58.0,73.0,"taylor, nick",25493,233,61.0,0.0,0.0,0.0,0.0,0.0,0.0,1988-04-14,13.5,38,2.6168543288120985,0.7969301682658019,0.0934523809523812,1.0494419653956284,0.9094,pga,2026-08-02,1444,0.7969301682658019,-0.3399999999999999,0.36,-0.3,0.0,2.0,73.0,-1.563380281690141,-2.7112676056338025,-0.635630971288863,3.9092225883604463,10.0,1.0,-0.9840409374554604,3.9092225883604463,10.0,-1.2468920707123936,3.9092225883604463,10.0,0.7026149864151776,3.9092225883604463,10.0,2.2560573124155785,3.9092225883604463,10.0,-0.0246010234363865,-0.0,0.0,0.0,2026-08-06,0.2623224166097943,0.0021146554374332,0.0009230825963506,0.1591182515788903,0.1028246084684513,-0.0026581814713313,0.4077319536351546,,0.005412984373112,-0.03023017881067,-0.0831809089559263,0.1276933311850104,0.1967346816295092,,0.4603534118696491,-0.0509110235903392,-0.026872671332397,816,0.0130138245172707,pga_ridge_v2,-2.950153167083164,698,-2.950153167083164,0.444145578411751,1.0,-17.877188959386565,0.1059568086432184,-0.0860247562638045,0.0,weekly_pga_core,False,0.0247547013827484,0.1120015935146334,0.1613883340148993,-0.0031781548564443,-0.0,0.0,0.755319885925486,2026-08-03 10:00,2026-08-03 10:00
Sedgefield Country Club,1,2026-08-09,2026-08-06,13,Wyndham Championship,2026-08-03 19:01:12 UTC,no,pga,-14400,0,USA,23014,72.0,82.0,"theegala, sahith",51634,190,43.0,0.0,0.0,0.0,0.0,0.0,0.0,1997-12-04,-4.5,28,2.9418222590114915,0.5075529019359887,0.9684523809523812,1.4208351695642858,1.2602000000000002,pga,2026-07-19,784,0.5075529019359887,-0.26,0.0499999999999999,-0.07,14.0,0.0,71.0,-3.563380281690141,11.288732394366198,-5.561282069415064,1.5423976924741938,2.0,1.0,-1.7833943505714205,1.5423976924741938,2.0,0.2924026364910316,1.5423976924741938,2.0,-2.478756512488812,1.5423976924741938,2.0,-0.6566977686795034,1.5423976924741938,2.0,-0.0445848587642855,0.0,-0.0,-0.0,2026-08-06,-0.0878189375965318,-7.08109020478388e-05,0.001327451838879,-0.0575433266153103,-0.0250527454840464,-0.0064795064340061,0.2565995469555852,,0.0157277941094257,0.0038518060600348,-0.0145185196892437,0.1769508862539587,0.1404702283190443,,0.5458226672003601,-0.0275499495830288,-0.0292337839348871,547,0.1977061565844754,pga_ridge_v2,-2.950153167083164,698,-2.950153167083164,0.5546855695583488,1.0,5.696665680153547,-0.1339361387843875,0.023524658709471,0.0,weekly_pga_core,False,-0.1030695748481709,-0.0373338645048778,-0.0540287491127569,-0.0278064103470753,0.0,-0.0,0.3235840683874791,2026-08-03 10:00,2026-08-03 10:00
Sedgefield Country Club,1,2026-08-09,2026-08-06,13,Wyndham Championship,2026-08-03 19:01:12 UTC,no,pga,-14400,0,USA,14139,24.0,22.0,"thomas, justin",33448,577,40.0,0.0,0.0,0.0,0.0,0.0,0.0,1993-04-29,-2.5,33,2.9668426327535817,1.307117121847225,1.0934523809523813,2.3206658925247394,2.1922,pga,2026-07-19,1089,1.307117121847225,-0.47,-0.12,-0.1599999999999999,14.0,0.0,55.0,-3.563380281690141,11.288732394366198,3.399283737645756,1.8941543327081527,4.0,1.0,-0.3786431832732793,1.8941543327081527,4.0,-0.5727345090349547,1.8941543327081527,4.0,3.393361892580727,1.8941543327081527,4.0,2.355334232018601,1.8941543327081527,4.0,-0.0094660795818319,-0.0,0.0,0.0,2026-08-06,0.0595868773505046,0.0012927645021427,0.0012428488739475,-0.0757998895751095,0.1456133894926015,-0.0127622359430776,0.6678310277914198,,0.0377772772917963,-0.0099993396676874,0.0206459356636771,0.3117211295697416,0.2535234112401195,,1.1367163361604185,-0.0855097363595552,-0.0371516637082144,745,0.8965427173723978,pga_ridge_v2,-2.950153167083164,698,-2.950153167083164,1.2923229155452924,1.0,-59.956124944817184,-0.3620100144375374,-0.022121705660879,0.0,weekly_pga_core,False,-0.1030695748481709,-0.0207410358360432,0.0366595695062265,0.0169964186882287,-0.0,-0.0,1.0665617136706598,2026-08-03 10:00,2026-08-03 10:00
Sedgefield Country Club,1,2026-08-09,2026-08-06,13,Wyndham Championship,2026-08-03 19:01:12 UTC,no,pga,-14400,0,USA,27364,60.0,123.0,"thompson, davis",58168,622,81.0,0.0,0.0,0.0,0.0,0.0,0.0,1999-06-05,7.5,27,2.437279287713671,0.6392860478780192,0.8434523809523813,1.2794646556044886,0.9280000000000002,pga,2026-08-02,729,0.6392860478780192,0.76,0.45,0.3,0.0,3.0,55.0,-0.563380281690141,-2.7112676056338025,8.645804842747387,8.00149527256473,14.0,1.0,3.5929732164798627,8.00149527256473,14.0,2.3328864359770765,8.00149527256473,14.0,2.5543216869026866,8.00149527256473,14.0,0.288039342367364,8.00149527256473,14.0,0.0898243304119965,0.0,0.0,0.0,2026-08-06,-0.0767248405294018,-0.0009480635268718,0.001973090258672,-0.0868904192254875,0.0088999495929132,0.0002406023713723,0.2791188228533658,,0.1679522336359045,-0.0064389681068192,0.0824086133913371,0.1303050487570812,0.0913063144839882,,0.7312804320789132,-0.0339393507037117,-0.0145828528053155,453,0.4914826580070239,pga_ridge_v2,-2.950153167083164,698,-2.950153167083164,0.937952853353441,1.0,-14.519127620258146,-0.0535222482889478,0.035150570573083,0.0,weekly_pga_core,False,0.0247547013827484,0.0622231075081297,-0.0472033398846656,0.0432290242137369,-0.0,-0.0,0.8142839252988627,2026-08-03 10:00,2026-08-03 10:00
Sedgefield Country Club,1,2026-08-09,2026-08-06,13,Wyndham Championship,2026-08-03 19:01:12 UTC,no,pga,-14400,0,ARG,17032,0.0,410.0,"tosti, alejandro",38991,36,186.0,0.0,0.0,0.0,0.0,0.0,0.0,1996-05-30,-4.5,30,3.0279132798622035,-1.2480656312040517,-0.0315476190476187,0.7371237747206789,0.438,pga,2026-07-31,900,-1.2480656312040517,-0.89,-0.1499999999999999,-0.31,2.0,5.0,41.0,1.436619718309859,-0.7112676056338025,-2.3965679421987773,1.209539327175607,2.0,1.0,-0.0160582147194273,1.209539327175607,2.0,-1.223257092872287,1.209539327175607,2.0,0.5252567055012989,1.209539327175607,2.0,-1.4613977198688308,1.209539327175607,2.0,-0.0004014553679856,-0.0,0.0,-0.0,2026-08-06,-0.3907881862705255,-0.0029164432717618,-0.0039450039140364,-0.202280566500009,-0.1821116790099955,0.0004655064252775,-0.550268219212371,-0.0143811386291458,-0.3999956052927843,0.0358813780262416,0.0379188882647492,,,-0.2772030224999608,-1.213137593227513,0.0029878902787491,-0.0300032525794529,286,-1.806353523670976,pga_ridge_v2,-2.950153167083164,698,-2.950153167083164,-1.4788507375860946,1.0,-2.9646620619382773,0.0,-0.0180745115835384,0.0,weekly_pga_core,False,0.0080566302553038,-0.0160672579714093,-0.133157123519763,-0.0239656794219877,-0.0,0.0,-1.3782710238853697,2026-08-03 10:00,2026-08-03 10:00
Sedgefield Country Club,1,2026-08-09,2026-08-06,13,Wyndham Championship,2026-08-03 19:01:12 UTC,no,pga,-14400,0,RSA,17550,190.0,198.0,"van rooyen, erik",40006,50,146.0,0.0,0.0,0.0,0.0,0.0,0.0,1990-02-21,2.5,36,2.347984884729967,-0.128215367198972,-0.6565476190476187,1.0614931504478544,0.795,pga,2026-07-31,1296,-0.128215367198972,0.0799999999999999,0.01,-0.02,2.0,2.0,45.0,-1.563380281690141,-0.7112676056338025,-2.679851874007103,4.127089350592303,9.0,1.0,-0.2524988164211001,4.127089350592303,9.0,-2.186394665410689,4.127089350592303,9.0,1.4137325327675738,4.127089350592303,9.0,-3.812686929254842,4.127089350592303,9.0,-0.0063124704105275,-0.0,0.0,-0.0,2026-08-06,-0.1086058586196598,0.0015038519812283,-0.0016422116808586,0.0145245264404051,-0.1232100432366541,0.0002180178762194,-0.0614102652985172,-0.0207095208077693,0.0077069797333015,-0.0316165266366459,-0.0509701595443268,,,-0.0459724657255611,-0.2888196151975232,0.0006790430484763,-0.0063446685628071,701,-0.6712325842940909,pga_ridge_v2,-2.950153167083164,698,-2.950153167083164,0.197653126251108,1.0,-25.24152431046701,0.0278547010819571,-0.0801820314036733,0.0,weekly_pga_core,False,0.0080566302553038,0.0089262544285607,-0.0370063482962527,-0.026798518740071,-0.0,0.0,-0.3356415975499824,2026-08-03 10:00,2026-08-03 10:00
Sedgefield Country Club,1,2026-08-09,2026-08-06,13,Wyndham Championship,2026-08-03 19:01:12 UTC,no,pga,-14400,0,USA,25319,322.0,297.0,"vanderlaan, john",55573,31,168.0,0.0,0.0,0.0,0.0,0.0,0.0,1996-06-28,-6.5,30,2.594697020346687,-0.621257379749731,1.0934523809523813,0.28,0.28,pga,2026-07-31,900,-0.621257379749731,0.52,0.1399999999999999,0.0199999999999999,2.0,5.0,45.0,1.436619718309859,-0.7112676056338025,0.0,0.0,0.0,0.0,0.0,0.0,0.0,0.0,0.0,0.0,0.0,0.0,0.0,0.0,0.0,0.0,0.0,0.0,0.0,0.0,2026-08-06,-0.0661533219000226,-0.0009141822907045,-0.0037004243961516,-0.0386787426818546,-0.0239424093974314,0.0010824368661197,-0.3100371777022945,-0.0054627444592825,-0.09321376082507,0.022739535037908,0.018157185494951,,,-0.2213793141189223,-0.6180233536230192,0.0008968451440108,-0.0124728798932474,534,-0.7665570436986154,pga_ridge_v2,-2.950153167083164,698,-2.950153167083164,-1.4127938447220625,1.0,0.0,0.0,-0.017251042301072,0.0,weekly_pga_core,False,0.0080566302553038,-0.0232082615142579,-0.0225410756132377,0.0,0.0,0.0,-0.6557160604952111,2026-08-03 10:00,2026-08-03 10:00
Sedgefield Country Club,1,2026-08-09,2026-08-06,13,Wyndham Championship,2026-08-03 19:01:12 UTC,no,pga,-14400,0,NOR,15651,119.0,192.0,"ventura, kristoffer",35658,222,102.0,0.0,0.0,0.0,0.0,0.0,0.0,1995-02-24,1.5,31,2.4270024837919544,0.1746896575159208,-0.1565476190476187,0.5206293517767552,0.1962,pga,2026-08-02,961,0.1746896575159208,0.1899999999999999,-0.0399999999999999,0.17,0.0,6.0,37.0,2.436619718309859,-2.7112676056338025,0.2685134203270006,3.1043839475726824,8.0,1.0,-2.062819833924401,3.1043839475726824,8.0,0.8453275926015993,3.1043839475726824,8.0,1.9589748479680824,3.1043839475726824,8.0,0.4967340908077857,3.1043839475726824,8.0,-0.05157049584811,0.0,0.0,0.0,2026-08-06,-0.1201073830008433,0.0005376512840116,-0.001394997817965,-0.1601045353321604,0.0366939979277975,0.004160500937473,0.0603387897735491,-0.0101573753812797,0.2173937995425911,-0.0075712148355531,0.0572353113184532,,,-0.0302378420397291,0.2542228036052805,-3.667545069600681e-05,-0.0035006534021419,529,0.0067881778796002,pga_ridge_v2,-2.950153167083164,698,-2.950153167083164,0.6187810451940459,1.0,0.0,0.0,-0.0292413359199127,0.0,weekly_pga_core,False,0.0307109173098214,0.0053557526571364,-0.0409253764462762,0.00268513420327,0.0,0.0,0.2520492313292322,2026-08-03 10:00,2026-08-03 10:00
Sedgefield Country Club,1,2026-08-09,2026-08-06,13,Wyndham Championship,2026-08-03 19:01:12 UTC,no,pga,-14400,0,AUS,24304,213.0,197.0,"vilips, karl",54304,77,128.0,0.0,0.0,0.0,0.0,0.0,0.0,2001-08-16,-2.5,24,3.09063510702846,-0.2377739930735279,-0.2815476190476187,1.183419495884774,1.334,pga,2026-08-02,576,-0.2377739930735279,-0.52,-0.3399999999999999,-0.0499999999999999,0.0,3.0,45.0,-0.563380281690141,-2.7112676056338025,7.828388682782187,3.08692817650937,4.0,1.0,-1.9444434983787429,3.08692817650937,4.0,1.8911724060643005,3.08692817650937,4.0,4.434147877987281,3.08692817650937,4.0,6.047589805970029,3.08692817650937,4.0,-0.0486110874594685,0.0,0.0,0.0,2026-08-06,-0.2444661692181457,0.0005750448826223,0.0002430897322329,-0.0668356150380229,-0.1784436829981816,-5.005796796435964e-06,-0.0918950035533026,-0.0230882796219696,-0.1061167988451591,0.0080496787084628,-0.044447473691222,,,-0.0898925892312311,-0.3346425118566469,0.0002095206141721,-0.0054794839468504,158,-0.6369038606969147,pga_ridge_v2,-2.950153167083164,698,-2.950153167083164,-0.6653218646986593,1.0,-7.156089545844775,-0.0398012258224989,0.0180179177104533,0.0,weekly_pga_core,False,0.0307109173098214,-0.0089262544285607,-0.0832993755559676,0.0782838868278218,-0.0,-0.0,-0.3178733377035319,2026-08-03 10:00,2026-08-03 10:00
Sedgefield Country Club,1,2026-08-09,2026-08-06,13,Wyndham Championship,2026-08-03 19:01:12 UTC,no,pga,-14400,0,COL,9171,389.0,473.0,"villegas, camilo",27770,24,194.0,0.0,0.0,0.0,0.0,0.0,0.0,1982-01-07,7.5,44,2.3,-0.9282803694113826,-0.0315476190476187,0.119300869194713,-0.2012,pga,2026-07-26,1936,-0.9282803694113826,0.2600000000000001,0.19,-0.04,7.0,5.0,45.0,1.436619718309859,4.288732394366198,-2.334972731794383,4.701382979710511,10.0,1.0,1.113653920396953,4.701382979710511,10.0,0.5532207466131134,4.701382979710511,10.0,-2.6320493982968234,4.701382979710511,10.0,-1.177429899019618,4.701382979710511,10.0,0.0278413480099238,0.0,-0.0,-0.0,2026-08-06,0.0357290979232785,-0.0002061929960611,-0.0009234915829222,0.1761266787664849,-0.1373472864360487,-0.0019206098281742,-0.4562534057818489,-0.0023275362935036,-0.1017768764758983,-0.0046493619270358,-0.0767965706433295,,,-0.2540799668225209,-1.1019290661601215,0.0016534576143402,-0.0196274522633852,566,-1.4381371627040038,pga_ridge_v2,-2.950153167083164,698,-2.950153167083164,-0.9571131477891384,1.0,-0.3698404865039091,0.0,-0.1880713535669392,0.0,weekly_pga_core,False,-0.0485790873809903,0.0267787632856822,0.0121743288885561,-0.0233497273179438,-0.0,0.0,-1.1349047886848176,2026-08-03 10:00,2026-08-03 10:00
Sedgefield Country Club,1,2026-08-09,2026-08-06,13,Wyndham Championship,2026-08-03 19:01:12 UTC,no,pga,-14400,0,USA,25003,0.0,284.0,"walker, danny",54607,35,159.0,0.0,0.0,0.0,0.0,0.0,0.0,1995-10-04,-4.5,30,3.2,-1.321233345336944,0.0934523809523812,0.1607822646673122,-0.1772,pga,2026-07-31,900,-1.321233345336944,-0.28,0.2,-0.21,2.0,5.0,49.0,1.436619718309859,-0.7112676056338025,-1.5270183971336744,1.5423976924741938,2.0,1.0,-0.6506180947203837,1.5423976924741938,2.0,0.3106536583298958,1.5423976924741938,2.0,1.3316489653571697,1.5423976924741938,2.0,-2.178161846755505,1.5423976924741938,2.0,-0.0162654523680095,0.0,0.0,-0.0,2026-08-06,-0.3014290873205636,-0.0021184136178729,-0.0018874821897917,-0.1548230090857437,-0.145474154264703,0.0028739718375477,-0.6222175945212955,-0.0031368300909366,-0.329676532809371,0.0335411167141817,-0.0096491443107291,,,-0.2962213937376186,-1.2702215511983628,0.0019513339996163,-0.0216906275490321,328,-1.568774554394432,pga_ridge_v2,-2.950153167083164,698,-2.950153167083164,-2.162183512185543,1.0,0.0,0.0,-0.0231218788931777,0.0,weekly_pga_core,False,0.0080566302553038,-0.0160672579714093,-0.1027089139921143,-0.0152701839713367,0.0,0.0,-1.3962112768779191,2026-08-03 10:00,2026-08-03 10:00
Sedgefield Country Club,1,2026-08-09,2026-08-06,13,Wyndham Championship,2026-08-03 19:01:12 UTC,no,pga,-14400,0,ENG,20706,52.0,62.0,"wallace, matt",48887,334,80.0,0.0,0.0,0.0,0.0,0.0,0.0,1990-04-12,9.5,36,2.338375402653845,0.6958879849895752,0.7184523809523813,1.017700504325606,1.0,pga,2026-08-02,1296,0.6958879849895752,0.45,0.22,0.33,0.0,2.0,59.0,-1.563380281690141,-2.7112676056338025,3.644616241868644,8.631924977369199,16.0,1.0,-2.882040293108053,8.631924977369199,16.0,-1.1494327345536206,8.631924977369199,16.0,0.301024685143543,8.631924977369199,16.0,5.611784673890858,8.631924977369199,16.0,-0.0720510073277013,-0.0,0.0,0.0,2026-08-06,-0.0206393618632369,7.313428597522124e-05,0.0021417919838418,0.0250043087824365,-0.0446706798671121,-0.0031879170483784,0.319154422487773,,0.1402753235266082,-0.0032760749855956,-0.0219217866284102,0.1178642865589374,0.1048663204735937,,0.5064415077925942,-0.0638742193065167,-0.0280813423532407,871,0.5695019055128729,pga_ridge_v2,-2.950153167083164,698,-2.950153167083164,1.2315104442046774,1.0,24.65852907331709,0.0058707128239746,-0.0585654219805549,0.0,weekly_pga_core,False,0.0247547013827484,0.0788159361769642,-0.0126979320688146,0.0182230812093432,0.0,0.0,0.6155372944928356,2026-08-03 10:00,2026-08-03 10:00
Sedgefield Country Club,1,2026-08-09,2026-08-06,13,Wyndham Championship,2026-08-03 19:01:12 UTC,no,pga,-14400,0,USA,25908,209.0,184.0,"whaley, vince",51894,42,169.0,0.0,0.0,0.0,0.0,0.0,0.0,1995-03-14,9.5,31,2.3,-0.3923493395222132,0.3434523809523813,0.5780404544467891,0.4182,pga,2026-07-31,961,-0.3923493395222132,0.29,-0.1899999999999999,-0.0299999999999999,2.0,5.0,45.0,1.436619718309859,-0.7112676056338025,-10.0380174899404,7.818906557647339,16.0,1.0,-1.0293711098126852,7.818906557647339,16.0,-6.170456585557623,7.818906557647339,16.0,-3.883784488800514,7.818906557647339,16.0,0.9772519052037124,7.818906557647339,16.0,-0.0257342777453171,-0.0,-0.0,0.0,2026-08-06,-0.2848045260899087,0.0019412397115517,-0.0032656925419821,-0.0084721157736257,-0.2741290521837375,-0.0008789053021149,-0.2011583944844975,-0.0112774546063227,-0.0648559690811837,-0.0107501261195621,-0.0667832737100321,,,-0.105627212917063,-0.4992226278828712,0.0011000629321498,-0.0115183537823862,626,-0.933791941615706,pga_ridge_v2,-2.950153167083164,698,-2.950153167083164,-0.9961606197358236,1.0,0.0,0.0,-0.0283519061139733,0.0,weekly_pga_core,False,0.0080566302553038,0.0339197668285308,-0.0970442628306287,-0.1,0.0,0.0,-0.6542904936296653,2026-08-03 10:00,2026-08-03 10:00
Sedgefield Country Club,1,2026-08-09,2026-08-06,13,Wyndham Championship,2026-08-03 19:01:12 UTC,no,pga,-14400,0,USA,22051,432.0,460.0,"wise, aaron",49964,71,149.0,0.0,0.0,0.0,0.0,0.0,0.0,1996-06-21,8.5,30,3.2,-0.5302359392958302,-0.0315476190476187,1.3526934385129628,1.2372,pga,2026-07-31,900,-0.5302359392958302,-0.5700000000000001,-0.2299999999999999,0.16,2.0,5.0,27.0,1.436619718309859,-0.7112676056338025,0.650428032365655,3.951466056289262,11.0,1.0,0.0004208787473342,3.951466056289262,11.0,-2.2622907823935607,3.951466056289262,11.0,-0.2413586297597734,3.951466056289262,11.0,3.6794923801343655,3.951466056289262,11.0,1.0521968683355891e-05,-0.0,-0.0,0.0,2026-08-06,-0.0030041885613658,-0.0006850258350727,-0.0012337176838088,-0.0048704480545487,0.0063244176688995,-0.002539414656835,-0.2306794460314044,-0.0267284282472039,-0.1243193487392322,0.0136522580657359,-0.01154089266579,,,-0.1743122658760859,-0.5821535535658968,0.0014753432311652,-0.0124497310020094,486,-0.8796239676948657,pga_ridge_v2,-2.950153167083164,698,-2.950153167083164,-0.2759093127931845,1.0,0.9993396446152464,0.0061246264273657,-0.017251042301072,0.0,weekly_pga_core,False,0.0080566302553038,0.0303492650571065,-0.0010236468792982,0.0065042803236565,0.0,0.0,-0.5382670248091281,2026-08-03 10:00,2026-08-03 10:00
Sedgefield Country Club,1,2026-08-09,2026-08-06,13,Wyndham Championship,2026-08-03 19:01:12 UTC,no,pga,-14400,0,USA,25002,286.0,389.0,"wu, dylan",54783,30,160.0,0.0,0.0,0.0,0.0,0.0,0.0,1996-07-20,1.5,30,2.303117091380773,-0.6069983442028747,-0.5315476190476187,0.2784409834224228,0.1182,pga,2026-08-02,900,-0.6069983442028747,0.06,0.38,0.0299999999999999,0.0,6.0,45.0,2.436619718309859,-2.7112676056338025,-9.848407547397322,3.8529824316391017,8.0,1.0,-3.3757347587208857,3.8529824316391017,8.0,-2.9903975592199603,3.8529824316391017,8.0,-1.744072426280493,3.8529824316391017,8.0,-0.8285023588183316,3.8529824316391017,8.0,-0.0843933689680221,-0.0,-0.0,-0.0,2026-08-06,0.1560927622719217,-0.0012365992895686,7.843774676727338e-05,0.111392340512669,0.0428621606886026,0.0029964226134513,-0.2922128816950469,-0.0054323283551001,-0.1150717207523053,-0.004504592264133,-0.0699284560507354,,,-0.1676079479577749,-0.6879961288693229,0.0011710358961882,-0.0171581953893431,570,-1.0191459143686763,pga_ridge_v2,-2.950153167083164,698,-2.950153167083164,-0.8524136150539942,1.0,-1.0363757212839348,0.0,-0.017251042301072,0.0,weekly_pga_core,False,0.0307109173098214,0.0053557526571364,0.0531870306130361,-0.0984840754739732,-0.0,0.0,-0.6972265037633021,2026-08-03 10:00,2026-08-03 10:00
Sedgefield Country Club,1,2026-08-09,2026-08-06,13,Wyndham Championship,2026-08-03 19:01:12 UTC,no,pga,-14400,0,USA,26651,6.0,3.0,"young, cameron",57366,777,3.0,0.0,0.0,0.0,0.0,0.0,0.0,1997-05-07,1.5,29,2.9312163206815467,1.697878847757806,0.7184523809523813,2.143198681359509,1.7834,pga,2026-08-02,841,1.697878847757806,0.6199999999999999,0.14,0.2199999999999999,0.0,2.0,61.0,-1.563380281690141,-2.7112676056338025,16.6397066251815,5.507631530793509,8.0,1.0,4.776763227281236,5.507631530793509,8.0,1.972492037900856,5.507631530793509,8.0,1.4880960557408882,5.507631530793509,8.0,5.716548872734707,5.507631530793509,8.0,0.1,0.0,0.0,0.0,2026-08-06,-0.2227856968995666,0.0001114771305153,0.0032042018126474,-0.2270619217600906,0.006969146011535,-0.0060086000941738,0.8100013012126505,,0.1868523040790205,0.0095319032728851,0.1424746843084656,0.2478042565156216,0.3878287620408026,,1.5651725452657392,-0.1681784664138594,-0.0696178897650368,510,1.657765635298845,pga_ridge_v2,-2.950153167083164,698,-2.950153167083164,1.22073708636944,1.0,30.6180663026852,0.0697538942552206,0.0184756900151895,0.0,weekly_pga_core,False,0.0247547013827484,0.0124446215016259,-0.1370642011065818,0.0831985331259075,0.0,0.0,1.5485062001694392,2026-08-03 10:00,2026-08-03 10:00
Sedgefield Country Club,1,2026-08-09,2026-08-06,13,Wyndham Championship,2026-08-03 19:01:12 UTC,no,pga,-14400,0,TPE,17881,96.0,126.0,"yu, kevin",45242,122,111.0,0.0,0.0,0.0,0.0,0.0,0.0,1998-08-11,-0.5,27,2.5896017566952514,0.4981017343173703,-0.4065476190476187,0.8356053354147873,0.74,pga,2026-08-02,729,0.4981017343173703,0.37,0.02,0.06,0.0,6.0,53.0,2.436619718309859,-2.7112676056338025,-8.418721236516753,3.6983974017689,6.0,1.0,0.0337820674815855,3.6983974017689,6.0,-2.0184774973463653,3.6983974017689,6.0,-0.8661409378587599,3.6983974017689,6.0,-5.200506934775026,3.6983974017689,6.0,0.0008445516870396,-0.0,-0.0,-0.0,2026-08-06,-0.1587826141847409,-0.0004193967470909,0.0006641166375032,-0.1564101661872154,-0.0021958011260227,-0.000421366761915,0.2256069875228977,-0.0163024943435145,0.1505998189068182,5.424569372429131e-05,0.0424133339124875,,,0.1132892905379899,0.5173661739717756,-0.0003253143099969,0.0031605611839014,424,0.1964316800019226,pga_ridge_v2,-2.950153167083164,698,-2.950153167083164,0.7314633880403868,1.0,-6.4130264308474825,-0.0864212888711376,-0.001130255132532,0.0,weekly_pga_core,False,0.0307109173098214,-0.0017852508857121,-0.0541035704573526,-0.0841872123651675,-0.0,-0.0,0.4080010575733648,2026-08-03 10:00,2026-08-03 10:00
