course_name,current_round,date_end,date_start,event_id,event_name,last_updated,multi_course,tour,tz_offset,am,country,dg_id,dg_rank,owgr_rank,player_name,player_num,pre_tourn_pageviews,tour_rank,r1_course,r2_course,r3_teetime,r3_course,r4_teetime,r4_course,Birthday,c_exp,player_age,std_dev,skill_est,ema_8_great_shots,max_skill,sma_50_max_skill,tour_history,Date,age_squared,adj_skill_est,delta_adj_skill_est,delta_sg_putt,delta_sg_ott,dsle,consecutive_weeks_played,sample,relative_consecutive_weeks,relative_dsle,course_history_raw,course_history_weighted_rounds,course_history_rounds,course_history_events,course_history_sg_ott_raw,course_history_sg_ott_weighted_rounds,course_history_sg_ott_rounds,course_history_sg_ott_adjustment,course_history_sg_app_raw,course_history_sg_app_weighted_rounds,course_history_sg_app_rounds,course_history_sg_app_adjustment,course_history_sg_arg_raw,course_history_sg_arg_weighted_rounds,course_history_sg_arg_rounds,course_history_sg_arg_adjustment,course_history_sg_putt_raw,course_history_sg_putt_weighted_rounds,course_history_sg_putt_rounds,course_history_sg_putt_adjustment,course_history_as_of,course_adjustment,putt_adj,app_adj,dd_adj,acc_adj,arg_adj,comp_adj_skill_est,comp_max_skill,comp_ema_sg_adj,comp_putt,comp_ott,comp_max_skill_50,comp_6m_sg,comp_sma20_sg,pred_step2,comp_sma50_sg,comp_sma6m_sg,prior_rounds,neutral_skill_est,skill_source,tour_low_data_prior,tour_low_data_prior_n,cold_start_skill,observed_low_data_mean,low_data_weight,majors_history_raw,links_adj,comp_age,comp_skill_v2_delta,skill_model_source,uses_neutral_skill,comp_relative_dsle,comp_c_exp,comp_c_adj,comp_c_hist,comp_major,comp_links,pred,r1_teetime,r2_teetime
The Cliffs at Walnut Cove,1,2026-09-20,2026-09-17,557,Biltmore Championship Asheville,2026-09-15 19:01:18 UTC,no,pga,-14400,0,USA,19846,93.0,155.0,"bauchou, zach",48001,191,88,0.0,0.0,0.0,0.0,0.0,0.0,1996-01-01,-6.5,30,2.3005130415776565,0.2611924752803787,0.7011673601479429,0.3970854062637493,0.173,pga,2026-08-09,900,0.2611924752803787,0.06,0.38,-0.05,30.0,0.0,43.0,-0.328,5.920000000000005,0.0,0.0,0.0,0.0,0.0,0.0,0.0,0.0,0.0,0.0,0.0,0.0,0.0,0.0,0.0,0.0,0.0,0.0,0.0,0.0,2026-09-17,-0.0030123002687846,0.000579476322373,0.0012501617361414,-0.0001903366560668,-0.0020049321254613,-0.0026466695457708,0.1151462580465501,-0.0083364376716703,0.1342834974355302,-0.0228686178397426,-0.0041657729602129,,,0.0513708221397691,0.2525188403317367,0.0009476746662676,0.0080735055866118,270,-0.1727091186097004,pga_ridge_v2,-2.9653588642247235,694,-2.9653588642247235,0.3877541711671477,1.0,-2.8435116534887177,0.0,-0.0219320890713664,0.0,weekly_pga_core,False,-0.067812332095657,-0.0234229925553004,-0.0010273759585144,0.0,-0.0,0.0,0.1602561397222647,2026-09-17 07:31,2026-09-18 12:21
The Cliffs at Walnut Cove,1,2026-09-20,2026-09-17,557,Biltmore Championship Asheville,2026-09-15 19:01:18 UTC,no,pga,-14400,1,USA,34966,396.0,0.0,"bertagnole, carson",70106,71,0,0.0,0.0,0.0,0.0,0.0,0.0,1995-01-01,-6.5,31,3.2,-3.0385,0.0,0.0,0.0,0,,961,-3.0385,0.0,0.0,0.0,24.08,0.0,0.0,0.0,3.552713678800501e-15,0.0,0.0,0.0,0.0,0.0,0.0,0.0,0.0,0.0,0.0,0.0,0.0,0.0,0.0,0.0,0.0,0.0,0.0,0.0,0.0,2026-09-17,0.0,0.0,0.0,-0.0,0.0,0.0,,,,,,,,,0.0,,,2,-2.972672977802251,tour_prior_shrunk_partial,-2.9653588642247235,694,-2.9653588642247235,-3.0385,0.1,0.0,0.0,,-2.972672977802251,tour_prior_shrunk_partial,True,0.0,0.0,0.0,0.0,0.0,0.0,-2.972672977802251,2026-09-17 08:59,2026-09-18 13:49
The Cliffs at Walnut Cove,1,2026-09-20,2026-09-17,557,Biltmore Championship Asheville,2026-09-15 19:01:18 UTC,no,pga,-14400,0,RSA,18103,72.0,97.0,"bezuidenhout, christiaan",45522,215,97,0.0,0.0,0.0,0.0,0.0,0.0,1994-05-18,-6.5,32,2.3,0.5754807133631359,-0.2988326398520571,1.2534735352630575,1.075,pga,2026-08-09,1024,0.5754807133631359,0.1199999999999999,0.09,-0.03,30.0,0.0,55.0,-0.328,5.920000000000005,0.0,0.0,0.0,0.0,0.0,0.0,0.0,0.0,0.0,0.0,0.0,0.0,0.0,0.0,0.0,0.0,0.0,0.0,0.0,0.0,2026-09-17,0.0014347678090249,0.0016380764507725,0.0026387964595654,0.0035426824924446,-0.0188831791866611,0.0124983915929033,0.2811612596440755,,0.0428452419468471,-0.0081623804719476,-0.0764541074923515,0.1500196164868506,0.1421521766472034,,0.4653898468375996,-0.037851677690452,-0.0187456644824557,768,-0.0486157717076188,pga_ridge_v2,-2.9653588642247235,694,-2.9653588642247235,0.296343876617161,1.0,-0.7144871772896537,0.0394199734850376,-0.0095746177501701,0.0,weekly_pga_core,False,-0.0536193807335115,-0.0531408277640019,0.0008803224483987,0.0,-0.0,0.0,0.3595099607884849,2026-09-17 12:21,2026-09-18 07:31
The Cliffs at Walnut Cove,1,2026-09-20,2026-09-17,557,Biltmore Championship Asheville,2026-09-15 19:01:18 UTC,no,pga,-14400,0,USA,17639,98.0,146.0,"blair, zac",40058,247,122,0.0,0.0,0.0,0.0,0.0,0.0,1990-08-20,-6.5,36,2.480410689265402,0.414343583887241,0.0,0.4905410904091863,0.2132,kft,2026-08-25,1296,0.414343583887241,0.13,0.0,0.0,3.0,1.0,67.0,0.6719999999999999,-21.079999999999995,0.0,0.0,0.0,0.0,0.0,0.0,0.0,0.0,0.0,0.0,0.0,0.0,0.0,0.0,0.0,0.0,0.0,0.0,0.0,0.0,2026-09-17,0.0583178933406901,0.0016753355242466,0.0034480391265174,0.0051668139183447,0.0333551528806155,0.0146725518909657,0.200804504325339,-0.0102984525774115,-0.0224892294364874,-0.0280689877081146,-0.0615394557462707,,,0.1242141043273782,0.1355453775966503,0.0009059908213538,0.0069320919522361,637,-0.1572426224189741,pga_ridge_v2,-2.9653588642247235,694,-2.9653588642247235,0.6530357929649502,1.0,9.968263634489816,0.0,-0.0749151883613726,0.0,weekly_pga_core,False,0.2414668852325083,-0.0234229925553004,0.0198899167491063,0.0,0.0,0.0,0.3734791870229645,2026-09-17 12:21,2026-09-18 07:31
The Cliffs at Walnut Cove,1,2026-09-20,2026-09-17,557,Biltmore Championship Asheville,2026-09-15 19:01:18 UTC,no,pga,-14400,0,USA,24956,249.0,125.0,"blanchet, chandler",54788,86,110,0.0,0.0,0.0,0.0,0.0,0.0,1995-02-01,-6.5,31,3.087766843555313,-0.2637003883428087,0.2011673601479429,0.4397645096997001,0.1546,pga,2026-08-07,961,-0.2637003883428087,0.37,0.18,0.31,30.0,0.0,51.0,-0.328,5.920000000000005,0.0,0.0,0.0,0.0,0.0,0.0,0.0,0.0,0.0,0.0,0.0,0.0,0.0,0.0,0.0,0.0,0.0,0.0,0.0,0.0,2026-09-17,-0.0011304478193395,-0.0021179713438633,0.0002043464856427,0.0018006679693436,0.0613826258654311,-0.0624001167958936,-0.1271737323476034,-0.0092324456338473,-0.100741619582898,0.0196607544254326,0.0223072891199557,,,-0.1087213166979241,-0.3423983616888237,-0.0012925356815248,-0.0074627591796,367,-0.8876896051644396,pga_ridge_v2,-2.9653588642247235,694,-2.9653588642247235,-1.0774275914338751,1.0,2.724521246702346,0.0,-0.0297419961108145,0.0,weekly_pga_core,False,-0.067812332095657,-0.0234229925553004,-0.0003855508443097,0.0,0.0,0.0,-0.434019237184091,2026-09-17 08:48,2026-09-18 13:38
The Cliffs at Walnut Cove,1,2026-09-20,2026-09-17,557,Biltmore Championship Asheville,2026-09-15 19:01:18 UTC,no,pga,-14400,0,USA,10423,0.0,0.0,"brehm, ryan",28420,91,200,0.0,0.0,0.0,0.0,0.0,0.0,1986-04-05,-6.5,40,2.8849513995448137,-2.4072367807209822,2.326167360147943,0.0662912650507246,-0.184,kft,2026-08-14,1600,-2.4072367807209822,-0.2299999999999999,0.2999999999999999,-0.1099999999999999,30.0,0.0,35.0,-0.328,5.920000000000005,0.0,0.0,0.0,0.0,0.0,0.0,0.0,0.0,0.0,0.0,0.0,0.0,0.0,0.0,0.0,0.0,0.0,0.0,0.0,0.0,2026-09-17,-0.1478485106848372,-0.0048109640801131,-0.0038712764141902,-0.0033061645936629,-0.0667018704632309,-0.0691582351336399,-1.1343296645882193,-0.0013918806047963,-0.6097478644371949,0.0382671343581764,-0.0398079671922953,,,-0.6038110126110958,-2.5255610043801444,-0.0048308390676547,-0.0436239099838862,615,-2.8022987959553585,pga_ridge_v2,-2.9653588642247235,694,-2.9653588642247235,-3.08931535994696,1.0,-0.952562842880086,0.0,-0.1262850002531781,0.0,weekly_pga_core,False,-0.067812332095657,-0.0234229925553004,-0.0504252537350995,0.0,-0.0,0.0,-2.6672215827662016,2026-09-17 07:20,2026-09-18 12:10
The Cliffs at Walnut Cove,1,2026-09-20,2026-09-17,557,Biltmore Championship Asheville,2026-09-15 19:01:18 UTC,no,pga,-14400,0,USA,29433,23.0,29.0,"bridgeman, jacob",60004,513,T4,0.0,0.0,0.0,0.0,0.0,0.0,1999-12-06,-6.5,26,2.7224577639402194,1.0966204495582947,-0.2988326398520571,1.377564016697289,1.0228,pga,2026-08-25,676,1.0966204495582947,0.1499999999999999,0.0999999999999999,0.03,15.0,0.0,63.0,-0.328,-9.079999999999997,0.0,0.0,0.0,0.0,0.0,0.0,0.0,0.0,0.0,0.0,0.0,0.0,0.0,0.0,0.0,0.0,0.0,0.0,0.0,0.0,2026-09-17,0.0361559034114129,0.0034590827019564,0.001782192035569,0.0016532131429504,0.0263570715688028,0.002904343962134,0.5315233783222085,,0.1812458770449903,-0.0261648607610407,0.0246858741391925,0.1427349430165124,0.2239273222970432,,1.0168772726517163,-0.0597098154440061,-0.0400421929978533,397,0.6337328214846095,pga_ridge_v2,-2.9653588642247235,694,-2.9653588642247235,1.6791377009395447,1.0,-7.632241513153565,-0.0736654750905858,0.0386767470346696,0.0,weekly_pga_core,False,0.0822405366655885,-0.0531408277640019,0.0221839751456627,0.0,-0.0,-0.0,1.0681609566989656,2026-09-17 12:43,2026-09-18 07:53
The Cliffs at Walnut Cove,1,2026-09-20,2026-09-17,557,Biltmore Championship Asheville,2026-09-15 19:01:18 UTC,no,pga,-14400,0,USA,32152,105.0,102.0,"brown, blades",66417,315,0,0.0,0.0,0.0,0.0,0.0,0.0,2007-05-21,-6.5,19,2.5318912651171286,0.2650103375372286,0.0,0.5085487105377762,0.3752,kft,2026-08-25,361,0.2650103375372286,-0.11,0.0,0.0,1.0,2.0,69.0,1.672,-23.079999999999995,0.0,0.0,0.0,0.0,0.0,0.0,0.0,0.0,0.0,0.0,0.0,0.0,0.0,0.0,0.0,0.0,0.0,0.0,0.0,0.0,2026-09-17,0.0242200427448107,0.000242458798873,0.0039147157359778,-1.2988392938738422e-05,0.0320697225777309,-0.0119938659748323,0.1407021874813122,-0.0106765057630715,-0.0584762693951268,0.0028694566371245,0.018116638185866,,,0.1061391854263484,0.1924763014599962,0.0010206408279663,0.0113730285565271,161,0.0736027665339005,pga_ridge_v2,-2.9653588642247235,694,-2.9653588642247235,0.2272311843133796,1.0,0.0,0.0,-0.0185920604969501,0.0,weekly_pga_core,False,0.2643764568864464,-0.0234229925553004,0.0082604944427572,0.0,0.0,0.0,0.4416902602338995,2026-09-17 08:04,2026-09-18 12:54
The Cliffs at Walnut Cove,1,2026-09-20,2026-09-17,557,Biltmore Championship Asheville,2026-09-15 19:01:18 UTC,no,pga,-14400,0,USA,6931,391.0,0.0,"byrd, jonathan",24925,81,197,0.0,0.0,0.0,0.0,0.0,0.0,1978-01-27,-6.5,48,2.3128764248407707,-0.6250806861794022,0.3261673601479429,0.28,0.28,pga,2026-07-19,2304,-0.6250806861794022,0.2999999999999999,0.01,-0.04,30.0,0.0,21.0,-0.328,5.920000000000005,0.0,0.0,0.0,0.0,0.0,0.0,0.0,0.0,0.0,0.0,0.0,0.0,0.0,0.0,0.0,0.0,0.0,0.0,0.0,0.0,2026-09-17,0.0849922088160514,0.0015571927159274,-0.0024489773710489,0.0048417844610768,0.027525774737965,0.053516434272131,-0.3078330004684915,-0.0032882427297923,-0.0797820623050091,-0.018763333135026,-0.0854286942708294,,,-0.2125501741444415,-0.9785133282783126,-0.0010808609283613,-0.0175849190464875,485,-1.2873110244885064,pga_ridge_v2,-2.9653588642247235,694,-2.9653588642247235,-0.6460598572062393,1.0,0.0,0.0,-0.2522020412498735,0.0,weekly_pga_core,False,-0.067812332095657,-0.0234229925553004,0.0289874661246451,0.0,0.0,0.0,-1.040761186804625,2026-09-17 12:32,2026-09-18 07:42
The Cliffs at Walnut Cove,1,2026-09-20,2026-09-17,557,Biltmore Championship Asheville,2026-09-15 19:01:18 UTC,no,pga,-14400,0,PUR,12909,498.0,0.0,"campos, rafael",32070,54,161,0.0,0.0,0.0,0.0,0.0,0.0,1988-04-15,-6.5,38,2.5044757637227923,-1.2415929290915553,0.9511673601479428,-0.3771239696435738,-0.5794,pga,2026-08-09,1444,-1.2415929290915553,0.24,-0.03,0.0399999999999999,30.0,0.0,31.0,-0.328,5.920000000000005,0.0,0.0,0.0,0.0,0.0,0.0,0.0,0.0,0.0,0.0,0.0,0.0,0.0,0.0,0.0,0.0,0.0,0.0,0.0,0.0,2026-09-17,-0.0794997802536511,-0.0026500751902708,-0.0016706329996876,0.0008142986613374,-0.0188624611089039,-0.0571309096161261,-0.6203394821660367,0.0079173659314449,-0.0420210014781795,0.0190035304818095,-0.0332934613205402,,,-0.3920762483418887,-1.1893134747339211,-0.0027988335213958,-0.0249909695831724,624,-1.3372469720616125,pga_ridge_v2,-2.9653588642247235,694,-2.9653588642247235,-0.758011211322739,1.0,6.169654664817784,0.0,-0.1007143747359622,0.0,weekly_pga_core,False,-0.067812332095657,-0.0234229925553004,-0.0271142169278959,0.0,0.0,0.0,-1.3076630163127745,2026-09-17 08:37,2026-09-18 13:27
The Cliffs at Walnut Cove,1,2026-09-20,2026-09-17,557,Biltmore Championship Asheville,2026-09-15 19:01:18 UTC,no,pga,-14400,0,USA,27819,108.0,95.0,"castillo, ricky",59440,161,69,0.0,0.0,0.0,0.0,0.0,0.0,2001-02-01,-6.5,25,2.3,0.3374676531332185,0.0761673601479429,0.7628211499358276,0.412,pga,2026-08-16,625,0.3374676531332185,-0.3299999999999999,-0.13,-0.35,29.0,0.0,51.0,-0.328,4.920000000000005,0.0,0.0,0.0,0.0,0.0,0.0,0.0,0.0,0.0,0.0,0.0,0.0,0.0,0.0,0.0,0.0,0.0,0.0,0.0,0.0,2026-09-17,0.0039097823890278,0.0009012000774744,-0.001045948177553,-0.0010097976647385,-0.0145545146512447,0.0196188428050898,0.179363115165145,-0.0160147184226863,-0.0289137968567451,-0.0141449999459423,0.016449989337597,,,0.0983927916116212,0.2572872847728361,0.0003636720098595,0.006592928080856,290,-0.2985232002700686,pga_ridge_v2,-2.9653588642247235,694,-2.9653588642247235,0.3614524916754621,1.0,-2.298918362212466,0.0,0.015198303793131,0.0,weekly_pga_core,False,-0.0563575462686879,-0.0234229925553004,0.0013334714573893,0.0,-0.0,0.0,0.178840217406237,2026-09-17 12:54,2026-09-18 08:04
The Cliffs at Walnut Cove,1,2026-09-20,2026-09-17,557,Biltmore Championship Asheville,2026-09-15 19:01:18 UTC,no,pga,-14400,0,USA,23542,495.0,426.0,"champ, cameron",52372,101,204,0.0,0.0,0.0,0.0,0.0,0.0,1995-06-15,-6.5,31,2.801651282959747,-0.7524694309541831,0.0,0.6570888172543504,0.3852,kft,2026-08-25,961,-0.7524694309541831,-0.09,0.0,0.0,3.0,1.0,40.0,0.6719999999999999,-21.079999999999995,0.0,0.0,0.0,0.0,0.0,0.0,0.0,0.0,0.0,0.0,0.0,0.0,0.0,0.0,0.0,0.0,0.0,0.0,0.0,0.0,2026-09-17,-0.0771182391034655,-0.0011810328482135,-0.0041415740940456,-0.0033369031364254,-0.0339220524106974,-0.0345366766140834,-0.3640360030503634,-0.0255019598660908,-0.3961257323693196,0.0017250228249967,0.0232733230223115,,,-0.219073453146317,-1.0361692037478334,-0.0028663420340261,-0.0273435332830952,608,-1.3554300638302546,pga_ridge_v2,-2.9653588642247235,694,-2.9653588642247235,-1.3341365871919764,1.0,8.370841208419481,0.0,-0.0262205258459296,0.0,weekly_pga_core,False,0.2414668852325083,-0.0234229925553004,-0.0263019678479259,0.0,0.0,0.0,-0.8444272789185514,2026-09-17 13:27,2026-09-18 08:37
The Cliffs at Walnut Cove,1,2026-09-20,2026-09-17,557,Biltmore Championship Asheville,2026-09-15 19:01:18 UTC,no,pga,-14400,0,USA,30620,177.0,247.0,"chatfield, davis",59006,225,130,0.0,0.0,0.0,0.0,0.0,0.0,1999-06-01,-6.5,27,2.3,-0.0603518039950451,0.2011673601479429,0.1738080467556972,-0.1263999999999999,pga,2026-08-09,729,-0.0603518039950451,0.18,-0.09,0.0399999999999999,30.0,0.0,39.0,-0.328,5.920000000000005,0.0,0.0,0.0,0.0,0.0,0.0,0.0,0.0,0.0,0.0,0.0,0.0,0.0,0.0,0.0,0.0,0.0,0.0,0.0,0.0,2026-09-17,0.0709030911389392,0.0006553484138159,0.0016990962828795,0.0063919249043208,0.0674454863995646,-0.0052887648616417,-0.0434854935678244,-0.0036489377996713,0.1428153663641255,-0.0174695978504563,-0.0620598859594356,,,-0.0438962316167868,-0.0248997604182682,-0.0006048671588536,-0.0011090483097175,307,-0.549026716328983,pga_ridge_v2,-2.9653588642247235,694,-2.9653588642247235,0.6386996836339769,1.0,0.0,0.0,0.0045589354803521,0.0,weekly_pga_core,False,-0.067812332095657,-0.0234229925553004,0.0241822277730293,0.0,0.0,0.0,-0.0919528572961963,2026-09-17 13:38,2026-09-18 08:48
The Cliffs at Walnut Cove,1,2026-09-20,2026-09-17,557,Biltmore Championship Asheville,2026-09-15 19:01:18 UTC,no,pga,-14400,0,USA,32330,250.0,315.0,"clanton, luke",66743,139,147,0.0,0.0,0.0,0.0,0.0,0.0,2003-11-05,-6.5,22,2.877509128661615,-0.3363249704223572,-0.1738326398520571,1.69,1.69,pga,2026-08-07,484,-0.3363249704223572,0.56,0.06,0.09,30.0,0.0,41.0,-0.328,5.920000000000005,0.0,0.0,0.0,0.0,0.0,0.0,0.0,0.0,0.0,0.0,0.0,0.0,0.0,0.0,0.0,0.0,0.0,0.0,0.0,0.0,2026-09-17,-0.008978074679146,-0.0015743971033253,0.0020884090541399,0.0015532362490586,0.0130354516481385,-0.0240807745271578,-0.1748563430094616,-0.0354799734336374,0.0081283365147769,0.0111872164337229,-0.0303677939144938,,,-0.1129342677199686,-0.3629260387316877,-0.0013770688644308,-0.0094564912674555,139,-0.857778958242971,pga_ridge_v2,-2.9653588642247235,694,-2.9653588642247235,-0.3150021363526537,1.0,0.0,0.0,-0.0177696534707397,0.0,weekly_pga_core,False,-0.067812332095657,-0.0234229925553004,-0.0030620646204117,0.0,0.0,0.0,-0.457223428003057,2026-09-17 08:59,2026-09-18 13:49
The Cliffs at Walnut Cove,1,2026-09-20,2026-09-17,557,Biltmore Championship Asheville,2026-09-15 19:01:18 UTC,no,pga,-14400,0,USA,21756,68.0,78.0,"cole, eric",47591,219,49,0.0,0.0,0.0,0.0,0.0,0.0,1988-06-12,-6.5,38,3.2,0.4586940631774179,-1.048832639852057,1.316784432183591,1.0412,pga,2026-08-23,1444,0.4586940631774179,-0.13,0.08,0.0599999999999999,22.0,0.0,59.0,-0.328,-2.0799999999999947,0.0,0.0,0.0,0.0,0.0,0.0,0.0,0.0,0.0,0.0,0.0,0.0,0.0,0.0,0.0,0.0,0.0,0.0,0.0,0.0,2026-09-17,0.0465259806622307,0.0026379929988645,0.000451087611781,0.0002770092020998,0.0024526829356494,0.0407072079138359,0.2262388413487777,-0.0276446607524858,0.0158636609640318,-0.0110280053068074,-0.0191445089355708,,,0.1206806615346957,0.220420057778971,0.0017822453765149,0.0131605875029696,617,-0.0346782692393245,pga_ridge_v2,-2.9653588642247235,694,-2.9653588642247235,-0.0413178337272123,1.0,4.8322088450172656,-0.0601054872039114,-0.0994887639531547,0.0,weekly_pga_core,False,0.0238259545200956,-0.0234229925553004,0.0158681637664134,0.0,0.0,-0.0,0.2366911835101796,2026-09-17 12:21,2026-09-18 07:31
The Cliffs at Walnut Cove,1,2026-09-20,2026-09-17,557,Biltmore Championship Asheville,2026-09-15 19:01:18 UTC,no,pga,-14400,0,CAN,17576,52.0,54.0,"conners, corey",39997,265,59,0.0,0.0,0.0,0.0,0.0,0.0,1992-01-06,-6.5,34,2.3,0.8103168523238884,0.8261673601479429,1.699115716146108,1.4974,pga,2026-08-16,1156,0.8103168523238884,-0.0199999999999999,0.0,0.1,29.0,0.0,59.0,-0.328,4.920000000000005,0.0,0.0,0.0,0.0,0.0,0.0,0.0,0.0,0.0,0.0,0.0,0.0,0.0,0.0,0.0,0.0,0.0,0.0,0.0,0.0,2026-09-17,0.0313928045724079,0.0004059612744563,0.0041735935123864,0.0010062383321876,0.0268534481643873,-0.0010464367110099,0.3965483848443177,,0.0703907937776854,-0.0069054055426608,0.0577741849467025,0.2089668592813118,0.1722404990011332,,0.7939249520842455,-0.0406885902751299,-0.0277533676872341,830,0.2326582301375193,pga_ridge_v2,-2.9653588642247235,694,-2.9653588642247235,0.8634027234213913,1.0,11.777335622136452,0.020231735379687,-0.0366484062618803,0.0,weekly_pga_core,False,-0.0445620529069048,-0.0531408277640019,0.0192615072692974,0.0,0.0,0.0,0.7154835786826361,2026-09-17 07:53,2026-09-18 12:43
The Cliffs at Walnut Cove,1,2026-09-20,2026-09-17,557,Biltmore Championship Asheville,2026-09-15 19:01:18 UTC,no,pga,-14400,0,USA,28309,117.0,70.0,"coody, pierceson",59836,153,55,0.0,0.0,0.0,0.0,0.0,0.0,2000-01-07,-6.5,26,2.777604406903976,0.0471790621776996,-0.4238326398520571,1.34,1.34,pga,2026-08-16,676,0.0471790621776996,-0.56,-0.19,-0.01,29.0,0.0,53.0,-0.328,4.920000000000005,0.0,0.0,0.0,0.0,0.0,0.0,0.0,0.0,0.0,0.0,0.0,0.0,0.0,0.0,0.0,0.0,0.0,0.0,0.0,0.0,2026-09-17,-0.0523029731534802,0.0014549093103966,-0.0013785707978272,-0.0021942067273387,-0.0340200364300859,-0.016165068508625,0.031074346879213,-0.0281320499414639,-0.0292372600275849,0.0063759685833511,-0.0225316359287603,,,0.0944516438813215,0.0618888532314476,0.0003810208811796,0.0010264907050271,391,-0.4156613565551058,pga_ridge_v2,-2.9653588642247235,694,-2.9653588642247235,-0.4107720799522283,1.0,4.789622546111054,-0.0429258069794529,0.0084803281991643,0.0,weekly_pga_core,False,-0.0563575462686879,-0.0234229925553004,-0.0178384664150345,0.0,0.0,-0.0,-0.0357301520075753,2026-09-17 12:10,2026-09-18 07:20
The Cliffs at Walnut Cove,1,2026-09-20,2026-09-17,557,Biltmore Championship Asheville,2026-09-15 19:01:18 UTC,no,pga,-14400,0,USA,27780,247.0,267.0,"crowe, trace",52514,69,153,0.0,0.0,0.0,0.0,0.0,0.0,1996-10-09,-6.5,29,2.3,-0.5051843243950465,-1.048832639852057,0.0268127623505029,-0.2114,pga,2026-08-09,841,-0.5051843243950465,-0.19,-0.2,0.1399999999999999,30.0,0.0,39.0,-0.328,5.920000000000005,0.0,0.0,0.0,0.0,0.0,0.0,0.0,0.0,0.0,0.0,0.0,0.0,0.0,0.0,0.0,0.0,0.0,0.0,0.0,0.0,2026-09-17,-0.0326314219223368,-0.0012055047648867,-0.0009812176827793,-0.0024242957239332,0.0088927730801863,-0.0369131768309238,-0.2492210205784531,-0.0005629089324723,-0.0509003938361105,0.0104294778496201,0.0393014443519441,,,-0.1284270553494228,-0.4028021265470898,-0.0006565014770965,-0.0082347427396259,296,-0.7442133667814719,pga_ridge_v2,-2.9653588642247235,694,-2.9653588642247235,-0.4238458288328525,1.0,0.0,0.0,-0.0145304258354728,0.0,weekly_pga_core,False,-0.067812332095657,-0.0234229925553004,-0.0111292817394587,0.0,0.0,0.0,-0.505166732937506,2026-09-17 08:48,2026-09-18 13:38
The Cliffs at Walnut Cove,1,2026-09-20,2026-09-17,557,Biltmore Championship Asheville,2026-09-15 19:01:18 UTC,no,pga,-14400,0,USA,14509,171.0,231.0,"dahmen, joel",34076,128,121,0.0,0.0,0.0,0.0,0.0,0.0,1987-11-11,-6.5,38,2.3,0.0075354105395413,-0.4238326398520571,1.1056499276108362,0.6457999999999999,pga,2026-08-09,1444,0.0075354105395413,0.13,0.5700000000000001,-0.01,30.0,0.0,43.0,-0.328,5.920000000000005,0.0,0.0,0.0,0.0,0.0,0.0,0.0,0.0,0.0,0.0,0.0,0.0,0.0,0.0,0.0,0.0,0.0,0.0,0.0,0.0,2026-09-17,0.0485697615537325,-0.003714557631535,0.0035097812330567,0.002098664737395,0.0697590918032915,-0.0230832185884757,-0.0004604808999575,-0.0232120887815114,0.0368789763246285,0.0185809896664607,0.0055673160547605,,,-0.0199775419432435,-0.0949567691854175,-0.0007112019696735,-0.0059555193001145,786,-0.4222180507401803,pga_ridge_v2,-2.9653588642247235,694,-2.9653588642247235,0.288699683633977,1.0,-3.30247384659354,-0.0596023375531157,-0.1056672183367666,0.0,weekly_pga_core,False,-0.067812332095657,-0.0234229925553004,0.016565216239621,0.0,-0.0,-0.0,-0.1696268775967539,2026-09-17 12:10,2026-09-18 07:20
The Cliffs at Walnut Cove,1,2026-09-20,2026-09-17,557,Biltmore Championship Asheville,2026-09-15 19:01:18 UTC,no,pga,-14400,0,AUS,17786,0.0,371.0,"davis, cameron",45157,108,191,0.0,0.0,0.0,0.0,0.0,0.0,1995-02-21,-6.5,31,3.188543867102586,-1.1850651623740611,0.3261673601479429,1.1015931706330155,0.8155999999999999,pga,2026-08-07,961,-1.1850651623740611,-0.5499999999999998,-0.24,-0.5900000000000001,30.0,0.0,23.0,-0.328,5.920000000000005,0.0,0.0,0.0,0.0,0.0,0.0,0.0,0.0,0.0,0.0,0.0,0.0,0.0,0.0,0.0,0.0,0.0,0.0,0.0,0.0,2026-09-17,-0.0819543930712146,-0.0007534124352482,-0.0032860849003112,0.0002705157988833,-0.0533301998496124,-0.024855211684926,-0.5261600450858269,-0.023126920963749,-0.4259423756465231,0.0036275063767089,-0.0770266045277224,,,-0.3590521483948943,-1.4778404442516624,-0.0039459899615185,-0.0373597975739797,681,-2.0996341086717187,pga_ridge_v2,-2.9653588642247235,694,-2.9653588642247235,-1.564064362440296,1.0,-9.458754373942522,0.0161051991898992,-0.0288540684741571,0.0,weekly_pga_core,False,-0.067812332095657,-0.0234229925553004,-0.0279513878508476,0.0,-0.0,0.0,-1.5970271567534675,2026-09-17 08:04,2026-09-18 12:54
The Cliffs at Walnut Cove,1,2026-09-20,2026-09-17,557,Biltmore Championship Asheville,2026-09-15 19:01:18 UTC,no,pga,-14400,0,USA,28075,0.0,0.0,"deneen, morgan",59608,45,0,0.0,0.0,0.0,0.0,0.0,0.0,1995-01-01,-6.5,31,2.3,-3.1805,0.0,0.0,0.0,0,,961,-3.1805,0.0,0.0,0.0,24.08,0.0,0.0,0.0,3.552713678800501e-15,0.0,0.0,0.0,0.0,0.0,0.0,0.0,0.0,0.0,0.0,0.0,0.0,0.0,0.0,0.0,0.0,0.0,0.0,0.0,0.0,2026-09-17,-0.0002065136182893,0.0,0.0,-0.0,-0.0002065136182893,0.0,,,,,,,,,0.0,,,10,-3.0729294321123617,tour_prior_shrunk_partial,-2.9653588642247235,694,-2.9653588642247235,-3.1805,0.5,0.0,0.0,,-3.0729294321123617,tour_prior_shrunk_partial,True,0.0,0.0,0.0,0.0,0.0,0.0,-3.0729294321123617,2026-09-17 14:00,2026-09-18 09:10
The Cliffs at Walnut Cove,1,2026-09-20,2026-09-17,557,Biltmore Championship Asheville,2026-09-15 19:01:18 UTC,no,pga,-14400,0,CHN,16757,158.0,191.0,"dou, zecheng",37338,102,117,0.0,0.0,0.0,0.0,0.0,0.0,1997-01-22,-6.5,29,2.322910925034368,0.1093237241138271,0.2011673601479429,0.3407306682899633,0.1027999999999999,pga,2026-08-07,841,0.1093237241138271,-0.14,-0.03,0.12,30.0,0.0,37.0,-0.328,5.920000000000005,0.0,0.0,0.0,0.0,0.0,0.0,0.0,0.0,0.0,0.0,0.0,0.0,0.0,0.0,0.0,0.0,0.0,0.0,0.0,0.0,2026-09-17,0.0175581432304655,0.0001201386278723,-0.00052513819932,-0.0009937954276633,0.0098855094917653,0.0090714287378112,0.0698235023065896,-0.0071533225200907,-0.081126108093288,-0.0004346125877262,0.0462615294834607,,,0.0210647551102227,0.0396809662951644,0.0004105392422837,0.0037757356532967,664,-0.3614446052852052,pga_ridge_v2,-2.9653588642247235,694,-2.9653588642247235,-0.0260361666409649,1.0,0.0,0.0,-0.012941052299584,0.0,weekly_pga_core,False,-0.067812332095657,-0.0234229925553004,0.0059883851613545,0.0,0.0,0.0,-0.0455659731944385,2026-09-17 13:38,2026-09-18 08:48
The Cliffs at Walnut Cove,1,2026-09-20,2026-09-17,557,Biltmore Championship Asheville,2026-09-15 19:01:18 UTC,no,pga,-14400,0,BEL,22002,164.0,197.0,"dumont de chassart, adrien",50497,120,124,0.0,0.0,0.0,0.0,0.0,0.0,2000-03-01,-6.5,26,2.3,-0.0163850265613474,-0.7988326398520571,1.1425198456498318,1.0661538461538462,pga,2026-08-07,676,-0.0163850265613474,-0.35,-0.06,-0.22,30.0,0.0,41.0,-0.328,5.920000000000005,0.0,0.0,0.0,0.0,0.0,0.0,0.0,0.0,0.0,0.0,0.0,0.0,0.0,0.0,0.0,0.0,0.0,0.0,0.0,0.0,2026-09-17,-0.0339473501405452,0.0011187561524202,-0.0012337194720851,-0.0011270943179464,-0.0685695984716006,0.0358643059686668,0.0107426931382422,-0.0239861383260707,-0.1017452322153185,-0.0130085657068978,-0.078357635573901,,,0.0050283608972789,-0.1896254833460554,0.0002349587301819,0.0017189369806539,283,-0.6993283021782174,pga_ridge_v2,-2.9653588642247235,694,-2.9653588642247235,-0.3526010232973082,1.0,1.12767525005378,0.0,0.0097471387297755,0.0,weekly_pga_core,False,-0.067812332095657,-0.0234229925553004,-0.0115780925796421,0.0,0.0,0.0,-0.292438900576655,2026-09-17 09:10,2026-09-18 14:00
The Cliffs at Walnut Cove,1,2026-09-20,2026-09-17,557,Biltmore Championship Asheville,2026-09-15 19:01:18 UTC,no,pga,-14400,0,USA,30937,0.0,0.0,"duncan, austin",60511,45,0,0.0,0.0,0.0,0.0,0.0,0.0,1995-01-01,-6.5,31,2.4515071765326555,-1.8036959866226048,0.0,-1.6316424297438372,-1.855263157894737,kft,2026-08-21,961,-1.8036959866226048,0.8199999999999998,0.0,0.0,24.0,0.0,29.0,-0.328,-0.0799999999999947,0.0,0.0,0.0,0.0,0.0,0.0,0.0,0.0,0.0,0.0,0.0,0.0,0.0,0.0,0.0,0.0,0.0,0.0,0.0,0.0,2026-09-17,-0.1137024751660996,0.0,0.0,-0.0,-0.1137024751660996,0.0,-0.8947136181615369,0.0342548106866905,-0.2221844881475763,-0.0,0.0,,,-0.4938665811003202,-1.6016894685550638,-0.003172488895825,-0.0265660384168477,44,-2.044368750246834,pga_ridge_v2,-2.9653588642247235,694,-2.9653588642247235,-1.339902129822661,1.0,0.0,0.0,0.0045589354803521,0.0,weekly_pga_core,False,0.0009163828661574,-0.0234229925553004,-0.0387793974657022,0.0,0.0,0.0,-1.6629754757099091,2026-09-17 09:10,2026-09-18 14:00
The Cliffs at Walnut Cove,1,2026-09-20,2026-09-17,557,Biltmore Championship Asheville,2026-09-15 19:01:18 UTC,no,pga,-14400,0,USA,18187,304.0,403.0,"duncan, tyler",45609,91,174,0.0,0.0,0.0,0.0,0.0,0.0,1989-07-13,-6.5,37,2.9483342575259472,-0.5934468294546222,0.0,0.3665178218396099,0.212,kft,2026-08-25,1369,-0.5934468294546222,-0.35,0.0,0.0,1.0,2.0,55.0,1.672,-23.079999999999995,0.0,0.0,0.0,0.0,0.0,0.0,0.0,0.0,0.0,0.0,0.0,0.0,0.0,0.0,0.0,0.0,0.0,0.0,0.0,0.0,2026-09-17,0.0412967818758919,-0.0043591686410017,-0.0011473451666943,0.0018249412124335,0.0643621131931845,-0.0193837587220301,-0.2454842147340125,-0.00769469975256,-0.1688940637472521,0.0401211644857784,0.0226881997377303,,,-0.1383478754981083,-0.5961725885203486,-0.0012853476393373,-0.0097658926648461,788,-0.6665957835313489,pga_ridge_v2,-2.9653588642247235,694,-2.9653588642247235,-0.7438485098288203,1.0,-2.5117438138801185,0.0,-0.0875098587077409,0.0,weekly_pga_core,False,0.2643764568864464,-0.0234229925553004,0.0140846917895161,0.0,-0.0,0.0,-0.3411344323996865,2026-09-17 08:26,2026-09-18 13:16
The Cliffs at Walnut Cove,1,2026-09-20,2026-09-17,557,Biltmore Championship Asheville,2026-09-15 19:01:18 UTC,no,pga,-14400,0,USA,28270,468.0,436.0,"dunlap, nick",59866,109,167,0.0,0.0,0.0,0.0,0.0,0.0,2003-12-23,-6.5,22,3.175533337585327,-1.010789260336019,0.3261673601479429,0.6560247873681919,0.3702,pga,2026-08-07,484,-1.010789260336019,-1.01,-0.45,-0.84,30.0,0.0,37.0,-0.328,5.920000000000005,0.0,0.0,0.0,0.0,0.0,0.0,0.0,0.0,0.0,0.0,0.0,0.0,0.0,0.0,0.0,0.0,0.0,0.0,0.0,0.0,2026-09-17,-0.0450254572258371,-0.0004445907874288,-3.165752527952936e-06,0.0013083738448489,-0.056727948468751,0.0108418739380216,-0.4188526689289792,-0.0137726284187166,-0.4655840504952607,0.0111080233841931,-0.1032007274516808,,,-0.2246454206270856,-1.2083877131851262,-0.0021418908329565,-0.0208450894809105,209,-1.8461499932794136,pga_ridge_v2,-2.9653588642247235,694,-2.9653588642247235,-1.6342593127931848,1.0,-14.76198458173261,0.0,0.0295467396662711,0.0,weekly_pga_core,False,-0.067812332095657,-0.0234229925553004,-0.0153563948303238,0.0,-0.0,0.0,-1.3149794326664077,2026-09-17 07:31,2026-09-18 12:21
The Cliffs at Walnut Cove,1,2026-09-20,2026-09-17,557,Biltmore Championship Asheville,2026-09-15 19:01:18 UTC,no,pga,-14400,0,COL,22833,90.0,60.0,"echavarria, nicolas",51349,277,45,0.0,0.0,0.0,0.0,0.0,0.0,1994-08-04,-6.5,32,2.998231020249642,0.4627492063306361,0.5761673601479429,0.6742169886850486,0.4256,pga,2026-08-23,1024,0.4627492063306361,-0.06,0.3,-0.46,22.0,0.0,57.0,-0.328,-2.0799999999999947,0.0,0.0,0.0,0.0,0.0,0.0,0.0,0.0,0.0,0.0,0.0,0.0,0.0,0.0,0.0,0.0,0.0,0.0,0.0,0.0,2026-09-17,0.0031857518550201,0.0022628942312479,5.833480713425293e-06,0.001741605193008,-0.0122577974824305,0.0114332164324813,0.2381973888534339,-0.0141545567142322,0.0064528135495623,-0.0302573225163416,-0.0316321917627447,,,0.1149727924080547,0.2555323711614236,0.0009145910151806,0.0043829634555293,618,-0.242921483173099,pga_ridge_v2,-2.9653588642247235,694,-2.9653588642247235,0.5586821662727879,1.0,-14.366256013893286,0.0352850862061975,-0.0333441071270188,0.0,weekly_pga_core,False,0.0238259545200956,-0.0234229925553004,0.0010865334042416,0.0,-0.0,0.0,0.2570218665304604,2026-09-17 07:53,2026-09-18 12:43
The Cliffs at Walnut Cove,1,2026-09-20,2026-09-17,557,Biltmore Championship Asheville,2026-09-15 19:01:18 UTC,no,pga,-14400,0,USA,26653,145.0,195.0,"eckroat, austin",57362,135,120,0.0,0.0,0.0,0.0,0.0,0.0,1999-01-12,-6.5,27,2.9466480592602067,0.0403264657989038,0.2011673601479429,0.96,0.96,pga,2026-08-09,729,0.0403264657989038,0.42,0.34,0.34,30.0,0.0,49.0,-0.328,5.920000000000005,0.0,0.0,0.0,0.0,0.0,0.0,0.0,0.0,0.0,0.0,0.0,0.0,0.0,0.0,0.0,0.0,0.0,0.0,0.0,0.0,2026-09-17,-0.0290043420961702,0.0016238601203175,0.0018280447094735,-6.748931075322445e-05,-0.0046606483119106,-0.0277281093032974,0.0049975663421185,-0.0201543044356756,0.0305289848496373,-0.021743338047591,-0.0290722915915455,,,-0.0130465580037508,-0.045272363015695,0.0001892312698764,0.0011844738725746,452,-0.4237894059652783,pga_ridge_v2,-2.9653588642247235,694,-2.9653588642247235,0.1601371317285024,1.0,-7.869277123201785,-0.0488620552730042,0.0018438727286611,0.0,weekly_pga_core,False,-0.067812332095657,-0.0234229925553004,-0.0098922288959452,0.0,-0.0,-0.0,-0.1463999165625977,2026-09-17 12:32,2026-09-18 07:42
The Cliffs at Walnut Cove,1,2026-09-20,2026-09-17,557,Biltmore Championship Asheville,2026-09-15 19:01:18 UTC,no,pga,-14400,0,CAN,21883,175.0,193.0,"ewart, a.j.",50286,122,105,0.0,0.0,0.0,0.0,0.0,0.0,1995-01-01,-6.5,31,2.355310232052265,0.0788876962190299,0.3261673601479429,0.6923062771490627,0.67625,pga,2026-08-07,961,0.0788876962190299,-0.4,-0.2,-0.1599999999999999,30.0,0.0,45.0,-0.328,5.920000000000005,0.0,0.0,0.0,0.0,0.0,0.0,0.0,0.0,0.0,0.0,0.0,0.0,0.0,0.0,0.0,0.0,0.0,0.0,0.0,0.0,2026-09-17,-0.038166541034109,0.0026572927043062,0.0009100834451509,0.0013659780602622,-0.0466391376015537,0.0035392423577253,0.0551443815853001,-0.0145343244504077,-0.0767098873071994,-0.0050592669112898,-0.059040676293814,,,0.0638737735600304,-0.0264309908710716,0.0002214705563617,0.0044484373390661,72,-0.684590718427082,pga_ridge_v2,-2.9653588642247235,694,-2.9653588642247235,-0.3923089525234141,1.0,0.0,0.0,0.0052251010508811,0.0,weekly_pga_core,False,-0.067812332095657,-0.0234229925553004,-0.0130170909867231,0.0,0.0,0.0,-0.1306834065087522,2026-09-17 08:37,2026-09-18 13:27
The Cliffs at Walnut Cove,1,2026-09-20,2026-09-17,557,Biltmore Championship Asheville,2026-09-15 19:01:18 UTC,no,pga,-14400,0,USA,11676,160.0,140.0,"finau, tony",29725,205,98,0.0,0.0,0.0,0.0,0.0,0.0,1989-09-14,-6.5,37,2.7480321180754608,-0.0719814149097293,0.8261673601479429,2.069706818217949,1.9794,pga,2026-08-09,1369,-0.0719814149097293,-0.09,-0.5900000000000001,-0.35,30.0,0.0,53.0,-0.328,5.920000000000005,0.0,0.0,0.0,0.0,0.0,0.0,0.0,0.0,0.0,0.0,0.0,0.0,0.0,0.0,0.0,0.0,0.0,0.0,0.0,0.0,2026-09-17,-0.020765166566474,-0.0010387533418082,-0.0002015786475309,-0.0029850561431184,-0.0394653349858299,0.0229255565518135,-0.0271129542697964,-0.0434515638614148,-0.0980500758048018,0.0257745351844073,0.0046702120071231,,,0.0286752472790774,-0.1909338163171058,-0.000176310770358,0.0027515619684447,837,-0.425616664779622,pga_ridge_v2,-2.9653588642247235,694,-2.9653588642247235,-0.4252346754932146,1.0,-1.586346512392088,0.0179061699190436,-0.0840144680497872,0.0,weekly_pga_core,False,-0.067812332095657,-0.0234229925553004,-0.0070821734227549,0.0,-0.0,0.0,-0.2892513143908182,2026-09-17 12:54,2026-09-18 08:04
The Cliffs at Walnut Cove,1,2026-09-20,2026-09-17,557,Biltmore Championship Asheville,2026-09-15 19:01:18 UTC,no,pga,-14400,0,USA,25094,165.0,244.0,"fishburn, patrick",54576,122,145,0.0,0.0,0.0,0.0,0.0,0.0,1992-07-21,-6.5,34,2.67034386549206,0.0258685144834703,0.3261673601479429,0.7262985422429652,0.489,pga,2026-08-09,1156,0.0258685144834703,-0.05,0.02,-0.0399999999999999,30.0,0.0,47.0,-0.328,5.920000000000005,0.0,0.0,0.0,0.0,0.0,0.0,0.0,0.0,0.0,0.0,0.0,0.0,0.0,0.0,0.0,0.0,0.0,0.0,0.0,0.0,2026-09-17,0.0016003391942026,-0.00048600502536,-0.0006693914950197,-0.0020818034443623,0.016665448586977,-0.0118279094280322,0.0158905411590663,-0.0152479603453668,0.0312046582466949,0.0114416895231648,0.0421682018790537,,,-0.0229673781524364,0.0063251877301329,-0.0003235436695745,-0.0022628186220434,526,-0.466238482103093,pga_ridge_v2,-2.9653588642247235,694,-2.9653588642247235,-0.1692169957966281,1.0,-0.9795930009893188,0.0,-0.0535782022884254,0.0,weekly_pga_core,False,-0.067812332095657,-0.0234229925553004,0.0005458121259125,0.0,-0.0,0.0,-0.084364324794912,2026-09-17 13:49,2026-09-18 08:59
The Cliffs at Walnut Cove,1,2026-09-20,2026-09-17,557,Biltmore Championship Asheville,2026-09-15 19:01:18 UTC,no,pga,-14400,0,USA,26657,189.0,83.0,"fisk, steven",57123,132,71,0.0,0.0,0.0,0.0,0.0,0.0,1997-04-17,-6.5,29,2.715376386606028,-0.0494377365550413,-0.7988326398520571,0.3485432343516008,0.1222,pga,2026-08-07,841,-0.0494377365550413,-0.61,-0.8200000000000001,-0.1499999999999999,30.0,0.0,45.0,-0.328,5.920000000000005,0.0,0.0,0.0,0.0,0.0,0.0,0.0,0.0,0.0,0.0,0.0,0.0,0.0,0.0,0.0,0.0,0.0,0.0,0.0,0.0,2026-09-17,-0.0090614606612859,0.0014119309697866,-0.002170681072568,-0.0021266755619691,-0.0042078824763968,-0.0019681525201385,0.0176374690450847,-0.0073173400563721,-0.2379052391375348,0.0114129604495205,0.0385780145857257,,,0.0460706579507453,-0.1424251537860647,-8.781607645891822e-05,-0.0002190681988434,367,-0.649340982947274,pga_ridge_v2,-2.9653588642247235,694,-2.9653588642247235,-0.3690440321291379,1.0,-3.1096656697370904,0.0,-0.0105947923479318,0.0,weekly_pga_core,False,-0.067812332095657,-0.0234229925553004,-0.0030905042664242,0.0,-0.0,0.0,-0.2367509827034464,2026-09-17 12:43,2026-09-18 07:53
The Cliffs at Walnut Cove,1,2026-09-20,2026-09-17,557,Biltmore Championship Asheville,2026-09-15 19:01:18 UTC,no,pga,-14400,0,USA,31343,210.0,353.0,"ford, david",65256,166,154,0.0,0.0,0.0,0.0,0.0,0.0,2002-06-01,-6.5,24,2.7,-0.1436353630470442,-0.2988326398520571,0.1228139931145617,-0.293,pga,2026-04-05,576,-0.1436353630470442,-0.5800000000000001,0.06,0.0299999999999999,30.0,0.0,11.0,-0.328,5.920000000000005,0.0,0.0,0.0,0.0,0.0,0.0,0.0,0.0,0.0,0.0,0.0,0.0,0.0,0.0,0.0,0.0,0.0,0.0,0.0,0.0,2026-09-17,0.0024561876044654,-0.0014354987288596,0.0002879168435724,-0.0009837328737547,0.0343003376613433,-0.0297128352978357,-0.0521132623783669,-0.0025783652147831,-0.073094364020702,-8.511904284804176e-05,0.0271982249465028,,,0.0002718032917448,-0.1112478540634266,0.0002687895713036,0.003414864619195,76,-0.5924504475932224,pga_ridge_v2,-2.9653588642247235,694,-2.9653588642247235,0.0370021609084946,1.0,0.0,0.0,-0.0145304258354728,0.0,weekly_pga_core,False,-0.067812332095657,-0.0234229925553004,0.0008377080202058,0.0,0.0,0.0,-0.2016454706941782,2026-09-17 14:00,2026-09-18 09:10
The Cliffs at Walnut Cove,1,2026-09-20,2026-09-17,557,Biltmore Championship Asheville,2026-09-15 19:01:18 UTC,no,pga,-14400,0,USA,11451,301.0,300.0,"garnett, brice",29535,76,135,0.0,0.0,0.0,0.0,0.0,0.0,1983-09-06,-6.5,43,2.913486555875282,-0.6793149475004516,-0.9238326398520572,0.4366181243279755,0.2478,pga,2026-08-07,1849,-0.6793149475004516,-0.46,-0.16,-0.11,30.0,0.0,35.0,-0.328,5.920000000000005,0.0,0.0,0.0,0.0,0.0,0.0,0.0,0.0,0.0,0.0,0.0,0.0,0.0,0.0,0.0,0.0,0.0,0.0,0.0,0.0,2026-09-17,0.0176515639804142,-0.0003080622111256,-0.0011215199913865,0.0033959462119407,0.0431547192154102,-0.0274695192444245,-0.3189330843764144,-0.0091663906310265,-0.1286351971020504,-0.0032460770278616,0.0057159495650384,,,-0.1326400063714674,-0.7661824785859815,-0.0018442895868264,-0.0148926215492513,700,-1.1978524835991071,pga_ridge_v2,-2.9653588642247235,694,-2.9653588642247235,-0.1315809693888777,1.0,5.822384271523792,0.0,-0.1625407615061218,0.0,weekly_pga_core,False,-0.067812332095657,-0.0234229925553004,0.006020247268037,0.0,0.0,0.0,-0.8513975559689021,2026-09-17 12:21,2026-09-18 07:31
The Cliffs at Walnut Cove,1,2026-09-20,2026-09-17,557,Biltmore Championship Asheville,2026-09-15 19:01:18 UTC,no,pga,-14400,0,USA,24550,58.0,157.0,"ghim, doug",52375,314,93,0.0,0.0,0.0,0.0,0.0,0.0,1996-04-16,-6.5,30,2.3,0.7539044343014604,1.201167360147943,0.8001338344144102,0.4894,pga,2026-08-09,900,0.7539044343014604,0.38,-0.0099999999999999,-0.03,30.0,0.0,43.0,-0.328,5.920000000000005,0.0,0.0,0.0,0.0,0.0,0.0,0.0,0.0,0.0,0.0,0.0,0.0,0.0,0.0,0.0,0.0,0.0,0.0,0.0,0.0,2026-09-17,0.0402378793047085,-0.0004804046171705,0.0016059695567152,-0.0016334045088676,0.0195619257043629,0.0211837931696685,0.354614766680974,,0.1065702694457438,-0.0066435090684,0.1355736085957931,0.0682973026127113,0.1067803090446093,,0.695068590555707,-0.0494236242691429,-0.0299658522557029,663,0.5168944411049997,pga_ridge_v2,-2.9653588642247235,694,-2.9653588642247235,1.3898653245067851,1.0,-4.904713740591353,-0.0094967526649099,0.009265319769121,0.0,weekly_pga_core,False,-0.0536193807335115,-0.0531408277640019,0.0246885302312225,0.0,-0.0,-0.0,0.612996912289416,2026-09-17 13:27,2026-09-18 08:37
The Cliffs at Walnut Cove,1,2026-09-20,2026-09-17,557,Biltmore Championship Asheville,2026-09-15 19:01:18 UTC,no,pga,-14400,0,USA,7399,192.0,115.0,"glover, lucas",25900,231,101,0.0,0.0,0.0,0.0,0.0,0.0,1979-11-12,-6.5,46,2.928738681443197,-0.0045080301175031,-0.5488326398520571,1.1176106295077075,1.0539999999999998,pga,2026-08-07,2116,-0.0045080301175031,-0.94,0.08,-0.13,30.0,0.0,50.0,-0.328,5.920000000000005,0.0,0.0,0.0,0.0,0.0,0.0,0.0,0.0,0.0,0.0,0.0,0.0,0.0,0.0,0.0,0.0,0.0,0.0,0.0,0.0,2026-09-17,0.0294360874264121,-0.0038215593557204,0.0041869365832351,0.0027634035362336,0.0333608395585654,-0.0070535328959016,0.0320243918718906,-0.0262578781387968,-0.1918206689214217,0.0298122968641096,0.0011806817551586,,,0.0232391814441812,-0.3614456071236022,-0.0011085120921018,-0.0068564517766922,805,-0.8423071156226454,pga_ridge_v2,-2.9653588642247235,694,-2.9653588642247235,-0.1246194872103596,1.0,-2.7365680248326454,-0.1242454280205339,-0.2216586481299297,0.0,weekly_pga_core,False,-0.067812332095657,-0.0234229925553004,0.0100394800770734,0.0,-0.0,-0.0,-0.4426414516974862,2026-09-17 08:15,2026-09-18 13:05
The Cliffs at Walnut Cove,1,2026-09-20,2026-09-17,557,Biltmore Championship Asheville,2026-09-15 19:01:18 UTC,no,pga,-14400,0,ARG,8571,376.0,434.0,"gomez, fabian",28679,79,199,0.0,0.0,0.0,0.0,0.0,0.0,1978-10-27,-6.5,47,2.4479011722229616,-1.1225507225340847,-2.173832639852057,0.1927463342841659,-0.0061999999999999,kft,2026-08-25,2209,-1.1225507225340847,-0.5800000000000001,-0.01,-0.04,1.0,2.0,49.0,1.672,-23.079999999999995,0.0,0.0,0.0,0.0,0.0,0.0,0.0,0.0,0.0,0.0,0.0,0.0,0.0,0.0,0.0,0.0,0.0,0.0,0.0,0.0,2026-09-17,0.0473846819376231,-0.0038412225083027,-0.0029510446221739,0.0040336488033061,0.040689114900525,0.0094541853642687,-0.4973041549856204,-0.0040465312453976,-0.1841252281498974,0.0305653298628612,-0.0301920147921737,,,-0.2424485362363707,-1.184907093768659,-0.001747936903188,-0.0137685527994487,708,-1.2882604372431063,pga_ridge_v2,-2.9653588642247235,694,-2.9653588642247235,-1.4130648280064833,1.0,0.0,0.0,-0.2418394685194236,0.0,weekly_pga_core,False,0.2643764568864464,-0.0234229925553004,0.0161610326596727,0.0,0.0,0.0,-0.9277925967778402,2026-09-17 13:16,2026-09-18 08:26
The Cliffs at Walnut Cove,1,2026-09-20,2026-09-17,557,Biltmore Championship Asheville,2026-09-15 19:01:18 UTC,no,pga,-14400,0,USA,26660,416.0,388.0,"gordon, will",56762,75,173,0.0,0.0,0.0,0.0,0.0,0.0,1996-07-28,-6.5,30,2.7564029548518287,-0.8282227850229096,0.0,0.5004572997278209,0.1912,kft,2026-08-25,900,-0.8282227850229096,0.02,0.0,0.0,1.0,2.0,53.0,1.672,-23.079999999999995,0.0,0.0,0.0,0.0,0.0,0.0,0.0,0.0,0.0,0.0,0.0,0.0,0.0,0.0,0.0,0.0,0.0,0.0,0.0,0.0,2026-09-17,-0.0435559420025907,-0.0016783691276929,0.0010242560513209,-0.0006442882687011,-0.0062878448380589,-0.0359696958194586,-0.3886397764065393,-0.0105066341414278,-0.2121674959048605,0.0113176546511632,0.0042126912636548,,,-0.2001831243700527,-0.8366630172402222,-0.002497716095773,-0.0204289627656472,519,-1.1847117109452552,pga_ridge_v2,-2.9653588642247235,694,-2.9653588642247235,-0.6613487020642299,1.0,0.0,0.0,-0.0177696534707397,0.0,weekly_pga_core,False,0.2643764568864464,-0.0234229925553004,-0.0148552015639421,0.0,0.0,0.0,-0.6105647544730183,2026-09-17 07:42,2026-09-18 12:32
The Cliffs at Walnut Cove,1,2026-09-20,2026-09-17,557,Biltmore Championship Asheville,2026-09-15 19:01:18 UTC,no,pga,-14400,0,USA,23465,123.0,90.0,"greyserman, max",51977,176,103,0.0,0.0,0.0,0.0,0.0,0.0,1995-05-31,-6.5,31,2.8224233092620774,0.3309725958626462,-0.2988326398520571,1.3071986584749005,0.9678,pga,2026-08-09,961,0.3309725958626462,-0.24,0.0,-0.25,30.0,0.0,49.0,-0.328,5.920000000000005,0.0,0.0,0.0,0.0,0.0,0.0,0.0,0.0,0.0,0.0,0.0,0.0,0.0,0.0,0.0,0.0,0.0,0.0,0.0,0.0,2026-09-17,-0.0661751934563496,0.0017003614767039,-0.001946733408992,-0.0038256964831089,-0.065043239351424,0.0029401143104715,0.1813858161017562,-0.0274434163758437,-0.1010858214997208,-0.0311884503769633,0.0133466000160833,,,0.0833077089197843,0.0926101715605355,-0.000414919071239,0.0009231796926081,545,-0.5832845658879664,pga_ridge_v2,-2.9653588642247235,694,-2.9653588642247235,-0.0101975083245377,1.0,13.57974385637221,0.0349619115832847,-0.0262205258459296,0.0,weekly_pga_core,False,-0.067812332095657,-0.0234229925553004,-0.0225697296885111,0.0,0.0,0.0,-0.0211948827789331,2026-09-17 08:37,2026-09-18 13:27
The Cliffs at Walnut Cove,1,2026-09-20,2026-09-17,557,Biltmore Championship Asheville,2026-09-15 19:01:18 UTC,no,pga,-14400,0,USA,15330,233.0,223.0,"griffin, lanto",35310,142,156,0.0,0.0,0.0,0.0,0.0,0.0,1988-06-15,-6.5,38,2.775642635823912,-0.7663930872530753,-1.923832639852057,1.085302025506915,0.8596,kft,2026-08-25,1444,-0.7663930872530753,-0.14,-0.1399999999999999,0.05,1.0,2.0,45.0,1.672,-23.079999999999995,0.0,0.0,0.0,0.0,0.0,0.0,0.0,0.0,0.0,0.0,0.0,0.0,0.0,0.0,0.0,0.0,0.0,0.0,0.0,0.0,2026-09-17,-0.0072329698218496,-0.0022816732268509,-0.0001814275943185,0.0018023457851169,-0.009149583785376,0.0025773689995788,-0.3060195623524793,-0.0227849035695019,0.0372648003093089,0.0459593025996446,-0.0228914747507564,,,-0.1259808257237195,-0.5016113998233911,-0.0008118938389719,-0.0056324677609533,723,-0.5400425437315014,pga_ridge_v2,-2.9653588642247235,694,-2.9653588642247235,-0.6978253626934285,1.0,-5.52666382840209,0.0,-0.1007143747359622,0.0,weekly_pga_core,False,0.2643764568864464,-0.0234229925553004,-0.0024668786776117,0.0,-0.0,0.0,-0.2631248141698569,2026-09-17 13:27,2026-09-18 08:37
The Cliffs at Walnut Cove,1,2026-09-20,2026-09-17,557,Biltmore Championship Asheville,2026-09-15 19:01:18 UTC,no,pga,-14400,0,ARG,12808,89.0,104.0,"grillo, emiliano",31646,302,109,0.0,0.0,0.0,0.0,0.0,0.0,1992-09-14,-6.5,34,2.644523202282624,0.5553233015841765,0.5761673601479429,1.077257635299886,0.8415384615384615,pga,2026-08-07,1156,0.5553233015841765,-0.21,-0.3,0.1399999999999999,30.0,0.0,45.0,-0.328,5.920000000000005,0.0,0.0,0.0,0.0,0.0,0.0,0.0,0.0,0.0,0.0,0.0,0.0,0.0,0.0,0.0,0.0,0.0,0.0,0.0,0.0,2026-09-17,0.0600145773629669,0.0007160729347689,0.0022644384999387,0.0022831930603964,0.0552462231386631,-0.0004953502708004,0.2820474993195392,,0.0668197118234048,-0.0177276687179935,0.0473185844666853,0.1688592892549668,0.0181905062628886,,0.519778575732232,-0.0139749820363897,-0.0033802326939807,834,-0.0092896115058083,pga_ridge_v2,-2.9653588642247235,694,-2.9653588642247235,1.2286258728019872,1.0,-10.965012730963892,0.0185244661609502,-0.0283741319468888,0.0,weekly_pga_core,False,-0.0536193807335115,-0.0531408277640019,0.0368228080888516,0.0,-0.0,0.0,0.44984117532357,2026-09-17 07:31,2026-09-18 12:21
The Cliffs at Walnut Cove,1,2026-09-20,2026-09-17,557,Biltmore Championship Asheville,2026-09-15 19:01:18 UTC,no,pga,-14400,0,CAN,13965,362.0,324.0,"hadwin, adam",33399,88,188,0.0,0.0,0.0,0.0,0.0,0.0,1987-11-02,-6.5,38,2.716608619282426,-0.8779618121175035,0.0,1.1039092694123416,0.8432,kft,2026-08-25,1444,-0.8779618121175035,-0.0799999999999999,0.0,0.0,1.0,2.0,50.0,1.672,-23.079999999999995,0.0,0.0,0.0,0.0,0.0,0.0,0.0,0.0,0.0,0.0,0.0,0.0,0.0,0.0,0.0,0.0,0.0,0.0,0.0,0.0,2026-09-17,-0.0120350466730394,-0.0016296234041411,-0.0025123805497865,0.0007854434744335,0.0218289858471146,-0.0305074720406599,-0.3712496553264974,-0.0231759919195427,-0.1598493751097577,0.0206218351704636,-0.018075479783934,,,-0.2053473869132041,-0.8840541416266657,-0.0021209885570798,-0.0179390698327522,786,-0.8836726942065791,pga_ridge_v2,-2.9653588642247235,694,-2.9653588642247235,-1.4832095970209462,1.0,-22.90409354895933,-0.0129451368311269,-0.1069180293543612,0.0,weekly_pga_core,False,0.2643764568864464,-0.0234229925553004,-0.0041046763297833,0.0,-0.0,-0.0,-0.6472053536253031,2026-09-17 08:26,2026-09-18 13:16
The Cliffs at Walnut Cove,1,2026-09-20,2026-09-17,557,Biltmore Championship Asheville,2026-09-15 19:01:18 UTC,no,pga,-14400,0,USA,19865,381.0,0.0,"hardy, nick",47988,86,193,0.0,0.0,0.0,0.0,0.0,0.0,1996-01-26,-6.5,30,2.3,-0.7650553421936791,0.0,0.685525382344422,0.4122,kft,2026-08-25,900,-0.7650553421936791,0.0699999999999999,0.0,0.0,3.0,1.0,39.0,0.6719999999999999,-21.079999999999995,0.0,0.0,0.0,0.0,0.0,0.0,0.0,0.0,0.0,0.0,0.0,0.0,0.0,0.0,0.0,0.0,0.0,0.0,0.0,0.0,2026-09-17,-0.0364938174434643,-0.0025100054468866,-0.0022169911884692,-0.0013795697842641,-0.0162175250827341,-0.0141697259411101,-0.360639015522442,-0.0143919658897358,-0.1560279332723076,0.0263450631330476,0.0149695254767821,,,-0.2086090264141418,-0.7403929565797149,-0.0021784653841607,-0.0179290496353901,609,-0.9803442266909425,pga_ridge_v2,-2.9653588642247235,694,-2.9653588642247235,-0.6381976743841018,1.0,9.149379617848478,0.0,-0.0219320890713664,0.0,weekly_pga_core,False,0.2414668852325083,-0.0234229925553004,-0.0124465914186433,0.0,0.0,0.0,-0.5347956553211504,2026-09-17 07:20,2026-09-18 12:10
The Cliffs at Walnut Cove,1,2026-09-20,2026-09-17,557,Biltmore Championship Asheville,2026-09-15 19:01:18 UTC,no,pga,-14400,0,USA,28570,0.0,0.0,"harper, keller",58881,40,0,0.0,0.0,0.0,0.0,0.0,0.0,1995-01-01,-6.5,31,2.3,-3.1864,0.0,0.0,0.0,0,,961,-3.1864,0.0,0.0,0.0,24.08,0.0,0.0,0.0,3.552713678800501e-15,0.0,0.0,0.0,0.0,0.0,0.0,0.0,0.0,0.0,0.0,0.0,0.0,0.0,0.0,0.0,0.0,0.0,0.0,0.0,0.0,2026-09-17,0.0,0.0,0.0,-0.0,0.0,0.0,,,,,,,,,0.0,,,10,-3.075879432112361,tour_prior_shrunk_partial,-2.9653588642247235,694,-2.9653588642247235,-3.1864,0.5,0.0,0.0,,-3.075879432112361,tour_prior_shrunk_partial,True,0.0,0.0,0.0,0.0,0.0,0.0,-3.075879432112361,2026-09-17 08:48,2026-09-18 13:38
The Cliffs at Walnut Cove,1,2026-09-20,2026-09-17,557,Biltmore Championship Asheville,2026-09-15 19:01:18 UTC,no,pga,-14400,0,USA,14140,377.0,372.0,"higgs, harry",33597,66,184,0.0,0.0,0.0,0.0,0.0,0.0,1991-12-04,-6.5,34,2.3,-0.8099351147518083,0.0,0.7530421226204387,0.4866,kft,2026-08-25,1156,-0.8099351147518083,-0.12,0.0,0.0,3.0,1.0,49.0,0.6719999999999999,-21.079999999999995,0.0,0.0,0.0,0.0,0.0,0.0,0.0,0.0,0.0,0.0,0.0,0.0,0.0,0.0,0.0,0.0,0.0,0.0,0.0,0.0,2026-09-17,-0.0314444479327911,-0.0016424024323586,-0.0020337961590661,-0.0012455035873371,-0.0090439401963709,-0.0174788055576582,-0.3783902532509224,-0.0158094168221475,-0.2560036690136419,0.0113857839093659,0.0050635453427598,,,-0.1807491890102987,-0.8896742449666604,-0.0016981286889169,-0.0137053012947623,647,-0.9048918349416448,pga_ridge_v2,-2.9653588642247235,694,-2.9653588642247235,-1.210990316641445,1.0,20.572133453494747,0.0,-0.0597676161380962,0.0,weekly_pga_core,False,0.2414668852325083,-0.0234229925553004,-0.010724452063985,0.0,0.0,0.0,-0.6823548043534375,2026-09-17 13:27,2026-09-18 08:37
The Cliffs at Walnut Cove,1,2026-09-20,2026-09-17,557,Biltmore Championship Asheville,2026-09-15 19:01:18 UTC,no,pga,-14400,0,JPN,20954,0.0,368.0,"hirata, kensei",49120,82,168,0.0,0.0,0.0,0.0,0.0,0.0,1995-01-01,-6.5,31,2.7214128236828548,-1.2982849959242746,-0.4238326398520571,0.1408888185593949,0.0269230769230769,pga,2026-08-09,961,-1.2982849959242746,0.2199999999999999,0.2799999999999999,0.35,30.0,0.0,37.0,-0.328,5.920000000000005,0.0,0.0,0.0,0.0,0.0,0.0,0.0,0.0,0.0,0.0,0.0,0.0,0.0,0.0,0.0,0.0,0.0,0.0,0.0,0.0,2026-09-17,0.0265676337043598,-0.0023521378076272,-0.0048328520736899,0.0034865598587354,0.0281495507398862,0.0021165129870552,-0.6347816298022723,-0.0029578293133632,-0.2155407054923193,0.0186437778847167,-0.0247094654502474,,,-0.2951783748348639,-1.165102462844079,-0.0024845810914211,-0.0221158688520624,151,-1.609393066924782,pga_ridge_v2,-2.9653588642247235,694,-2.9653588642247235,-1.8838981485824788,1.0,0.0,0.0,0.0140222141077542,0.0,weekly_pga_core,False,-0.067812332095657,-0.0234229925553004,0.0090611644613672,0.0,0.0,0.0,-1.2472766230336692,2026-09-17 08:59,2026-09-18 13:49
The Cliffs at Walnut Cove,1,2026-09-20,2026-09-17,557,Biltmore Championship Asheville,2026-09-15 19:01:18 UTC,no,pga,-14400,0,JPN,22760,77.0,66.0,"hisatsune, ryo",51287,346,47,0.0,0.0,0.0,0.0,0.0,0.0,2002-09-09,-6.5,24,2.7879240664300946,0.381909667186903,0.0761673601479429,0.7522235034660665,0.62,pga,2026-08-23,576,0.381909667186903,0.25,0.2199999999999999,-0.0199999999999999,22.0,0.0,67.0,-0.328,-2.0799999999999947,0.0,0.0,0.0,0.0,0.0,0.0,0.0,0.0,0.0,0.0,0.0,0.0,0.0,0.0,0.0,0.0,0.0,0.0,0.0,0.0,2026-09-17,0.002508048791834,-0.0013292902067613,0.0026434745816272,-0.0007330241623295,0.0098013706950783,-0.0078744821157807,0.1732701060317754,-0.0157922307213808,0.1075842712585488,0.0062143880265673,0.0241782164420848,,,0.1185062352007372,0.4475590451715747,0.000734336710743,0.0089824677082285,414,0.089770344091576,pga_ridge_v2,-2.9653588642247235,694,-2.9653588642247235,0.4067723409925848,1.0,4.573960379871529,-0.145131944415146,0.0238812545142702,0.0,weekly_pga_core,False,0.0238259545200956,-0.0234229925553004,0.0008553958110395,0.0,0.0,-0.0,0.4488174029474093,2026-09-17 07:53,2026-09-18 12:43
The Cliffs at Walnut Cove,1,2026-09-20,2026-09-17,557,Biltmore Championship Asheville,2026-09-15 19:01:18 UTC,no,pga,-14400,0,USA,25157,133.0,138.0,"hodges, lee",54628,163,106,0.0,0.0,0.0,0.0,0.0,0.0,1995-06-14,-6.5,31,2.3,0.2988355774661546,-0.6738326398520571,0.6946758513156019,0.4639999999999999,pga,2026-08-09,961,0.2988355774661546,-0.41,-0.23,-0.09,30.0,0.0,39.0,-0.328,5.920000000000005,0.0,0.0,0.0,0.0,0.0,0.0,0.0,0.0,0.0,0.0,0.0,0.0,0.0,0.0,0.0,0.0,0.0,0.0,0.0,0.0,2026-09-17,0.0320905307585821,0.0012279442126657,0.0012108502450281,0.0020040097901701,0.054656247673786,-0.0270085211630679,0.1647632218819022,-0.0145840714495071,-0.0421320832924736,-0.0164995218968962,0.0362141705292001,,,0.0697175443325438,0.1731981457840058,-4.9473713803415456e-05,0.0019888852389697,659,-0.3600004919490613,pga_ridge_v2,-2.9653588642247235,694,-2.9653588642247235,0.3822694518311944,1.0,-10.527944328894511,-0.0199783504943899,-0.0262205258459296,0.0,weekly_pga_core,False,-0.067812332095657,-0.0234229925553004,0.0109448052503208,0.0,-0.0,-0.0,0.0929076263833691,2026-09-17 07:20,2026-09-18 12:10
The Cliffs at Walnut Cove,1,2026-09-20,2026-09-17,557,Biltmore Championship Asheville,2026-09-15 19:01:18 UTC,no,pga,-14400,0,PHI,23504,124.0,111.0,"hoey, rico",51696,150,113,0.0,0.0,0.0,0.0,0.0,0.0,1995-09-19,-6.5,31,2.3,0.2275424626472165,1.326167360147943,0.72699350665552,0.5048,pga,2026-08-09,961,0.2275424626472165,0.72,0.5599999999999999,0.13,30.0,0.0,53.0,-0.328,5.920000000000005,0.0,0.0,0.0,0.0,0.0,0.0,0.0,0.0,0.0,0.0,0.0,0.0,0.0,0.0,0.0,0.0,0.0,0.0,0.0,0.0,2026-09-17,-0.0264373221062291,-0.0023397103146332,0.0010649532388883,-0.0033622358819284,-0.0186286313491867,-0.0031716977993689,0.0851466915224537,-0.0152625504748903,0.0852730816458818,0.0143178007984344,0.0269746575437119,,,0.0225596732148192,0.1965375367345696,0.0004098631739861,0.0007506629504918,567,-0.1404686419211085,pga_ridge_v2,-2.9653588642247235,694,-2.9653588642247235,-0.0036561233828393,1.0,-8.500075140415447,0.0,-0.0236323436403192,0.0,weekly_pga_core,False,-0.067812332095657,-0.0234229925553004,-0.0090167203518532,0.0,-0.0,0.0,0.0962854917317589,2026-09-17 13:05,2026-09-18 08:15
The Cliffs at Walnut Cove,1,2026-09-20,2026-09-17,557,Biltmore Championship Asheville,2026-09-15 19:01:18 UTC,no,pga,-14400,0,USA,15575,166.0,134.0,"hoge, tom",35532,175,81,0.0,0.0,0.0,0.0,0.0,0.0,1989-05-25,-6.5,37,2.990641462817634,-0.1142526319982878,0.2011673601479429,1.1538122678561842,0.9614,pga,2026-08-09,1369,-0.1142526319982878,-0.2,0.27,0.03,30.0,0.0,57.0,-0.328,5.920000000000005,0.0,0.0,0.0,0.0,0.0,0.0,0.0,0.0,0.0,0.0,0.0,0.0,0.0,0.0,0.0,0.0,0.0,0.0,0.0,0.0,2026-09-17,-0.0038921686800323,-0.0011991491873887,0.0040237566535613,0.0019455950381128,0.0015139192026282,-0.010176290386946,-0.0543931532519324,-0.0242232121958238,0.0190540621506625,-0.0041303723324863,-0.0461418884478263,,,-0.0399550838864871,-0.2430543501337335,-0.0004436893056246,-0.0053111541564744,873,-0.5666299256793321,pga_ridge_v2,-2.9653588642247235,694,-2.9653588642247235,0.4354887886772607,1.0,-5.771983411193263,-0.1438437446702568,-0.0875098587077409,0.0,weekly_pga_core,False,-0.067812332095657,-0.0234229925553004,-0.0013274641209528,0.0,-0.0,-0.0,-0.3356171389056439,2026-09-17 13:16,2026-09-18 08:26
The Cliffs at Walnut Cove,1,2026-09-20,2026-09-17,557,Biltmore Championship Asheville,2026-09-15 19:01:18 UTC,no,pga,-14400,0,DEN,23838,69.0,72.0,"hojgaard, rasmus",52686,366,107,0.0,0.0,0.0,0.0,0.0,0.0,2001-03-12,-6.5,25,2.556322041991657,0.6043629019816041,0.0,1.0781367123279988,0.8814,euro,2026-08-25,625,0.6043629019816041,0.0,0.0,0.0,1.0,3.0,55.0,2.672,-23.079999999999995,0.0,0.0,0.0,0.0,0.0,0.0,0.0,0.0,0.0,0.0,0.0,0.0,0.0,0.0,0.0,0.0,0.0,0.0,0.0,0.0,2026-09-17,-0.0603101143664103,0.0023534913701233,-0.0009817475461104,-0.0044116982106097,-0.0473623428494852,-0.0099078171303283,0.3471695165815462,,0.0608493015768467,-0.0149531284770726,0.0199913699451358,0.1230021302060559,0.0954644766795737,,0.6483594745859397,-0.0208781406316388,-0.0089381575398128,574,0.186746398299802,pga_ridge_v2,-2.9653588642247235,694,-2.9653588642247235,1.358653659439581,1.0,-26.05676341430087,0.0478411201714154,0.0466521062453055,0.0,weekly_pga_core,False,0.209043126238082,-0.0531408277640019,-0.0370041390727412,0.0,-0.0,0.0,0.7672576339872784,2026-09-17 08:26,2026-09-18 13:16
The Cliffs at Walnut Cove,1,2026-09-20,2026-09-17,557,Biltmore Championship Asheville,2026-09-15 19:01:18 UTC,no,pga,-14400,0,USA,11276,101.0,162.0,"horschel, billy",29420,423,100,0.0,0.0,0.0,0.0,0.0,0.0,1986-12-07,-6.5,39,2.647780069595894,0.3099745053727291,-0.2988326398520571,1.386380155858866,1.212,pga,2026-08-09,1521,0.3099745053727291,0.1699999999999999,0.09,0.24,30.0,0.0,49.0,-0.328,5.920000000000005,0.0,0.0,0.0,0.0,0.0,0.0,0.0,0.0,0.0,0.0,0.0,0.0,0.0,0.0,0.0,0.0,0.0,0.0,0.0,0.0,2026-09-17,-0.001967283903364,-0.0001252722351484,0.0034096395223356,0.0005543139887224,0.0233819060090486,-0.0291878711883223,0.1365655182625519,-0.0293916939686937,0.1803462330532195,-0.0010735739129184,0.0159864520859932,,,0.0406345921158491,0.2268878614377089,0.0003147301124738,0.0019077343150334,784,-0.0823697764222204,pga_ridge_v2,-2.9653588642247235,694,-2.9653588642247235,1.0325022116872922,1.0,-3.7545846410593375,0.0708431957073137,-0.1184021306258,0.0,weekly_pga_core,False,-0.067812332095657,-0.0234229925553004,-0.0006709623893849,0.0,-0.0,0.0,0.1349815743973664,2026-09-17 08:04,2026-09-18 12:54
The Cliffs at Walnut Cove,1,2026-09-20,2026-09-17,557,Biltmore Championship Asheville,2026-09-15 19:01:18 UTC,no,pga,-14400,0,USA,15470,94.0,92.0,"hossler, beau",35461,172,72,0.0,0.0,0.0,0.0,0.0,0.0,1995-03-16,-6.5,31,2.355738610821716,0.2972674041469578,1.451167360147943,0.9062818577127572,0.7547999999999999,pga,2026-08-09,961,0.2972674041469578,0.76,0.49,0.18,30.0,0.0,47.0,-0.328,5.920000000000005,0.0,0.0,0.0,0.0,0.0,0.0,0.0,0.0,0.0,0.0,0.0,0.0,0.0,0.0,0.0,0.0,0.0,0.0,0.0,0.0,2026-09-17,0.0205462123711393,0.0013950295993642,-0.0020545206675772,-0.0005362401927882,0.0055540387510901,0.0161879048810504,0.1051864402765694,-0.0190265421509089,0.2551683776044839,-0.019830889802134,0.0282644419591818,,,0.0453911497213833,0.3769058996324167,0.0009813852022771,0.0087427177060212,825,0.2284913192515519,pga_ridge_v2,-2.9653588642247235,694,-2.9653588642247235,0.6963438766171606,1.0,6.159082320895611,0.0,-0.0279711808844571,0.0,weekly_pga_core,False,-0.067812332095657,-0.0234229925553004,0.0070074968446482,0.0,0.0,0.0,0.2926780718261074,2026-09-17 12:10,2026-09-18 07:20
The Cliffs at Walnut Cove,1,2026-09-20,2026-09-17,557,Biltmore Championship Asheville,2026-09-15 19:01:18 UTC,no,pga,-14400,0,USA,16333,227.0,151.0,"hubbard, mark",36801,99,119,0.0,0.0,0.0,0.0,0.0,0.0,1989-05-24,-6.5,37,2.5144392333929773,-0.2294549470918346,0.2011673601479429,0.7715967974591318,0.5392,pga,2026-08-07,1369,-0.2294549470918346,-0.02,0.02,-0.18,30.0,0.0,43.0,-0.328,5.920000000000005,0.0,0.0,0.0,0.0,0.0,0.0,0.0,0.0,0.0,0.0,0.0,0.0,0.0,0.0,0.0,0.0,0.0,0.0,0.0,0.0,2026-09-17,0.0150073152704908,-0.0039012903792752,0.0013059402963214,0.0014988010945101,0.0068825528714185,0.0092213113875159,-0.1006778746814869,-0.0161989549558164,-0.1266890824857481,0.0386248284378659,0.0110864893711444,,,-0.080861479294081,-0.369432389827426,-0.0008591252447935,-0.0063473322667694,872,-0.7814426868705167,pga_ridge_v2,-2.9653588642247235,694,-2.9653588642247235,-0.7209361666409653,1.0,-6.4696561396409535,-0.0512486944761975,-0.0875098587077409,0.0,weekly_pga_core,False,-0.067812332095657,-0.0234229925553004,0.0051183990754581,0.0,-0.0,-0.0,-0.4555493154029253,2026-09-17 07:20,2026-09-18 12:10
The Cliffs at Walnut Cove,1,2026-09-20,2026-09-17,557,Biltmore Championship Asheville,2026-09-15 19:01:18 UTC,no,pga,-14400,0,CAN,15556,113.0,160.0,"hughes, mackenzie",35506,176,118,0.0,0.0,0.0,0.0,0.0,0.0,1990-11-23,-6.5,35,2.3,0.2136580069505196,0.5761673601479429,0.9436176169887016,0.662,pga,2026-08-09,1225,0.2136580069505196,-0.0299999999999999,0.07,0.07,30.0,0.0,45.0,-0.328,5.920000000000005,0.0,0.0,0.0,0.0,0.0,0.0,0.0,0.0,0.0,0.0,0.0,0.0,0.0,0.0,0.0,0.0,0.0,0.0,0.0,0.0,2026-09-17,0.0220653642415484,0.0024129847304664,-0.0027155032012603,-0.0017085703728514,-0.0239500601666721,0.0480265132518659,0.0973324630275762,-0.0198103715871428,0.1022335230816414,-0.0303227399141673,0.0102273417397723,,,0.0599326258297306,0.1537007685402983,0.0003796722976646,0.0042147637093675,785,-0.268095113108063,pga_ridge_v2,-2.9653588642247235,694,-2.9653588642247235,0.5886996836339768,1.0,-17.879077172443125,0.0750162950367966,-0.0704865096441443,0.0,weekly_pga_core,False,-0.067812332095657,-0.0234229925553004,0.0075256191995688,0.0,-0.0,0.0,0.0699910630889096,2026-09-17 08:26,2026-09-18 13:16
The Cliffs at Walnut Cove,1,2026-09-20,2026-09-17,557,Biltmore Championship Asheville,2026-09-15 19:01:18 UTC,no,pga,-14400,0,GER,16394,149.0,120.0,"jaeger, stephan",36799,150,83,0.0,0.0,0.0,0.0,0.0,0.0,1989-05-30,-6.5,37,3.2,0.1278543975474721,0.3261673601479429,0.8697100722614584,0.7928000000000001,pga,2026-08-07,1369,0.1278543975474721,-0.17,0.48,-0.16,30.0,0.0,44.0,-0.328,5.920000000000005,0.0,0.0,0.0,0.0,0.0,0.0,0.0,0.0,0.0,0.0,0.0,0.0,0.0,0.0,0.0,0.0,0.0,0.0,0.0,0.0,2026-09-17,-0.033718893534988,3.427435716962241e-05,0.0009746916688751,-0.0021428123117436,-0.0666381988143926,0.0340531515651035,0.0747465502637741,-0.018258751632428,-0.0829571000729156,-0.0126782449043693,-0.0706918684385393,,,0.0231032797983088,-0.1742716174518699,5.440148397902129e-05,-8.002524193875838e-05,799,-0.3735960250078453,pga_ridge_v2,-2.9653588642247235,694,-2.9653588642247235,-0.2843910144439065,1.0,-19.564816974287304,-0.0485553217893901,-0.0875098587077409,0.0,weekly_pga_core,False,-0.067812332095657,-0.0234229925553004,-0.0115001751068903,0.0,-0.0,-0.0,-0.2770071172097177,2026-09-17 07:53,2026-09-18 12:43
The Cliffs at Walnut Cove,1,2026-09-20,2026-09-17,557,Biltmore Championship Asheville,2026-09-15 19:01:18 UTC,no,pga,-14400,0,USA,29827,64.0,163.0,"james, ben",57869,463,108,0.0,0.0,0.0,0.0,0.0,0.0,2004-01-01,-6.5,22,2.7,0.7624226929232489,0.4511673601479429,0.7624226929232489,0.2642105263157894,pga,2026-08-09,484,0.7624226929232489,0.8700000000000001,0.31,0.2299999999999999,30.0,0.0,31.0,-0.328,5.920000000000005,0.0,0.0,0.0,0.0,0.0,0.0,0.0,0.0,0.0,0.0,0.0,0.0,0.0,0.0,0.0,0.0,0.0,0.0,0.0,0.0,2026-09-17,0.0553536299338473,-0.0008406986857984,0.0016022056350918,0.0001393188614475,0.0495121157487949,0.0049406883743115,0.3185124760938991,,0.1690770439823355,-0.0119727901810245,0.0633173947238685,0.0328892785861807,0.0762702927742376,,0.577394707723575,-0.0473859194008117,-0.0335064764401593,52,0.1276041396839392,pga_ridge_v2,-2.9653588642247235,694,-2.9653588642247235,0.9359935163473904,1.0,6.2982159548784615,0.0,0.0101934075850491,0.0,weekly_pga_core,False,-0.0536193807335115,-0.0531408277640019,0.033963016680896,0.0,0.0,0.0,0.25,2026-09-17 12:54,2026-09-18 08:04
The Cliffs at Walnut Cove,1,2026-09-20,2026-09-17,557,Biltmore Championship Asheville,2026-09-15 19:01:18 UTC,no,pga,-14400,1,USA,30037685,0.0,0.0,"jones, tyler",71429,36,0,0.0,0.0,0.0,0.0,0.0,0.0,1995-01-01,-6.5,31,3.0,-2.5,0.0,0.0,0.0,0,,961,-2.5,0.0,0.0,0.0,24.08,0.0,0.0,0.0,3.552713678800501e-15,0.0,0.0,0.0,0.0,0.0,0.0,0.0,0.0,0.0,0.0,0.0,0.0,0.0,0.0,0.0,0.0,0.0,0.0,0.0,0.0,2026-09-17,0.0,0.0,0.0,0.0,0.0,0.0,,,,,,,,,0.0,,,0,-2.9653588642247235,tour_cold_start_prior,-2.9653588642247235,694,-2.9653588642247235,,0.0,0.0,0.0,,-2.9653588642247235,tour_cold_start_prior,True,0.0,0.0,0.0,0.0,0.0,0.0,-2.9653588642247235,2026-09-17 09:10,2026-09-18 14:00
The Cliffs at Walnut Cove,1,2026-09-20,2026-09-17,557,Biltmore Championship Asheville,2026-09-15 19:01:18 UTC,no,pga,-14400,0,JPN,19729,202.0,185.0,"kanaya, takumi",47917,75,144,0.0,0.0,0.0,0.0,0.0,0.0,1998-05-23,-6.5,28,2.3,-0.2067214444211995,-0.4238326398520571,0.4587228990885119,0.3755555555555555,pga,2026-08-07,784,-0.2067214444211995,-0.41,-0.44,-0.12,30.0,0.0,41.0,-0.328,5.920000000000005,0.0,0.0,0.0,0.0,0.0,0.0,0.0,0.0,0.0,0.0,0.0,0.0,0.0,0.0,0.0,0.0,0.0,0.0,0.0,0.0,2026-09-17,0.0642594805374251,0.0017162606213484,-0.0048070483443257,0.0035461976424801,0.0301805149612525,0.0336235556566696,-0.0875583801007994,-0.0096304593331725,-0.0918790616134114,-0.0080918833312938,-0.023857265024001,,,-0.0398191822406147,-0.2703532367726273,-0.000789335056407,-0.0063477472653283,263,-0.7929945405218151,pga_ridge_v2,-2.9653588642247235,694,-2.9653588642247235,-0.1070854569220481,1.0,-19.60224986372613,-0.0403975127650977,-0.0023799228075989,0.0,weekly_pga_core,False,-0.067812332095657,-0.0234229925553004,0.021916356113269,0.0,-0.0,-0.0,-0.3396722053103158,2026-09-17 13:16,2026-09-18 08:26
The Cliffs at Walnut Cove,1,2026-09-20,2026-09-17,557,Biltmore Championship Asheville,2026-09-15 19:01:18 UTC,no,pga,-14400,0,USA,21889,386.0,304.0,"kang, jeffrey",47393,78,165,0.0,0.0,0.0,0.0,0.0,0.0,1991-06-24,-6.5,35,2.6753641215343373,-0.9233224273445576,-0.5488326398520571,-0.2536593266673497,-0.6883999999999999,pga,2026-08-07,1225,-0.9233224273445576,-0.17,-0.0799999999999999,0.16,30.0,0.0,37.0,-0.328,5.920000000000005,0.0,0.0,0.0,0.0,0.0,0.0,0.0,0.0,0.0,0.0,0.0,0.0,0.0,0.0,0.0,0.0,0.0,0.0,0.0,0.0,2026-09-17,-0.0420726156196151,-0.0033082599614072,-0.0018838500640583,0.0004240700738778,-0.0455504320617787,0.0082458563937512,-0.4318565498855247,0.005325340929794,-0.2162145695305118,0.0326583258584476,-0.0118069788842629,,,-0.2106475511022279,-0.9195040822456368,-0.0025630157496702,-0.0193350215775288,213,-1.4896737930584565,pga_ridge_v2,-2.9653588642247235,694,-2.9653588642247235,-0.9304632896922914,1.0,0.0,0.0,-0.065064062304152,0.0,weekly_pga_core,False,-0.067812332095657,-0.0234229925553004,-0.0143492978596231,0.0,0.0,0.0,-1.0250887047562174,2026-09-17 09:10,2026-09-18 14:00
The Cliffs at Walnut Cove,1,2026-09-20,2026-09-17,557,Biltmore Championship Asheville,2026-09-15 19:01:18 UTC,no,pga,-14400,0,USA,32457,112.0,68.0,"keefer, johnny",63454,182,78,0.0,0.0,0.0,0.0,0.0,0.0,2001-06-01,-6.5,25,3.0184431541377448,0.3240406473525883,0.5761673601479429,1.0166666666666666,1.03,pga,2026-08-07,625,0.3240406473525883,-0.55,0.2,0.25,30.0,0.0,57.0,-0.328,5.920000000000005,0.0,0.0,0.0,0.0,0.0,0.0,0.0,0.0,0.0,0.0,0.0,0.0,0.0,0.0,0.0,0.0,0.0,0.0,0.0,0.0,2026-09-17,-0.0391728470473289,-0.0007513099330476,0.0022410942693134,-0.0031784205251766,-0.0134694949308804,-0.0240147159275377,0.1754617263798691,-0.0213439682391704,-0.0438574642384832,-0.0112088335002995,0.0128330324845488,,,0.1164677105126511,0.2440177465840663,0.000259563980043,0.000793200230986,168,-0.3224147359530378,pga_ridge_v2,-2.9653588642247235,694,-2.9653588642247235,0.386821187334443,1.0,-22.42322042069436,0.1106518833155309,0.0146127789739211,0.0,weekly_pga_core,False,-0.067812332095657,-0.0234229925553004,-0.0133603019924798,0.0,-0.0,0.0,0.1394221199406289,2026-09-17 07:42,2026-09-18 12:32
The Cliffs at Walnut Cove,1,2026-09-20,2026-09-17,557,Biltmore Championship Asheville,2026-09-15 19:01:18 UTC,no,pga,-14400,0,USA,17543,71.0,64.0,"kim, michael",39975,224,61,0.0,0.0,0.0,0.0,0.0,0.0,1993-07-14,-6.5,33,2.958225855133215,0.6453647455843744,0.2011673601479429,1.0065483163364035,0.7939999999999999,pga,2026-08-16,1089,0.6453647455843744,-0.5,-0.0399999999999999,-0.34,29.0,0.0,65.0,-0.328,4.920000000000005,0.0,0.0,0.0,0.0,0.0,0.0,0.0,0.0,0.0,0.0,0.0,0.0,0.0,0.0,0.0,0.0,0.0,0.0,0.0,0.0,2026-09-17,0.0032133416326339,0.0024478573497057,0.002375305698673,0.0009996667572858,-0.0106525183409513,0.0080430301679206,0.3388348354482368,,-0.0079686142713968,-0.0114882667243625,-0.0489898883472299,0.1108051865028459,0.1196002940094844,,0.4302958060241407,-0.0379914552365553,-0.0132075398549486,755,-0.0620768153919242,pga_ridge_v2,-2.9653588642247235,694,-2.9653588642247235,0.6669878294633855,1.0,-14.185090218678225,-0.0201168677572863,-0.0192987455019333,0.0,weekly_pga_core,False,-0.0445620529069048,-0.0531408277640019,0.0019715920274964,0.0,-0.0,-0.0,0.3345645173807303,2026-09-17 08:15,2026-09-18 13:05
The Cliffs at Walnut Cove,1,2026-09-20,2026-09-17,557,Biltmore Championship Asheville,2026-09-15 19:01:18 UTC,no,pga,-14400,0,USA,12423,118.0,114.0,"kirk, chris",30926,236,128,0.0,0.0,0.0,0.0,0.0,0.0,1985-05-08,-6.5,41,2.4561824169359885,0.4094996148230676,0.0761673601479429,1.1149745703968796,0.9262,pga,2026-08-09,1681,0.4094996148230676,0.1599999999999999,0.0199999999999999,0.23,30.0,0.0,39.0,-0.328,5.920000000000005,0.0,0.0,0.0,0.0,0.0,0.0,0.0,0.0,0.0,0.0,0.0,0.0,0.0,0.0,0.0,0.0,0.0,0.0,0.0,0.0,2026-09-17,0.0285620062323013,-0.0026136553461543,0.0035072483390103,0.0001661615224367,0.0084279885423982,0.0190742631746103,0.2016960768894794,-0.0234078509685577,0.0178622634427086,0.0282537163106583,-0.0004654591457492,,,0.054360658348962,0.1430905631213131,0.0002771075932108,0.002963558514475,705,-0.2799131524431077,pga_ridge_v2,-2.9653588642247235,694,-2.9653588642247235,0.186002491675462,1.0,18.534808325950983,-0.0872528919676446,-0.1384495078638743,0.0,weekly_pga_core,False,-0.067812332095657,-0.0234229925553004,0.0097413657045041,0.0,0.0,-0.0,0.0615966041748597,2026-09-17 07:53,2026-09-18 12:43
The Cliffs at Walnut Cove,1,2026-09-20,2026-09-17,557,Biltmore Championship Asheville,2026-09-15 19:01:18 UTC,no,pga,-14400,0,USA,11328,0.0,0.0,"kisner, kevin",29478,71,0,0.0,0.0,0.0,0.0,0.0,0.0,1984-02-15,-6.5,42,2.7,-0.7868218336260611,-0.602404068423485,1.3898785779785323,1.0492,pga,2026-05-29,1764,-0.7868218336260611,-0.0599999999999999,-0.06,-0.06,30.0,0.0,3.0,-0.328,5.920000000000005,0.0,0.0,0.0,0.0,0.0,0.0,0.0,0.0,0.0,0.0,0.0,0.0,0.0,0.0,0.0,0.0,0.0,0.0,0.0,0.0,2026-09-17,0.0343837467867459,0.0012837522474354,-0.0045851711246189,0.0054873576932949,0.016870327470207,0.0153274805004274,-0.3723187684385924,-0.0291792041552306,-0.0856083617826598,-0.030202473611693,-0.1483993333201543,,,-0.1889032877626431,-1.0259256828894765,-0.0020578589898699,-0.0153847502752539,589,-1.319428553881912,pga_ridge_v2,-2.9653588642247235,694,-2.9653588642247235,-0.2231299497730815,1.0,-17.142399015356187,-0.0074401516167081,-0.1538716445533792,0.0,weekly_pga_core,False,-0.067812332095657,-0.0234229925553004,0.0117269301398711,0.0,-0.0,-0.0,-1.1054340774005629,2026-09-17 13:16,2026-09-18 08:26
The Cliffs at Walnut Cove,1,2026-09-20,2026-09-17,557,Biltmore Championship Asheville,2026-09-15 19:01:18 UTC,no,pga,-14400,0,USA,13470,0.0,0.0,"kizzire, patton",32757,58,160,0.0,0.0,0.0,0.0,0.0,0.0,1986-03-03,-6.5,40,2.4391305881476244,-1.2965758158256828,-0.5488326398520571,0.7683732888774387,0.4812,pga,2026-08-09,1600,-1.2965758158256828,-0.02,0.22,-0.1099999999999999,30.0,0.0,28.0,-0.328,5.920000000000005,0.0,0.0,0.0,0.0,0.0,0.0,0.0,0.0,0.0,0.0,0.0,0.0,0.0,0.0,0.0,0.0,0.0,0.0,0.0,0.0,2026-09-17,0.0102307691052101,-0.0022738799365323,-0.0023587253920138,0.0022967506090246,-0.0155664209547566,0.0281330447794883,-0.6357189279331459,-0.0161312804002888,-0.1910762809284791,0.0179616034794979,-0.0883842482035302,,,-0.3557905088939566,-1.4295926937817678,-0.0023942641556854,-0.0304423347240873,719,-1.829712086069576,pga_ridge_v2,-2.9653588642247235,694,-2.9653588642247235,-2.037945851375779,1.0,-7.5504241091226225,0.0,-0.1276164520220923,0.0,weekly_pga_core,False,-0.067812332095657,-0.0234229925553004,0.0034893089260475,0.0,-0.0,0.0,-1.5173387095066777,2026-09-17 13:16,2026-09-18 08:26
The Cliffs at Walnut Cove,1,2026-09-20,2026-09-17,557,Biltmore Championship Asheville,2026-09-15 19:01:18 UTC,no,pga,-14400,0,USA,16395,80.0,101.0,"kohles, ben",36884,365,96,0.0,0.0,0.0,0.0,0.0,0.0,1990-02-24,-6.5,36,2.528491181352604,0.2673848293461403,0.0,0.6283193009118039,0.3291999999999999,kft,2026-08-25,1296,0.2673848293461403,-0.0399999999999999,0.0,0.0,1.0,2.0,67.0,1.672,-23.079999999999995,0.0,0.0,0.0,0.0,0.0,0.0,0.0,0.0,0.0,0.0,0.0,0.0,0.0,0.0,0.0,0.0,0.0,0.0,0.0,0.0,2026-09-17,0.1093775051405357,0.0011120839834643,0.0038671941743957,0.0041223358475412,0.0924918153975892,0.0077840757375451,0.1508566498310646,-0.0131909775764452,-0.0052341612527418,-0.0268312488812927,0.0337719519802611,,,0.123126891160399,0.1923514110040688,0.0020335294506256,0.008383214106649,722,0.2542029808461767,pga_ridge_v2,-2.9653588642247235,694,-2.9653588642247235,0.2804071895212412,1.0,12.041834238639256,0.0,-0.0805644378144507,0.0,weekly_pga_core,False,0.2643764568864464,-0.0234229925553004,0.0373043219987559,0.0,0.0,0.0,0.4706091973339707,2026-09-17 07:42,2026-09-18 12:32
The Cliffs at Walnut Cove,1,2026-09-20,2026-09-17,557,Biltmore Championship Asheville,2026-09-15 19:01:18 UTC,no,pga,-14400,0,USA,32319,29.0,65.0,"koivun, jackson",66701,482,67,0.0,0.0,0.0,0.0,0.0,0.0,2005-05-23,-6.5,21,2.3,1.3752609399022315,-0.1738326398520571,1.5478600508476292,1.0884090909090909,pga,2026-08-16,441,1.3752609399022315,-0.3699999999999999,-0.0299999999999999,-0.1,29.0,0.0,27.0,-0.328,4.920000000000005,0.0,0.0,0.0,0.0,0.0,0.0,0.0,0.0,0.0,0.0,0.0,0.0,0.0,0.0,0.0,0.0,0.0,0.0,0.0,0.0,2026-09-17,0.0762162476772352,0.0022232990326446,0.003572721126156,-2.9764270089194548e-05,0.0608751701207009,0.0095748216678227,0.677394535976747,,0.1248347652607898,-0.0071272780822973,0.0972531592642571,0.1511068327447867,0.3109948652654711,,1.2073651192051964,-0.10892399519921,-0.0483611736103975,58,0.771871421417122,pga_ridge_v2,-2.9653588642247235,694,-2.9653588642247235,1.739883341930215,1.0,2.1177184690334245,0.0,0.0101934075850491,0.0,weekly_pga_core,False,-0.0445620529069048,-0.0531408277640019,0.0467635761974558,0.0,0.0,0.0,1.1564258147317454,2026-09-17 12:43,2026-09-18 07:53
The Cliffs at Walnut Cove,1,2026-09-20,2026-09-17,557,Biltmore Championship Asheville,2026-09-15 19:01:18 UTC,no,pga,-14400,0,RSA,24343,0.0,334.0,"lamprecht, christo",54422,59,198,0.0,0.0,0.0,0.0,0.0,0.0,2001-01-30,-6.5,25,3.2,-1.7971384048478245,-0.5488326398520571,0.0318407935239409,-0.3734,pga,2026-08-07,625,-1.7971384048478245,-0.5,-0.42,0.16,30.0,0.0,31.0,-0.328,5.920000000000005,0.0,0.0,0.0,0.0,0.0,0.0,0.0,0.0,0.0,0.0,0.0,0.0,0.0,0.0,0.0,0.0,0.0,0.0,0.0,0.0,2026-09-17,-0.0899642970486179,-0.001411746439591,-0.0120261279750307,-0.0061339867115044,-0.0576787162822223,-0.0127137196402693,-0.8466849403010102,-0.0006684677564114,-0.4574328027270365,0.0168489652958201,-0.0210833692795481,,,-0.3999585438024883,-1.7337740205097516,-0.004361674135868,-0.0350459667771303,189,-2.512348305876418,pga_ridge_v2,-2.9653588642247235,694,-2.9653588642247235,-3.111604487533171,1.0,2.1999510177819728,0.0,0.0146127789739211,0.0,weekly_pga_core,False,-0.067812332095657,-0.0234229925553004,-0.0306832479053282,0.0,0.0,0.0,-1.8556925930660373,2026-09-17 08:48,2026-09-18 13:38
The Cliffs at Walnut Cove,1,2026-09-20,2026-09-17,557,Biltmore Championship Asheville,2026-09-15 19:01:18 UTC,no,pga,-14400,0,USA,21943,277.0,268.0,"lebioda, hank",49766,78,140,0.0,0.0,0.0,0.0,0.0,0.0,1994-01-14,-6.5,32,2.5383418855645608,-0.4040438598250483,-0.2988326398520571,0.6449509271788738,0.2852,pga,2026-08-07,1024,-0.4040438598250483,0.35,0.3399999999999999,0.11,30.0,0.0,41.0,-0.328,5.920000000000005,0.0,0.0,0.0,0.0,0.0,0.0,0.0,0.0,0.0,0.0,0.0,0.0,0.0,0.0,0.0,0.0,0.0,0.0,0.0,0.0,2026-09-17,-0.0311323007087949,-0.0035232626155534,0.0005739087173262,0.0009895037655771,-0.0292900189085079,0.0001175683323631,-0.1985475630345279,-0.0135401430546191,-0.0739522352607395,0.0330919497733446,-0.0205280362320319,,,-0.1716437787368476,-0.4962451646132787,-0.0013065791465508,-0.0109203038612572,647,-0.8482005522858228,pga_ridge_v2,-2.9653588642247235,694,-2.9653588642247235,-0.7682602720070597,1.0,-13.490515913908478,0.0,-0.038898475060049,0.0,weekly_pga_core,False,-0.067812332095657,-0.0234229925553004,-0.0106179910458807,0.0,-0.0,0.0,-0.5980984803101169,2026-09-17 07:42,2026-09-18 12:32
The Cliffs at Walnut Cove,1,2026-09-20,2026-09-17,557,Biltmore Championship Asheville,2026-09-15 19:01:18 UTC,no,pga,-14400,0,CHN,15310,187.0,122.0,"li, haotong",35296,191,133,0.0,0.0,0.0,0.0,0.0,0.0,1995-08-03,-6.5,31,3.0834260230196664,-0.6439065537711524,0.0,0.7333736480625745,0.5917241379310345,euro,2026-08-25,961,-0.6439065537711524,0.0,0.0,0.0,1.0,5.0,51.0,4.0,-23.079999999999995,0.0,0.0,0.0,0.0,0.0,0.0,0.0,0.0,0.0,0.0,0.0,0.0,0.0,0.0,0.0,0.0,0.0,0.0,0.0,0.0,2026-09-17,-0.1672949183912979,-0.0008580147869143,-0.0003501584828164,-0.0036724810681296,-0.0584663225299852,-0.1039479415234521,-0.0435539548484514,-0.017977402527584,0.057984065494101,0.0059005747112009,0.0294870132658355,,,-0.0827641023362947,-0.0835743054960189,-0.0007785187743938,-0.0065192220833303,652,-0.540527226889721,pga_ridge_v2,-2.9653588642247235,694,-2.9653588642247235,-0.58386207158449,1.0,18.292077552173748,0.0464792787783708,-0.0253527583971021,0.0,weekly_pga_core,False,0.2643764568864464,-0.0234229925553004,-0.0570576508981982,0.0,0.0,0.0,0.1003215079369288,2026-09-17 14:00,2026-09-18 09:10
The Cliffs at Walnut Cove,1,2026-09-20,2026-09-17,557,Biltmore Championship Asheville,2026-09-15 19:01:18 UTC,no,pga,-14400,0,USA,15980,225.0,133.0,"lipsky, david",36326,103,85,0.0,0.0,0.0,0.0,0.0,0.0,1988-07-14,-6.5,38,2.88354857459058,-0.2827176255409794,-0.4238326398520571,0.3938268826525428,0.407,pga,2026-08-07,1444,-0.2827176255409794,-0.49,0.21,-0.1699999999999999,30.0,0.0,41.0,-0.328,5.920000000000005,0.0,0.0,0.0,0.0,0.0,0.0,0.0,0.0,0.0,0.0,0.0,0.0,0.0,0.0,0.0,0.0,0.0,0.0,0.0,0.0,2026-09-17,0.0514170077379038,0.0004416424503633,-0.0003153167161822,0.0035957730308943,0.0239996782278754,0.0236952307449529,-0.1044844302346772,-0.0082235476065714,-0.2296099395251274,-0.0010148839761161,-0.0405623068250534,,,-0.0630583636847959,-0.5520350643267926,-0.0003830086237895,-0.0064303906333564,769,-0.8988252785911856,pga_ridge_v2,-2.9653588642247235,694,-2.9653588642247235,-0.6977410144439059,1.0,-4.355568045688654,-0.0106297166029968,-0.0982681932173049,0.0,weekly_pga_core,False,-0.067812332095657,-0.0234229925553004,0.0175362988066221,0.0,-0.0,-0.0,-0.6257340901711279,2026-09-17 12:21,2026-09-18 07:31
The Cliffs at Walnut Cove,1,2026-09-20,2026-09-17,557,Biltmore Championship Asheville,2026-09-15 19:01:18 UTC,no,pga,-14400,0,USA,7960,0.0,0.0,"list, luke",27129,73,190,0.0,0.0,0.0,0.0,0.0,0.0,1985-01-14,-6.5,41,2.7487908461565294,-1.381240870353982,0.0,1.0800620107459509,1.04,euro,2026-08-25,1681,-1.381240870353982,-0.5,0.0,0.0,10.0,0.0,45.0,-0.328,-14.079999999999997,0.0,0.0,0.0,0.0,0.0,0.0,0.0,0.0,0.0,0.0,0.0,0.0,0.0,0.0,0.0,0.0,0.0,0.0,0.0,0.0,2026-09-17,-0.0655301413352297,-0.0019875228035854,-0.0035089700894247,-0.0022749297131873,-0.0349343340041343,-0.0228243847248978,-0.5727968317850962,-0.0264525245718243,-0.2206206118005282,0.0230874355722101,0.0490931922014177,,,-0.2803650954347717,-1.1998483334719556,-0.0030489039709285,-0.0247579967706899,755,-1.4378008141205203,pga_ridge_v2,-2.9653588642247235,694,-2.9653588642247235,-1.3302425174662005,1.0,-14.284983842725511,-0.1243205722408368,-0.1439869969117443,0.0,weekly_pga_core,False,0.1612833844437247,-0.0234229925553004,-0.0223497280345941,0.0,-0.0,-0.0,-1.0843376696181255,2026-09-17 12:32,2026-09-18 07:42
The Cliffs at Walnut Cove,1,2026-09-20,2026-09-17,557,Biltmore Championship Asheville,2026-09-15 19:01:18 UTC,no,pga,-14400,0,USA,17723,334.0,340.0,"lower, justin",40162,80,175,0.0,0.0,0.0,0.0,0.0,0.0,1989-04-04,-6.5,37,2.7169571146893743,-0.6232259661648301,-0.4238326398520571,0.4819740162737113,0.2938,pga,2026-08-09,1369,-0.6232259661648301,0.4,0.15,-0.04,30.0,0.0,39.0,-0.328,5.920000000000005,0.0,0.0,0.0,0.0,0.0,0.0,0.0,0.0,0.0,0.0,0.0,0.0,0.0,0.0,0.0,0.0,0.0,0.0,0.0,0.0,2026-09-17,0.001359428477479,-0.0011979111642751,-0.0019617965028154,0.0034961724345084,0.0125470768285923,-0.0115241131185311,-0.3000298140498394,-0.010118594847985,-0.1199586907731602,-0.0008098776819362,-0.0305675246374973,,,-0.214045092249038,-0.7838679152446971,-0.0020662192660711,-0.017587032718196,700,-1.2259455851869718,pga_ridge_v2,-2.9653588642247235,694,-2.9653588642247235,-0.6745564836526097,1.0,-13.177279322582129,0.0,-0.0886850690209736,0.0,weekly_pga_core,False,-0.067812332095657,-0.0234229925553004,0.0004636470505795,0.0,-0.0,0.0,-0.8746395928450751,2026-09-17 07:20,2026-09-18 12:10
The Cliffs at Walnut Cove,1,2026-09-20,2026-09-17,557,Biltmore Championship Asheville,2026-09-15 19:01:18 UTC,no,pga,-14400,0,USA,14926,423.0,0.0,"malnati, peter",34466,83,169,0.0,0.0,0.0,0.0,0.0,0.0,1987-06-13,-6.5,39,3.2,-1.073170287844377,0.3261673601479429,0.5628214593579426,0.4054999999999999,pga,2026-08-09,1521,-1.073170287844377,0.28,-0.3,0.4600000000000001,30.0,0.0,41.0,-0.328,5.920000000000005,0.0,0.0,0.0,0.0,0.0,0.0,0.0,0.0,0.0,0.0,0.0,0.0,0.0,0.0,0.0,0.0,0.0,0.0,0.0,0.0,2026-09-17,-0.0199213153638835,0.0024693391895455,-0.0045995932043047,0.0010783732720452,-0.0351305451018408,0.0162611104806712,-0.518333685513832,-0.0118244661398205,-0.232854231520027,-0.0061794897530638,-0.0718477592293191,,,-0.2785983740384304,-1.249747044440156,-0.0019163231677122,-0.0162210411836356,757,-1.5736735004253486,pga_ridge_v2,-2.9653588642247235,694,-2.9653588642247235,-1.240117356066399,1.0,-3.489338294040374,0.0,-0.111971673894315,0.0,weekly_pga_core,False,-0.067812332095657,-0.0234229925553004,-0.0067943692994114,0.0,-0.0,0.0,-1.3477767383905248,2026-09-17 13:05,2026-09-18 08:15
The Cliffs at Walnut Cove,1,2026-09-20,2026-09-17,557,Biltmore Championship Asheville,2026-09-15 19:01:18 UTC,no,pga,-14400,0,USA,14007,410.0,476.0,"martin, ben",33413,120,159,0.0,0.0,0.0,0.0,0.0,0.0,1987-08-26,-6.5,39,2.3755701710012254,-1.147827471982101,0.0,0.4101596987087383,0.1097999999999999,kft,2026-08-25,1521,-1.147827471982101,0.1400000000000001,0.0,0.0,1.0,2.0,45.0,1.672,-23.079999999999995,0.0,0.0,0.0,0.0,0.0,0.0,0.0,0.0,0.0,0.0,0.0,0.0,0.0,0.0,0.0,0.0,0.0,0.0,0.0,0.0,2026-09-17,0.0050014428516647,-0.0045693749244024,0.0007933700472033,0.001445651828903,0.0114830866365972,-0.0041512907366364,-0.4934287713531861,-0.0086109202448134,0.044490554042819,0.0520333800315362,-0.0306176823113772,,,-0.2746572263081307,-0.851505997514221,-0.0033172103909397,-0.0266974182912386,603,-1.1003824356240144,pga_ridge_v2,-2.9653588642247235,694,-2.9653588642247235,-0.5553387411371682,1.0,0.0,0.0,-0.1107007026888903,0.0,weekly_pga_core,False,0.2643764568864464,-0.0234229925553004,0.0017057934751496,0.0,0.0,0.0,-0.6088467397079254,2026-09-17 08:37,2026-09-18 13:27
The Cliffs at Walnut Cove,1,2026-09-20,2026-09-17,557,Biltmore Championship Asheville,2026-09-15 19:01:18 UTC,no,pga,-14400,0,USA,19870,76.0,91.0,"mccarthy, denny",47993,207,86,0.0,0.0,0.0,0.0,0.0,0.0,1993-03-04,-6.5,33,2.3,0.6242463033382923,-0.1738326398520571,1.522906047503665,1.097,pga,2026-08-09,1089,0.6242463033382923,0.09,0.3,0.07,30.0,0.0,55.0,-0.328,5.920000000000005,0.0,0.0,0.0,0.0,0.0,0.0,0.0,0.0,0.0,0.0,0.0,0.0,0.0,0.0,0.0,0.0,0.0,0.0,0.0,0.0,2026-09-17,0.0016217850814592,0.0039680167302262,0.0012930031733848,0.0035583350795741,-0.0137617004206811,0.0065641305189551,0.3117539270993827,,0.0292379517973895,-0.0257976095594527,-0.0570825037681358,0.1530897853823955,0.1162976937991816,,0.4602171845954629,-0.0340316267322343,-0.0105960338865084,809,-0.0718803816065278,pga_ridge_v2,-2.9653588642247235,694,-2.9653588642247235,0.7094045088939914,1.0,-2.831471781051625,-0.2736146386267152,-0.0226543995365551,0.0,weekly_pga_core,False,-0.0536193807335115,-0.0531408277640019,0.000995069588756,0.0,-0.0,-0.0,0.3544520456867054,2026-09-17 13:05,2026-09-18 08:15
The Cliffs at Walnut Cove,1,2026-09-20,2026-09-17,557,Biltmore Championship Asheville,2026-09-15 19:01:18 UTC,no,pga,-14400,0,USA,23505,139.0,129.0,"mcgreevy, max",51950,132,123,0.0,0.0,0.0,0.0,0.0,0.0,1995-05-03,-6.5,31,2.5224750490893,0.2195642547256951,0.2011673601479429,0.6531022547857214,0.4873999999999999,pga,2026-08-07,961,0.2195642547256951,-0.42,-0.13,-0.04,30.0,0.0,43.0,-0.328,5.920000000000005,0.0,0.0,0.0,0.0,0.0,0.0,0.0,0.0,0.0,0.0,0.0,0.0,0.0,0.0,0.0,0.0,0.0,0.0,0.0,0.0,2026-09-17,0.0466428049011457,-0.0015021869176651,0.0015354628585008,0.0021173237236979,0.0297019951926759,0.0147902100439361,0.1334432649489168,-0.0137112725735184,-0.1502020412326171,-0.0023468759218822,-0.0275813429660293,,,0.0884719714629357,0.0024409913650954,-1.6754559389832716e-06,0.0005894889491586,591,-0.5538158696385802,pga_ridge_v2,-2.9653588642247235,694,-2.9653588642247235,-0.0263360010771917,1.0,-1.5206295821009452,-0.0062044857829099,-0.0262205258459296,0.0,weekly_pga_core,False,-0.067812332095657,-0.0234229925553004,0.0159080078734822,0.0,-0.0,-0.0,-0.0728863254123798,2026-09-17 12:32,2026-09-18 07:42
The Cliffs at Walnut Cove,1,2026-09-20,2026-09-17,557,Biltmore Championship Asheville,2026-09-15 19:01:18 UTC,no,pga,-14400,0,USA,28159,55.0,86.0,"meissner, mac",59143,208,75,0.0,0.0,0.0,0.0,0.0,0.0,1999-02-08,-6.5,27,2.3,0.6733305052947507,0.0761673601479429,0.7358073021598326,0.5616,pga,2026-08-07,729,0.6733305052947507,-0.2199999999999999,-0.24,0.39,30.0,0.0,49.0,-0.328,5.920000000000005,0.0,0.0,0.0,0.0,0.0,0.0,0.0,0.0,0.0,0.0,0.0,0.0,0.0,0.0,0.0,0.0,0.0,0.0,0.0,0.0,2026-09-17,0.067062640417127,0.002676723537435,0.0013379227990397,0.0007095888101203,0.0367962404372578,0.025542164833274,0.3337256328741793,,0.0633532732742094,-0.0157015710780269,0.0580937027056708,0.0779264686941929,0.1251788597270764,,0.5951191370628589,-0.0511637539370115,-0.0291454133478216,393,0.2133065874999583,pga_ridge_v2,-2.9653588642247235,694,-2.9653588642247235,1.0306781353013403,1.0,-3.694478292031628,0.0,0.0328519381503901,0.0,weekly_pga_core,False,-0.0536193807335115,-0.0531408277640019,0.0411472486605452,0.0,-0.0,0.0,0.5295061772258907,2026-09-17 13:16,2026-09-18 08:26
The Cliffs at Walnut Cove,1,2026-09-20,2026-09-17,557,Biltmore Championship Asheville,2026-09-15 19:01:18 UTC,no,pga,-14400,0,USA,13367,407.0,417.0,"merritt, troy",32640,111,180,0.0,0.0,0.0,0.0,0.0,0.0,1985-10-25,-6.5,40,3.2,-0.9947089826160832,0.0,0.7903197536146829,0.6372,kft,2026-08-25,1600,-0.9947089826160832,-0.4099999999999999,0.0,0.0,1.0,2.0,53.0,1.672,-23.079999999999995,0.0,0.0,0.0,0.0,0.0,0.0,0.0,0.0,0.0,0.0,0.0,0.0,0.0,0.0,0.0,0.0,0.0,0.0,0.0,0.0,2026-09-17,-0.0361742100347493,0.0019787490301671,-0.0029873743882141,0.0031471038263881,-0.0375143004310305,-0.0007983880720599,-0.4579538186707126,-0.0165920259540401,-0.3188458396061641,-0.0322753576968198,-0.0780976631279679,,,-0.2152682070618897,-1.2699113988782174,-0.0019761453948787,-0.0145530297947191,785,-1.6493894883335396,pga_ridge_v2,-2.9653588642247235,694,-2.9653588642247235,-1.0009397034792222,1.0,-12.039827280591346,0.0238717670390947,-0.1343493115710251,0.0,weekly_pga_core,False,0.2643764568864464,-0.0234229925553004,-0.0123375860278861,0.0,-0.0,0.0,-1.0412955205749574,2026-09-17 07:20,2026-09-18 12:10
The Cliffs at Walnut Cove,1,2026-09-20,2026-09-17,557,Biltmore Championship Asheville,2026-09-15 19:01:18 UTC,no,pga,-14400,0,USA,21944,172.0,175.0,"moore, taylor",49947,141,102,0.0,0.0,0.0,0.0,0.0,0.0,1993-07-28,-6.5,33,2.6778214128743087,0.0229685374544856,-0.5488326398520571,1.00562633120041,0.727,pga,2026-07-24,1089,0.0229685374544856,-0.6100000000000001,-0.28,-0.09,30.0,0.0,31.0,-0.328,5.920000000000005,0.0,0.0,0.0,0.0,0.0,0.0,0.0,0.0,0.0,0.0,0.0,0.0,0.0,0.0,0.0,0.0,0.0,0.0,0.0,0.0,2026-09-17,-0.0181411845609847,0.0006884792244623,-0.0022949812613607,-0.0031612849443822,-0.026407819182271,0.0130344216025669,0.0459574419321196,-0.021112186695359,-0.184136129988101,0.0070255580265476,0.0276535602284785,,,0.0710765607912678,-0.0909304422741345,0.0005808299257049,0.0047261114597588,686,-0.4150656773853318,pga_ridge_v2,-2.9653588642247235,694,-2.9653588642247235,-0.2183605384543044,1.0,-2.34708657815896,-0.1291300377373781,-0.0427021879545519,0.0,weekly_pga_core,False,-0.067812332095657,-0.0234229925553004,-0.0061872373979668,0.0,-0.0,-0.0,-0.1883530043230588,2026-09-17 08:26,2026-09-18 13:16
The Cliffs at Walnut Cove,1,2026-09-20,2026-09-17,557,Biltmore Championship Asheville,2026-09-15 19:01:18 UTC,no,pga,-14400,0,USA,29770,150.0,144.0,"mouw, william",63121,165,116,0.0,0.0,0.0,0.0,0.0,0.0,2000-10-01,-6.5,25,2.742860578288299,0.0387777089680945,-0.1738326398520571,0.4440618016786576,0.358,pga,2026-08-07,625,0.0387777089680945,-0.54,-0.19,-0.24,30.0,0.0,43.0,-0.328,5.920000000000005,0.0,0.0,0.0,0.0,0.0,0.0,0.0,0.0,0.0,0.0,0.0,0.0,0.0,0.0,0.0,0.0,0.0,0.0,0.0,0.0,2026-09-17,-0.0393955897175829,-0.0024129756169082,0.003806840008237,5.739809805237031e-05,-0.0246886852245883,-0.0161581669823757,0.0425770840070645,-0.0093226632700899,-0.1214877471266993,0.0281590879571672,-0.0144410823812174,,,0.0471578711177245,-0.0123384546696921,0.0004780534920746,0.001714977299736,252,-0.3897710581879709,pga_ridge_v2,-2.9653588642247235,694,-2.9653588642247235,-0.1269221902610842,1.0,-6.90870397112633,0.0,0.0128259642345475,0.0,weekly_pga_core,False,-0.067812332095657,-0.0234229925553004,-0.0134362706688849,0.0,-0.0,0.0,-0.1170100499895345,2026-09-17 07:53,2026-09-18 12:43
The Cliffs at Walnut Cove,1,2026-09-20,2026-09-17,557,Biltmore Championship Asheville,2026-09-15 19:01:18 UTC,no,pga,-14400,0,JPN,21074,92.0,94.0,"nakajima, keita",49228,230,115,0.0,0.0,0.0,0.0,0.0,0.0,2000-06-24,-6.5,26,2.309710351097465,0.6967512799858652,0.0,0.6967512799858652,0.2494,euro,2026-08-25,676,0.6967512799858652,0.01,0.0,0.0,8.0,0.0,41.0,-0.328,-16.079999999999995,0.0,0.0,0.0,0.0,0.0,0.0,0.0,0.0,0.0,0.0,0.0,0.0,0.0,0.0,0.0,0.0,0.0,0.0,0.0,0.0,2026-09-17,0.0074042082149949,0.0021437309981606,0.0012675198282617,8.71476766432961e-05,0.0110585785830476,-0.0071527688711184,0.288487851334727,,0.0270668705753665,-0.0206894792141747,0.0212702000743512,0.0299760126710469,0.0711045757337514,,0.3872892422047104,-0.0382469041016875,-0.0337908019663237,231,0.2585589377170687,pga_ridge_v2,-2.9653588642247235,694,-2.9653588642247235,0.863160355932901,1.0,-19.10172274526932,-0.0042720800382487,0.042110917097653,0.0,weekly_pga_core,False,0.1456418314518353,-0.0531408277640019,0.0045429585632455,0.0,-0.0,-0.0,0.4843332044557893,2026-09-17 08:48,2026-09-18 13:38
The Cliffs at Walnut Cove,1,2026-09-20,2026-09-17,557,Biltmore Championship Asheville,2026-09-15 19:01:18 UTC,no,pga,-14400,0,SWE,11657,406.0,0.0,"norlander, henrik",30163,67,206,0.0,0.0,0.0,0.0,0.0,0.0,1987-03-25,-6.5,39,2.6591941598546898,-0.9713864327296102,-0.1738326398520571,0.8090075989700064,0.427,kft,2026-06-07,1521,-0.9713864327296102,-0.2299999999999999,-0.01,-0.14,30.0,0.0,23.0,-0.328,5.920000000000005,0.0,0.0,0.0,0.0,0.0,0.0,0.0,0.0,0.0,0.0,0.0,0.0,0.0,0.0,0.0,0.0,0.0,0.0,0.0,0.0,2026-09-17,0.004420384683245,-0.0033326747221415,0.0017376928014528,0.004874360155036,0.0161422133884189,-0.0150012069395211,-0.4663270949500817,-0.0169843598337667,-0.2005854841185434,0.0270070051244044,-0.0795393455400014,,,-0.219073453146317,-1.0940429066332191,-0.0026185521453095,-0.0239499481292885,703,-1.600041336984415,pga_ridge_v2,-2.9653588642247235,694,-2.9653588642247235,-1.663110264766185,1.0,0.0,0.0,-0.111971673894315,0.0,weekly_pga_core,False,-0.067812332095657,-0.0234229925553004,0.0015076176163486,0.0,0.0,0.0,-1.183770613667828,2026-09-17 07:31,2026-09-18 12:21
The Cliffs at Walnut Cove,1,2026-09-20,2026-09-17,557,Biltmore Championship Asheville,2026-09-15 19:01:18 UTC,no,pga,-14400,0,USA,23475,111.0,82.0,"novak, andrew",51997,210,84,0.0,0.0,0.0,0.0,0.0,0.0,1995-03-31,-6.5,31,2.743839822752501,0.0898213009671726,0.4511673601479429,0.9241037530057964,0.7056,pga,2026-08-09,961,0.0898213009671726,0.0799999999999999,0.02,-0.0899999999999999,30.0,0.0,53.0,-0.328,5.920000000000005,0.0,0.0,0.0,0.0,0.0,0.0,0.0,0.0,0.0,0.0,0.0,0.0,0.0,0.0,0.0,0.0,0.0,0.0,0.0,0.0,2026-09-17,-0.0051625775176019,-0.003694163819624,0.0012777868650216,-0.0011454540894884,-0.0256682970299216,0.0240675505564104,0.0220190229893692,-0.0194006962169055,0.1160737035642016,0.0330237366091795,0.031135164485524,,,0.0459347563048729,0.2048840364334167,0.0006136130670622,0.0034559165145696,688,-0.0310819720396931,pga_ridge_v2,-2.9653588642247235,694,-2.9653588642247235,0.0440232983694676,1.0,-11.532590707500423,-0.1136915283507506,-0.0279711808844571,0.0,weekly_pga_core,False,-0.067812332095657,-0.0234229925553004,-0.0017607501086508,0.0,-0.0,-0.0,0.1118879616738083,2026-09-17 08:15,2026-09-18 13:05
The Cliffs at Walnut Cove,1,2026-09-20,2026-09-17,557,Biltmore Championship Asheville,2026-09-15 19:01:18 UTC,no,pga,-14400,0,SWE,25475,300.0,280.0,"nyholm, pontus",55851,87,136,0.0,0.0,0.0,0.0,0.0,0.0,1998-02-10,-6.5,28,2.532111057061597,-0.6256022144744781,0.3261673601479429,0.0707618438042889,-0.211,pga,2026-08-09,784,-0.6256022144744781,-0.1499999999999999,-0.23,0.19,30.0,0.0,41.0,-0.328,5.920000000000005,0.0,0.0,0.0,0.0,0.0,0.0,0.0,0.0,0.0,0.0,0.0,0.0,0.0,0.0,0.0,0.0,0.0,0.0,0.0,0.0,2026-09-17,-0.0602579878856633,-0.0003635101449293,-0.0034198842386899,-0.0047172599169716,-0.0355742744596001,-0.0161830591254722,-0.2946683176252402,-0.0014855788983972,-0.1182790640859034,0.0133595376484206,0.0483674034968469,,,-0.148268695646794,-0.5101656670845225,-0.0006519827030826,-0.0039791080607178,388,-0.7994917994970274,pga_ridge_v2,-2.9653588642247235,694,-2.9653588642247235,-0.8613003163660229,1.0,0.0,0.0,-0.0045598612096547,0.0,weekly_pga_core,False,-0.067812332095657,-0.0234229925553004,-0.0205516059284373,0.0,0.0,0.0,-0.6219525976639173,2026-09-17 13:49,2026-09-18 08:59
The Cliffs at Walnut Cove,1,2026-09-20,2026-09-17,557,Biltmore Championship Asheville,2026-09-15 19:01:18 UTC,no,pga,-14400,1,USA,30030060,0.0,0.0,"oxendine, spencer",66750,36,0,0.0,0.0,0.0,0.0,0.0,0.0,1995-01-01,-6.5,31,3.0,-2.5,0.0,0.0,0.0,0,,961,-2.5,0.0,0.0,0.0,24.08,0.0,0.0,0.0,3.552713678800501e-15,0.0,0.0,0.0,0.0,0.0,0.0,0.0,0.0,0.0,0.0,0.0,0.0,0.0,0.0,0.0,0.0,0.0,0.0,0.0,0.0,2026-09-17,0.0,0.0,0.0,0.0,0.0,0.0,,,,,,,,,0.0,,,0,-2.9653588642247235,tour_cold_start_prior,-2.9653588642247235,694,-2.9653588642247235,,0.0,0.0,0.0,,-2.9653588642247235,tour_cold_start_prior,True,0.0,0.0,0.0,0.0,0.0,0.0,-2.9653588642247235,2026-09-17 08:59,2026-09-18 13:49
The Cliffs at Walnut Cove,1,2026-09-20,2026-09-17,557,Biltmore Championship Asheville,2026-09-15 19:01:18 UTC,no,pga,-14400,0,ENG,13764,120.0,107.0,"parry, john",28723,140,95,0.0,0.0,0.0,0.0,0.0,0.0,1986-11-17,-6.5,39,2.3205211783735926,0.3354772396428962,0.1595006934812759,0.7246522690122577,0.5066,euro,2026-08-25,1521,0.3354772396428962,-0.14,0.29,0.13,17.0,0.0,51.0,-0.328,-7.079999999999995,0.0,0.0,0.0,0.0,0.0,0.0,0.0,0.0,0.0,0.0,0.0,0.0,0.0,0.0,0.0,0.0,0.0,0.0,0.0,0.0,2026-09-17,0.0591434528695709,-0.0018863537878775,0.0021089352242138,0.0015868841384463,0.0318427554462665,0.0254912318485217,0.15927168941576,-0.0152133983746627,0.0118485248979269,-0.0050567936364278,-0.0008077373535636,,,0.0626506587471787,0.0961470734007343,0.0003160578271357,0.0015402025031871,310,-0.3471451334345373,pga_ridge_v2,-2.9653588642247235,694,-2.9653588642247235,0.4433366885133044,1.0,15.917275884673328,0.0423002078913762,-0.1184021306258,0.0,weekly_pga_core,False,0.081099883654941,-0.0234229925553004,0.0201714823091814,0.0,0.0,0.0,0.1739954468095564,2026-09-17 07:31,2026-09-18 12:21
The Cliffs at Walnut Cove,1,2026-09-20,2026-09-17,557,Biltmore Championship Asheville,2026-09-15 19:01:18 UTC,no,pga,-14400,0,GER,22087,0.0,341.0,"paul, jeremy",50582,79,192,0.0,0.0,0.0,0.0,0.0,0.0,1993-10-11,-6.5,32,3.070737828128903,-1.4909058832554614,0.0,0.1105050242055753,-0.1847999999999999,kft,2026-08-25,1024,-1.4909058832554614,0.0,0.0,0.0,1.0,3.0,69.0,2.672,-23.079999999999995,0.0,0.0,0.0,0.0,0.0,0.0,0.0,0.0,0.0,0.0,0.0,0.0,0.0,0.0,0.0,0.0,0.0,0.0,0.0,0.0,2026-09-17,-0.10578872630005,-0.0035719985666183,-0.0037065735342201,-0.0005489628172207,-0.0762712240579535,-0.0216899673240371,-0.6150065388209466,-0.0023199498953238,-0.259718378733236,0.0369015445123737,-0.0550040424074167,,,-0.3383950982222887,-1.304020524519431,-0.0029847418774344,-0.0295331721213412,437,-1.6324317912323123,pga_ridge_v2,-2.9653588642247235,694,-2.9653588642247235,-1.5516495891244655,1.0,0.0,0.0,-0.0379601469538171,0.0,weekly_pga_core,False,0.2643764568864464,-0.0234229925553004,-0.0360803320999573,0.0,0.0,0.0,-1.0991473922882424,2026-09-17 09:10,2026-09-18 14:00
The Cliffs at Walnut Cove,1,2026-09-20,2026-09-17,557,Biltmore Championship Asheville,2026-09-15 19:01:18 UTC,no,pga,-14400,0,FRA,19960,220.0,319.0,"pavon, matthieu",48153,89,126,0.0,0.0,0.0,0.0,0.0,0.0,1992-11-02,-6.5,33,2.3,-0.4208463957097544,0.0,1.0138664623257545,0.6232,euro,2026-08-25,1089,-0.4208463957097544,0.27,0.0,0.0,15.0,0.0,41.0,-0.328,-9.079999999999997,0.0,0.0,0.0,0.0,0.0,0.0,0.0,0.0,0.0,0.0,0.0,0.0,0.0,0.0,0.0,0.0,0.0,0.0,0.0,0.0,2026-09-17,0.013303722086568,-0.0018191139968446,-0.0040421700312288,-0.0005715126473531,0.0228263352834985,-0.0030898165215038,-0.1852849985098785,-0.0212851805612862,-0.0525190987119613,0.0343727515258635,0.0606622212966784,,,-0.102333939341921,-0.3223234867067701,-0.0004459010050876,-0.0049378054016614,791,-0.3633127796062584,pga_ridge_v2,-2.9653588642247235,694,-2.9653588642247235,-0.4519937720297753,1.0,1.068478124119463,-0.0184726125725269,-0.0505515359975158,0.0,weekly_pga_core,False,0.1040094553088792,-0.0234229925553004,0.004537371115401,0.0,0.0,-0.0,-0.2371996528377902,2026-09-17 08:37,2026-09-18 13:27
The Cliffs at Walnut Cove,1,2026-09-20,2026-09-17,557,Biltmore Championship Asheville,2026-09-15 19:01:18 UTC,no,pga,-14400,0,CAN,17780,146.0,96.0,"pendrith, taylor",40250,155,89,0.0,0.0,0.0,0.0,0.0,0.0,1991-05-30,-6.5,35,3.0030928420882192,0.0567919428035014,0.4511673601479429,1.264999744034429,1.084,pga,2026-08-09,1225,0.0567919428035014,-0.1699999999999999,-0.04,0.12,30.0,0.0,53.0,-0.328,5.920000000000005,0.0,0.0,0.0,0.0,0.0,0.0,0.0,0.0,0.0,0.0,0.0,0.0,0.0,0.0,0.0,0.0,0.0,0.0,0.0,0.0,2026-09-17,-0.038138887540907,-0.0012389256154382,-0.0005096736751371,-0.0038135904027943,-0.0353304757821979,0.0027537779346607,0.0250799447708757,-0.0265574895336684,-0.0265023097343087,0.0160371379707087,0.0009370288448143,,,0.0570786912664101,-0.0210256474910676,-0.0004467420462882,-0.0015878467254593,582,-0.5747592630519105,pga_ridge_v2,-2.9653588642247235,694,-2.9653588642247235,-0.4600958513757793,1.0,10.936534526431668,0.0377286900388219,-0.065064062304152,0.0,weekly_pga_core,False,-0.067812332095657,-0.0234229925553004,-0.0130076594787227,0.0,0.0,0.0,-0.1252686316207478,2026-09-17 08:04,2026-09-18 12:54
The Cliffs at Walnut Cove,1,2026-09-20,2026-09-17,557,Biltmore Championship Asheville,2026-09-15 19:01:18 UTC,no,pga,-14400,0,ENG,22465,84.0,53.0,"penge, marco",51003,387,112,0.0,0.0,0.0,0.0,0.0,0.0,1998-05-15,-6.5,28,3.0241397148125504,0.4283993833487974,0.0,0.682908463993312,0.5732,euro,2026-08-25,784,0.4283993833487974,0.0,0.0,0.0,8.0,0.0,47.0,-0.328,-16.079999999999995,0.0,0.0,0.0,0.0,0.0,0.0,0.0,0.0,0.0,0.0,0.0,0.0,0.0,0.0,0.0,0.0,0.0,0.0,0.0,0.0,2026-09-17,-0.0210919641641547,-0.0016541693751158,-0.0006804027614334,-0.006215508090577,-0.0039551719296958,-0.0085867120073326,0.26852816234586,,0.0821962063143863,0.0151335006593431,0.1028224403761537,0.0799918550421049,0.0815689510620893,,0.6227445231092139,-0.0199631093986336,-0.0141542903631159,261,0.3378786637929307,pga_ridge_v2,-2.9653588642247235,694,-2.9653588642247235,0.9858808814472388,1.0,-0.8033275245870937,0.1064802371216861,0.0266208070710259,0.0,weekly_pga_core,False,0.1841929560976628,-0.0234229925553004,-0.0071936311013392,0.0,-0.0,0.0,0.7763208555502371,2026-09-17 14:00,2026-09-18 09:10
The Cliffs at Walnut Cove,1,2026-09-20,2026-09-17,557,Biltmore Championship Asheville,2026-09-15 19:01:18 UTC,no,pga,-14400,0,USA,16341,244.0,289.0,"peterson, paul",36824,79,155,0.0,0.0,0.0,0.0,0.0,0.0,1997-12-11,-6.5,28,2.3,-0.4273543023022461,0.0,-0.0779174348552978,-0.4114,kft,2026-08-25,784,-0.4273543023022461,0.1,0.0,0.0,1.0,2.0,53.0,1.672,-23.079999999999995,0.0,0.0,0.0,0.0,0.0,0.0,0.0,0.0,0.0,0.0,0.0,0.0,0.0,0.0,0.0,0.0,0.0,0.0,0.0,0.0,2026-09-17,0.0867261250376984,-0.0013836799284101,-1.5230789865886987e-05,0.0069632866136753,0.0725538546485761,0.008607894493723,-0.2210765624692978,0.0016358038572089,-0.021532657937601,0.0269828444984226,-0.0517248171725339,,,-0.1240782026815058,-0.4934885862356909,-0.0004088289462418,-0.0037974014309871,472,-0.6666862750185885,pga_ridge_v2,-2.9653588642247235,694,-2.9653588642247235,-0.378873466523305,1.0,0.0,0.0,-0.0994887639531547,0.0,weekly_pga_core,False,0.2643764568864464,-0.0234229925553004,0.0295788360682919,0.0,0.0,0.0,-0.2229562858362529,2026-09-17 14:00,2026-09-18 09:10
The Cliffs at Walnut Cove,1,2026-09-20,2026-09-17,557,Biltmore Championship Asheville,2026-09-15 19:01:18 UTC,no,pga,-14400,0,USA,27164,138.0,137.0,"phillips, chandler",57900,223,91,0.0,0.0,0.0,0.0,0.0,0.0,1996-12-02,-6.5,29,2.6197927150337064,0.2022161739762055,0.3261673601479429,0.3290862340317609,0.1484,pga,2026-08-09,841,0.2022161739762055,-0.1399999999999999,-0.24,0.26,30.0,0.0,41.0,-0.328,5.920000000000005,0.0,0.0,0.0,0.0,0.0,0.0,0.0,0.0,0.0,0.0,0.0,0.0,0.0,0.0,0.0,0.0,0.0,0.0,0.0,0.0,2026-09-17,0.0673352602104606,0.0018091270760554,-0.0021819081072962,0.0014171502381431,0.0309527762349802,0.0353381147685781,0.0945767166121334,-0.0069088584856938,0.148938660156306,-0.0135665251544405,0.0063053982071399,,,0.0159004925670714,0.2272016845384597,-0.0003691563248448,-0.003941823995162,353,-0.2896573449631563,pga_ridge_v2,-2.9653588642247235,694,-2.9653588642247235,0.9778391489470314,1.0,-2.772503683194117,0.0,-0.0137332190440497,0.0,weekly_pga_core,False,-0.067812332095657,-0.0234229925553004,0.0229653823748638,0.0,-0.0,0.0,0.1589317422623661,2026-09-17 07:42,2026-09-18 12:32
The Cliffs at Walnut Cove,1,2026-09-20,2026-09-17,557,Biltmore Championship Asheville,2026-09-15 19:01:18 UTC,no,pga,-14400,0,USA,21554,54.0,38.0,"poston, j.t.",49771,444,32,0.0,0.0,0.0,0.0,0.0,0.0,1993-06-01,-6.5,33,2.759450803142615,0.6449650286131625,-0.4238326398520571,1.422415393569583,1.1792,pga,2026-08-23,1089,0.6449650286131625,0.3999999999999999,-0.0999999999999999,-0.01,22.0,0.0,53.0,-0.328,-2.0799999999999947,0.0,0.0,0.0,0.0,0.0,0.0,0.0,0.0,0.0,0.0,0.0,0.0,0.0,0.0,0.0,0.0,0.0,0.0,0.0,0.0,2026-09-17,0.0144383768406564,0.0020314858006634,0.0013812120404181,0.0010959145196643,0.0195411614989159,-0.0096113970190054,0.295538534005001,,0.0956197286795912,-0.0044299382216621,0.0348950963019623,0.164561052801204,0.1451482663353658,,0.6330565830655375,-0.0558205993904166,-0.0220446093829991,811,0.2861283090444475,pga_ridge_v2,-2.9653588642247235,694,-2.9653588642247235,0.0892846400530403,1.0,-18.829741317386944,-0.0232104396785598,-0.020410948062509,0.0,weekly_pga_core,False,0.0188392418793418,-0.0531408277640019,0.0088588740082685,0.0,-0.0,-0.0,0.6076138711891459,2026-09-17 12:54,2026-09-18 08:04
The Cliffs at Walnut Cove,1,2026-09-20,2026-09-17,557,Biltmore Championship Asheville,2026-09-15 19:01:18 UTC,no,pga,-14400,0,IRL,10104,182.0,210.0,"power, seamus",28252,119,114,0.0,0.0,0.0,0.0,0.0,0.0,1987-03-04,-6.5,39,2.645080796940007,0.028219927600527,0.3261673601479429,1.2057365993310496,1.0026,euro,2026-08-25,1521,0.028219927600527,-0.3399999999999999,-0.0499999999999999,-0.19,3.0,1.0,38.0,0.6719999999999999,-21.079999999999995,0.0,0.0,0.0,0.0,0.0,0.0,0.0,0.0,0.0,0.0,0.0,0.0,0.0,0.0,0.0,0.0,0.0,0.0,0.0,0.0,2026-09-17,0.0330764144091505,0.0020093270576813,-0.0009042730516141,0.0011817121715979,0.0147835174332892,0.0160061307981961,0.0186902895753152,-0.025313315095994,-0.1778112116030114,-0.0172555305430653,-0.0507159749685332,,,0.0099208201486855,-0.3651967230208683,-0.000667951487913,-0.0062290212540185,725,-0.8070418981066778,pga_ridge_v2,-2.9653588642247235,694,-2.9653588642247235,-0.4688632896922912,1.0,0.5199187334532738,-0.0611062402324684,-0.1158148277923336,0.0,weekly_pga_core,False,0.2414668852325083,-0.0234229925553004,0.0112810509994523,0.0,0.0,-0.0,-0.1358717793442081,2026-09-17 12:10,2026-09-18 07:20
The Cliffs at Walnut Cove,1,2026-09-20,2026-09-17,557,Biltmore Championship Asheville,2026-09-15 19:01:18 UTC,no,pga,-14400,0,USA,14704,119.0,108.0,"putnam, andrew",34256,170,76,0.0,0.0,0.0,0.0,0.0,0.0,1989-01-25,-6.5,37,2.47364287749328,0.147830111155958,-1.048832639852057,0.9700220876922304,0.8128,pga,2026-08-09,1369,0.147830111155958,-0.16,-0.0999999999999999,-0.19,30.0,0.0,55.0,-0.328,5.920000000000005,0.0,0.0,0.0,0.0,0.0,0.0,0.0,0.0,0.0,0.0,0.0,0.0,0.0,0.0,0.0,0.0,0.0,0.0,0.0,0.0,2026-09-17,0.0648694997947727,0.002508776586956,0.0019646818736372,0.0078567009870973,0.0179022046183777,0.0346371357287043,0.0747325345977121,-0.0211079812234754,-0.0357684033501369,-0.0155354885875693,-0.1066740313832064,,,0.0626506587471787,-0.124525548541932,0.0010002932543235,0.0084178096456586,778,-0.3819766958589909,pga_ridge_v2,-2.9653588642247235,694,-2.9653588642247235,-0.2789732373946704,1.0,1.827963779880169,0.024019472988681,-0.0922409402424169,0.0,weekly_pga_core,False,-0.067812332095657,-0.0234229925553004,0.0221244094490285,0.0,0.0,0.0,-0.193636463743861,2026-09-17 08:15,2026-09-18 13:05
The Cliffs at Walnut Cove,1,2026-09-20,2026-09-17,557,Biltmore Championship Asheville,2026-09-15 19:01:18 UTC,no,pga,-14400,0,USA,19840,243.0,204.0,"ramey, chad",47983,78,132,0.0,0.0,0.0,0.0,0.0,0.0,1992-08-03,-6.5,34,2.3,-0.4413737056447078,-0.5488326398520571,0.742155096725174,0.6002000000000001,pga,2026-08-09,1156,-0.4413737056447078,-0.09,-0.18,-0.1699999999999999,30.0,0.0,41.0,-0.328,5.920000000000005,0.0,0.0,0.0,0.0,0.0,0.0,0.0,0.0,0.0,0.0,0.0,0.0,0.0,0.0,0.0,0.0,0.0,0.0,0.0,0.0,2026-09-17,-0.0021270158254124,0.0005408308225432,-0.0035069050450655,0.000327516979834,-0.0060278835623286,0.0065394249796044,-0.2162432704911694,-0.0155808539144661,-0.108348485374585,0.0102063130776843,-0.0268321673022784,,,-0.1201370549512061,-0.5375802889455541,-0.0008793373013181,-0.0072011592103836,722,-0.9310136769188868,pga_ridge_v2,-2.9653588642247235,694,-2.9653588642247235,-1.1002353166888337,1.0,-4.769035006152048,0.0,-0.0525642734778314,0.0,weekly_pga_core,False,-0.067812332095657,-0.0234229925553004,-0.0007254406026694,0.0,-0.0,0.0,-0.629541054199181,2026-09-17 07:31,2026-09-18 12:21
The Cliffs at Walnut Cove,1,2026-09-20,2026-09-17,557,Biltmore Championship Asheville,2026-09-15 19:01:18 UTC,no,pga,-14400,0,USA,19872,370.0,131.0,"riley, davis",47995,113,111,0.0,0.0,0.0,0.0,0.0,0.0,1996-12-17,-6.5,29,3.2,-0.7761292051121581,-0.7988326398520571,0.9715258950271092,0.5726,pga,2026-08-07,841,-0.7761292051121581,0.22,-0.08,0.17,30.0,0.0,43.0,-0.328,5.920000000000005,0.0,0.0,0.0,0.0,0.0,0.0,0.0,0.0,0.0,0.0,0.0,0.0,0.0,0.0,0.0,0.0,0.0,0.0,0.0,0.0,2026-09-17,-0.0571883080065339,0.0018089203025602,-0.002501641597973,-0.001246015821704,-0.0202315711387114,-0.0350179997507055,-0.3796137137348491,-0.0203962798494986,-0.0724632621906515,-0.0179887791386004,-0.040876012352838,,,-0.2610670617208902,-0.8333252087645648,-0.0027426840053982,-0.0244441967277889,638,-1.3249010198650688,pga_ridge_v2,-2.9653588642247235,694,-2.9653588642247235,-0.4870113300117136,1.0,-7.472863231659947,-0.0903495853701932,-0.0137332190440497,0.0,weekly_pga_core,False,-0.067812332095657,-0.0234229925553004,-0.0195046600642304,0.0,-0.0,-0.0,-0.9440651934797528,2026-09-17 08:15,2026-09-18 13:05
The Cliffs at Walnut Cove,1,2026-09-20,2026-09-17,557,Biltmore Championship Asheville,2026-09-15 19:01:18 UTC,no,pga,-14400,0,USA,18424,116.0,117.0,"roy, kevin",39335,174,90,0.0,0.0,0.0,0.0,0.0,0.0,1993-05-20,-6.5,33,2.978482407710708,0.272768234524909,0.8261673601479429,0.6591097622850605,0.3468,pga,2026-08-09,1089,0.272768234524909,0.48,0.38,0.2099999999999999,30.0,0.0,51.0,-0.328,5.920000000000005,0.0,0.0,0.0,0.0,0.0,0.0,0.0,0.0,0.0,0.0,0.0,0.0,0.0,0.0,0.0,0.0,0.0,0.0,0.0,0.0,2026-09-17,0.0508499913735313,-0.0006861722245472,-0.0006575849491735,-0.0004514500914487,0.0372179378117147,0.0154272608269861,0.1093227997279188,-0.0138373945891864,0.1843397479541708,0.0022627841043382,0.0503927770234075,,,0.0191621320680091,0.2754610500515836,5.800458727389263e-05,0.0020498170679984,573,-0.1120960200106028,pga_ridge_v2,-2.9653588642247235,694,-2.9653588642247235,1.067913026362408,1.0,-2.8457552625993325,0.0,-0.078289617892347,0.0,weekly_pga_core,False,-0.067812332095657,-0.0234229925553004,0.0173429120493731,0.0,-0.0,0.0,0.2015686374499992,2026-09-17 13:05,2026-09-18 08:15
The Cliffs at Walnut Cove,1,2026-09-20,2026-09-17,557,Biltmore Championship Asheville,2026-09-15 19:01:18 UTC,no,pga,-14400,0,COL,16591,0.0,0.0,"rozo, marcelo",37076,65,201,0.0,0.0,0.0,0.0,0.0,0.0,1989-11-06,-6.5,36,2.6346857491982894,-1.4232753776607947,-0.0488326398520571,-0.4701292353989504,-0.6542,pga,2026-08-07,1296,-1.4232753776607947,0.2699999999999998,0.5199999999999999,-0.22,30.0,0.0,31.0,-0.328,5.920000000000005,0.0,0.0,0.0,0.0,0.0,0.0,0.0,0.0,0.0,0.0,0.0,0.0,0.0,0.0,0.0,0.0,0.0,0.0,0.0,0.0,2026-09-17,-0.0129214045337396,-0.0061225357577561,-0.0026614867043453,0.0021580890510523,0.04423862654475,-0.0505340976674404,-0.6896005381097661,0.0098699247232728,-0.2550228201612026,0.0294105125652821,0.0277531725321145,,,-0.3466850986205054,-1.3399054624059774,-0.0032205116195606,-0.028395635665825,454,-1.785760901959982,pga_ridge_v2,-2.9653588642247235,694,-2.9653588642247235,-1.810571166963776,1.0,-0.4723683221722781,0.0,-0.0840144680497872,0.0,weekly_pga_core,False,-0.067812332095657,-0.0234229925553004,-0.0044069777856376,0.0,-0.0,0.0,-1.4355477648425723,2026-09-17 09:10,2026-09-18 14:00
The Cliffs at Walnut Cove,1,2026-09-20,2026-09-17,557,Biltmore Championship Asheville,2026-09-15 19:01:18 UTC,no,pga,-14400,0,USA,27183,336.0,380.0,"salinda, isaiah",56781,81,195,0.0,0.0,0.0,0.0,0.0,0.0,1997-03-13,-6.5,29,2.7,-0.5845039722928349,0.3261673601479429,0.2550912782295494,0.0099999999999999,pga,2026-03-27,841,-0.5845039722928349,0.1799999999999999,0.0399999999999999,0.0299999999999999,30.0,0.0,7.0,-0.328,5.920000000000005,0.0,0.0,0.0,0.0,0.0,0.0,0.0,0.0,0.0,0.0,0.0,0.0,0.0,0.0,0.0,0.0,0.0,0.0,0.0,0.0,2026-09-17,-0.0614214083221442,-0.0046032892005596,-0.0006001259425998,-0.0040979588738882,-0.0052808295539387,-0.0468392047511576,-0.2834543637811522,-0.0053554034170041,-0.1244799915542472,0.0417990473224944,0.0357546592605047,,,-0.1765362379882541,-0.537894325918141,-0.0016876135512323,-0.015640529390353,274,-0.952366739647592,pga_ridge_v2,-2.9653588642247235,694,-2.9653588642247235,-0.8890124785635767,1.0,-0.399596313823313,0.0,-0.008293892818897,0.0,weekly_pga_core,False,-0.067812332095657,-0.0234229925553004,-0.0209484024226218,0.0,-0.0,0.0,-0.6500780529917204,2026-09-17 08:48,2026-09-18 13:38
The Cliffs at Walnut Cove,1,2026-09-20,2026-09-17,557,Biltmore Championship Asheville,2026-09-15 19:01:18 UTC,no,pga,-14400,0,USA,30814,447.0,342.0,"sargent, gordon",64442,101,134,0.0,0.0,0.0,0.0,0.0,0.0,2003-06-01,-6.5,23,3.19714783208334,-0.7191580187863125,-0.2988326398520571,-0.7191580187863125,-0.984,pga,2026-08-07,529,-0.7191580187863125,0.14,0.09,0.24,30.0,0.0,31.0,-0.328,5.920000000000005,0.0,0.0,0.0,0.0,0.0,0.0,0.0,0.0,0.0,0.0,0.0,0.0,0.0,0.0,0.0,0.0,0.0,0.0,0.0,0.0,2026-09-17,-0.0086599299626669,-0.0002542039699926,-0.0101556456157745,-0.0050774411761011,-0.0155985820451914,0.0224259428443928,-0.3525066623763978,0.0153884333343064,-0.0382790989934965,-0.0031458611915727,0.0327333251747577,,,-0.298575915981674,-0.6771752664670176,-0.0020906859961996,-0.0129291469660013,90,-1.3182238800927693,pga_ridge_v2,-2.9653588642247235,694,-2.9653588642247235,-0.88477599222379,1.0,0.0,0.0,-0.0177696534707397,0.0,weekly_pga_core,False,-0.067812332095657,-0.0234229925553004,-0.0029535580958709,0.0,0.0,0.0,-0.7713641492138461,2026-09-17 13:49,2026-09-18 08:59
The Cliffs at Walnut Cove,1,2026-09-20,2026-09-17,557,Biltmore Championship Asheville,2026-09-15 19:01:18 UTC,no,pga,-14400,0,USA,19477,463.0,211.0,"schenk, adam",47347,80,157,0.0,0.0,0.0,0.0,0.0,0.0,1992-01-26,-6.5,34,3.105834067324728,-0.9882559384062736,-0.2988326398520571,0.9011626289131348,0.6742,pga,2026-08-06,1156,-0.9882559384062736,0.39,0.22,-0.12,30.0,0.0,36.0,-0.328,5.920000000000005,0.0,0.0,0.0,0.0,0.0,0.0,0.0,0.0,0.0,0.0,0.0,0.0,0.0,0.0,0.0,0.0,0.0,0.0,0.0,0.0,2026-09-17,-0.0492640360076722,-0.0019565440453178,-0.0020172655138781,0.0003222094393098,-0.021171303214256,-0.0244411326735301,-0.4818334750806755,-0.0189190687178845,-0.1882830618959722,0.0101789157497367,-0.0471783441870548,,,-0.2936834567302674,-1.1064736119283904,-0.0025174234313747,-0.0255142505891403,840,-1.4860561269989536,pga_ridge_v2,-2.9653588642247235,694,-2.9653588642247235,-1.2146953516127836,1.0,-5.659846593965637,-0.0775527834277891,-0.0587234470457574,0.0,weekly_pga_core,False,-0.067812332095657,-0.0234229925553004,-0.0168020056759132,0.0,-0.0,-0.0,-1.2145109422552611,2026-09-17 12:43,2026-09-18 07:53
The Cliffs at Walnut Cove,1,2026-09-20,2026-09-17,557,Biltmore Championship Asheville,2026-09-15 19:01:18 UTC,no,pga,-14400,0,USA,32055,242.0,217.0,"shipley, neal",63807,103,183,0.0,0.0,0.0,0.0,0.0,0.0,2001-06-06,-6.5,25,2.3,-0.1696381755470844,-0.1738326398520571,0.5596358031246019,0.437,pga,2026-08-09,625,-0.1696381755470844,-0.01,0.19,-0.03,30.0,0.0,41.0,-0.328,5.920000000000005,0.0,0.0,0.0,0.0,0.0,0.0,0.0,0.0,0.0,0.0,0.0,0.0,0.0,0.0,0.0,0.0,0.0,0.0,0.0,0.0,2026-09-17,-0.0235655144692415,-0.0030757746682003,-0.000279385968866,-0.0024767241575449,0.0281059514744592,-0.0458395811490894,-0.0757759677775694,-0.0117490316138303,-0.0488584120289934,0.0324740705540179,0.0750112257715595,,,-0.0599326258297306,-0.0829406667798626,-0.0010971903191658,-0.0070349496439045,167,-0.5050426208075302,pga_ridge_v2,-2.9653588642247235,694,-2.9653588642247235,-0.3345433463537922,1.0,-2.8500544898716225,0.0,0.0140222141077542,0.0,weekly_pga_core,False,-0.067812332095657,-0.0234229925553004,-0.0080372608489963,0.0,-0.0,0.0,-0.1822132522798164,2026-09-17 13:38,2026-09-18 08:48
The Cliffs at Walnut Cove,1,2026-09-20,2026-09-17,557,Biltmore Championship Asheville,2026-09-15 19:01:18 UTC,no,pga,-14400,0,CAN,17381,275.0,258.0,"silverman, ben",39327,84,139,0.0,0.0,0.0,0.0,0.0,0.0,1987-11-15,-6.5,38,2.3,-0.3723047123320845,-0.9238326398520572,0.4842180596491213,0.2378,pga,2026-08-07,1444,-0.3723047123320845,-0.2199999999999999,-0.2199999999999999,0.01,30.0,0.0,37.0,-0.328,5.920000000000005,0.0,0.0,0.0,0.0,0.0,0.0,0.0,0.0,0.0,0.0,0.0,0.0,0.0,0.0,0.0,0.0,0.0,0.0,0.0,0.0,2026-09-17,0.0132282745842869,0.0017211855790945,-0.0016726701926454,0.0025678004546756,0.027503882870709,-0.0168919241275467,-0.1686889233441239,-0.0101657064452297,-0.0665958412199939,-0.0072133726459648,-0.0244053159748961,,,-0.0963542669235352,-0.4906705567325594,-0.00144277198941,-0.0101371398526388,592,-1.0599790652381356,pga_ridge_v2,-2.9653588642247235,694,-2.9653588642247235,-0.3451112722730406,1.0,0.3682836611856388,0.0,-0.1056672183367666,0.0,weekly_pga_core,False,-0.067812332095657,-0.0234229925553004,0.0045116389695134,0.0,0.0,0.0,-0.5773942424140034,2026-09-17 13:05,2026-09-18 08:15
The Cliffs at Walnut Cove,1,2026-09-20,2026-09-17,557,Biltmore Championship Asheville,2026-09-15 19:01:18 UTC,no,pga,-14400,0,USA,11049,209.0,0.0,"simpson, webb",29221,117,176,0.0,0.0,0.0,0.0,0.0,0.0,1985-08-08,-6.5,41,2.7,-0.1809687560027431,0.2011673601479429,2.1167951238405927,1.9238,pga,2026-08-09,1681,-0.1809687560027431,0.0399999999999999,0.1599999999999999,-0.09,30.0,0.0,20.0,-0.328,5.920000000000005,0.0,0.0,0.0,0.0,0.0,0.0,0.0,0.0,0.0,0.0,0.0,0.0,0.0,0.0,0.0,0.0,0.0,0.0,0.0,0.0,2026-09-17,-0.0323975911414017,0.0009827987574462,-0.0004145503991722,0.0003042796948153,-0.0309843275314337,-0.0022857916630573,-0.0996278279225127,-0.0444431846717367,-0.0206853774278163,-0.0177202295935612,-0.0208587090996105,,,-0.0441680349085316,-0.3877476169403971,-0.000205296453862,-0.0043279532410816,586,-0.6383059822736921,pga_ridge_v2,-2.9653588642247235,694,-2.9653588642247235,-0.102338962748486,1.0,12.57772390613413,0.0100253608131049,-0.135711003621684,0.0,weekly_pga_core,False,-0.067812332095657,-0.0234229925553004,-0.0110495313489737,0.0,0.0,0.0,-0.4900324729403284,2026-09-17 12:43,2026-09-18 07:53
The Cliffs at Walnut Cove,1,2026-09-20,2026-09-17,557,Biltmore Championship Asheville,2026-09-15 19:01:18 UTC,no,pga,-14400,0,ENG,10873,217.0,281.0,"skinns, david",27139,91,137,0.0,0.0,0.0,0.0,0.0,0.0,1982-02-01,-6.5,44,2.5721966550558166,-0.3090348891178305,0.2011673601479429,0.0756177557001216,-0.2694,pga,2026-08-09,1936,-0.3090348891178305,0.1499999999999999,-0.01,-0.17,30.0,0.0,34.0,-0.328,5.920000000000005,0.0,0.0,0.0,0.0,0.0,0.0,0.0,0.0,0.0,0.0,0.0,0.0,0.0,0.0,0.0,0.0,0.0,0.0,0.0,0.0,2026-09-17,-0.0082419819474548,-0.0013102849708678,0.0005208292665069,0.0007001093779359,-0.0090966818830021,0.0009440462619722,-0.1591072488655253,-0.0015875242388031,0.0042726642904227,0.013560173616989,-0.0173424703835738,,,-0.0892873813381701,-0.4356626357375714,-0.0005871248348023,0.0009617309938399,596,-0.6113136554350282,pga_ridge_v2,-2.9653588642247235,694,-2.9653588642247235,0.099497026157507,1.0,0.0,0.0,-0.1865454549779485,0.0,weekly_pga_core,False,-0.067812332095657,-0.0234229925553004,-0.0028110126308031,0.0,0.0,0.0,-0.5297089730193321,2026-09-17 12:10,2026-09-18 07:20
The Cliffs at Walnut Cove,1,2026-09-20,2026-09-17,557,Biltmore Championship Asheville,2026-09-15 19:01:18 UTC,no,pga,-14400,0,USA,22985,237.0,119.0,"smotherman, austin",50095,165,80,0.0,0.0,0.0,0.0,0.0,0.0,1994-05-19,-6.5,32,3.031883825020002,-0.3212297961961737,-0.9238326398520572,0.5463810363606464,0.2123999999999999,pga,2026-08-09,1024,-0.3212297961961737,-0.5499999999999999,-0.52,0.06,30.0,0.0,43.0,-0.328,5.920000000000005,0.0,0.0,0.0,0.0,0.0,0.0,0.0,0.0,0.0,0.0,0.0,0.0,0.0,0.0,0.0,0.0,0.0,0.0,0.0,0.0,2026-09-17,-0.0193938588831783,-0.0030758015133813,0.0040593095316614,0.0015427442647288,0.0326207354784974,-0.0545408466446848,-0.1305571177564087,-0.0114707601507213,-0.2184311637827052,0.0524381061693986,-0.0075989659748454,,,-0.0209288534643503,-0.3754886570592967,-0.0008240879122176,-0.0029404112705808,615,-0.8503018483196114,pga_ridge_v2,-2.9653588642247235,694,-2.9653588642247235,-1.1061305481688055,1.0,-2.236868722102217,0.0,-0.0351754029168658,0.0,weekly_pga_core,False,-0.067812332095657,-0.0234229925553004,-0.006614474846971,0.0,-0.0,0.0,-0.4733384565572252,2026-09-17 13:27,2026-09-18 08:37
The Cliffs at Walnut Cove,1,2026-09-20,2026-09-17,557,Biltmore Championship Asheville,2026-09-15 19:01:18 UTC,no,pga,-14400,0,USA,21995,183.0,269.0,"springer, hayden",50484,129,131,0.0,0.0,0.0,0.0,0.0,0.0,1997-01-09,-6.5,29,2.6845289420801675,-0.2689506864762785,1.326167360147943,0.2460367147008108,0.021,kft,2026-08-25,841,-0.2689506864762785,0.16,0.31,-0.06,1.0,2.0,45.0,1.672,-23.079999999999995,0.0,0.0,0.0,0.0,0.0,0.0,0.0,0.0,0.0,0.0,0.0,0.0,0.0,0.0,0.0,0.0,0.0,0.0,0.0,0.0,2026-09-17,-0.050824752551746,0.0016077604553202,-0.0027920377824733,-0.0016934988704567,-0.0286894499547055,-0.0192575263994307,-0.0848565348613854,-0.005165311302535,0.1574945651586881,-0.0203459041312253,-0.0494475906403465,,,-0.0960824636317904,-0.1167884942365063,-0.0007305383428513,-0.0039214974410107,251,-0.5999875562618584,pga_ridge_v2,-2.9653588642247235,694,-2.9653588642247235,0.0044979354143083,1.0,0.0,0.0,-0.0137332190440497,0.0,weekly_pga_core,False,0.2643764568864464,-0.0234229925553004,-0.0173343040898705,0.0,0.0,0.0,0.1068306660047692,2026-09-17 13:38,2026-09-18 08:48
The Cliffs at Walnut Cove,1,2026-09-20,2026-09-17,557,Biltmore Championship Asheville,2026-09-15 19:01:18 UTC,no,pga,-14400,0,USA,23048,408.0,349.0,"stanger, jimmy",51600,81,138,0.0,0.0,0.0,0.0,0.0,0.0,1995-03-23,-6.5,31,2.305558542755784,-0.9349823186922748,-0.1738326398520571,0.1452225373480076,-0.0424999999999999,pga,2026-08-07,961,-0.9349823186922748,0.26,0.19,-0.1399999999999999,30.0,0.0,38.0,-0.328,5.920000000000005,0.0,0.0,0.0,0.0,0.0,0.0,0.0,0.0,0.0,0.0,0.0,0.0,0.0,0.0,0.0,0.0,0.0,0.0,0.0,0.0,2026-09-17,-0.0464767544589663,-0.0005276051376023,-0.0064391255580738,-0.003229599472537,-0.0282047838766787,-0.0080756404140743,-0.4491656269055242,-0.0030488116964927,-0.2113873839984214,0.0028428591043293,0.0298774077823954,,,-0.2049396819755868,-0.8736103363549429,-0.0013448360763329,-0.0084730817048523,480,-1.16417797587214,pga_ridge_v2,-2.9653588642247235,694,-2.9653588642247235,-0.9668064244700992,1.0,-0.920496765581848,0.0,-0.0279711808844571,0.0,weekly_pga_core,False,-0.067812332095657,-0.0234229925553004,-0.0158513746639833,0.0,-0.0,0.0,-0.9806970356698838,2026-09-17 08:59,2026-09-18 13:49
The Cliffs at Walnut Cove,1,2026-09-20,2026-09-17,557,Biltmore Championship Asheville,2026-09-15 19:01:18 UTC,no,pga,-14400,0,USA,8480,261.0,419.0,"streelman, kevin",27214,87,148,0.0,0.0,0.0,0.0,0.0,0.0,1978-11-04,-6.5,47,2.339933836899846,-0.3620373091688518,0.3261673601479429,1.113387595431899,0.865,pga,2026-08-09,2209,-0.3620373091688518,-0.18,0.06,0.1699999999999999,30.0,0.0,33.0,-0.328,5.920000000000005,0.0,0.0,0.0,0.0,0.0,0.0,0.0,0.0,0.0,0.0,0.0,0.0,0.0,0.0,0.0,0.0,0.0,0.0,0.0,0.0,2026-09-17,0.0077391277881193,-0.0005905047795862,0.0002485481798819,0.0021527847827356,0.0262721815986705,-0.0203438819935825,-0.174305600778566,-0.0234072161973716,0.008904979698511,0.0072146309150769,0.0205956397581095,,,-0.1185062352007372,-0.5198565202175724,-0.0006686846096383,-0.0012584358180234,708,-0.6779814585998257,pga_ridge_v2,-2.9653588642247235,694,-2.9653588642247235,0.0569303242449834,1.0,14.038960395773596,-0.0061026464700956,-0.2384255979849333,0.0,weekly_pga_core,False,-0.067812332095657,-0.0234229925553004,0.0026395090528585,0.0,0.0,-0.0,-0.6084523358156715,2026-09-17 12:32,2026-09-18 07:42
The Cliffs at Walnut Cove,1,2026-09-20,2026-09-17,557,Biltmore Championship Asheville,2026-09-15 19:01:18 UTC,no,pga,-14400,0,USA,29279,87.0,98.0,"suber, jackson",60019,322,79,0.0,0.0,0.0,0.0,0.0,0.0,1999-10-18,-6.5,26,2.8688022566713407,0.2964678710574376,0.7011673601479429,0.5786624964014359,0.0968,pga,2026-08-09,676,0.2964678710574376,0.14,-0.0799999999999999,0.35,30.0,0.0,49.0,-0.328,5.920000000000005,0.0,0.0,0.0,0.0,0.0,0.0,0.0,0.0,0.0,0.0,0.0,0.0,0.0,0.0,0.0,0.0,0.0,0.0,0.0,0.0,2026-09-17,0.0167041077963564,-0.0001322750519925,0.002809343127588,-0.0016825246853794,-0.0010052884750515,0.0167148528811919,0.1335800084983775,-0.0121484792895652,0.1036187321340835,0.0027065999112769,0.0094669380906328,,,0.1114393496153721,0.3673950584664318,0.0014448411884966,0.0100937108370338,300,0.1557280124071242,pga_ridge_v2,-2.9653588642247235,694,-2.9653588642247235,1.0003309771499758,1.0,0.374232864112086,0.0,0.0071933574807235,0.0,weekly_pga_core,False,-0.067812332095657,-0.0234229925553004,0.005697107601207,0.0,0.0,0.0,0.2818568414166813,2026-09-17 12:32,2026-09-18 07:42
The Cliffs at Walnut Cove,1,2026-09-20,2026-09-17,557,Biltmore Championship Asheville,2026-09-15 19:01:18 UTC,no,pga,-14400,0,CAN,13997,374.0,0.0,"svensson, adam",40115,75,178,0.0,0.0,0.0,0.0,0.0,0.0,1993-12-31,-6.5,32,2.440415366305042,-0.9458661835411002,-0.0488326398520571,0.7367838536424471,0.6128,pga,2026-08-07,1024,-0.9458661835411002,0.07,0.1499999999999999,0.03,30.0,0.0,39.0,-0.328,5.920000000000005,0.0,0.0,0.0,0.0,0.0,0.0,0.0,0.0,0.0,0.0,0.0,0.0,0.0,0.0,0.0,0.0,0.0,0.0,0.0,0.0,2026-09-17,-0.0176864643610891,-0.0025363843394611,6.293741880800784e-05,0.003333162714534,-0.0162928940876958,-0.0022532860672741,-0.4448665418578976,-0.0154680896766668,-0.3125817204567977,0.00447663171508,-0.0725814060623011,,,-0.1950188618269013,-1.0953835725128274,-0.0021987610877595,-0.0173029800463443,777,-1.5702258233161874,pga_ridge_v2,-2.9653588642247235,694,-2.9653588642247235,-1.6357824392368163,1.0,-13.218308942260766,0.0,-0.0398418432132386,0.0,weekly_pga_core,False,-0.067812332095657,-0.0234229925553004,-0.0060321504014729,0.0,-0.0,0.0,-1.1926510475652576,2026-09-17 12:10,2026-09-18 07:20
The Cliffs at Walnut Cove,1,2026-09-20,2026-09-17,557,Biltmore Championship Asheville,2026-09-15 19:01:18 UTC,no,pga,-14400,0,SWE,26850,256.0,186.0,"svensson, jesper",57586,100,125,0.0,0.0,0.0,0.0,0.0,0.0,1996-03-14,-6.5,30,3.2,-0.3377762047594171,-0.1738326398520571,0.5496131343343333,0.28,euro,2026-08-25,900,-0.3377762047594171,-0.56,-0.4700000000000001,-0.41,10.0,0.0,41.0,-0.328,-14.079999999999997,0.0,0.0,0.0,0.0,0.0,0.0,0.0,0.0,0.0,0.0,0.0,0.0,0.0,0.0,0.0,0.0,0.0,0.0,0.0,0.0,2026-09-17,-0.0439933898428424,-0.0023418423735737,-0.0025627637719855,-0.0061117511918142,-0.040529490155456,0.0075524576499871,-0.1679190360885351,-0.0115386150325209,-0.2294656896674264,0.0223863282748861,0.0493867269796999,,,-0.0072027872312374,-0.3765003552543104,-0.0009422667509835,-0.0109530210479496,271,-0.7608549481114704,pga_ridge_v2,-2.9653588642247235,694,-2.9653588642247235,-0.7612328943547026,1.0,-1.559871205528245,0.1226878522975735,-0.0202519946902433,0.0,weekly_pga_core,False,0.1612833844437247,-0.0234229925553004,-0.0150043976447034,0.0,-0.0,0.0,-0.2536443610105895,2026-09-17 13:49,2026-09-18 08:59
The Cliffs at Walnut Cove,1,2026-09-20,2026-09-17,557,Biltmore Championship Asheville,2026-09-15 19:01:18 UTC,no,pga,-14400,0,CAN,13126,66.0,81.0,"taylor, nick",25493,206,63,0.0,0.0,0.0,0.0,0.0,0.0,1988-04-14,-6.5,38,2.756626872142533,0.5862624395370702,-0.2988326398520571,1.0494419653956284,0.9094,pga,2026-08-16,1444,0.5862624395370702,-0.0299999999999999,-0.3299999999999999,0.3299999999999999,29.0,0.0,61.0,-0.328,4.920000000000005,0.0,0.0,0.0,0.0,0.0,0.0,0.0,0.0,0.0,0.0,0.0,0.0,0.0,0.0,0.0,0.0,0.0,0.0,0.0,0.0,2026-09-17,0.0389765316987358,0.0041325340482521,0.000223259437626,0.002724070937284,0.0252658320502982,0.0066308352252753,0.2894496712694141,,0.0079731251531711,-0.0220371741026779,-0.0532775569962146,0.1269096178912948,0.1846920750091647,,0.3874512072129333,-0.0378008759321768,-0.0229059084477615,824,-0.199106989789463,pga_ridge_v2,-2.9653588642247235,694,-2.9653588642247235,0.3356109993090121,1.0,-17.906674455843902,0.1058086272753497,-0.0855517666312806,0.0,weekly_pga_core,False,-0.0445620529069048,-0.0531408277640019,0.0239146122454779,0.0,-0.0,0.0,0.3136629387875044,2026-09-17 08:04,2026-09-18 12:54
The Cliffs at Walnut Cove,1,2026-09-20,2026-09-17,557,Biltmore Championship Asheville,2026-09-15 19:01:18 UTC,no,pga,-14400,0,USA,27364,51.0,118.0,"thompson, davis",58168,410,77,0.0,0.0,0.0,0.0,0.0,0.0,1999-06-05,-6.5,27,2.542143390499839,0.8559417026160716,0.4511673601479429,1.2794646556044886,0.9280000000000002,pga,2026-08-09,729,0.8559417026160716,0.25,0.03,-0.17,30.0,0.0,45.0,-0.328,5.920000000000005,0.0,0.0,0.0,0.0,0.0,0.0,0.0,0.0,0.0,0.0,0.0,0.0,0.0,0.0,0.0,0.0,0.0,0.0,0.0,0.0,2026-09-17,-0.0029778844526599,-0.0008877234257368,0.0034489635582459,-0.00144302569353,0.0026788352396776,-0.0067749341313166,0.4067020232407891,,0.14294599682422,0.0070658103143702,0.1060373961412896,0.1295053061393464,0.0976237648186004,,0.8620168707509316,-0.0447757713860178,-0.0181715127058979,457,0.5311101180259773,pga_ridge_v2,-2.9653588642247235,694,-2.9653588642247235,1.219922469516426,1.0,-14.518085723476164,-0.0535930012897623,0.0350838573642313,0.0,weekly_pga_core,False,-0.0536193807335115,-0.0531408277640019,-0.0018271238843837,0.0,-0.0,-0.0,0.7534295383690344,2026-09-17 12:54,2026-09-18 08:04
The Cliffs at Walnut Cove,1,2026-09-20,2026-09-17,557,Biltmore Championship Asheville,2026-09-15 19:01:18 UTC,no,pga,-14400,0,USA,12946,0.0,0.0,"thompson, michael",32150,66,0,0.0,0.0,0.0,0.0,0.0,0.0,1985-04-06,-6.5,41,2.7,-0.945342128984914,0.0,0.5659916671429661,0.5788888888888889,kft,2026-08-14,1681,-0.945342128984914,-0.1199999999999998,0.0,0.0,30.0,0.0,17.0,-0.328,5.920000000000005,0.0,0.0,0.0,0.0,0.0,0.0,0.0,0.0,0.0,0.0,0.0,0.0,0.0,0.0,0.0,0.0,0.0,0.0,0.0,0.0,2026-09-17,0.070269000939168,0.0008455757630818,0.0001303405457362,0.0034043643601329,0.0652547125095706,0.0006340077606464,-0.4272511231460347,-0.0187748136265659,-0.2874179521789683,-0.0,0.0,,,-0.1398088181912368,-1.0477027768106124,-0.0010499218212692,-0.0335738277911319,452,-1.3357766511500098,pga_ridge_v2,-2.9653588642247235,694,-2.9653588642247235,-1.4530065978669664,1.0,0.0193819429753818,0.0,-0.1398263200554055,0.0,weekly_pga_core,False,-0.067812332095657,-0.0234229925553004,0.0239659647950237,0.0,0.0,0.0,-1.1149721366665462,2026-09-17 13:49,2026-09-18 08:59
The Cliffs at Walnut Cove,1,2026-09-20,2026-09-17,557,Biltmore Championship Asheville,2026-09-15 19:01:18 UTC,no,pga,-14400,0,USA,12425,0.0,0.0,"todd, brendon",30927,93,217,0.0,0.0,0.0,0.0,0.0,0.0,1985-07-22,-6.5,41,2.7,-2.159855123442013,-2.0071659731853906,0.9603606128754284,0.8136,kft,2026-08-14,1681,-2.159855123442013,-0.75,-0.65,0.2799999999999999,30.0,0.0,19.0,-0.328,5.920000000000005,0.0,0.0,0.0,0.0,0.0,0.0,0.0,0.0,0.0,0.0,0.0,0.0,0.0,0.0,0.0,0.0,0.0,0.0,0.0,0.0,2026-09-17,0.0303851146952976,0.0023398804648537,-0.0112520254815813,0.0069059515230355,0.0163627816759735,0.0160285265130161,-1.0156116322811948,-0.0201618751657577,-0.4580749052140604,0.0017693387163777,-0.0764800231457498,,,-0.5296087139647626,-2.28532762097008,-0.0058355886156024,-0.0442464855800295,575,-2.897018534049008,pga_ridge_v2,-2.9653588642247235,694,-2.9653588642247235,-2.486216966228013,1.0,-1.9832303813744363,0.0055294631068597,-0.1370777357193003,0.0,weekly_pga_core,False,-0.067812332095657,-0.0234229925553004,0.010363155578527,0.0,-0.0,0.0,-2.3661997900425105,2026-09-17 08:26,2026-09-18 13:16
The Cliffs at Walnut Cove,1,2026-09-20,2026-09-17,557,Biltmore Championship Asheville,2026-09-15 19:01:18 UTC,no,pga,-14400,0,ARG,17032,0.0,465.0,"tosti, alejandro",38991,70,186,0.0,0.0,0.0,0.0,0.0,0.0,1996-05-30,-6.5,30,2.8883072679080826,-1.398980762410221,0.2011673601479429,0.7371237747206789,0.438,pga,2026-08-07,900,-1.398980762410221,-0.84,-0.4,-0.03,30.0,0.0,37.0,-0.328,5.920000000000005,0.0,0.0,0.0,0.0,0.0,0.0,0.0,0.0,0.0,0.0,0.0,0.0,0.0,0.0,0.0,0.0,0.0,0.0,0.0,0.0,2026-09-17,-0.0587007437758239,-0.0046580065581291,-0.0055636915150856,-0.0034766369422679,-0.0416514051988634,-0.0033510035614777,-0.6419159846396955,-0.0154752260025989,-0.3350041932014094,0.046092526256767,0.0213234327488287,,,-0.2919167353339261,-1.2652391098016134,-0.0039307488469469,-0.0266425273118924,288,-1.900906430797917,pga_ridge_v2,-2.9653588642247235,694,-2.9653588642247235,-1.7693007375860947,1.0,-2.9670714592155107,0.0,-0.0177696534707397,0.0,weekly_pga_core,False,-0.067812332095657,-0.0234229925553004,-0.0200204918238554,0.0,-0.0,0.0,-1.376494926276426,2026-09-17 08:59,2026-09-18 13:49
The Cliffs at Walnut Cove,1,2026-09-20,2026-09-17,557,Biltmore Championship Asheville,2026-09-15 19:01:18 UTC,no,pga,-14400,0,USA,31188,0.0,0.0,"valdes, brendan",65110,92,0,0.0,0.0,0.0,0.0,0.0,0.0,1995-01-01,-6.5,31,2.8948034612556186,-0.9707817113428284,-0.8404993065187241,0.1509630501659858,-0.1014285714285714,pga,2025-11-23,961,-0.9707817113428284,-0.28,0.0,0.0,30.0,0.0,0.0,-0.328,5.920000000000005,0.0,0.0,0.0,0.0,0.0,0.0,0.0,0.0,0.0,0.0,0.0,0.0,0.0,0.0,0.0,0.0,0.0,0.0,0.0,0.0,2026-09-17,0.0083829144526691,0.0,0.0,-0.0,0.0083829144526691,0.0,-0.3827200811453635,-0.0031693284078994,-0.2833596173442516,-0.0146770629089748,0.0264681725203523,,,-0.1621306635257792,-0.8474186650204547,-0.0017557560861593,-0.0147024891708539,44,-1.829194330908825,pga_ridge_v2,-2.9653588642247235,694,-2.9653588642247235,-1.4009566747972406,1.0,0.0,0.0,-0.0113718389515252,0.0,weekly_pga_core,False,-0.067812332095657,-0.0234229925553004,0.0028590791098095,0.0,0.0,0.0,-0.9357949105616028,2026-09-17 14:00,2026-09-18 09:10
The Cliffs at Walnut Cove,1,2026-09-20,2026-09-17,557,Biltmore Championship Asheville,2026-09-15 19:01:18 UTC,no,pga,-14400,0,RSA,17550,201.0,212.0,"van rooyen, erik",40006,148,146,0.0,0.0,0.0,0.0,0.0,0.0,1990-02-21,-6.5,36,2.671254778139252,-0.2637586166538429,0.0,1.0614931504478544,0.795,euro,2026-08-25,1296,-0.2637586166538429,0.0,0.0,0.0,3.0,3.0,51.0,2.672,-21.079999999999995,0.0,0.0,0.0,0.0,0.0,0.0,0.0,0.0,0.0,0.0,0.0,0.0,0.0,0.0,0.0,0.0,0.0,0.0,0.0,0.0,2026-09-17,-0.0152573694964744,0.0021373762585478,-0.0021014364567243,-7.493067976602942e-05,-0.0293458748392868,0.0141274962207549,-0.0941586576515141,-0.0222850584484485,-0.1151658783901061,-0.0160240319857846,-0.0410712365565771,,,-0.0422654118663179,-0.4128801790196873,-0.0002261331417295,-0.0011193331647584,715,-0.5746892377091543,pga_ridge_v2,-2.9653588642247235,694,-2.9653588642247235,-0.4084568194923055,1.0,-25.231312701292893,0.0279988601942819,-0.0805644378144507,0.0,weekly_pga_core,False,0.2414668852325083,-0.0234229925553004,-0.0052036826385752,0.0,-0.0,0.0,-0.2000399689810546,2026-09-17 13:05,2026-09-18 08:15
The Cliffs at Walnut Cove,1,2026-09-20,2026-09-17,557,Biltmore Championship Asheville,2026-09-15 19:01:18 UTC,no,pga,-14400,0,USA,25319,357.0,323.0,"vanderlaan, john",55573,77,170,0.0,0.0,0.0,0.0,0.0,0.0,1996-06-28,-6.5,30,2.7369889086945824,-0.6339750322336095,0.3261673601479429,0.28,0.28,pga,2026-08-07,900,-0.6339750322336095,-0.03,-0.29,-0.0099999999999999,30.0,0.0,37.0,-0.328,5.920000000000005,0.0,0.0,0.0,0.0,0.0,0.0,0.0,0.0,0.0,0.0,0.0,0.0,0.0,0.0,0.0,0.0,0.0,0.0,0.0,0.0,2026-09-17,-0.014390940152286,-0.0015918701244784,-0.0045957135262377,-0.0006793881292031,-0.0032276190962419,-0.0042963492761247,-0.2937292714562378,-0.0058783387937387,-0.1792102198179307,0.0237267295462235,0.0222912480838429,,,-0.2238300107518512,-0.691718610825943,-0.0014671383156523,-0.0158519558498588,536,-1.0697997532117889,pga_ridge_v2,-2.9653588642247235,694,-2.9653588642247235,-1.234839105043284,1.0,0.0,0.0,-0.0177696534707397,0.0,weekly_pga_core,False,-0.067812332095657,-0.0234229925553004,-0.0049081780080458,0.0,0.0,0.0,-0.7878621134849464,2026-09-17 13:38,2026-09-18 08:48
The Cliffs at Walnut Cove,1,2026-09-20,2026-09-17,557,Biltmore Championship Asheville,2026-09-15 19:01:18 UTC,no,pga,-14400,0,NOR,15651,121.0,187.0,"ventura, kristoffer",35658,228,104,0.0,0.0,0.0,0.0,0.0,0.0,1995-02-24,-6.5,31,2.453247837682719,0.2856759536631562,0.5761673601479429,0.5206293517767552,0.1962,pga,2026-08-09,961,0.2856759536631562,0.34,-0.21,0.44,30.0,0.0,37.0,-0.328,5.920000000000005,0.0,0.0,0.0,0.0,0.0,0.0,0.0,0.0,0.0,0.0,0.0,0.0,0.0,0.0,0.0,0.0,0.0,0.0,0.0,0.0,2026-09-17,-0.0028091391373581,0.0004881123226765,-0.0010735654753298,-0.0029758564750919,0.0219933569376773,-0.0212411864472902,0.1283138302414301,-0.0109301275561012,0.1145594017588007,0.0110267303279786,0.0779087876979187,,,0.0163081975046886,0.306192485978244,0.0001163224125936,-0.0022565879349081,533,-0.0793825585275169,pga_ridge_v2,-2.9653588642247235,694,-2.9653588642247235,0.946343876617161,1.0,0.0,0.0,-0.0288540684741571,0.0,weekly_pga_core,False,-0.067812332095657,-0.0234229925553004,-0.0009580857671298,0.0,0.0,0.0,0.2139990755601566,2026-09-17 08:37,2026-09-18 13:27
The Cliffs at Walnut Cove,1,2026-09-20,2026-09-17,557,Biltmore Championship Asheville,2026-09-15 19:01:18 UTC,no,pga,-14400,0,AUS,24304,216.0,207.0,"vilips, karl",54304,118,129,0.0,0.0,0.0,0.0,0.0,0.0,2001-08-16,-6.5,25,3.023893877244058,-0.2852134211158759,-0.0488326398520571,1.183419495884774,1.334,pga,2026-08-07,625,-0.2852134211158759,-0.42,-0.4,0.01,30.0,0.0,41.0,-0.328,5.920000000000005,0.0,0.0,0.0,0.0,0.0,0.0,0.0,0.0,0.0,0.0,0.0,0.0,0.0,0.0,0.0,0.0,0.0,0.0,0.0,0.0,2026-09-17,-0.0448212969832802,0.0007399426856342,0.0003907902780729,-0.0011235568742384,-0.0444046328581937,-0.0004238402145551,-0.1222759072234512,-0.0248447883283079,-0.1097309870750351,0.0165015288033374,-0.0344549720480052,,,-0.0993441031327281,-0.3617671042731312,-0.0004893730171784,-0.0051788294365797,160,-0.7765139126484804,pga_ridge_v2,-2.9653588642247235,694,-2.9653588642247235,-0.6261718646986594,1.0,-7.151500081683356,-0.0398079831560052,0.0180503271848172,0.0,weekly_pga_core,False,-0.067812332095657,-0.0234229925553004,-0.015286763881822,0.0,-0.0,-0.0,-0.4682891928059108,2026-09-17 08:04,2026-09-18 12:54
The Cliffs at Walnut Cove,1,2026-09-20,2026-09-17,557,Biltmore Championship Asheville,2026-09-15 19:01:18 UTC,no,pga,-14400,0,COL,9171,411.0,0.0,"villegas, camilo",27770,83,194,0.0,0.0,0.0,0.0,0.0,0.0,1982-01-07,-6.5,44,2.3,-0.9282502565356824,0.3261673601479429,0.119300869194713,-0.2012,pga,2026-08-07,1936,-0.9282502565356824,0.03,0.15,-0.0699999999999999,30.0,0.0,37.0,-0.328,5.920000000000005,0.0,0.0,0.0,0.0,0.0,0.0,0.0,0.0,0.0,0.0,0.0,0.0,0.0,0.0,0.0,0.0,0.0,0.0,0.0,0.0,2026-09-17,-0.0324502521136229,-6.665120374599014e-05,-0.0012588925170486,0.0030329846716323,-0.0432897824704488,0.0091320894059882,-0.4385477284415061,-0.0025046104554072,-0.1811416820320152,-0.0054339493683124,-0.0782095412271766,,,-0.2544078810731424,-1.166134453601308,-0.0021583871356413,-0.0156420851490303,568,-1.647339654739588,pga_ridge_v2,-2.9653588642247235,694,-2.9653588642247235,-1.0936589525234142,1.0,-0.3876154532683777,0.0,-0.188088588719076,0.0,weekly_pga_core,False,-0.067812332095657,-0.0234229925553004,-0.0110674919146493,0.0,-0.0,0.0,-1.2684372701669149,2026-09-17 12:21,2026-09-18 07:31
The Cliffs at Walnut Cove,1,2026-09-20,2026-09-17,557,Biltmore Championship Asheville,2026-09-15 19:01:18 UTC,no,pga,-14400,0,USA,25003,485.0,307.0,"walker, danny",54607,83,158,0.0,0.0,0.0,0.0,0.0,0.0,1995-10-04,-6.5,30,3.2,-1.2223707619616178,0.3261673601479429,0.1607822646673122,-0.1772,pga,2026-08-09,900,-1.2223707619616178,0.4499999999999999,0.24,0.0399999999999999,30.0,0.0,39.0,-0.328,5.920000000000005,0.0,0.0,0.0,0.0,0.0,0.0,0.0,0.0,0.0,0.0,0.0,0.0,0.0,0.0,0.0,0.0,0.0,0.0,0.0,0.0,2026-09-17,-0.0608501244829109,-0.003147289969022,-0.0029681711910983,-0.0027836447374293,-0.0280001302978805,-0.0239508882874806,-0.611170043038768,-0.0033754736562108,-0.1627381861861515,0.0274989153548328,0.0014806161463533,,,-0.3271152616148791,-1.1187429275585563,-0.0021916005147744,-0.0183521977165944,332,-1.4531361307291522,pga_ridge_v2,-2.9653588642247235,694,-2.9653588642247235,-1.96694585137578,1.0,0.0,0.0,-0.022779696332364,0.0,weekly_pga_core,False,-0.067812332095657,-0.0234229925553004,-0.0207535601992226,0.0,0.0,0.0,-1.2307318124087363,2026-09-17 07:42,2026-09-18 12:32
The Cliffs at Walnut Cove,1,2026-09-20,2026-09-17,557,Biltmore Championship Asheville,2026-09-15 19:01:18 UTC,no,pga,-14400,1,USA,34445,258.0,0.0,"watts, tyler",69500,117,0,0.0,0.0,0.0,0.0,0.0,0.0,1995-01-01,-6.5,31,2.3,-0.6843962094244928,0.0,0.0,0.0,0,,961,-0.6843962094244928,0.0,0.0,0.0,24.08,0.0,0.0,0.0,3.552713678800501e-15,0.0,0.0,0.0,0.0,0.0,0.0,0.0,0.0,0.0,0.0,0.0,0.0,0.0,0.0,0.0,0.0,0.0,0.0,0.0,0.0,2026-09-17,-0.0034853406542964,0.0,0.0,-0.0,-0.0034853406542964,0.0,,,,,,,,,0.0,,,8,-2.052973802304632,tour_prior_shrunk_partial,-2.9653588642247235,694,-2.9653588642247235,-0.6843962094244928,0.4,0.0,0.0,,-2.052973802304632,tour_prior_shrunk_partial,True,0.0,0.0,0.0,0.0,0.0,0.0,-2.052973802304632,2026-09-17 13:49,2026-09-18 08:59
The Cliffs at Walnut Cove,1,2026-09-20,2026-09-17,557,Biltmore Championship Asheville,2026-09-15 19:01:18 UTC,no,pga,-14400,0,USA,25908,299.0,209.0,"whaley, vince",51894,89,171,0.0,0.0,0.0,0.0,0.0,0.0,1995-03-14,-6.5,31,2.3879548690229626,-0.6433655213341889,0.5761673601479429,0.5780404544467891,0.4182,kft,2026-08-16,961,-0.6433655213341889,-0.4499999999999999,-0.02,-0.4499999999999999,29.0,0.0,41.0,-0.328,4.920000000000005,0.0,0.0,0.0,0.0,0.0,0.0,0.0,0.0,0.0,0.0,0.0,0.0,0.0,0.0,0.0,0.0,0.0,0.0,0.0,0.0,2026-09-17,-0.070221209191669,0.0024352888334944,-0.0043785502655208,-3.083362864731474e-05,-0.0827111096737193,0.014463995542724,-0.2924156903651225,-0.0121354200990176,-0.2604470362107811,-0.0059034564728467,-0.0991504507920044,,,-0.1431044331036426,-0.859828949640359,-0.0019702506048904,-0.0167310311075962,632,-1.5713410391544107,pga_ridge_v2,-2.9653588642247235,694,-2.9653588642247235,-1.5585453372779736,1.0,0.0,0.0,-0.0279711808844571,0.0,weekly_pga_core,False,-0.0563575462686879,-0.0234229925553004,-0.0239496649284716,0.0,0.0,0.0,-0.9635591533928192,2026-09-17 13:27,2026-09-18 08:37
The Cliffs at Walnut Cove,1,2026-09-20,2026-09-17,557,Biltmore Championship Asheville,2026-09-15 19:01:18 UTC,no,pga,-14400,0,USA,22051,454.0,475.0,"wise, aaron",49964,137,151,0.0,0.0,0.0,0.0,0.0,0.0,1996-06-21,-6.5,30,3.2,-0.5915855049687475,0.4511673601479429,1.3526934385129628,1.2372,pga,2026-08-06,900,-0.5915855049687475,-0.5900000000000001,-0.56,0.01,30.0,0.0,24.0,-0.328,5.920000000000005,0.0,0.0,0.0,0.0,0.0,0.0,0.0,0.0,0.0,0.0,0.0,0.0,0.0,0.0,0.0,0.0,0.0,0.0,0.0,0.0,2026-09-17,0.0155064572655089,-0.0012144265291049,-0.0015541858816601,-7.350849213195882e-05,0.0059490739759364,0.0123995041924694,-0.2558006369674102,-0.0287618719550788,-0.2001563018390745,0.0313733047205125,-0.0211042198110639,,,-0.1685180408817823,-0.6760234453114065,-0.0021206943164655,-0.0139826977695568,487,-1.096889375126636,pga_ridge_v2,-2.9653588642247235,694,-2.9653588642247235,-0.6072593127931846,1.0,1.0416898083471304,0.0061701419095786,-0.0169522864914868,0.0,weekly_pga_core,False,-0.067812332095657,-0.0234229925553004,0.0052886365816193,0.0,0.0,0.0,-0.7619701333807447,2026-09-17 12:54,2026-09-18 08:04
The Cliffs at Walnut Cove,1,2026-09-20,2026-09-17,557,Biltmore Championship Asheville,2026-09-15 19:01:18 UTC,no,pga,-14400,0,USA,25002,335.0,432.0,"wu, dylan",54783,61,162,0.0,0.0,0.0,0.0,0.0,0.0,1996-07-20,-6.5,30,2.335397199208398,-0.6841192205112556,0.0761673601479429,0.2784409834224228,0.1182,pga,2026-08-07,900,-0.6841192205112556,-0.3500000000000001,0.15,-0.2299999999999999,30.0,0.0,39.0,-0.328,5.920000000000005,0.0,0.0,0.0,0.0,0.0,0.0,0.0,0.0,0.0,0.0,0.0,0.0,0.0,0.0,0.0,0.0,0.0,0.0,0.0,0.0,2026-09-17,-0.0193076645695382,-0.0016756783876177,-0.0001421245102407,0.0020273197863106,-0.004048425489161,-0.0154687559688292,-0.3063163064322289,-0.0058456086950671,-0.2633048693420513,0.0047078633366846,-0.0836552556987396,,,-0.1686539425276547,-0.860525177450949,-0.0018661193540893,-0.0186386522463157,572,-1.4237897238487038,pga_ridge_v2,-2.9653588642247235,694,-2.9653588642247235,-1.2225068303141242,1.0,-1.0488119203587396,0.0,-0.0169522864914868,0.0,weekly_pga_core,False,-0.067812332095657,-0.0234229925553004,-0.0065850773906443,0.0,-0.0,0.0,-0.9583455794925508,2026-09-17 08:15,2026-09-18 13:05
The Cliffs at Walnut Cove,1,2026-09-20,2026-09-17,557,Biltmore Championship Asheville,2026-09-15 19:01:18 UTC,no,pga,-14400,0,USA,26502,0.0,0.0,"yribarren, phillip",47327,25,0,0.0,0.0,0.0,0.0,0.0,0.0,1995-01-01,-6.5,31,3.0,-2.5,0.0,0.0,0.0,0,,961,-2.5,0.0,0.0,0.0,24.08,0.0,0.0,0.0,3.552713678800501e-15,0.0,0.0,0.0,0.0,0.0,0.0,0.0,0.0,0.0,0.0,0.0,0.0,0.0,0.0,0.0,0.0,0.0,0.0,0.0,0.0,2026-09-17,0.0,0.0,0.0,0.0,0.0,0.0,,,,,,,,,0.0,,,0,-2.9653588642247235,tour_cold_start_prior,-2.9653588642247235,694,-2.9653588642247235,,0.0,0.0,0.0,,-2.9653588642247235,tour_cold_start_prior,True,0.0,0.0,0.0,0.0,0.0,0.0,-2.9653588642247235,2026-09-17 13:38,2026-09-18 08:48
The Cliffs at Walnut Cove,1,2026-09-20,2026-09-17,557,Biltmore Championship Asheville,2026-09-15 19:01:18 UTC,no,pga,-14400,0,TPE,17881,67.0,105.0,"yu, kevin",45242,314,92,0.0,0.0,0.0,0.0,0.0,0.0,1998-08-11,-6.5,28,2.306746460664181,0.6495140822646784,1.201167360147943,0.8356053354147873,0.74,pga,2026-08-09,784,0.6495140822646784,0.39,0.45,0.07,30.0,0.0,47.0,-0.328,5.920000000000005,0.0,0.0,0.0,0.0,0.0,0.0,0.0,0.0,0.0,0.0,0.0,0.0,0.0,0.0,0.0,0.0,0.0,0.0,0.0,0.0,2026-09-17,0.0115016840829119,-0.0003792929896438,0.0011414870363801,-0.0025130166112264,0.0075775141571655,0.0056749924902365,0.2942950643388826,,0.1671155520853794,-0.0109311696975646,0.0787870637268729,0.1032693173955995,0.0600677391157378,,0.6731616245444914,-0.0358047956701264,-0.0126422438583139,428,0.3239023146331397,pga_ridge_v2,-2.9653588642247235,694,-2.9653588642247235,1.1923830042033718,1.0,-6.417738462921978,-0.0865276148030444,0.029005097108024,0.0,weekly_pga_core,False,-0.0536193807335115,-0.0531408277640019,0.0070570238814179,0.0,-0.0,-0.0,0.5734584399283957,2026-09-17 12:43,2026-09-18 07:53
