course_name,current_round,date_end,date_start,event_id,event_name,last_updated,multi_course,tour_x,tz_offset,am,country,dg_id,dg_rank,owgr_rank,player_name,player_num,pre_tourn_pageviews,tour_rank,r1_course,r2_course,r3_teetime,r3_course,r4_teetime,r4_course,Birthday,c_exp,player_age,std_dev,skill_est,ema_8_great_shots,max_skill,sma_50_max_skill,tour_y,Date,age_squared,adj_skill_est,delta_adj_skill_est,delta_sg_putt,delta_sg_ott,dsle,consecutive_weeks_played,sample,relative_consecutive_weeks,relative_dsle,course_adjustment,putt_adj,app_adj,dd_adj,acc_adj,arg_adj,course_history_raw,comp_adj_skill_est,comp_max_skill,comp_ema_sg_adj,comp_putt,comp_ott,comp_max_skill_50,comp_6m_sg,comp_sma20_sg,pred_step2,comp_sma50_sg,comp_sma6m_sg,majors_history_raw,links_adj,comp_age,comp_relative_dsle,comp_c_exp,comp_c_adj,comp_c_hist,comp_major,comp_links,pred,r1_teetime,r2_teetime
TPC Twin Cities,1,2026-07-26,2026-07-23,525,3M Open,2026-07-20 16:20:46 UTC,no,pga,-18000,0,USA,19846,97.0,158.0,"bauchou, zach",48001,132,85.0,0.0,0.0,0.0,0.0,0.0,0.0,1996-01-01,-6.5,30,3.0,-2.5,-0.2046913580246916,0.3260622554941824,0.1533333333333333,pga,2026-07-06,900,-2.5,-0.21,-0.03,-0.11,0.0,4.0,57.0,0.9703703703703704,-3.096296296296296,0.0,0.0,0.0,0.0,0.0,0.0,0.0,0.0576310554869922,0.0058697073154589,0.1353968341092887,0.0024609196182897,0.0208157835428501,,,0.0734024382687826,0.3155456674168053,-0.0055616685015014,0.0087744913119507,-2.8700606846713392,0.0,0.0167561062646933,0.0359306474480603,-0.0182604426937221,0.0,0.0,-0.0,0.0,0.3332158721711435,2026-07-20 10:00,2026-07-20 10:00
TPC Twin Cities,1,2026-07-26,2026-07-23,525,3M Open,2026-07-20 16:20:46 UTC,no,pga,-18000,0,RSA,18103,73.0,98.0,"bezuidenhout, christiaan",45522,120,92.0,0.0,0.0,0.0,0.0,0.0,0.0,1994-05-18,-0.5,32,2.3,0.7412468359655576,-0.4546913580246916,1.2024297193729567,1.028,pga,2026-07-06,1024,0.7412468359655576,0.0,0.0,0.0,0.0,4.0,63.0,0.9703703703703704,-3.096296296296296,0.2257796812788738,-0.000561655619042,-0.0197607440061889,0.260362913247752,-0.011571067127521,-0.0026897652161261,0.1588331179696718,0.3580372291792363,,-0.0423969222091028,0.0048274044794235,-0.0464317626544885,0.1938237276312382,0.0940197130310101,,0.5397557815995404,-0.0384143284326527,0.0150616274385579,-1.7410616955700773,0.0322307150205933,0.0012290931363183,0.029716800775681,-0.0037605699939921,0.1263038167101341,0.0007941655898483,-0.0,0.0,0.6928099946812118,2026-07-20 10:00,2026-07-20 10:00
TPC Twin Cities,1,2026-07-26,2026-07-23,525,3M Open,2026-07-20 16:20:46 UTC,no,pga,-18000,0,USA,17639,101.0,155.0,"blair, zac",40058,125,128.0,0.0,0.0,0.0,0.0,0.0,0.0,1990-08-20,3.5,35,2.4537805901709,0.3059664976318936,0.5453086419753084,0.3059664976318936,0.0002,pga,2026-07-06,1225,0.3059664976318936,0.21,0.23,0.01,7.0,5.0,61.0,1.9703703703703703,3.903703703703704,0.2466092802623917,0.0004102384531927,-0.0228393220990956,0.2922831088577893,-0.024243837690333,0.0009990927408383,8.029246394095136,0.1093650935529831,0.005462088987897,0.1947487689325723,-0.0017623690014006,-0.0727897054502903,,,0.0219197851018761,0.2159299157389162,-0.0069339610088551,0.0077406649462694,9.706614479702242,0.0,-0.0418204503221357,-0.0453001225003058,0.0098325460658504,0.0827092191404693,0.0802924639409513,0.0,0.0,0.3434640223858815,2026-07-20 10:00,2026-07-20 10:00
TPC Twin Cities,1,2026-07-26,2026-07-23,525,3M Open,2026-07-20 16:20:46 UTC,no,pga,-18000,0,USA,24956,289.0,126.0,"blanchet, chandler",54788,25,104.0,0.0,0.0,0.0,0.0,0.0,0.0,1995-02-01,-6.5,31,3.095597035905719,-0.4086932817096199,-0.4546913580246916,0.3831674103258151,0.104,pga,2026-07-06,961,-0.4086932817096199,-0.6,0.0999999999999999,-0.43,2.0,3.0,54.0,-0.0296296296296296,-1.096296296296296,0.114535549588517,0.0004082379038647,-0.0023055221342439,0.1271551291712246,-0.0160248848030725,0.005302589450744,0.0,-0.176853120391857,0.0068977028574687,-0.4392977388317847,0.016533963845627,-0.0104234958070643,,,-0.0660477735306531,-0.6676062119777219,0.0085392843193444,-0.015043706732583,2.3367994548367186,0.0,0.0080886722937802,0.0127218560342414,-0.0182604426937221,0.0384135822472347,0.0,0.0,0.0,-0.6347312163899679,2026-07-20 10:00,2026-07-20 10:00
TPC Twin Cities,1,2026-07-26,2026-07-23,525,3M Open,2026-07-20 16:20:46 UTC,no,pga,-18000,0,USA,10423,0.0,0.0,"brehm, ryan",28420,15,200.0,0.0,0.0,0.0,0.0,0.0,0.0,1986-04-05,9.5,40,2.711416822685925,-1.9864496608576017,0.0453086419753083,0.0111701274558386,-0.2338,pga,2026-07-06,1600,-1.9864496608576017,-0.1,-0.14,-0.14,2.0,4.0,36.0,0.9703703703703704,-1.096296296296296,-0.1301477912109503,0.0011874398988695,0.0283035731794728,-0.1970846127442028,0.0322527978957625,0.0051930105591476,1.197081921709974,-0.7113994155505331,0.0002012159324239,-0.6099768656433324,0.0422222245574527,-0.0331741797691899,,,-0.524488542207392,-1.9546922188265592,0.0294853012130345,-0.0433214393970093,-1.152744945801541,0.0,-0.1042405179620135,0.0127218560342414,0.0266883393215939,-0.0436497043925565,0.0119708192170997,-0.0,0.0,-1.9469609086461803,2026-07-20 10:00,2026-07-20 10:00
TPC Twin Cities,1,2026-07-26,2026-07-23,525,3M Open,2026-07-20 16:20:46 UTC,no,pga,-18000,0,USA,29197,90.0,61.0,"brennan, michael",61522,200,105.0,0.0,0.0,0.0,0.0,0.0,0.0,2002-06-01,-6.5,24,2.3,0.4184191149065304,0.6703086419753084,0.4625591690308216,0.2584,pga,2026-07-06,576,0.4184191149065304,0.0,0.0,0.0,0.0,4.0,64.0,0.9703703703703704,-3.096296296296296,-0.3331656481038115,0.0004102721653163,-0.0067271335108703,-0.3412260565229263,0.0104756673438931,0.0039016024207756,0.0,0.1269798863503419,0.0083268973717238,0.0786188901155066,0.0129948326295656,0.100527439202742,,,0.0953222233706588,0.4874620938388373,-0.0047431837670315,0.0071934579700011,0.6008446728054149,-0.0121999587075129,0.0622416505953288,0.0359306474480603,-0.0182604426937221,-0.1117389847201826,0.0,0.0,-0.0,0.3933933138729928,2026-07-20 10:00,2026-07-20 10:00
TPC Twin Cities,1,2026-07-26,2026-07-23,525,3M Open,2026-07-20 16:20:46 UTC,no,pga,-18000,0,USA,18628,387.0,140.0,"campbell, brian",46443,29,161.0,0.0,0.0,0.0,0.0,0.0,0.0,1993-05-23,-6.5,33,3.105229101625983,-0.8343174215465393,-0.7046913580246916,0.4951865800345589,0.163,pga,2026-07-06,1089,-0.8343174215465393,0.4499999999999999,0.0199999999999999,-0.0999999999999999,9.0,0.0,55.0,-3.0296296296296297,5.903703703703704,0.4400908014081004,-0.000375006963815,0.014432976257557,0.4471620191532794,-0.0219309133656249,0.000801726326704,0.0,-0.3024763815444354,0.0089142494795685,-0.3084791810586872,0.0105102441716925,-0.0849670948632141,,,-0.2476070461836933,-0.9409484213457732,0.0139720666482474,-0.0199987519542185,0.3571354601966687,-0.0422012329653552,-0.0108165260410328,-0.0685089139141247,-0.0182604426937221,0.1476001490967342,0.0,0.0,-0.0,-0.8801176288568857,2026-07-20 10:00,2026-07-20 10:00
TPC Twin Cities,1,2026-07-26,2026-07-23,525,3M Open,2026-07-20 16:20:46 UTC,no,pga,-18000,0,NZL,18359,0.0,0.0,"campbell, thomas",46238,8,0.0,0.0,0.0,0.0,0.0,0.0,0.0,1995-01-01,-4.5,31,2.3,-6.239999999999999,-4.440892098500626e-16,0.0,0.0,0,,961,-6.239999999999999,0.0,0.0,0.0,3.096296296296296,0.0,0.0,0.0,0.0,0.0453544519246921,-0.0,-0.0,-0.0,0.0453544519246921,-0.0,0.0,,,,,,,,,,,,0.0,0.0,,-0.0,-0.0126418449418076,0.0152112333292726,0.0,0.0,0.0,-6.239999999999999,2026-07-20 10:00,2026-07-20 10:00
TPC Twin Cities,1,2026-07-26,2026-07-23,525,3M Open,2026-07-20 16:20:46 UTC,no,pga,-18000,0,PUR,12909,0.0,0.0,"campos, rafael",32070,14,172.0,0.0,0.0,0.0,0.0,0.0,0.0,1988-04-15,-0.5,38,2.514152703372056,-1.6738123464867067,-0.3296913580246916,-0.4062673119314626,-0.6186,pga,2026-07-06,1444,-1.6738123464867067,-0.0899999999999998,0.05,0.0899999999999999,2.0,3.0,37.0,-0.0296296296296296,-1.096296296296296,0.0436200976864672,0.0007143776205836,0.0094967822756822,0.0177761132505276,0.0092029830686638,0.0064298414710099,-13.960049162761344,-0.5162442686474541,-0.0073135426523433,-0.1518071859336525,0.0198370463642231,-0.0690072872113197,,,-0.4437314392004798,-1.2486678859025473,0.0223666417157682,-0.0284510339914141,5.806675716831294,0.0,-0.0743168163458755,0.0127218560342414,-0.0014046494379786,0.0146295557678933,-0.1396004916276134,0.0,0.0,-1.3623216151660047,2026-07-20 10:00,2026-07-20 10:00
TPC Twin Cities,1,2026-07-26,2026-07-23,525,3M Open,2026-07-20 16:20:46 UTC,no,pga,-18000,0,USA,27819,105.0,99.0,"castillo, ricky",59440,80,69.0,0.0,0.0,0.0,0.0,0.0,0.0,2001-02-01,-4.5,25,2.308318229174229,0.2201001294354121,0.6703086419753084,0.6846504481410821,0.341,pga,2026-07-06,625,0.2201001294354121,0.18,-0.17,0.1399999999999999,7.0,2.0,55.0,-1.0296296296296297,3.903703703703704,-0.0597191127430763,-0.0002095368880496,0.00763480327408,-0.0625684280304118,-0.0031766143116129,-0.0013993367870817,-0.5407452064186398,0.0816301142854756,0.0123249400268523,0.0502246477291162,-0.0028936755636428,-0.0085572531446019,,,0.0595583634675977,0.2532388424250642,-0.0073568687626937,0.0117231130116303,-2.7279512373074906,0.0,0.0565854613753305,-0.0453001225003058,-0.0126418449418076,-0.0200289347484655,-0.0054074520641863,-0.0,0.0,0.1698604881702988,2026-07-20 10:00,2026-07-20 10:00
TPC Twin Cities,1,2026-07-26,2026-07-23,525,3M Open,2026-07-20 16:20:46 UTC,no,pga,-18000,0,USA,23542,444.0,373.0,"champ, cameron",52372,119,203.0,0.0,0.0,0.0,0.0,0.0,0.0,1995-06-15,11.5,31,2.8161371310554264,-1.2202175259589534,-0.5796913580246916,0.6312666986913391,0.3804,pga,2026-07-06,961,-1.2202175259589534,0.0,0.0,0.0,0.0,5.0,31.0,1.9703703703703703,-3.096296296296296,-0.1862975306572191,0.0001813378405354,0.0170602647218762,-0.219794807161236,0.0136556897320678,0.0025999842095373,22.950996845305003,-0.3079800321687627,0.0199419933358129,-0.2666468598974618,-0.0028356083982279,0.0250118505811321,,,-0.2220820332690085,-0.7510015853152532,0.0158204899941065,-0.0242368733125028,6.1548014548489975,0.0,0.0120054878196588,0.0359306474480603,0.0323069370735084,-0.062481522479858,0.22950996845305,0.0,0.0,-0.5157355548204924,2026-07-20 10:00,2026-07-20 10:00
TPC Twin Cities,1,2026-07-26,2026-07-23,525,3M Open,2026-07-20 16:20:46 UTC,no,pga,-18000,0,USA,30620,239.0,267.0,"chatfield, davis",59006,48,144.0,0.0,0.0,0.0,0.0,0.0,0.0,1999-06-01,-6.5,27,2.3,-0.4390162690426349,1.7953086419753084,0.0899770583504496,-0.212,pga,2026-07-06,729,-0.4390162690426349,0.0,0.0,0.0,0.0,4.0,43.0,0.9703703703703704,-3.096296296296296,0.2120093346703948,0.0002187699196131,0.0029133540588302,0.2488728338972617,-0.0403173082412594,0.0003216850359491,0.0,-0.1030188358409864,0.0016197489550658,0.0670572867403729,-0.0113495284293469,-0.0829198453873356,,,-0.1511311499129356,-0.2391439028577085,0.0081788058053582,-0.0123562147893222,0.0,0.0,0.0447758300014211,0.0359306474480603,-0.0182604426937221,0.0711048931427943,0.0,0.0,0.0,-0.1503688049605759,2026-07-20 10:00,2026-07-20 10:00
TPC Twin Cities,1,2026-07-26,2026-07-23,525,3M Open,2026-07-20 16:20:46 UTC,no,pga,-18000,0,USA,32330,291.0,296.0,"clanton, luke",66743,38,153.0,0.0,0.0,0.0,0.0,0.0,0.0,2003-11-05,-0.5,22,2.7834414174525466,-0.5165049151310723,-1.0796913580246916,1.0,1.0,pga,2026-07-06,484,-0.5165049151310723,-0.2599999999999999,0.0899999999999999,-0.21,2.0,3.0,42.0,-0.0296296296296296,-1.096296296296296,0.0478566540598207,0.000724117384604,-0.0106245789041205,0.0406958348955443,0.0135886228190615,0.0034726578647314,-2.845376635380176,-0.1889053165108747,0.0180017994004329,-0.1713469813053005,0.006808629570384,-0.0428798899368457,,,-0.1600721148887009,-0.5220486124815523,0.0133728034841347,-0.0183727103797173,0.0,0.0,0.0213451680849351,0.0127218560342414,-0.0014046494379786,0.0160504360734188,-0.0284537663538017,0.0,0.0,-0.5231347361656724,2026-07-20 10:00,2026-07-20 10:00
TPC Twin Cities,1,2026-07-26,2026-07-23,525,3M Open,2026-07-20 16:20:46 UTC,no,pga,-18000,0,CAN,17576,53.0,48.0,"conners, corey",39997,301,58.0,0.0,0.0,0.0,0.0,0.0,0.0,1992-01-06,-2.5,34,2.528163711075689,0.8971994031986025,-0.3296913580246916,1.5690083735194826,1.4029999999999998,pga,2026-07-06,1156,0.8971994031986025,0.0,0.0,0.0,0.0,3.0,65.0,-0.0296296296296296,-3.096296296296296,0.0552747441373048,0.0002711632460152,-0.0265080037992075,0.0778960630749843,0.0040069225588432,-0.0003914009433304,1.707148684308141,0.3906526973344236,,0.1095582477519604,0.0063137194009828,-0.017739219886266,0.2645279084305712,0.1057468523812574,,0.8030139176691421,-0.0404026908031588,0.0117969702167171,10.997346701817346,0.0186885506141637,-0.0274405671573456,0.029716800775681,-0.0188028499699607,0.0309213438192188,0.0085357434215407,0.0,0.0,0.853384955715622,2026-07-20 10:00,2026-07-20 10:00
TPC Twin Cities,1,2026-07-26,2026-07-23,525,3M Open,2026-07-20 16:20:46 UTC,no,pga,-18000,0,USA,28309,61.0,58.0,"coody, pierceson",59836,282,51.0,0.0,0.0,0.0,0.0,0.0,0.0,2000-01-07,1.5,26,2.727700252577333,0.659744988668901,0.6703086419753084,0.9408000972001034,0.5914,pga,2026-07-06,676,0.659744988668901,0.1099999999999999,-0.04,0.18,0.0,4.0,68.0,0.9703703703703704,-3.096296296296296,-0.1855218622013979,-0.0007363678322777,-0.0008747675939604,-0.1941382914871213,0.0061766012664326,0.0040509634455288,2.999664169838547,0.2897960463452532,,0.0468887993258657,-0.0089237116918909,0.0193066145747615,0.1115052067326014,0.0846498913784805,,0.5953210817023362,-0.0220776787345846,0.018421945330828,4.568718315759851,-0.0404859534743344,0.0557539684410213,0.029716800775681,0.0112817099819764,-0.1037831178894514,0.0149983208491927,0.0,-0.0,0.547534795419735,2026-07-20 10:00,2026-07-20 10:00
TPC Twin Cities,1,2026-07-26,2026-07-23,525,3M Open,2026-07-20 16:20:46 UTC,no,pga,-18000,1,USA,35481,325.0,0.0,"cowan, ryder",70695,49,0.0,0.0,0.0,0.0,0.0,0.0,0.0,1995-01-01,-6.5,31,2.45706719230468,1.2694062500000003,-4.440892098500626e-16,0.0,0.0,0,,961,1.2694062500000003,0.0,0.0,0.0,3.096296296296296,0.0,0.0,0.0,0.0,-0.0758761791396217,-0.0,-0.0,-0.0,-0.0758761791396217,-0.0,0.0,,,,,,,,,,,,0.0,0.0,,-0.0,-0.0488874099218979,-0.0424460295471805,0.0,0.0,0.0,1.2694062500000003,2026-07-20 10:00,2026-07-20 10:00
TPC Twin Cities,1,2026-07-26,2026-07-23,525,3M Open,2026-07-20 16:20:46 UTC,no,pga,-18000,0,USA,27780,226.0,240.0,"crowe, trace",52514,27,152.0,0.0,0.0,0.0,0.0,0.0,0.0,1996-10-09,-2.5,29,2.3,-0.3808675491888473,0.7953086419753084,-0.0059682273180327,-0.2434,pga,2026-07-06,841,-0.3808675491888473,0.2,-0.1,0.16,0.0,4.0,29.0,0.9703703703703704,-3.096296296296296,-0.0643537810021648,0.0001537842794842,0.0130588570650627,-0.0901021361681855,0.0123604076735468,0.0001753061479268,6.77147703436034,-0.128296695329709,-0.0001074388309554,-0.0534135253447782,0.010920290825013,0.0108728920334767,,,-0.1162325446849486,-0.2581852129311311,0.004510152963896,-0.0104594025603051,0.0,0.0,0.0240210579971796,0.0359306474480603,-0.0070232471898931,-0.021583336076252,0.0677147703436034,0.0,0.0,-0.1831463784056124,2026-07-20 10:00,2026-07-20 10:00
TPC Twin Cities,1,2026-07-26,2026-07-23,525,3M Open,2026-07-20 16:20:46 UTC,no,pga,-18000,0,USA,14509,198.0,209.0,"dahmen, joel",34076,69,114.0,0.0,0.0,0.0,0.0,0.0,0.0,1987-11-11,5.5,38,2.538398911735908,-0.3014637567900841,0.2953086419753084,1.0630111122475323,0.6338,pga,2026-07-06,1444,-0.3014637567900841,0.0,0.0,0.0,0.0,4.0,51.0,0.9703703703703704,-3.096296296296296,0.1229309093768981,0.0007774227263637,-0.0170350553701662,0.1614388806706816,-0.0257257635517695,0.0034754249017884,-6.407124392493417,-0.053377878798882,0.0191361127953025,0.0158906838860247,0.0315873458205673,-0.0052242311320436,,,-0.0989274511834674,-0.1711999481830038,0.0004997216111684,-0.0006894869923055,-3.9739111293370257,-0.0527617709137677,-0.0800947641893682,0.0359306474480603,0.0154511438177649,0.0412292656301207,-0.0640712439249341,-0.0,-0.0,-0.1426601352119919,2026-07-20 10:00,2026-07-20 10:00
TPC Twin Cities,1,2026-07-26,2026-07-23,525,3M Open,2026-07-20 16:20:46 UTC,no,pga,-18000,0,AUS,17786,476.0,297.0,"davis, cameron",45157,85,189.0,0.0,0.0,0.0,0.0,0.0,0.0,1995-02-21,17.5,31,3.2,-1.4958547627004186,0.7953086419753084,1.124440625489515,0.7677999999999998,pga,2026-07-06,961,-1.4958547627004186,0.05,-0.0399999999999999,0.18,7.0,2.0,32.0,-1.0296296296296297,3.903703703703704,0.0915781095176203,0.0003195918826035,0.0260563500702603,0.0528472681608405,0.0096614386230031,0.0026934607809125,17.21598505743501,-0.4929175912317591,0.0202419545777596,-0.0192925217562941,-0.0001743178050387,-0.0637768144650203,,,-0.4385399111500355,-1.0040418288571815,0.0226313186773543,-0.0412915152768851,-7.254678787888951,0.0067862967438977,0.0090775695727375,-0.0453001225003058,0.049162730329252,0.0307139857855457,0.1721598505743501,-0.0,0.0,-0.7973053846683396,2026-07-20 10:00,2026-07-20 10:00
TPC Twin Cities,1,2026-07-26,2026-07-23,525,3M Open,2026-07-20 16:20:46 UTC,no,pga,-18000,0,AUS,9771,72.0,56.0,"day, jason",28089,115,72.0,0.0,0.0,0.0,0.0,0.0,0.0,1987-11-12,1.5,38,3.108597013712964,0.3844670193641684,-0.4546913580246916,1.893712491426612,1.911428571428572,pga,2026-07-06,1444,0.3844670193641684,-0.04,-0.21,0.04,2.0,1.0,53.0,-2.0296296296296297,-1.096296296296296,0.0234792194526928,-0.0007090477921476,0.0159912549913927,0.023825895080283,-0.0107104923380637,-0.0049183904887715,-12.911062565564574,0.1483918865680457,0.0356966736182757,-0.0849603981007934,0.0096827943338298,0.0042692641509173,,,0.1671383614018057,0.2083114878366893,-0.0067659486767179,0.0134994383723336,-16.00831667453336,0.0664218722496588,-0.0786405838310074,0.0127218560342414,0.0042139483139358,0.0078745937902,-0.1291106256556457,-0.0,0.0,0.104011260319421,2026-07-20 10:00,2026-07-20 10:00
TPC Twin Cities,1,2026-07-26,2026-07-23,525,3M Open,2026-07-20 16:20:46 UTC,no,pga,-18000,0,USA,33994,0.0,0.0,"donohue, muzzy",67287,18,0.0,0.0,0.0,0.0,0.0,0.0,0.0,1995-01-01,-6.5,31,3.0,-2.5,-4.440892098500626e-16,0.0,0.0,0,,961,-2.5,0.0,0.0,0.0,3.096296296296296,0.0,0.0,0.0,0.0,0.0,0.0,0.0,0.0,0.0,0.0,0.0,,,,,,,,,,,,0.0,0.0,,-0.0,-0.0182604426937221,0.0,0.0,0.0,0.0,-2.5,2026-07-20 10:00,2026-07-20 10:00
TPC Twin Cities,1,2026-07-26,2026-07-23,525,3M Open,2026-07-20 16:20:46 UTC,no,pga,-18000,0,CHN,16757,164.0,196.0,"dou, zecheng",37338,41,122.0,0.0,0.0,0.0,0.0,0.0,0.0,1997-01-22,-4.5,29,2.631219986174904,0.1190573942387532,-0.4546913580246916,0.2718634680740701,0.0282,pga,2026-07-06,841,0.1190573942387532,0.31,-0.01,0.13,2.0,3.0,49.0,-0.0296296296296296,-1.096296296296296,-0.0743401677924113,0.0002563991212845,-0.0028691464485938,-0.0659563764979222,-0.0040874444682843,-0.0016835994988954,-5.159633787906391,0.027312984567158,0.0048940316165754,-0.0706968687731608,0.0066176796078003,-0.0103485964359956,,,0.0031726004752715,-0.0118068030219696,-0.0008555970475618,0.0014581754434447,0.0,0.0,0.0266387875244984,0.0127218560342414,-0.0126418449418076,-0.0249326271190593,-0.0515963378790639,0.0,0.0,-0.088255756927659,2026-07-20 10:00,2026-07-20 10:00
TPC Twin Cities,1,2026-07-26,2026-07-23,525,3M Open,2026-07-20 16:20:46 UTC,no,pga,-18000,0,BEL,22002,141.0,174.0,"dumont de chassart, adrien",50497,51,111.0,0.0,0.0,0.0,0.0,0.0,0.0,2000-03-01,-4.5,26,2.3,0.1158410192644864,-0.9546913580246916,0.4218287037037036,0.42,pga,2026-07-06,676,0.1158410192644864,0.0799999999999999,-0.0499999999999999,-0.0299999999999999,7.0,3.0,51.0,-0.0296296296296296,3.903703703703704,-0.0368865501016024,-3.402360501071653e-05,0.0086231811159265,-0.0823870718699754,0.039774458890994,-0.0028630946335369,-1.5994791801970094,0.0372317959048147,0.0075936757054187,-0.0314509806931669,-0.0176700681456225,-0.1050089182383541,,,0.0134114474636479,-0.0436915742613077,-0.0027356665518713,0.0039947728732854,1.6960352504641696,0.0,0.0509423674205404,-0.0453001225003058,-0.0126418449418076,-0.0123712203873399,-0.01599479180197,0.0,0.0,-0.1299995538927312,2026-07-20 10:00,2026-07-20 10:00
TPC Twin Cities,1,2026-07-26,2026-07-23,525,3M Open,2026-07-20 16:20:46 UTC,no,pga,-18000,0,USA,18187,351.0,409.0,"duncan, tyler",45609,42,169.0,0.0,0.0,0.0,0.0,0.0,0.0,1989-07-13,10.5,37,3.039706046206925,-0.2315573857357872,0.1703086419753083,-0.2315573857357872,-0.22,pga,2026-07-06,1369,-0.2315573857357872,0.29,-0.13,0.03,2.0,3.0,9.0,-0.0296296296296296,-1.096296296296296,0.033411508025729,0.0004847961218567,0.009655640732288,0.0540126737977108,-0.033062227064272,0.0023206244381454,0.0,-0.1178974964368995,-0.0053683375272209,-0.0583474360930619,0.0322328014729859,0.0165246737420377,,,-0.0840018080384399,-0.2711975324957478,-0.0050366710624797,0.0069493075834393,0.0,0.0,-0.0562525661361087,0.0127218560342414,0.0294976381975512,0.0112057410660834,0.0,0.0,0.0,-0.2177722971978716,2026-07-20 10:00,2026-07-20 10:00
TPC Twin Cities,1,2026-07-26,2026-07-23,525,3M Open,2026-07-20 16:20:46 UTC,no,pga,-18000,0,USA,28270,281.0,362.0,"dunlap, nick",59866,36,159.0,0.0,0.0,0.0,0.0,0.0,0.0,2003-12-23,-2.5,22,2.6587538231080914,-0.7620882578004813,0.4203086419753084,0.6417159272133469,0.395,pga,2026-07-06,484,-0.7620882578004813,0.0,0.0,0.0,0.0,4.0,37.0,0.9703703703703704,-3.096296296296296,0.1097481281390329,0.0001192820685877,-0.0026025857804583,0.0991774619783834,0.0130959365276439,-4.1966655123887855e-05,-11.30676130630975,-0.2714572187397561,0.0115520413937575,-0.0091628090246873,0.0034230259624301,-0.0504072767292527,,,-0.2315998346948231,-0.4913745626896946,0.0079618857737975,-0.0224786770445739,-16.41896327354157,0.0,0.0707943004134135,0.0359306474480603,-0.0070232471898931,0.0368079496880631,-0.1130676130630975,-0.0,0.0,-0.5387268258065617,2026-07-20 10:00,2026-07-20 10:00
TPC Twin Cities,1,2026-07-26,2026-07-23,525,3M Open,2026-07-20 16:20:46 UTC,no,pga,-18000,0,USA,26653,158.0,187.0,"eckroat, austin",57362,99,113.0,0.0,0.0,0.0,0.0,0.0,0.0,1999-01-12,5.5,27,2.835976813540193,-0.198802712716216,0.0453086419753083,0.7784374407081582,0.4724,pga,2026-07-06,729,-0.198802712716216,0.0599999999999999,0.03,0.03,2.0,3.0,54.0,-0.0296296296296296,-1.096296296296296,0.0153126298395849,-0.0001844136778191,-0.0165417152867062,0.0131174245007049,0.0166971746906381,0.0022241596127672,-6.899715929548496,-0.0017290607859901,0.0140132746534147,-0.0715683945958787,-0.013614380498116,-0.0634709753664897,,,-0.0001442091125123,-0.0946242483947044,-0.0029359004271582,0.0022214009794955,-7.308688031194038,-0.0445861431847282,0.0426039967585306,0.0127218560342414,0.0154511438177649,0.0051356366462428,-0.0689971592954849,-0.0,-0.0,-0.1303127711919401,2026-07-20 10:00,2026-07-20 10:00
TPC Twin Cities,1,2026-07-26,2026-07-23,525,3M Open,2026-07-20 16:20:46 UTC,no,pga,-18000,0,CAN,21883,152.0,183.0,"ewart, a.j.",50286,92,90.0,0.0,0.0,0.0,0.0,0.0,0.0,1995-01-01,-6.5,31,2.4104888472587094,0.2320581678716405,0.5453086419753084,0.6308357267375401,0.614,pga,2026-07-06,961,0.2320581678716405,0.0,0.0,0.0,0.0,4.0,50.0,0.9703703703703704,-3.096296296296296,0.0617825254214884,-0.0007213577249264,-0.0024710186736288,0.0591899074175337,0.0070361912303095,-0.0012511968277995,0.0,0.0776611896450922,0.0113561782073555,0.0362101210976722,-0.0177445930053913,-0.0574727840667358,,,0.0960432689332205,0.1943866362331648,-0.0056402684488347,0.0077821163657298,0.0,0.0,0.0461914075050563,0.0359306474480603,-0.0182604426937221,0.0207209737958786,0.0,0.0,0.0,0.2327778147833816,2026-07-20 10:00,2026-07-20 10:00
TPC Twin Cities,1,2026-07-26,2026-07-23,525,3M Open,2026-07-20 16:20:46 UTC,no,pga,-18000,0,USA,11676,123.0,122.0,"finau, tony",29725,202,83.0,0.0,0.0,0.0,0.0,0.0,0.0,1989-09-14,19.5,36,2.679069554419846,0.2362959531435731,1.6703086419753084,1.9732402885740647,1.8814,pga,2026-07-05,1296,0.2362959531435731,-0.24,-0.02,0.0799999999999999,14.0,0.0,64.0,-3.0296296296296297,10.903703703703703,-0.1010680149901645,-4.567336737780982e-05,-0.0016146415756427,-0.1062206716977603,0.01033295234543,-0.0035199806948137,10.909464958580433,0.0928337947071697,0.0355218758437628,-0.0186285333868394,-0.0054345574778219,0.064057687106528,,,0.0930148775704613,0.2091480620232667,-0.0057898085346946,0.007143110888798,-5.386721967518573,0.0105921801497438,-0.0535703846940973,-0.126530892448672,0.0547813280811665,-0.033896764108064,0.1090946495858043,-0.0,0.0,0.2125963831335014,2026-07-20 10:00,2026-07-20 10:00
TPC Twin Cities,1,2026-07-26,2026-07-23,525,3M Open,2026-07-20 16:20:46 UTC,no,pga,-18000,0,USA,25094,221.0,230.0,"fishburn, patrick",54576,57,163.0,0.0,0.0,0.0,0.0,0.0,0.0,1992-07-21,1.5,34,2.618915137027066,-0.0631825983276642,-0.7046913580246916,0.645879894230206,0.4168,pga,2026-07-06,1156,-0.0631825983276642,-0.27,0.0499999999999999,0.0399999999999999,0.0,4.0,46.0,0.9703703703703704,-3.096296296296296,-0.113377294285197,-0.0001171484176648,0.0003746820387779,-0.115699491249604,0.0009084089287391,0.0011562544145546,7.684801931408356,-0.0571790447483509,0.011627000292705,-0.1532084397119152,0.0176166533319684,0.0525856001045015,,,-0.0278323587148822,-0.179043261520348,0.007579830333595,-0.0114985066055119,-0.8337612046894263,0.0,-0.0187339958024577,0.0359306474480603,0.0042139483139358,-0.0380251200141793,0.0768480193140835,-0.0,0.0,-0.1000757664584474,2026-07-20 10:00,2026-07-20 10:00
TPC Twin Cities,1,2026-07-26,2026-07-23,525,3M Open,2026-07-20 16:20:46 UTC,no,pga,-18000,0,USA,26657,119.0,84.0,"fisk, steven",57123,105,63.0,0.0,0.0,0.0,0.0,0.0,0.0,1997-04-17,-2.5,29,2.354161824720148,0.0692545014648445,-0.7046913580246916,0.2541768024828993,0.0472,pga,2026-07-06,841,0.0692545014648445,-0.26,-0.1399999999999999,0.0199999999999999,7.0,3.0,56.0,-0.0296296296296296,3.903703703703704,-0.0891383572217824,-0.0005259491636013,0.0104086358362541,-0.0932490743339568,-0.005797650096488,2.5680536009672324e-05,-5.120271547309021,0.059570505112814,0.0045756398105406,0.1081452471057446,-0.0158702767897456,0.0567674816558387,,,0.0438395702037523,0.2855052239438542,-0.0043386883235642,0.0036173885015816,-3.525637744761108,0.0,0.029198356666892,-0.0453001225003058,-0.0070232471898931,-0.0298957278227058,-0.0512027154730902,-0.0,0.0,0.1520834109578592,2026-07-20 10:00,2026-07-20 10:00
TPC Twin Cities,1,2026-07-26,2026-07-23,525,3M Open,2026-07-20 16:20:46 UTC,no,pga,-18000,0,USA,11451,275.0,253.0,"garnett, brice",29535,38,126.0,0.0,0.0,0.0,0.0,0.0,0.0,1983-09-06,21.5,42,2.830357083905809,-0.2535499541626844,-0.4546913580246916,0.4435316590466689,0.2576,pga,2026-07-06,1764,-0.2535499541626844,0.07,0.0199999999999999,0.06,2.0,3.0,42.0,-0.0296296296296296,-1.096296296296296,0.2068784291413175,0.0001494561116951,0.0051478741468833,0.2266718501869536,-0.0266018896617915,0.001511138357577,23.52326222467794,-0.1192866577018102,0.0079843680466533,-0.1945687084145102,-0.0034857164024073,0.0023718134171763,,,-0.1632447153639724,-0.619570029947019,0.0099202075971846,-0.0139804520853069,5.655827181652752,0.0,-0.1452801690400262,0.0127218560342414,0.060399925833081,0.0693840609448252,0.2352326222467794,0.0,0.0,-0.2418315648880918,2026-07-20 10:00,2026-07-20 10:00
TPC Twin Cities,1,2026-07-26,2026-07-23,525,3M Open,2026-07-20 16:20:46 UTC,no,pga,-18000,0,USA,24550,67.0,162.0,"ghim, doug",52375,233,95.0,0.0,0.0,0.0,0.0,0.0,0.0,1996-04-16,13.5,30,2.3,0.7069836184350051,-0.0796913580246916,0.7331355125377583,0.4422,pga,2026-07-06,900,0.7069836184350051,0.41,0.31,-0.05,9.0,0.0,46.0,-3.0296296296296297,5.903703703703704,-0.1163051055671649,0.0005618651665003,-0.0100718167353164,-0.0807837694468767,-0.024249584976299,-0.0017617995751729,14.963002575244827,0.3280827200408107,,0.0919516269629199,0.0037583445395741,0.1419321990276403,0.0833743699985734,0.0475139482173086,,0.6960933542934903,-0.0374605511625639,0.0138982138998635,-4.574631413462047,-0.0068794232331056,0.0230424827693632,-0.0566609813832961,0.101535389837788,-0.0650624478376501,0.0748150128762241,-0.0,-0.0,0.7507203277865562,2026-07-20 10:00,2026-07-20 10:00
TPC Twin Cities,1,2026-07-26,2026-07-23,525,3M Open,2026-07-20 16:20:46 UTC,no,pga,-18000,0,USA,7399,134.0,90.0,"glover, lucas",25900,224,86.0,0.0,0.0,0.0,0.0,0.0,0.0,1979-11-12,3.5,46,2.814733177268541,0.0868803275381252,0.1703086419753083,1.0755915933954925,1.03,pga,2026-07-06,2116,0.0868803275381252,0.5599999999999999,-0.31,-0.09,7.0,4.0,54.0,0.9703703703703704,3.903703703703704,0.1651085815891486,0.0009322090047201,-0.0236989303453476,0.2102243593397794,-0.0228791706732221,0.0005301142632187,-7.851305067845168,0.0965474692263643,0.0215680524811494,0.1253368897124326,0.0362443499331615,0.0181381310271431,,,-0.000865254675074,0.0801740169134153,0.0021752418549478,-0.0035750927730204,-3.228331955181147,-0.1153882732687549,-0.2153957698736892,-0.0453001225003058,0.0098325460658504,0.0553750525612782,-0.0785130506784516,-0.0,-0.0,0.0215684423617865,2026-07-20 10:00,2026-07-20 10:00
TPC Twin Cities,1,2026-07-26,2026-07-23,525,3M Open,2026-07-20 16:20:46 UTC,no,pga,-18000,0,ARG,8571,316.0,432.0,"gomez, fabian",28679,33,199.0,0.0,0.0,0.0,0.0,0.0,0.0,1978-10-27,1.5,47,2.3,-0.6732244459670562,-0.5796913580246916,0.1413561509824853,-0.0666,pga,2026-07-06,2209,-0.6732244459670562,0.0,0.0,0.0,0.0,4.0,47.0,0.9703703703703704,-3.096296296296296,0.2082885138245078,0.001084330032253,0.006054510157599,0.2305060791299623,-0.0301163075054826,0.0007599020101759,6.599638663984189,-0.2636294293868101,0.002544668361182,-0.1297841854084615,0.0194232414829959,-0.0411868520699797,,,-0.1955475565667373,-0.8507360444933774,0.0086486074121734,-0.0117283202622215,0.0,0.0,-0.2394762180555185,0.0359306474480603,0.0042139483139358,0.0698569831436351,0.0659963866398418,0.0,0.0,-0.674738078947904,2026-07-20 10:00,2026-07-20 10:00
TPC Twin Cities,1,2026-07-26,2026-07-23,525,3M Open,2026-07-20 16:20:46 UTC,no,pga,-18000,0,USA,26660,401.0,360.0,"gordon, will",56762,67,170.0,0.0,0.0,0.0,0.0,0.0,0.0,1996-07-28,3.5,29,3.1461202623730093,-1.0276757845124893,0.4203086419753084,0.96,0.96,pga,2026-07-06,841,-1.0276757845124893,0.05,0.01,0.09,0.0,5.0,44.0,1.9703703703703703,-3.096296296296296,-0.0500490949429273,0.0007896275595839,0.0073869259742063,-0.065410928237398,0.0045596943308993,0.0026255854297809,-30.549631299254443,-0.3369716630191838,0.0172817274244156,0.11261386886339,0.0055882983187184,0.0379594173652474,,,-0.2829382787492173,-0.430551680305648,0.016061863875379,-0.0223905080384058,0.0,0.0,0.0222435936540083,0.0359306474480603,0.0098325460658504,-0.0167857493319484,-0.3054963129925444,0.0,0.0,-0.7070705491162301,2026-07-20 10:00,2026-07-20 10:00
TPC Twin Cities,1,2026-07-26,2026-07-23,525,3M Open,2026-07-20 16:20:46 UTC,no,pga,-18000,0,USA,23465,107.0,85.0,"greyserman, max",51977,140,94.0,0.0,0.0,0.0,0.0,0.0,0.0,1995-05-31,-0.5,31,2.844640277739853,0.2485648822218517,0.9203086419753084,1.190218394618469,0.8933999999999999,pga,2026-07-06,961,0.2485648822218517,0.03,0.0,-0.1299999999999999,2.0,3.0,59.0,-0.0296296296296296,-1.096296296296296,-0.1780059979401065,-1.930739853714936e-05,0.0079859767074626,-0.2041977652082723,0.0190529059056618,-0.0008278079464215,7.528540471062852,0.0999010568251403,0.021426072782627,-0.0110926769275968,-0.0015742976814689,0.0719907788255573,,,0.1045516065714488,0.2959576042637408,-0.0012989309582184,0.0010180174905747,13.86037921214175,0.0293104599714971,0.0110359773356767,0.0127218560342414,-0.0014046494379786,-0.0597006612090236,0.0752854047106285,0.0,0.0,0.3228595543616085,2026-07-20 10:00,2026-07-20 10:00
TPC Twin Cities,1,2026-07-26,2026-07-23,525,3M Open,2026-07-20 16:20:46 UTC,no,pga,-18000,0,USA,15330,220.0,226.0,"griffin, lanto",35310,27,151.0,0.0,0.0,0.0,0.0,0.0,0.0,1988-06-15,3.5,38,2.4254110783082705,-0.0631918230028104,0.0453086419753083,1.0135960728639095,0.8048000000000001,pga,2026-07-06,1444,-0.0631918230028104,0.13,-0.0499999999999999,0.1,2.0,3.0,42.0,-0.0296296296296296,-1.096296296296296,0.1348462795650349,-0.0002271297204855,-0.0023209896974208,0.1345741351441922,0.0031882893595971,-0.000368025520848,-7.353284913187947,-0.0568065231973643,0.0182465531767627,-0.2042110436792635,0.0174903129044633,-0.0308148495805251,,,-0.055087880979715,-0.3804599640178301,0.004297260625229,-0.0021071772733377,-5.505188624542954,0.0,-0.0714666160140794,0.0127218560342414,0.0098325460658504,0.0452255100657796,-0.0735328491318794,-0.0,0.0,-0.3862129009838381,2026-07-20 10:00,2026-07-20 10:00
TPC Twin Cities,1,2026-07-26,2026-07-23,525,3M Open,2026-07-20 16:20:46 UTC,no,pga,-18000,0,ARG,12808,126.0,113.0,"grillo, emiliano",31646,288,109.0,0.0,0.0,0.0,0.0,0.0,0.0,1992-09-14,15.5,33,2.9633253619904725,0.2395525950782074,0.1703086419753083,1.068710810834124,0.8361538461538461,pga,2026-07-05,1089,0.2395525950782074,0.26,0.75,-0.2799999999999999,14.0,0.0,54.0,-3.0296296296296297,10.903703703703703,0.1248325404839853,0.0005771901149113,-0.006850941094313,0.1547568557642215,-0.0252805586380064,0.0016299943371719,23.05207498661175,0.0776620424185372,0.0212421232925109,0.1752020247565218,-0.018401563228418,0.0268826325994169,,,0.000865254675074,0.2635598019811017,0.0002062754146273,-0.0036594376872194,-14.060325306028307,0.012220283175492,-0.0164395502599492,-0.126530892448672,0.0435441325773374,0.0418670454565452,0.2305207498661175,-0.0,0.0,0.4529608374324299,2026-07-20 10:00,2026-07-20 10:00
TPC Twin Cities,1,2026-07-26,2026-07-23,525,3M Open,2026-07-20 16:20:46 UTC,no,pga,-18000,0,CAN,13965,332.0,281.0,"hadwin, adam",33399,42,186.0,0.0,0.0,0.0,0.0,0.0,0.0,1987-11-02,13.5,38,2.6473416266442205,-0.5370463783814788,-1.6213580246913584,1.078488921764145,0.8294,pga,2026-07-06,1444,-0.5370463783814788,-0.47,0.13,0.03,2.0,4.0,51.0,0.9703703703703704,-1.096296296296296,0.027885702921186,7.163727609932376e-05,0.0178104078188154,0.019504359501316,-0.0131194699896286,0.0036187683145838,12.26789651306887,-0.2175243552577078,0.0194149763778783,-0.2842783578987871,0.0126615497802989,-0.0041194654087799,,,-0.1443533216248555,-0.7020440352873396,0.0098759029753539,-0.0136262000413721,-23.83014044852836,-0.0154172589555203,-0.0800947641893682,0.0127218560342414,0.0379255348254229,0.0093524652086912,0.1226789651306887,-0.0,-0.0,-0.5193652140882953,2026-07-20 10:00,2026-07-20 10:00
TPC Twin Cities,1,2026-07-26,2026-07-23,525,3M Open,2026-07-20 16:20:46 UTC,no,pga,-18000,0,USA,19865,364.0,0.0,"hardy, nick",47988,53,191.0,0.0,0.0,0.0,0.0,0.0,0.0,1996-01-26,9.5,30,2.3,-0.9411808118552376,0.0453086419753083,0.4823901371093506,0.2075999999999999,pga,2026-07-06,900,-0.9411808118552376,0.0,0.0,0.0,0.0,4.0,38.0,0.9703703703703704,-3.096296296296296,-0.0643088914913994,0.000793941783005,0.0102951361974984,-0.0898591270160906,0.0132956628673426,0.0011654946768451,6.943273404951892,-0.2454221410206346,0.0086838904809898,-0.1110016097397311,0.0184335481467737,0.0006428862683398,,,-0.239963963220539,-0.5569663286924695,0.0120945863750839,-0.0181203691414774,9.44799923098617,0.0,0.0176868431587252,0.0359306474480603,0.0266883393215939,-0.0215682807775258,0.0694327340495189,0.0,0.0,-0.446482888650822,2026-07-20 10:00,2026-07-20 10:00
TPC Twin Cities,1,2026-07-26,2026-07-23,525,3M Open,2026-07-20 16:20:46 UTC,no,pga,-18000,0,USA,8825,70.0,66.0,"harman, brian",27644,173,74.0,0.0,0.0,0.0,0.0,0.0,0.0,1987-01-19,1.5,39,2.9090248036341166,0.7099560289832509,0.1703086419753083,1.4231282539601562,1.1544,pga,2026-07-06,1521,0.7099560289832509,0.26,0.0899999999999999,-0.1,2.0,2.0,66.0,-1.0296296296296297,-1.096296296296296,0.0850162535386595,-0.0004496583754445,-0.0170866703266609,0.1195653714903334,-0.015871108772019,-0.0011416804775494,7.381137726377743,0.3166434666658412,,-0.0311861827830276,-0.0062042072961486,-0.0191129952308885,0.2176557501726667,0.0639223742051149,,0.4028125786972227,-0.0464706242441859,0.0105589786407708,6.397081450295338,0.2676055255761785,-0.1029939814329201,0.0105217380736861,0.0112817099819764,0.0475590949704024,0.0369056886318887,0.0,0.0,0.5090808103551764,2026-07-20 10:00,2026-07-20 10:00
TPC Twin Cities,1,2026-07-26,2026-07-23,525,3M Open,2026-07-20 16:20:46 UTC,no,pga,-18000,0,RSA,24342,212.0,105.0,"higgo, garrick",54421,40,157.0,0.0,0.0,0.0,0.0,0.0,0.0,1999-05-12,5.5,27,2.5728050062933576,-0.0820645099567322,-0.2046913580246916,0.9208652411283962,0.5266666666666667,pga,2026-07-06,729,-0.0820645099567322,-0.26,-0.03,0.13,0.0,2.0,51.0,-1.0296296296296297,-3.096296296296296,-0.0703493070995011,9.385871294561748e-05,0.017447710217281,-0.096251876932765,0.0076915606787661,0.000669440224271,2.7526138897000685,-0.0448886306686047,0.0165772313456247,-0.092800404641938,-0.0119031873660845,0.020497461215808,,,-0.0377827874782339,-0.1104532528021392,0.0129792403499502,-0.0179080055600822,-14.682222251530796,-0.1063153993601077,0.0447758300014211,0.0359306474480603,0.0154511438177649,-0.0235941496243851,0.0275261388970006,-0.0,-0.0,-0.0551394722636984,2026-07-20 10:00,2026-07-20 10:00
TPC Twin Cities,1,2026-07-26,2026-07-23,525,3M Open,2026-07-20 16:20:46 UTC,no,pga,-18000,0,USA,14140,305.0,322.0,"higgs, harry",33597,38,179.0,0.0,0.0,0.0,0.0,0.0,0.0,1991-12-04,5.5,34,2.3,-0.3276471602391181,-0.3296913580246916,0.7129142076763298,0.447,pga,2026-07-06,1156,-0.3276471602391181,0.1099999999999999,-0.08,-0.06,0.0,4.0,50.0,0.9703703703703704,-3.096296296296296,-0.0409532568976382,0.0002953634653769,0.0149538979470935,-0.0663616669997035,0.006961671061739,0.0031974776278557,-6.850742938353184,-0.1937926353972896,0.0128337385563079,-0.1013775587712566,0.0141984251072917,0.0055550366875971,,,-0.1837224093407252,-0.4761564615088219,0.011069538533637,-0.0151481700945998,19.994634506270422,0.0,-0.0257724267897844,0.0359306474480603,0.0154511438177649,-0.0137351355782665,-0.0685074293835318,0.0,0.0,-0.507017235204795,2026-07-20 10:00,2026-07-20 10:00
TPC Twin Cities,1,2026-07-26,2026-07-23,525,3M Open,2026-07-20 16:20:46 UTC,no,pga,-18000,0,USA,28469,388.0,185.0,"highsmith, joe",60067,54,150.0,0.0,0.0,0.0,0.0,0.0,0.0,2000-04-19,-0.5,26,2.8194040813089023,-1.215983832752242,-0.8296913580246916,0.6200960023458516,0.3129999999999999,pga,2026-07-06,676,-1.215983832752242,0.1500000000000001,0.06,-0.06,0.0,4.0,56.0,0.9703703703703704,-3.096296296296296,0.048386053498434,0.000742433052498,0.0126504240918116,0.034505621398432,-0.0003537389259891,0.0008413138816814,1.5865762552827,-0.3684661550332814,0.0111628438432404,0.0366191021300549,0.0212904410543075,-0.0280810225365165,,,-0.3175484657521796,-0.6003743153078427,0.0153331391539687,-0.021626565587977,1.5640486017393824,-0.0626122998482908,0.0509423674205404,0.0359306474480603,-0.0014046494379786,0.0162279890598048,0.015865762552827,0.0,-0.0,-0.5337545656851289,2026-07-20 10:00,2026-07-20 10:00
TPC Twin Cities,1,2026-07-26,2026-07-23,525,3M Open,2026-07-20 16:20:46 UTC,no,pga,-18000,0,JPN,20954,440.0,309.0,"hirata, kensei",49120,16,165.0,0.0,0.0,0.0,0.0,0.0,0.0,1995-01-01,-6.5,31,2.515265299412184,-0.8677012382600051,-1.5796913580246916,-0.0417358564265721,-0.1588,pga,2026-07-06,961,-0.8677012382600051,-0.4499999999999999,-0.32,-0.1099999999999999,2.0,3.0,44.0,-0.0296296296296296,-1.096296296296296,0.1845491353741291,0.0001859486016816,0.0207447041723762,0.1857567473965917,-0.0220737632423057,-6.450155421478763e-05,0.0,-0.3308135265502852,-0.0007513205151964,-0.4093443010685421,0.018906605089255,-0.0394782101674744,,,-0.2271293522069404,-0.9350632122013414,0.0155566761095691,-0.0173864592431571,0.0,0.0,0.0553766763514302,0.0127218560342414,-0.0182604426937221,0.0618951357532133,0.0,0.0,0.0,-0.8787066631076087,2026-07-20 10:00,2026-07-20 10:00
TPC Twin Cities,1,2026-07-26,2026-07-23,525,3M Open,2026-07-20 16:20:46 UTC,no,pga,-18000,0,USA,25157,137.0,125.0,"hodges, lee",54628,189,96.0,0.0,0.0,0.0,0.0,0.0,0.0,1995-06-14,5.5,31,2.642311944000493,0.1965020802325118,0.2953086419753084,0.6392606690239745,0.4114,pga,2026-07-06,961,0.1965020802325118,0.4599999999999999,0.21,0.13,9.0,0.0,42.0,-3.0296296296296297,5.903703703703704,0.0588128939663148,0.0002167684047668,-0.0085312270510748,0.0983832624226916,-0.0331345234895491,0.0018786136794804,11.812617593206827,0.0584406278999303,0.0115078423283561,0.0535992964196873,-0.0049314347120863,0.025896457547012,,,0.0111041016634504,0.1692553719625417,-0.0025066634416295,0.0041396564381625,-10.193526784336198,-0.0174077540876529,0.0120054878196588,-0.0685089139141247,0.0154511438177649,0.0197250019551958,0.1181261759320682,-0.0,-0.0,0.254048779753446,2026-07-20 10:00,2026-07-20 10:00
TPC Twin Cities,1,2026-07-26,2026-07-23,525,3M Open,2026-07-20 16:20:46 UTC,no,pga,-18000,0,PHI,23504,144.0,110.0,"hoey, rico",51696,81,116.0,0.0,0.0,0.0,0.0,0.0,0.0,1995-09-19,1.5,30,2.531107944143721,0.2815158578265558,-0.2046913580246916,0.6595695018722173,0.4269999999999999,pga,2026-07-06,900,0.2815158578265558,0.0,0.0,0.0,0.0,4.0,62.0,0.9703703703703704,-3.096296296296296,-0.1561412772842088,0.0004304421692594,-0.0077334306483285,-0.1536741748337794,0.0036306547252929,0.0012052313033466,-6.037358129075745,0.0503396846714651,0.0118734378633471,-0.1288492045732287,0.0138926492878109,0.0645757410897534,,,0.064317264180505,0.0876783864143557,0.0004709523762134,-0.0028672604741584,-8.220180231945292,0.0,0.0139251219926477,0.0359306474480603,0.0042139483139358,-0.0523675471824563,-0.0603735812907574,-0.0,0.0,0.0150818537031381,2026-07-20 10:00,2026-07-20 10:00
TPC Twin Cities,1,2026-07-26,2026-07-23,525,3M Open,2026-07-20 16:20:46 UTC,no,pga,-18000,0,USA,15575,153.0,114.0,"hoge, tom",35532,142,75.0,0.0,0.0,0.0,0.0,0.0,0.0,1989-05-25,15.5,37,2.8898383101964864,-0.1149538127033139,0.1703086419753083,1.0865769669231191,0.8994,pga,2026-07-06,1369,-0.1149538127033139,0.3,-0.19,0.0,7.0,4.0,69.0,0.9703703703703704,3.903703703703704,0.1246648125907208,0.0003223200633734,-0.0237365637236093,0.1447666298658829,0.0013854653739938,0.0019269610110799,-2.2970317864922487,-0.0294128146470034,0.0195603405916808,0.1152871047558163,0.0121197252633528,-0.0500078134168861,,,-0.0695087922309494,-0.0586701130989093,0.0049163745614607,-0.002663641338294,-5.135521922297532,-0.1315071630156662,-0.0589605966380871,-0.0453001225003058,0.0435441325773374,0.0418107919243779,-0.0229703178649224,-0.0,-0.0,-0.0415856289624221,2026-07-20 10:00,2026-07-20 10:00
TPC Twin Cities,1,2026-07-26,2026-07-23,525,3M Open,2026-07-20 16:20:46 UTC,no,pga,-18000,0,DEN,23838,128.0,91.0,"hojgaard, rasmus",52686,87,123.0,0.0,0.0,0.0,0.0,0.0,0.0,2001-03-12,-6.5,25,2.5711811785815493,0.0072416197700425,2.0453086419753084,0.9839821899347736,0.9488888888888888,pga,2026-07-06,625,0.0072416197700425,-0.25,-0.04,-0.1099999999999999,2.0,2.0,53.0,-1.0296296296296297,-1.096296296296296,-0.254352961399711,-0.0004283813319192,0.0043151465727085,-0.2877484154700771,0.0269711795598511,0.0025375092697257,0.0,0.0464011497881162,0.0177134499968045,-0.1470584231469678,0.0029713989152472,0.0272820959117835,,,0.0595583634675977,0.0648723040818055,-0.0022399726335966,0.0030640812930276,-26.691234571429348,0.0419504430022124,0.0571801604897931,0.0127218560342414,-0.0182604426937221,-0.0853063388411513,0.0,-0.0,0.0,-0.0259726214188264,2026-07-20 10:00,2026-07-20 10:00
TPC Twin Cities,1,2026-07-26,2026-07-23,525,3M Open,2026-07-20 16:20:46 UTC,no,pga,-18000,0,USA,17538,59.0,75.0,"homa, max",39977,445,49.0,0.0,0.0,0.0,0.0,0.0,0.0,1990-11-19,4.5,35,2.508702337940256,0.7822785645963931,-0.5796913580246916,1.8312219467361737,1.606,pga,2026-07-06,1225,0.7822785645963931,0.0,0.0,0.0,0.0,4.0,65.0,0.9703703703703704,-3.096296296296296,-0.0777770363568636,-0.0007274627162143,-0.0016429863077647,-0.0879484957614933,0.0124333268183081,0.0001085816103006,5.701615059448124,0.3077703481429101,,0.0886784943542112,-0.0185075457169721,0.0448920278722606,0.3028024383032768,0.0563240745159148,,0.714248954182944,-0.0397317409392195,0.0145284251997786,-19.725118412256084,-0.0033139998806139,-0.0425075675492166,0.029716800775681,0.0338451299459293,-0.0435093914945389,0.0285080752972406,-0.0,-0.0,0.7628095687072561,2026-07-20 10:00,2026-07-20 10:00
TPC Twin Cities,1,2026-07-26,2026-07-23,525,3M Open,2026-07-20 16:20:46 UTC,no,pga,-18000,0,USA,11276,149.0,176.0,"horschel, billy",29420,92,101.0,0.0,0.0,0.0,0.0,0.0,0.0,1986-12-07,-2.5,39,2.6788031351153223,0.03085480029087,0.1703086419753083,1.3223860575649735,1.1952,pga,2026-07-06,1521,0.03085480029087,0.27,0.16,0.19,2.0,2.0,59.0,-1.0296296296296297,-1.096296296296296,0.0122281980746182,-7.696465708088892e-05,-0.0125762936816073,0.0250812323440168,-0.002818403814453,0.0026186278837427,6.606805089080935,-0.0100831021380883,0.0238053285382436,0.0230295300934746,0.0066250361390221,-0.0226882678195683,,,-0.0602794090301594,-0.1377631414212836,0.0015098094504386,-0.0062088773154043,-3.265982509139882,0.0588543462212152,-0.0934731893392422,0.0127218560342414,-0.0070232471898931,0.0041011624265337,0.0660680508908093,-0.0,0.0,-0.0618953192595921,2026-07-20 10:00,2026-07-20 10:00
TPC Twin Cities,1,2026-07-26,2026-07-23,525,3M Open,2026-07-20 16:20:46 UTC,no,pga,-18000,0,USA,15470,138.0,164.0,"hossler, beau",35461,46,119.0,0.0,0.0,0.0,0.0,0.0,0.0,1995-03-16,13.5,31,2.3698166548909088,0.2305611366084103,-0.9546913580246916,0.8268559368717394,0.69,pga,2026-07-06,961,0.2305611366084103,0.0,0.0,0.0,0.0,4.0,48.0,0.9703703703703704,-3.096296296296296,-0.0186565497143997,-0.0006866446193706,0.0134360968577834,-0.0222487714052989,-0.0076598451983249,-0.0014973853491885,-4.714032011553099,0.0748753073288436,0.0148848947086221,-0.0038861678073253,-0.0076120907194799,0.0085947028301363,,,0.063884636842968,0.1621565335897841,-0.0023964772717518,0.0047341581050337,6.786825092672679,0.0,0.0090775695727375,0.0359306474480603,0.0379255348254229,-0.0062571394600054,-0.0471403201155309,0.0,0.0,0.182615256287731,2026-07-20 10:00,2026-07-20 10:00
TPC Twin Cities,1,2026-07-26,2026-07-23,525,3M Open,2026-07-20 16:20:46 UTC,no,pga,-18000,0,USA,16333,230.0,136.0,"hubbard, mark",36801,35,107.0,0.0,0.0,0.0,0.0,0.0,0.0,1989-05-24,3.5,37,2.6903871423068826,-0.3216767912088493,-0.4546913580246916,0.7024445536269179,0.4826,pga,2026-07-06,1369,-0.3216767912088493,0.07,-0.03,0.17,9.0,0.0,52.0,-3.0296296296296297,5.903703703703704,0.1024759863639873,0.0007953077117428,-0.0112699147106772,0.1074142060609481,0.0054782555689307,5.8131733042944816e-05,-0.7417608274901203,-0.1181093396147253,0.0126452659443184,-0.1803505822187565,0.030971316293036,-0.0055924863731315,,,-0.0442721975412893,-0.3667745588029088,0.0067955809887216,-0.009901519642995,-6.041529036216673,-0.045662691465211,-0.0589605966380871,-0.0685089139141247,0.0098325460658504,0.0343689775331919,-0.0074176082749012,-0.0,-0.0,-0.3984995573928924,2026-07-20 10:00,2026-07-20 10:00
TPC Twin Cities,1,2026-07-26,2026-07-23,525,3M Open,2026-07-20 16:20:46 UTC,no,pga,-18000,0,CAN,15556,122.0,141.0,"hughes, mackenzie",35506,61,110.0,0.0,0.0,0.0,0.0,0.0,0.0,1990-11-23,9.5,35,2.482252901974388,0.0853344724850757,-0.0796913580246916,0.9003400135189873,0.6146,pga,2026-07-06,1225,0.0853344724850757,0.0,0.0,0.0,0.0,4.0,56.0,0.9703703703703704,-3.096296296296296,-0.0384853204434009,-0.0004906788426736,0.015225695787977,-0.0680435104189605,0.0192016559739449,-0.0043784829436887,4.477692678407272,0.090227669467256,0.0162077403155519,0.099774529903319,-0.0186945450805565,-0.0045002038783792,,,0.0408111788409931,0.1849342916798178,-0.0038562282533688,0.0029842766663351,-16.362680725209817,0.0705800971843054,-0.0380201263013328,0.0359306474480603,0.0266883393215939,-0.0129074250525269,0.0447769267840727,-0.0,0.0,0.2794227801810179,2026-07-20 10:00,2026-07-20 10:00
TPC Twin Cities,1,2026-07-26,2026-07-23,525,3M Open,2026-07-20 16:20:46 UTC,no,pga,-18000,0,KOR,17488,102.0,77.0,"im, sungjae",39971,226,57.0,0.0,0.0,0.0,0.0,0.0,0.0,1998-03-30,5.5,28,3.037623616468917,0.3471057831984171,0.1703086419753083,1.7452407968503052,1.5516,pga,2026-07-06,784,0.3471057831984171,-0.2899999999999999,-0.21,-0.0699999999999999,0.0,6.0,59.0,2.9703703703703703,-3.096296296296296,-0.0092542186149832,-0.0005287070026138,0.027507570803733,-0.0241895135842353,-0.0080708318566009,-0.0039727369752661,0.5075815191872737,0.0999406048346242,0.031417474730351,0.0591287246336524,-0.0056910765230348,0.0462878113204727,,,0.1077242070467203,0.3784381858893509,-0.0042587098503893,0.0081496149766481,-35.21918511065849,-0.2166942210304433,0.0357395347203061,0.0359306474480603,0.0154511438177649,-0.0031037323274536,0.0050758151918727,-0.0,-0.0,0.4317920600195953,2026-07-20 10:00,2026-07-20 10:00
TPC Twin Cities,1,2026-07-26,2026-07-23,525,3M Open,2026-07-20 16:20:46 UTC,no,pga,-18000,0,GER,16394,142.0,101.0,"jaeger, stephan",36799,101,77.0,0.0,0.0,0.0,0.0,0.0,0.0,1989-05-30,3.5,37,3.2,-0.0841332892857307,-0.0796913580246916,0.8328450755275756,0.7352,pga,2026-07-06,1369,-0.0841332892857307,0.1699999999999999,0.09,-0.0899999999999999,2.0,3.0,57.0,-0.0296296296296296,-1.096296296296296,-0.1299406930262034,-0.0002428372355434,0.000317607072751,-0.1456235739104174,0.0196656088790046,-0.0040574978319982,-7.223303023091441,0.0697082186979605,0.0149927099812858,-0.0781939975358985,0.0061198343535934,-0.0490216383644812,,,0.0416764335160671,-0.0516595452592826,-0.005110566897407,0.0071300576276842,-18.69885361231962,-0.0474767698668316,-0.0589605966380871,0.0127218560342414,0.0098325460658504,-0.0435802466287303,-0.0722330302309144,-0.0,-0.0,-0.1449184200188354,2026-07-20 10:00,2026-07-20 10:00
TPC Twin Cities,1,2026-07-26,2026-07-23,525,3M Open,2026-07-20 16:20:46 UTC,no,pga,-18000,0,USA,29827,94.0,395.0,"james, ben",57869,315,138.0,0.0,0.0,0.0,0.0,0.0,0.0,2004-01-01,-4.5,22,3.2,0.0465917950756307,-0.3296913580246916,0.1156100182356496,0.13,pga,2026-07-06,484,0.0465917950756307,0.0,0.0,0.0,0.0,3.0,21.0,-0.0296296296296296,-3.096296296296296,-0.0280846214215021,0.0008289634721152,-0.0094424583541615,0.0005174745199238,-0.0195986178152968,-0.0003899832440828,0.0,0.1039397642042017,0.0051911283849388,0.166482937205279,-0.004235123039482,0.02008551467493,,,0.0413880152910424,0.3582597397988259,-0.0106976128924793,0.01475994788546,5.2072928487737045,0.0,0.0213451680849351,0.0359306474480603,-0.0126418449418076,-0.0094191796235592,0.0,0.0,0.0,0.3721293626815194,2026-07-20 10:00,2026-07-20 10:00
TPC Twin Cities,1,2026-07-26,2026-07-23,525,3M Open,2026-07-20 16:20:46 UTC,no,pga,-18000,0,RSA,26947,69.0,63.0,"jarvis, casey",57688,250,0.0,0.0,0.0,0.0,0.0,0.0,0.0,2003-07-28,-6.5,22,3.0137062885704213,-0.1432196449986234,0.6703086419753084,0.3393269766829068,-0.026,pga,2026-07-06,484,-0.1432196449986234,0.0,0.0,0.0,0.0,5.0,59.0,1.9703703703703703,-3.096296296296296,0.0129021493813296,0.0003252296805397,-0.0172286711386573,0.041610342095586,-0.0142612433760041,0.0024564921198653,0.0,0.0363912434744122,0.006108496165401,0.321281844513103,-0.0125590558863679,0.028024848008215,,,-0.0079315011881788,0.4427068950368065,-0.0114872678251837,0.0138036327906873,-0.7413816856846616,0.0565486317424438,0.0690746549847182,0.0359306474480603,-0.0182604426937221,0.0043271960383163,0.0,-0.0,0.0,0.464704295829461,2026-07-20 10:00,2026-07-20 10:00
TPC Twin Cities,1,2026-07-26,2026-07-23,525,3M Open,2026-07-20 16:20:46 UTC,no,pga,-18000,0,JPN,19729,166.0,161.0,"kanaya, takumi",47917,69,136.0,0.0,0.0,0.0,0.0,0.0,0.0,1998-05-23,-2.5,28,2.493638347314575,-0.0680664064043573,-0.5796913580246916,0.4214133603850114,0.1884,pga,2026-07-06,784,-0.0680664064043573,-0.09,-0.07,0.15,2.0,3.0,54.0,-0.0296296296296296,-1.096296296296296,0.2000353169754079,-0.0005430749191632,0.0293615641252806,0.1965947172163087,-0.0232957915721693,-0.0020820978748487,8.65164301268657,-0.0141996314351346,0.0075861987783133,-0.0046971785312885,-0.0017524536767103,-0.0156726933961309,,,-0.0483100526916349,-0.0395761269000322,0.0044669991114635,-0.004307521642652,-11.083788280263963,-0.0383077911547218,0.0373102065837424,0.0127218560342414,-0.0070232471898931,0.0670889791736493,0.0865164301268657,-0.0,-0.0,0.1197278912448312,2026-07-20 10:00,2026-07-20 10:00
TPC Twin Cities,1,2026-07-26,2026-07-23,525,3M Open,2026-07-20 16:20:46 UTC,no,pga,-18000,0,USA,21889,346.0,271.0,"kang, jeffrey",47393,22,162.0,0.0,0.0,0.0,0.0,0.0,0.0,1991-06-24,-6.5,35,2.5756493155631905,-0.636470018018318,-0.5796913580246916,-0.3085671716964344,-0.7432000000000001,pga,2026-07-06,1225,-0.636470018018318,-0.01,0.02,-0.03,0.0,4.0,40.0,0.9703703703703704,-3.096296296296296,0.0292481479904941,0.0006058893227446,0.0070205486685249,0.0031308260127535,0.0185716918729589,-8.080788648782981e-05,0.0,-0.2564111522672195,-0.0055547643264381,-0.1563348571230287,0.0241607676275506,-0.0244484030396833,,,-0.224389379069206,-0.6847229464433295,0.0114924462874756,-0.0214221062996178,0.0,0.0,-0.0318154982331621,0.0359306474480603,-0.0182604426937221,0.0098094097635934,0.0,0.0,0.0,-0.6572433319253979,2026-07-20 10:00,2026-07-20 10:00
TPC Twin Cities,1,2026-07-26,2026-07-23,525,3M Open,2026-07-20 16:20:46 UTC,no,pga,-18000,0,USA,32457,80.0,60.0,"keefer, johnny",63454,294,71.0,0.0,0.0,0.0,0.0,0.0,0.0,2001-06-01,-6.5,25,2.713637153962442,0.2153937833976126,0.0453086419753083,0.924779664915473,0.914,pga,2026-07-06,625,0.2153937833976126,0.0,0.0,0.0,0.0,4.0,65.0,0.9703703703703704,-3.096296296296296,-0.2618048465392288,0.0006520771512649,-0.0264556780754403,-0.2393846123271412,-0.0004299016624744,0.0038132683745621,0.0,0.2863175076670443,,0.0738514173688317,0.0084867722558944,0.0732342118277606,0.172329656668241,0.0314364314665064,,0.7060592610611858,-0.0094753302865434,0.006987023560162,-17.085546130148252,0.0949644404422429,0.0628915705332885,0.0359306474480603,-0.0182604426937221,-0.0878055943450731,0.0,-0.0,0.0,0.6359238714704508,2026-07-20 10:00,2026-07-20 10:00
TPC Twin Cities,1,2026-07-26,2026-07-23,525,3M Open,2026-07-20 16:20:46 UTC,no,pga,-18000,0,USA,17543,85.0,57.0,"kim, michael",39975,64,65.0,0.0,0.0,0.0,0.0,0.0,0.0,1993-07-14,5.5,33,3.02167090714972,0.4979826222168245,-0.4546913580246916,0.9509200201948074,0.743,pga,2026-07-06,1089,0.4979826222168245,0.0399999999999999,0.0699999999999999,-0.06,2.0,5.0,68.0,1.9703703703703703,-1.096296296296296,0.0643455710193795,-0.0007632352498515,-0.008927366011286,0.0480557536910696,0.0273880503175799,-0.0014076317281324,1.37866370510835,0.1723834072029864,0.0171182714494026,-0.0899872804075422,0.0027481441851242,-0.0099928244234192,,,0.1543037503882072,0.2395494359857452,-0.0073444979916631,0.007840724272233,-14.292841857299056,-0.0227436162192701,-0.0075202586895838,0.0127218560342414,0.0154511438177649,0.0215805825656598,0.0137866370510835,-0.0,-0.0,0.3030896554544949,2026-07-20 10:00,2026-07-20 10:00
TPC Twin Cities,1,2026-07-26,2026-07-23,525,3M Open,2026-07-20 16:20:46 UTC,no,pga,-18000,0,KOR,24766,48.0,34.0,"kim, tom",55182,299,35.0,0.0,0.0,0.0,0.0,0.0,0.0,2002-06-21,1.5,24,2.460793418964637,0.680809218971408,0.0453086419753083,1.5550730404439697,1.3952,pga,2026-07-06,576,0.680809218971408,-0.2400000000000001,-0.13,0.0399999999999999,2.0,3.0,61.0,-0.0296296296296296,-1.096296296296296,0.1075722102993539,0.0001376345152063,-0.0309113418505317,0.1503236965083858,-0.0097541736312324,-0.0022236052424739,1.8365188533059624,0.4194994923603337,,0.1270241844390542,-0.0084310458430548,-0.0066844773479952,0.2630572614699451,0.047874956188568,,0.8670323289405517,-0.0672541533324498,0.0202796044238316,21.78937109474427,0.3672205403212473,0.0716665065823187,0.0105217380736861,0.0112817099819764,0.0601771632229906,0.0091825942665298,0.0,0.0,0.9581955344857348,2026-07-20 10:00,2026-07-20 10:00
TPC Twin Cities,1,2026-07-26,2026-07-23,525,3M Open,2026-07-20 16:20:46 UTC,no,pga,-18000,0,USA,12423,145.0,118.0,"kirk, chris",30926,85,146.0,0.0,0.0,0.0,0.0,0.0,0.0,1985-05-08,3.5,41,2.3871992524100434,0.0114221666429218,-1.2046913580246916,1.0337888013312124,0.8336000000000001,pga,2026-07-06,1681,0.0114221666429218,-0.18,-0.05,0.0,7.0,2.0,46.0,-1.0296296296296297,3.903703703703704,0.0104518807793035,0.0004690350880527,-0.0133244960458058,0.0162904156143234,0.0089603123606296,-0.0019433862378963,2.6993293915959384,0.0336923962497269,0.0186100586239785,-0.1439637395869346,0.0299154941381134,-0.0178572583856354,,,0.0747003202813937,-0.1239148188728795,-0.0005727954679541,0.0001102145451265,20.87160147492269,-0.0792076922257866,-0.1185495092706946,-0.0453001225003058,0.0098325460658504,0.0035054110570603,0.0269932939159593,0.0,-0.0,-0.1288836903343152,2026-07-20 10:00,2026-07-20 10:00
TPC Twin Cities,1,2026-07-26,2026-07-23,525,3M Open,2026-07-20 16:20:46 UTC,no,pga,-18000,0,USA,21891,27.0,37.0,"kitayama, kurt",48117,451,32.0,0.0,0.0,0.0,0.0,0.0,0.0,1993-01-14,1.5,33,2.907773741290084,1.067726228948139,1.1703086419753084,1.1909219153823758,1.0142,pga,2026-07-06,1089,1.067726228948139,0.0,0.0,0.0,0.0,3.0,66.0,-0.0296296296296296,-3.096296296296296,-0.1690063191686512,-0.0002621128147021,-0.0288874026328201,-0.1473934588533132,0.0065745034937171,0.0009621516384672,18.36679059914082,0.520381674466262,,0.0828136163148548,0.0018262183152976,0.0546467548159558,0.1903168002635913,0.1419208447013652,,0.9363074817878638,-0.0659636767693258,0.0248696105537791,-1.4849067419324389,0.0967791138818758,-0.0145043608739162,0.029716800775681,0.0112817099819764,-0.0945441283211214,0.0918339529957041,-0.0,0.0,0.974595817220104,2026-07-20 10:00,2026-07-20 10:00
TPC Twin Cities,1,2026-07-26,2026-07-23,525,3M Open,2026-07-20 16:20:46 UTC,no,pga,-18000,0,USA,13470,492.0,407.0,"kizzire, patton",32757,22,158.0,0.0,0.0,0.0,0.0,0.0,0.0,1986-03-03,15.5,40,2.727423434799156,-1.4182745617247363,-1.3296913580246916,0.6535119157436504,0.3826,pga,2026-07-06,1600,-1.4182745617247363,-0.26,-0.19,0.12,7.0,3.0,34.0,-0.0296296296296296,3.903703703703704,0.1457491212589163,0.0004545851405704,0.0102228624573635,0.1306267923326328,0.0082798815526308,-0.0038350002242813,-1.7076241746950926,-0.4451810198522345,0.0117643904130098,-0.3164642425727467,0.0243366846785071,-0.1011828086995933,,,-0.2972149808879393,-1.2417114662262954,0.0117433140162832,-0.025272285359568,-7.70428205411644,0.0,-0.1042405179620135,-0.0453001225003058,0.0435441325773374,0.0488821669521449,-0.0170762417469509,-0.0,0.0,-1.2116615309440697,2026-07-20 10:00,2026-07-20 10:00
TPC Twin Cities,1,2026-07-26,2026-07-23,525,3M Open,2026-07-20 16:20:46 UTC,no,pga,-18000,0,USA,19396,45.0,46.0,"knapp, jake",47420,303,39.0,0.0,0.0,0.0,0.0,0.0,0.0,1994-05-31,0.5,32,2.7603288249683624,0.7910952527177508,0.2953086419753084,1.462094257550732,1.0082,pga,2026-07-06,1024,0.7910952527177508,-0.05,-0.2299999999999999,-0.12,2.0,2.0,41.0,-1.0296296296296297,-1.096296296296296,-0.2387088320550826,-0.0012687393929642,-0.0110327380599447,-0.2481170428429962,0.0211346142665924,0.0005750739742301,0.463325101142726,0.3874757191579212,,-0.0105810108126455,0.0063805356472233,0.0324819499268791,0.1900905468850334,0.1550605104459848,,0.7247733860309353,-0.0728213230976537,0.0354573647418744,-9.6229044478526,-0.0044014800983203,0.0012290931363183,0.0105217380736861,0.0037605699939921,-0.1335365361497499,0.0023166255057136,-0.0,-0.0,0.6078357834545772,2026-07-20 10:00,2026-07-20 10:00
TPC Twin Cities,1,2026-07-26,2026-07-23,525,3M Open,2026-07-20 16:20:46 UTC,no,pga,-18000,0,USA,16395,76.0,128.0,"kohles, ben",36884,237,100.0,0.0,0.0,0.0,0.0,0.0,0.0,1990-02-24,3.5,36,2.5845716951050224,0.4156013367037958,0.2953086419753084,0.4156013367037958,0.0823999999999999,pga,2026-07-06,1296,0.4156013367037958,0.24,0.07,0.1,7.0,11.0,53.0,4.0,3.903703703703704,0.1610730797048593,0.0011233735948402,-0.0331447712603735,0.2400835923100503,-0.0473342227952667,0.000345107855609,8.406753410944878,0.1322487644748231,0.0066049824183707,0.2472654936011226,0.0022949178920235,0.0120650403563206,,,0.0768634569690789,0.4324047810811306,-0.0042584221580397,0.0076041165174057,11.993956539970554,0.0,-0.0482835689899749,-0.0453001225003058,0.0098325460658504,0.0540216030506421,0.0840675341094487,0.0,0.0,0.5350263418067662,2026-07-20 10:00,2026-07-20 10:00
TPC Twin Cities,1,2026-07-26,2026-07-23,525,3M Open,2026-07-20 16:20:46 UTC,no,pga,-18000,0,USA,32319,49.0,206.0,"koivun, jackson",66701,229,194.0,0.0,0.0,0.0,0.0,0.0,0.0,2005-05-23,-6.5,21,2.7,1.1128822209442994,-0.0796913580246916,1.89,1.89,pga,2026-07-06,441,1.1128822209442994,-0.63,-0.1399999999999999,0.23,7.0,3.0,11.0,-0.0296296296296296,3.903703703703704,-0.0694364268057566,-0.0010043791711815,-0.0223398904367236,-0.0320920351695365,-0.015133649483872,0.0011335274555571,0.0,0.5761630836596716,,0.0711140159108605,0.0002561751515614,0.0481097969680542,0.3563490712286383,0.1537070097630424,,1.203626149460037,-0.0347273320419779,0.0085972832491799,0.6546779204920119,0.0,0.0240570455710064,-0.0374659186813012,-0.0488874099218979,-0.0388435561366945,0.0,0.0,0.0,1.0784292647201434,2026-07-20 10:00,2026-07-20 10:00
TPC Twin Cities,1,2026-07-26,2026-07-23,525,3M Open,2026-07-20 16:20:46 UTC,no,pga,-18000,0,USA,6169,104.0,180.0,"kuchar, matt",23108,89,137.0,0.0,0.0,0.0,0.0,0.0,0.0,1978-06-21,3.5,48,2.3,0.3671355148863907,-0.3296913580246916,1.574220152208637,1.4921428571428572,pga,2026-07-05,2304,0.3671355148863907,0.56,0.15,0.0099999999999999,14.0,0.0,35.0,-3.0296296296296297,10.903703703703703,0.2899902126252603,-0.0007199479987932,0.0045979296180767,0.3059450893004032,-0.0179104374660692,-0.0019224208283572,11.878592543941826,0.1112190511962309,0.0283461623841243,0.2745357131111496,-0.0205387954729478,-0.0456761331234115,,,0.0165840479389194,0.1155054202934773,-0.0044856991141843,0.0011628044368862,-4.137528753703567,-0.060010691481817,-0.2456417310632895,-0.126530892448672,0.0098325460658504,0.0972585622856289,0.1187859254394182,-0.0,-0.0,0.2148515616357029,2026-07-20 10:00,2026-07-20 10:00
TPC Twin Cities,1,2026-07-26,2026-07-23,525,3M Open,2026-07-20 16:20:46 UTC,no,pga,-18000,0,RSA,24343,0.0,280.0,"lamprecht, christo",54422,32,198.0,0.0,0.0,0.0,0.0,0.0,0.0,2001-01-30,-6.5,25,3.2,-1.5160617906606724,-0.3296913580246916,-0.0073772317884501,-0.4174,pga,2026-07-06,625,-1.5160617906606724,-0.3399999999999998,-0.29,-0.06,2.0,3.0,40.0,-0.0296296296296296,-1.096296296296296,-0.2397527410206333,0.0002612209762913,0.0664907799553596,-0.3336355076605046,0.0281350740810958,-0.0010043083728755,0.0,-0.4753432500107782,-0.0001328034467861,-0.6669778752788881,0.005303739161747,-0.0433230445490023,,,-0.3246147122652844,-1.4630271100032757,0.021629573916221,-0.0355530375263806,0.0,0.0,0.0559842999958762,0.0127218560342414,-0.0182604426937221,-0.0804096341204391,0.0,0.0,0.0,-1.5489753307831955,2026-07-20 10:00,2026-07-20 10:00
TPC Twin Cities,1,2026-07-26,2026-07-23,525,3M Open,2026-07-20 16:20:46 UTC,no,pga,-18000,0,USA,21943,329.0,257.0,"lebioda, hank",49766,21,141.0,0.0,0.0,0.0,0.0,0.0,0.0,1994-01-14,9.5,32,2.432192939871806,-0.6593052697387549,0.0453086419753083,0.4918878806476133,0.1598,pga,2026-07-06,1024,-0.6593052697387549,-0.0899999999999999,0.0,0.11,0.0,4.0,48.0,0.9703703703703704,-3.096296296296296,0.1008067014838687,0.0003732480974037,0.0017294564464103,0.080554717388012,0.0172795129116564,0.000869766640386,13.603723377689692,-0.2649358886014407,0.0088548669549224,-0.3001005166112299,0.0358135130829098,-0.0561495618445217,,,-0.1731951441273241,-0.7575302925191215,0.0105439246110091,-0.0162057609131103,-13.633911511036302,0.0,-0.0021557250703362,0.0359306474480603,0.0266883393215939,0.0338091233021966,0.1360372337768969,-0.0,0.0,-0.5250649486703736,2026-07-20 10:00,2026-07-20 10:00
TPC Twin Cities,1,2026-07-26,2026-07-23,525,3M Open,2026-07-20 16:20:46 UTC,no,pga,-18000,0,CHN,15310,182.0,109.0,"li, haotong",35296,48,125.0,0.0,0.0,0.0,0.0,0.0,0.0,1995-08-03,-4.5,30,3.153037330714729,0.0328654903195679,0.4203086419753084,0.9332746410127796,0.8300000000000001,pga,2026-07-06,900,0.0328654903195679,-0.44,0.09,-0.0499999999999999,2.0,3.0,47.0,-0.0296296296296296,-1.096296296296296,-0.1153369653778032,-4.508853706344556e-06,-0.0081308370389844,-0.1199518712136451,0.0099105651711287,0.0028396865574039,-0.953706520654491,0.0039527433620121,0.0170893914322505,-0.2484765825170735,0.0012272613173093,0.0391349213834094,,,0.0292744498400056,-0.1433030866313442,-0.000974413987926,0.0015440205460203,16.024261411063204,0.0377952867951958,0.0139251219926477,0.0127218560342414,-0.0126418449418076,-0.0386823656201401,-0.0095370652065449,0.0,0.0,-0.1914425063655954,2026-07-20 10:00,2026-07-20 10:00
TPC Twin Cities,1,2026-07-26,2026-07-23,525,3M Open,2026-07-20 16:20:46 UTC,no,pga,-18000,0,USA,16713,0.0,0.0,"lindheim, nicholas",37278,13,216.0,0.0,0.0,0.0,0.0,0.0,0.0,1984-11-09,-3.5,41,2.7,-1.5265751697384118,-2.654691358024692,0.5810454380421956,0.282,pga,2026-07-05,1681,-1.5265751697384118,-0.3999999999999999,0.28,0.08,14.0,0.0,8.0,-3.0296296296296297,10.903703703703703,0.0971554283663204,0.0006680333052204,0.0287799132511701,0.0829664323389424,-0.0184140292139946,0.003155078684982,-7.534715542025173,-0.5348569495423031,0.0104598634181723,-0.4521108446932701,0.0015000926708836,-0.0228443081759614,,,-0.5043198677574515,-1.6583033342011038,0.0202656502325931,-0.0513198905005401,0.0,0.0,-0.1250770798532263,-0.126530892448672,-0.0098325460658504,0.0325845386146306,-0.0753471554202517,0.0,0.0,-1.837429389521248,2026-07-20 10:00,2026-07-20 10:00
TPC Twin Cities,1,2026-07-26,2026-07-23,525,3M Open,2026-07-20 16:20:46 UTC,no,pga,-18000,0,USA,15980,175.0,112.0,"lipsky, david",36326,96,76.0,0.0,0.0,0.0,0.0,0.0,0.0,1988-07-14,3.5,38,2.673786625435449,-0.194458543809003,0.1703086419753083,0.3740266594666083,0.387,pga,2026-07-06,1444,-0.194458543809003,0.36,0.23,0.09,7.0,3.0,47.0,-0.0296296296296296,3.903703703703704,0.2062377512991539,-0.0001771057776901,-0.0032806553791085,0.2127311821338907,-0.0016151437332869,-0.0014205259446511,9.243435297517316,-0.0624994685980411,0.0067679735940521,-0.0466200288564793,0.0067421009402041,-0.0586898988466026,,,-0.0686435375558753,-0.2910769259421502,-0.0006021400876082,0.0025192827138693,-4.44313693034522,-0.0081245903862584,-0.0700512092456689,-0.0453001225003058,0.0098325460658504,0.0691691867763042,0.0924343529751731,-0.0,-0.0,-0.1649409626251282,2026-07-20 10:00,2026-07-20 10:00
TPC Twin Cities,1,2026-07-26,2026-07-23,525,3M Open,2026-07-20 16:20:46 UTC,no,pga,-18000,0,USA,7960,424.0,492.0,"list, luke",27129,22,188.0,0.0,0.0,0.0,0.0,0.0,0.0,1985-01-14,7.5,41,2.4791912318911007,-1.012772761359354,0.7953086419753084,1.04,1.04,pga,2026-07-06,1681,-1.012772761359354,0.0,0.0,0.0,0.0,4.0,37.0,0.9703703703703704,-3.096296296296296,-0.0444510769446397,0.000319246177574,0.0154152985717615,-0.0700527447695756,0.0080607578899667,0.0018063651856335,-6.7343245333399615,-0.3218272396176083,0.0217821772745239,0.0394377604958447,0.0026920639616072,0.0867168273929029,,,-0.277746750698773,-0.5802730481986422,0.0183619642100316,-0.0262543574070657,-13.706974878847303,-0.1131760929814732,-0.1234354938101057,0.0359306474480603,0.0210697415696794,-0.0149082543046728,-0.0673432453333996,-0.0,-0.0,-0.6055241588189748,2026-07-20 10:00,2026-07-20 10:00
TPC Twin Cities,1,2026-07-26,2026-07-23,525,3M Open,2026-07-20 16:20:46 UTC,no,pga,-18000,0,USA,17723,372.0,286.0,"lower, justin",40162,16,180.0,0.0,0.0,0.0,0.0,0.0,0.0,1989-04-04,5.5,37,2.9189218539511605,-0.9061955978079466,-0.3296913580246916,0.4045805372700555,0.2284,pga,2026-07-06,1369,-0.9061955978079466,0.0,0.0,0.0,0.0,4.0,40.0,0.9703703703703704,-3.096296296296296,0.1937185926480744,0.0006718957449955,0.0181321954965405,0.1952471340192199,-0.0215550084280587,0.0012223758153771,-2.732170280359401,-0.3272845480633901,0.0072831776732549,-0.1668810980805713,0.000455145388202,-0.0410074056601275,,,-0.2553943382593597,-0.854741930071939,0.0113877262722394,-0.0229762840556228,-13.104757655902006,0.0,-0.0603243052865637,0.0359306474480603,0.0154511438177649,0.0649704403413577,-0.027321702803594,-0.0,0.0,-0.7657114012683499,2026-07-20 10:00,2026-07-20 10:00
TPC Twin Cities,1,2026-07-26,2026-07-23,525,3M Open,2026-07-20 16:20:46 UTC,no,pga,-18000,0,USA,14926,361.0,0.0,"malnati, peter",34466,26,167.0,0.0,0.0,0.0,0.0,0.0,0.0,1987-06-13,11.5,39,2.4570768497598303,-0.9168210055667818,-0.0796913580246916,0.5412651606412631,0.37625,pga,2026-07-06,1521,-0.9168210055667818,-0.0999999999999999,-0.1099999999999999,0.18,0.0,4.0,44.0,0.9703703703703704,-3.096296296296296,0.1094774675147535,-0.0007997265470662,0.028006975414636,0.0537640269909069,0.0304953315553861,-0.0019891398991093,-4.451624531609783,-0.3332504082571627,0.0097514178141112,-0.1540464896380872,-0.0239339945564085,-0.1394875953869911,,,-0.2532312015716745,-0.9821889227626166,0.0119467125074151,-0.0139612554010904,-3.738452603705293,0.0,-0.0859761082727283,0.0359306474480603,0.0323069370735084,0.0367171739927511,-0.0445162453160978,-0.0,0.0,-0.9217504095643944,2026-07-20 10:00,2026-07-20 10:00
TPC Twin Cities,1,2026-07-26,2026-07-23,525,3M Open,2026-07-20 16:20:46 UTC,no,pga,-18000,0,USA,14007,480.0,488.0,"martin, ben",33413,23,154.0,0.0,0.0,0.0,0.0,0.0,0.0,1987-08-26,3.5,38,2.6810262221997427,-1.2727439783153185,0.0453086419753083,0.3350630349627889,0.0402,pga,2026-07-06,1444,-1.2727439783153185,0.0,0.0,0.0,0.0,4.0,42.0,0.9703703703703704,-3.096296296296296,0.0979637935946686,0.0005744866981672,-0.0006100465949142,0.1040572007945763,-0.006314787874737,0.0002569405715762,-13.400725862722751,-0.3267353850039405,0.0060317375419003,-0.2068874444032408,0.0419720314183146,-0.0320818972744377,,,-0.3116358921391736,-0.9250939227417588,0.0167825332110018,-0.0295170943911181,0.0,0.0,-0.0830225117010649,0.0359306474480603,0.0098325460658504,0.0328556527298246,-0.1340072586272275,0.0,0.0,-0.9804823351252508,2026-07-20 10:00,2026-07-20 10:00
TPC Twin Cities,1,2026-07-26,2026-07-23,525,3M Open,2026-07-20 16:20:46 UTC,no,pga,-18000,0,JPN,13562,29.0,30.0,"matsuyama, hideki",32839,298,37.0,0.0,0.0,0.0,0.0,0.0,0.0,1992-02-25,2.5,34,2.4360128025194085,0.930159816511694,0.2953086419753084,2.0161150804116263,1.7754,pga,2026-07-06,1156,0.930159816511694,0.37,0.15,0.27,0.0,2.0,65.0,-1.0296296296296297,-3.096296296296296,0.0464249646219819,-0.0003137917004059,-0.0198631992649515,0.0784832566470316,-0.0086381115884606,-0.0032431894712315,-5.0720779294600185,0.4811397254958314,,0.1124017539777908,-0.0039967759576941,0.0133044149146995,0.3347418735763622,0.1844615195915304,,1.0771603331432411,-0.0480353576860004,0.0292575086111489,15.240745591581582,-0.1334618228388213,-0.0261143293804272,0.029716800775681,0.0188028499699607,0.025970672777887,-0.0253603896473,0.0,-0.0,1.12629026701947,2026-07-20 10:00,2026-07-20 10:00
TPC Twin Cities,1,2026-07-26,2026-07-23,525,3M Open,2026-07-20 16:20:46 UTC,no,pga,-18000,0,ITA,20844,303.0,202.0,"mazzoli, stefano",49037,263,0.0,0.0,0.0,0.0,0.0,0.0,0.0,1995-01-01,-6.5,31,3.2,-0.6138211597172761,1.0453086419753084,-0.6138211597172761,-1.11,pga,2026-07-06,961,-0.6138211597172761,0.2499999999999999,0.0,0.0,0.0,5.0,47.0,1.9703703703703703,-3.096296296296296,0.0434573802904989,-0.0,-0.0,-0.0,0.0434573802904989,-0.0,0.0,-0.2781251636328972,-0.0138905782840148,0.1801847798253195,0.0031750362287787,0.0192033665267872,,,-0.3031275545009453,-0.3726945009124925,0.0155027817427534,-0.0213898420986581,0.0,0.0,0.0257726732803839,0.0359306474480603,-0.0182604426937221,0.0145749826847279,0.0,0.0,0.0,-0.3404493134734263,2026-07-20 10:00,2026-07-20 10:00
TPC Twin Cities,1,2026-07-26,2026-07-23,525,3M Open,2026-07-20 16:20:46 UTC,no,pga,-18000,0,USA,19870,84.0,103.0,"mccarthy, denny",47993,71,97.0,0.0,0.0,0.0,0.0,0.0,0.0,1993-03-04,5.5,33,2.3,0.478662046901891,-0.4546913580246916,1.4099294570090004,1.0342,pga,2026-07-06,1089,0.478662046901891,0.05,0.0999999999999999,-0.0499999999999999,7.0,4.0,65.0,0.9703703703703704,3.903703703703704,0.2081062370554652,-0.0010253152635831,-0.0054542655551441,0.2113540157005601,0.0044492699910725,-0.0012174678174401,2.775676772720189,0.2576833936448184,,-0.0115252665567322,-0.0157456227084712,-0.0626404677272826,0.1949927034204538,0.0720630260276077,,0.4107287576837999,-0.0184890764513622,0.0063941667148661,-0.9493280254367972,-0.2576889471290691,-0.0120040986800979,-0.0453001225003058,0.0154511438177649,0.0697958501269906,0.0277567677272018,-0.0,-0.0,0.4784323968554515,2026-07-20 10:00,2026-07-20 10:00
TPC Twin Cities,1,2026-07-26,2026-07-23,525,3M Open,2026-07-20 16:20:46 UTC,no,pga,-18000,0,USA,23505,88.0,100.0,"mcgreevy, max",51950,85,108.0,0.0,0.0,0.0,0.0,0.0,0.0,1995-05-03,1.5,31,2.321382282096128,0.3677556771543619,0.0453086419753083,0.5807308968804253,0.4247999999999999,pga,2026-07-06,961,0.3677556771543619,0.1099999999999999,-0.14,0.06,0.0,4.0,63.0,0.9703703703703704,-3.096296296296296,0.1007866451500195,0.0006415825557513,-0.0128091904317783,0.1308453588161739,-0.0167248468616908,-0.0011662589284366,-2.079736228207786,0.1232023947991583,0.0104542011112749,0.1041225477978624,0.0038541826618653,-0.0131448396225614,,,0.0914285773328255,0.3350082003760609,-0.0049307591789382,0.0089859181388971,-0.8356219714391896,-0.0085372143888808,0.0110359773356767,0.0359306474480603,0.0042139483139358,0.0338023966951941,-0.0207973622820778,-0.0,-0.0,0.3881578305511735,2026-07-20 10:00,2026-07-20 10:00
TPC Twin Cities,1,2026-07-26,2026-07-23,525,3M Open,2026-07-20 16:20:46 UTC,no,pga,-18000,0,USA,18634,22.0,42.0,"mcnealy, maverick",46442,314,50.0,0.0,0.0,0.0,0.0,0.0,0.0,1995-11-07,7.5,30,2.781562158782255,1.2545177386034003,-0.3296913580246916,1.4051439827680106,1.2508,pga,2026-07-06,900,1.2545177386034003,-0.3699999999999999,-0.37,0.0499999999999999,2.0,1.0,61.0,-2.0296296296296297,-1.096296296296296,-0.1363046400279047,-0.0011051750559421,-0.0021794687340321,-0.1420205727948405,0.0133429805740627,-0.0043424040171526,2.570436761714204,0.6462984730714083,,0.0067177285361672,-0.0185294481379389,-0.0023418720639873,0.2358314382501486,0.1774966898690929,,1.0176924594359766,-0.0787166216284337,0.033075126606957,-1.5572770334968389,0.0591411750968121,0.0178609449325626,0.0105217380736861,0.0564085499098822,-0.0762504233034196,0.012852183808571,-0.0,0.0,1.0212245079246969,2026-07-20 10:00,2026-07-20 10:00
TPC Twin Cities,1,2026-07-26,2026-07-23,525,3M Open,2026-07-20 16:20:46 UTC,no,pga,-18000,0,USA,28159,50.0,86.0,"meissner, mac",59143,230,70.0,0.0,0.0,0.0,0.0,0.0,0.0,1999-02-08,1.5,27,2.3,0.6441307193187811,0.6703086419753084,0.6473748545630633,0.4672,pga,2026-07-06,729,0.6441307193187811,0.47,0.25,0.0499999999999999,7.0,4.0,57.0,0.9703703703703704,3.903703703703704,0.0199669538740902,-0.0004425286083239,-0.0078241480660792,0.0384139355939142,-0.0071828964886772,-0.0029974085567434,3.1661431124893946,0.3283314860938646,,0.0987414774305324,-0.0173544802891107,-0.0322053508642034,0.0880879820518623,0.0689155937134759,,0.5492420928118287,-0.0536404826442374,0.0196554665845947,-4.361627598776242,0.0,0.0487104007350503,-0.0374659186813012,0.0112817099819764,0.0111697495013195,0.0158307155624469,-0.0,0.0,0.5500583491762704,2026-07-20 10:00,2026-07-20 10:00
TPC Twin Cities,1,2026-07-26,2026-07-23,525,3M Open,2026-07-20 16:20:46 UTC,no,pga,-18000,0,USA,13367,375.0,423.0,"merritt, troy",32640,29,185.0,0.0,0.0,0.0,0.0,0.0,0.0,1985-10-25,15.5,40,3.2,-0.5490483695268554,-0.4546913580246916,0.705832472491944,0.5256000000000001,pga,2026-07-06,1600,-0.5490483695268554,0.4600000000000001,0.1999999999999999,0.21,7.0,4.0,43.0,0.9703703703703704,3.903703703703704,0.1405103140448937,0.0003130384168327,0.0154295554701534,0.1283498023186728,-0.0042520054352234,0.0006699232744581,3.566113011728694,-0.2197085629662973,0.0127062545801116,-0.1296134156436572,-0.0161631786795882,-0.0473894562366086,,,-0.2682289492729583,-0.7878522170075049,0.0114691432071621,-0.0203886049908252,-12.135871040804073,0.0238087244091294,-0.1105354470048435,-0.0453001225003058,0.0435441325773374,0.0471251460750788,0.0356611301172869,-0.0,0.0,-0.7068219307381074,2026-07-20 10:00,2026-07-20 10:00
TPC Twin Cities,1,2026-07-26,2026-07-23,525,3M Open,2026-07-20 16:20:46 UTC,no,pga,-18000,0,USA,17365,44.0,73.0,"mitchell, keith",39546,235,46.0,0.0,0.0,0.0,0.0,0.0,0.0,1992-01-07,13.5,34,2.4544315056301613,0.8743566913546625,0.7953086419753084,1.161148580946895,0.8478,pga,2026-07-06,1156,0.8743566913546625,-0.03,-0.0099999999999999,-0.0799999999999999,2.0,1.0,67.0,-2.0296296296296297,-1.096296296296296,-0.2943284496876701,-1.1136778763922564e-05,-0.0108543669389396,-0.2961834654438227,0.0125995330464806,0.0001209864273755,9.38043114728924,0.4431502054414835,,0.0390225522602696,-0.0058787206858314,0.098100467562303,0.159848011951132,0.092800504611945,,0.7557217866325856,-0.0661987540939177,0.0223180867425469,-15.607960752835924,-0.0961468562390019,-0.0274405671573456,0.0105217380736861,0.101535389837788,-0.164650806269908,0.0469021557364462,-0.0,-0.0,0.7500302640105978,2026-07-20 10:00,2026-07-20 10:00
TPC Twin Cities,1,2026-07-26,2026-07-23,525,3M Open,2026-07-20 16:20:46 UTC,no,pga,-18000,0,USA,21944,162.0,149.0,"moore, taylor",49947,77,88.0,0.0,0.0,0.0,0.0,0.0,0.0,1993-07-28,1.5,33,2.4941889427766903,0.217785988833595,-0.7046913580246916,0.9130504924581354,0.6539999999999999,pga,2026-07-06,1089,0.217785988833595,-0.1099999999999999,-0.11,0.13,9.0,0.0,49.0,-3.0296296296296297,5.903703703703704,-0.1573335174014799,-0.0003731197188385,0.0140604163499602,-0.1810042324232965,0.0110955115766346,-0.0011120931859396,13.308403599948496,0.0835060413664542,0.0164365518076979,-0.236274776746487,0.0057153850609852,0.0561558034587774,,,0.069797210455974,-0.0075105544430926,-0.0042837390848001,0.0089572279278894,-1.4054548580717845,-0.1219297484102278,-0.0075202586895838,-0.0685089139141247,0.0042139483139358,-0.0527674074351707,0.1330840359994849,-0.0,-0.0,0.0085111085210327,2026-07-20 10:00,2026-07-20 10:00
TPC Twin Cities,1,2026-07-26,2026-07-23,525,3M Open,2026-07-20 16:20:46 UTC,no,pga,-18000,0,USA,29770,114.0,129.0,"mouw, william",63121,261,102.0,0.0,0.0,0.0,0.0,0.0,0.0,2000-10-01,-2.5,25,2.7942706257991694,0.1261555288251049,-0.4546913580246916,0.3445936132351175,0.1002,pga,2026-07-06,625,0.1261555288251049,0.09,0.0999999999999999,-0.0699999999999999,7.0,3.0,50.0,-0.0296296296296296,3.903703703703704,-0.0174358070285786,0.0003478882222133,-0.0131372001084571,-0.0092382905607803,0.0033526651796351,0.0012391302388104,8.757664469818856,0.0560980424340845,0.0062033051001289,0.0822113976747591,0.0146666843120195,0.0279374654086348,,,0.0232176671144872,0.2644316423557077,-0.001529372530208,0.0014844105742382,-5.862338078026076,0.0,0.0541420422675631,-0.0453001225003058,-0.0070232471898931,-0.0058477198541889,0.0875766446981885,-0.0,0.0,0.2938371975095084,2026-07-20 10:00,2026-07-20 10:00
TPC Twin Cities,1,2026-07-26,2026-07-23,525,3M Open,2026-07-20 16:20:46 UTC,no,pga,-18000,0,JPN,21074,113.0,94.0,"nakajima, keita",49228,95,112.0,0.0,0.0,0.0,0.0,0.0,0.0,2000-06-24,-6.5,26,2.527672791732247,0.2180041519528854,0.5453086419753084,0.4228925644992507,0.24,pga,2026-07-06,676,0.2180041519528854,0.05,-0.0999999999999999,-0.1599999999999999,2.0,3.0,37.0,-0.0296296296296296,-1.096296296296296,-0.0195883506035795,2.610833028311569e-06,-0.0089506274824057,-0.004612905168658,-0.0094493957819537,0.0034219669964097,0.0,0.1514792728182231,0.0076128271140501,0.2283426070859649,-0.0246558941636973,0.0105795361634575,,,0.0451374522163634,0.47107145763985,-0.0050858253553456,0.0054198576065092,-21.68665271369409,-0.0353554486008472,0.0522416241543246,0.0127218560342414,-0.0182604426937221,-0.0065696521272353,0.0,-0.0,-0.0,0.4589632188531339,2026-07-20 10:00,2026-07-20 10:00
TPC Twin Cities,1,2026-07-26,2026-07-23,525,3M Open,2026-07-20 16:20:46 UTC,no,pga,-18000,0,DEN,23841,83.0,79.0,"neergaard-petersen, rasmus",52689,222,91.0,0.0,0.0,0.0,0.0,0.0,0.0,1999-07-03,-6.5,27,2.434513553936715,0.2082381478818927,2.0453086419753084,0.795365937492152,0.7101999999999999,pga,2026-07-06,729,0.2082381478818927,0.0,0.0,0.0,0.0,4.0,59.0,0.9703703703703704,-3.096296296296296,-0.06599140505398,3.371820577619544e-05,-0.0018213263375771,-0.0482697287691341,-0.0178879874975268,0.0019539193444818,0.0,0.1245099574737936,0.014318018056671,0.2102212014424919,-0.0172996827910632,0.0704178920331141,,,0.0863812583948935,0.5359880474422741,-0.000810717041032,0.0020587123683487,7.3570505975431795,0.0078942782201499,0.0461914075050563,0.0359306474480603,-0.0182604426937221,-0.022132571719076,0.0,0.0,0.0,0.5315256804775363,2026-07-20 10:00,2026-07-20 10:00
TPC Twin Cities,1,2026-07-26,2026-07-23,525,3M Open,2026-07-20 16:20:46 UTC,no,pga,-18000,0,SWE,25475,296.0,259.0,"nyholm, pontus",55851,26,132.0,0.0,0.0,0.0,0.0,0.0,0.0,1998-02-10,-6.5,28,2.9972597067146096,-0.3797492494384811,0.2953086419753084,0.18,0.18,pga,2026-07-06,784,-0.3797492494384811,0.0,0.0,0.0,0.0,4.0,46.0,0.9703703703703704,-3.096296296296296,-0.1586410817099996,2.206130280601316e-06,0.0131849668830301,-0.1801392257608045,0.0086716617863388,-0.0003606907488446,0.0,-0.1644111260799331,0.0032403238920779,-0.2155767885828864,0.0044158378281919,-0.002721343815497,,,-0.1299324103736212,-0.4704621289929493,0.0113862878104916,-0.0126024443920792,0.0,0.0,0.0357395347203061,0.0359306474480603,-0.0182604426937221,-0.0532059457692454,0.0,0.0,0.0,-0.5059978700078565,2026-07-20 10:00,2026-07-20 10:00
TPC Twin Cities,1,2026-07-26,2026-07-23,525,3M Open,2026-07-20 16:20:46 UTC,no,pga,-18000,0,DEN,13412,146.0,150.0,"olesen, thorbjorn",33968,130,168.0,0.0,0.0,0.0,0.0,0.0,0.0,1989-12-21,-2.5,36,2.872873543468479,-0.0007566975989184,0.0453086419753083,0.862490598580591,0.666,pga,2026-07-06,1296,-0.0007566975989184,-0.32,-0.1,-0.16,9.0,0.0,39.0,-3.0296296296296297,5.903703703703704,-0.017466831445302,0.0002512401832799,-0.0025757727451457,-0.0260828364046156,0.0107097287556825,0.0002308087654968,5.444949198736585,0.0074622657216968,0.0155263827404071,-0.195101560601511,0.0093939705210776,-0.0095996027253084,,,0.0710950924685851,-0.1481921617891488,0.0001588061769516,0.003786536221005,-17.206444268096128,0.0599945207651248,-0.0509140523120528,-0.0685089139141247,-0.0070232471898931,-0.0058581249990349,0.0544494919873658,-0.0,0.0,-0.1751329559048357,2026-07-20 10:00,2026-07-20 10:00
TPC Twin Cities,1,2026-07-26,2026-07-23,525,3M Open,2026-07-20 16:20:46 UTC,no,pga,-18000,0,ENG,13764,125.0,92.0,"parry, john",28723,70,87.0,0.0,0.0,0.0,0.0,0.0,0.0,1986-11-17,-6.5,39,2.513023483735703,0.0863151195284703,0.0453086419753083,0.6315427617128786,0.4244,pga,2026-07-06,1521,0.0863151195284703,0.36,0.09,0.0499999999999999,0.0,3.0,59.0,-0.0296296296296296,-3.096296296296296,0.0754672077409372,0.0006340143156008,-0.0215626899052353,0.1148943950210436,-0.0176210846694178,-0.0008774270210541,0.0,0.0174465823735348,0.0113689061091506,0.0969598056159974,0.02675922239477,-0.0405642510479709,,,0.0082199194132035,0.0280769065620729,0.0006763647137921,0.0006835463288373,17.271668389698014,0.04264377042366,-0.0934731893392422,0.0359306474480603,-0.0182604426937221,0.0253106201693756,0.0,0.0,0.0,0.0710577314857867,2026-07-20 10:00,2026-07-20 10:00
TPC Twin Cities,1,2026-07-26,2026-07-23,525,3M Open,2026-07-20 16:20:46 UTC,no,pga,-18000,0,GER,22087,0.0,319.0,"paul, jeremy",50582,13,190.0,0.0,0.0,0.0,0.0,0.0,0.0,1993-10-11,-4.5,32,3.2,-1.3724973208054754,-0.4546913580246916,0.0877889915185978,-0.215,pga,2026-07-06,1024,-1.3724973208054754,-0.4099999999999999,0.0,0.07,0.0,5.0,55.0,1.9703703703703703,-3.096296296296296,0.0630704077069064,0.0002467556217198,0.0460100640397894,-0.0147375421315463,0.0309826903885892,0.0005684397883542,-0.5068290986506894,-0.4480557400444981,0.0015803598148841,-0.4538674722098185,0.0216472244014818,-0.037765051307284,,,-0.3472555429297223,-1.2727233470289767,0.0180296795463013,-0.025934599158859,0.0,0.0,-0.0011022051414618,0.0359306474480603,-0.0126418449418076,0.0211529110614122,-0.0050682909865068,0.0,0.0,-1.2333499244478188,2026-07-20 10:00,2026-07-20 10:00
TPC Twin Cities,1,2026-07-26,2026-07-23,525,3M Open,2026-07-20 16:20:46 UTC,no,pga,-18000,0,FRA,19960,222.0,283.0,"pavon, matthieu",48153,24,117.0,0.0,0.0,0.0,0.0,0.0,0.0,1992-11-02,-2.5,33,2.3,-0.2060824635408288,-0.5796913580246916,0.8506748938726099,0.5212,pga,2026-07-06,1089,-0.2060824635408288,0.1799999999999999,-0.24,0.16,9.0,0.0,47.0,-3.0296296296296297,5.903703703703704,0.0125107553827075,-0.0003610121159409,0.0127649200571258,0.012149757719953,-0.0127560692948619,0.0007131590164314,3.5635245451193547,-0.0733776870343016,0.0153136787944793,-0.1940922705032054,0.0255022151033899,0.0409387479033145,,,-0.0827760305820849,-0.2831525130159033,-0.0016876033224605,0.002328457511148,-0.9533683818430416,-0.0237776936327367,-0.0153020208861826,-0.0685089139141247,-0.0070232471898931,0.0041959280991379,0.0356352454511935,-0.0,-0.0,-0.3188535005695896,2026-07-20 10:00,2026-07-20 10:00
TPC Twin Cities,1,2026-07-26,2026-07-23,525,3M Open,2026-07-20 16:20:46 UTC,no,pga,-18000,0,CAN,17780,116.0,89.0,"pendrith, taylor",40250,179,80.0,0.0,0.0,0.0,0.0,0.0,0.0,1991-05-30,3.5,35,2.652348095169395,0.1730303850130352,0.5453086419753084,1.228695948554071,1.0546,pga,2026-07-06,1225,0.1730303850130352,-0.3299999999999999,-0.13,-0.23,2.0,4.0,66.0,0.9703703703703704,-1.096296296296296,-0.1908943375826256,0.0002573252324029,0.0009118756839601,-0.2157367449494228,0.0233247828646634,0.0003484235857705,3.721881185952429,0.111946435279775,0.0221187379899951,-0.0523034316716667,0.0031946536453702,0.0252910209642065,,,0.1042631883464241,0.1853128994015858,-0.0003711231309195,0.0042169172952139,11.87244929453506,0.035934117428258,-0.0330434993168128,0.0127218560342414,0.0098325460658504,-0.0640232256588111,0.0372188118595242,0.0,0.0,0.1810628877023908,2026-07-20 10:00,2026-07-20 10:00
TPC Twin Cities,1,2026-07-26,2026-07-23,525,3M Open,2026-07-20 16:20:46 UTC,no,pga,-18000,0,USA,16341,241.0,258.0,"peterson, paul",36824,18,149.0,0.0,0.0,0.0,0.0,0.0,0.0,1997-12-11,-4.5,28,2.3495171477425383,-0.5766471861179866,0.2953086419753084,-0.1739639002255872,-0.4886,pga,2026-07-06,784,-0.5766471861179866,0.0,0.0,0.0,0.0,4.0,45.0,0.9703703703703704,-3.096296296296296,0.3735907940219823,-0.0001384653557662,-0.0041178901194892,0.419458922974333,-0.0404635974392767,-0.0011481760378184,-0.3604674766345163,-0.1550353320433238,-0.0031316632347779,-0.0495088187191301,0.0061695709016365,-0.0861155518862679,,,-0.1142136171097757,-0.4760366382571605,0.0047949683899506,-0.008944985309803,0.0,0.0,-0.0700512092456689,0.0359306474480603,-0.0126418449418076,0.1252969994427994,-0.0036046747663451,0.0,0.0,-0.3310555110744534,2026-07-20 10:00,2026-07-20 10:00
TPC Twin Cities,1,2026-07-26,2026-07-23,525,3M Open,2026-07-20 16:20:46 UTC,no,pga,-18000,0,USA,27164,199.0,168.0,"phillips, chandler",57900,35,103.0,0.0,0.0,0.0,0.0,0.0,0.0,1996-12-02,-2.5,29,2.8578144701486368,-0.180497189786046,1.0453086419753084,0.2828086668489369,0.0922,pga,2026-07-06,841,-0.180497189786046,0.36,0.42,-0.02,7.0,3.0,47.0,-0.0296296296296296,3.903703703703704,0.1078641852153012,-0.0003768036610776,0.0237071289910903,0.0853615930134297,0.0007461399604047,-0.0015738730885458,-7.765355614244946,-0.0582601826398643,0.0050910648893184,0.1037384618577107,-0.0030292916174711,-0.0360827720123588,,,-0.1120504804220906,-0.0767600228136674,0.0051074022815619,-0.0070468984308575,-2.887615923820108,0.0,0.0257726732803839,-0.0453001225003058,-0.0070232471898931,0.0361761022248968,-0.0776535561424494,-0.0,0.0,-0.170560846421419,2026-07-20 10:00,2026-07-20 10:00
TPC Twin Cities,1,2026-07-26,2026-07-23,525,3M Open,2026-07-20 16:20:46 UTC,no,pga,-18000,0,RSA,27900,130.0,87.0,"potgieter, aldrich",63343,140,62.0,0.0,0.0,0.0,0.0,0.0,0.0,2004-09-13,-6.5,21,3.0772890018441275,0.1705689126571916,2.2953086419753084,0.2364425594921513,-0.1508,pga,2026-07-06,441,0.1705689126571916,-0.37,-0.09,0.02,0.0,4.0,54.0,0.9703703703703704,-3.096296296296296,-0.3067597228743746,-7.357090250835816e-06,0.0008497963456018,-0.3534871565162348,0.0425573353913103,0.0033276589951987,0.0,0.0631971338750517,0.0042563915257026,0.0642738598564731,-0.01090653731012,0.0814343411944725,,,0.0487426800291719,0.324037642399142,-0.0014977263717575,0.0009826168886986,-8.427246075107629,-0.0554423152403149,0.073554882711449,0.0359306474480603,-0.0182604426937221,-0.1028828157467987,0.0,-0.0,-0.0,0.2388250314066815,2026-07-20 10:00,2026-07-20 10:00
TPC Twin Cities,1,2026-07-26,2026-07-23,525,3M Open,2026-07-20 16:20:46 UTC,no,pga,-18000,0,IRL,10104,155.0,203.0,"power, seamus",28252,43,115.0,0.0,0.0,0.0,0.0,0.0,0.0,1987-03-04,3.5,39,2.775223156627612,-0.176777674725424,-0.5796913580246916,1.1087623974124263,0.9002,pga,2026-07-06,1521,-0.176777674725424,-0.26,0.14,-0.21,0.0,2.0,46.0,-1.0296296296296297,-3.096296296296296,0.0917076878236366,-0.0001746587569996,0.0120138278386996,0.0862333452752515,-0.0054057929306544,-0.0009590336026605,0.3010717717210314,-0.047484570737219,0.0199597182609616,0.0156624706685802,-0.0190471788054284,-0.0422370036685058,,,-0.0170166752764564,-0.1817385238327405,-0.0013351801942617,0.0002148660372507,0.8749790949869412,-0.0538252961086062,-0.0904549701176615,0.0359306474480603,0.0098325460658504,0.0307574444927636,0.0030107177172103,0.0,-0.0,-0.1022071681088557,2026-07-20 10:00,2026-07-20 10:00
TPC Twin Cities,1,2026-07-26,2026-07-23,525,3M Open,2026-07-20 16:20:46 UTC,no,pga,-18000,0,USA,14704,93.0,96.0,"putnam, andrew",34256,62,68.0,0.0,0.0,0.0,0.0,0.0,0.0,1989-01-25,7.5,37,2.5898360647243703,0.272200857742094,0.4203086419753084,0.9523349062859509,0.8013999999999999,pga,2026-07-06,1369,0.272200857742094,0.03,0.3,-0.1499999999999999,7.0,3.0,63.0,-0.0296296296296296,3.903703703703704,0.4439080702052989,-0.0007164683210013,-0.0109887679249002,0.4805591286644232,-0.0199993231704562,-0.0049464990427664,-5.027369692279045,0.1116110938310772,0.0171439163526491,-0.0571731092656649,-0.0126033372288914,-0.1086165712781644,,,0.1152230808973621,0.0051490734764945,-0.011267758562477,0.0139028681090963,-0.0073630328966824,0.0042640089628982,-0.0630711093784924,-0.0453001225003058,0.0210697415696794,0.1488804063568407,-0.0502736969227904,-0.0,0.0,0.0795254019799184,2026-07-20 10:00,2026-07-20 10:00
TPC Twin Cities,1,2026-07-26,2026-07-23,525,3M Open,2026-07-20 16:20:46 UTC,no,pga,-18000,0,USA,19840,208.0,182.0,"ramey, chad",47983,23,127.0,0.0,0.0,0.0,0.0,0.0,0.0,1992-08-03,5.5,33,2.3,-0.5999938485152054,0.0453086419753083,0.5209359098856003,0.361,pga,2026-07-06,1089,-0.5999938485152054,0.0,0.0,0.0,0.0,4.0,55.0,0.9703703703703704,-3.096296296296296,0.0271053899580197,-0.0005094096608526,0.0222485180000061,0.0016691559501312,0.0030573095354293,0.0006398161333056,7.414818486595323,-0.1325279071899311,0.0093777837502426,-0.1691231921115084,0.0073050355032649,-0.0182504800837462,,,-0.0813339394569615,-0.4027496310793081,0.0010483509217603,-0.001661740513721,-4.867382930196276,0.0,-0.0175835418987075,0.0359306474480603,0.0154511438177649,0.0090907594213015,0.0741481848659532,-0.0,0.0,-0.268128895526228,2026-07-20 10:00,2026-07-20 10:00
TPC Twin Cities,1,2026-07-26,2026-07-23,525,3M Open,2026-07-20 16:20:46 UTC,no,pga,-18000,0,USA,19872,436.0,177.0,"riley, davis",47995,43,142.0,0.0,0.0,0.0,0.0,0.0,0.0,1996-12-17,1.5,29,3.1046931280897705,-1.1217643879786698,0.4203086419753084,0.8385913627801571,0.48,pga,2026-07-06,841,-1.1217643879786698,0.0,0.0,0.0,0.0,4.0,51.0,0.9703703703703704,-3.096296296296296,-0.0063207581059729,-0.0002981217180276,0.0167953453384899,-0.0556628085552941,0.0315940961669796,0.0012507306618792,1.4204641362227872,-0.3948712429640773,0.0150961534917041,-0.1304664548655361,-0.0198101790328043,-0.0838872955969733,,,-0.3272104762905066,-0.9220765704287563,0.0227202156133652,-0.0294199640643118,-8.319648332701707,-0.0895180126773963,0.0257726732803839,0.0359306474480603,0.0042139483139358,-0.0021198917038505,0.0142046413622278,-0.0,-0.0,-0.8698472250083829,2026-07-20 10:00,2026-07-20 10:00
TPC Twin Cities,1,2026-07-26,2026-07-23,525,3M Open,2026-07-20 16:20:46 UTC,no,pga,-18000,0,USA,16283,157.0,95.0,"rodgers, patrick",36699,50,61.0,0.0,0.0,0.0,0.0,0.0,0.0,1992-06-30,11.5,34,2.65020529640083,0.0242850873861151,-0.2046913580246916,0.7230798199621963,0.5886,pga,2026-06-21,1156,0.0242850873861151,-0.27,-0.1299999999999999,-0.32,28.0,0.0,67.0,-3.0296296296296297,24.903703703703705,-0.0258680419087394,-0.000698647513118,0.0106861478643572,-0.060101975949322,0.0235921372202408,0.0006542964691025,3.352569716725612,0.0213173223451023,0.0130167378694606,-0.2276727844256658,-0.0116245987272061,-0.031501427148655,,,0.0383596239282832,-0.2106675732103597,-2.589231145949739e-06,0.0061741379819247,-14.351413580741005,-0.0335591714789829,-0.0187339958024577,-0.2889924323454044,0.0323069370735084,-0.0086757706145053,0.0335256971672561,-0.0,-0.0,-0.4425031419295048,2026-07-20 10:00,2026-07-20 10:00
TPC Twin Cities,1,2026-07-26,2026-07-23,525,3M Open,2026-07-20 16:20:46 UTC,no,pga,-18000,0,USA,18424,179.0,120.0,"roy, kevin",39335,82,93.0,0.0,0.0,0.0,0.0,0.0,0.0,1993-05-20,-0.5,33,2.867412545570223,-0.4593191459602976,-1.0796913580246916,0.5377945335037209,0.2249999999999999,pga,2026-07-06,1089,-0.4593191459602976,0.0,0.0,0.0,0.0,4.0,56.0,0.9703703703703704,-3.096296296296296,-0.0060753493820744,-0.0002828254550176,0.0143436832734714,-0.0125499167381694,-0.0059110510308495,-0.0016752394315092,0.0080931923021996,-0.0297509672382028,0.0096812693107834,-0.0647775221996209,0.0190815625926608,0.002446712788245,,,-0.0579720632299619,-0.1707075942382493,0.0007226831820697,-0.0018557004542476,-2.8558293578150447,0.0,-0.0482835689899749,0.0359306474480603,-0.0014046494379786,-0.0020375851341127,8.0931923021996e-05,-0.0,0.0,-0.1381382494392583,2026-07-20 10:00,2026-07-20 10:00
TPC Twin Cities,1,2026-07-26,2026-07-23,525,3M Open,2026-07-20 16:20:46 UTC,no,pga,-18000,0,COL,16591,0.0,0.0,"rozo, marcelo",37076,12,204.0,0.0,0.0,0.0,0.0,0.0,0.0,1989-11-06,-6.5,36,2.3,-1.052397722304112,-1.0796913580246916,-0.5376160412132459,-0.7273999999999999,pga,2026-07-06,1296,-1.052397722304112,-0.1,0.2500000000000001,0.15,2.0,3.0,38.0,-0.0296296296296296,-1.096296296296296,0.0754654726539191,0.0013801417930508,0.0009539616173673,0.1040154550213692,-0.0328453292161431,0.0019612434382748,0.0,-0.421045935478399,-0.0096780561283757,-0.4484132678833756,0.0372061364281183,0.0485347924525345,,,-0.318990556877303,-1.1756365310363288,0.0231342049043677,-0.0328134637597988,-0.7649129078600031,0.0,-0.0535703846940973,0.0127218560342414,-0.0182604426937221,0.0253100382460503,0.0,-0.0,0.0,-1.1558650794497591,2026-07-20 10:00,2026-07-20 10:00
TPC Twin Cities,1,2026-07-26,2026-07-23,525,3M Open,2026-07-20 16:20:46 UTC,no,pga,-18000,1,USA,30039591,0.0,0.0,"sandhu, sihan",70869,7,0.0,0.0,0.0,0.0,0.0,0.0,0.0,1995-01-01,-6.5,31,3.0,-2.5,-4.440892098500626e-16,0.0,0.0,0,,961,-2.5,0.0,0.0,0.0,3.096296296296296,0.0,0.0,0.0,0.0,0.0,0.0,0.0,0.0,0.0,0.0,0.0,,,,,,,,,,,,0.0,0.0,,-0.0,-0.0182604426937221,0.0,0.0,0.0,0.0,-2.5,2026-07-20 10:00,2026-07-20 10:00
TPC Twin Cities,1,2026-07-26,2026-07-23,525,3M Open,2026-07-20 16:20:46 UTC,no,pga,-18000,0,USA,30814,0.0,343.0,"sargent, gordon",64442,133,129.0,0.0,0.0,0.0,0.0,0.0,0.0,2003-06-01,-4.5,23,3.152746213020027,-1.7560024157038174,0.2953086419753084,-0.66,-0.66,pga,2026-07-06,529,-1.7560024157038174,-0.5699999999999998,0.12,-0.13,0.0,4.0,34.0,0.9703703703703704,-3.096296296296296,-0.2309065145109144,0.0001210979572572,0.0675027299690937,-0.3068737219969257,0.0082116630674518,0.0001317164922084,0.6531201942633258,-0.4917499441749582,-0.0118811876042857,-0.0275543349862123,0.0018317762742326,0.0404581436056236,,,-0.3711942556067713,-0.8434576157524862,0.0168144670618019,-0.0215274484068519,0.0,0.0,0.0213451680849351,0.0359306474480603,-0.0126418449418076,-0.0774427364993111,0.0065312019426332,0.0,0.0,-0.8910803478029115,2026-07-20 10:00,2026-07-20 10:00
TPC Twin Cities,1,2026-07-26,2026-07-23,525,3M Open,2026-07-20 16:20:46 UTC,no,pga,-18000,0,USA,18417,1.0,1.0,"scheffler, scottie",46046,632,1.0,0.0,0.0,0.0,0.0,0.0,0.0,1996-06-21,-6.5,30,2.379637102936301,3.0443065326532164,0.0453086419753083,3.411307856933354,3.2534000000000005,pga,2026-07-06,900,3.0443065326532164,-0.1300000000000003,0.0,-0.0799999999999999,0.0,3.0,63.0,-0.0296296296296296,-3.096296296296296,-0.1862777014855024,-0.0009722350015563,-0.047049229236794,-0.11741453901456,-0.0161737465427373,-0.0046679516898545,0.0,1.461804310617774,,0.1839338721174342,-0.0142526538868714,0.1304717778641119,0.6134106181668,0.4346438750744517,,2.732028623855731,-0.1663208802319313,0.0642806585629555,54.37660468886905,-0.0146517310039442,0.0240570455710064,0.029716800775681,-0.0488874099218979,-0.1042059432998741,0.0,0.0,-0.0,2.60865207140964,2026-07-20 10:00,2026-07-20 10:00
TPC Twin Cities,1,2026-07-26,2026-07-23,525,3M Open,2026-07-20 16:20:46 UTC,no,pga,-18000,0,USA,19477,0.0,184.0,"schenk, adam",47347,22,155.0,0.0,0.0,0.0,0.0,0.0,0.0,1992-01-26,13.5,34,3.2,-1.141392290348846,-0.4546913580246916,0.8600480068756723,0.6346,pga,2026-07-06,1156,-1.141392290348846,-0.1399999999999999,-0.0799999999999999,-0.14,9.0,0.0,48.0,-3.0296296296296297,5.903703703703704,0.0286831602949773,0.0006020678889044,0.0144071042787805,-0.0017307505068957,0.0138053650523359,0.001599373581852,-14.71930112472658,-0.4046581413826622,0.015482411694518,-0.3387712263788348,0.0144686976673976,-0.0361139800836374,,,-0.2911581981624209,-1.073417547306193,0.0247366512913615,-0.032820562655831,-6.389925254596408,-0.0721270556317695,-0.0245831992960839,-0.0685089139141247,0.0379255348254229,0.0096199209857564,-0.1471930112472658,-0.0,-0.0,-1.2415740166564038,2026-07-20 10:00,2026-07-20 10:00
TPC Twin Cities,1,2026-07-26,2026-07-23,525,3M Open,2026-07-20 16:20:46 UTC,no,pga,-18000,0,GER,20722,131.0,81.0,"schmid, matthias",48867,110,64.0,0.0,0.0,0.0,0.0,0.0,0.0,1997-11-18,5.5,28,2.818870699197995,-0.1842824064442791,0.5453086419753084,0.4168814153489268,0.174,pga,2026-07-06,784,-0.1842824064442791,0.12,0.0,0.0,7.0,3.0,58.0,-0.0296296296296296,3.903703703703704,-0.0969753215029135,-8.893507756929963e-05,0.0044692074102203,-0.1265563795766556,0.0242739609624944,0.0009268247785966,14.188301601908805,-0.0340818311644152,0.0075046156128799,0.1142767049899741,0.0062757608305776,0.0015604035639317,,,-0.0314375865276908,0.0959401670761311,0.0020866326112864,-0.0043875466373157,-6.662412389814315,-0.0496994278412823,0.0341430137969028,-0.0453001225003058,0.0154511438177649,-0.0325241333532455,0.141883016019088,-0.0,-0.0,0.1754500710594326,2026-07-20 10:00,2026-07-20 10:00
TPC Twin Cities,1,2026-07-26,2026-07-23,525,3M Open,2026-07-20 16:20:46 UTC,no,pga,-18000,0,USA,32055,262.0,204.0,"shipley, neal",63807,33,192.0,0.0,0.0,0.0,0.0,0.0,0.0,2001-06-06,-2.5,25,2.3,-0.2808556185509608,-0.0796913580246916,0.58,0.58,pga,2026-07-06,625,-0.2808556185509608,-0.1,0.1499999999999999,-0.19,9.0,0.0,42.0,-3.0296296296296297,5.903703703703704,-0.1414712583832354,0.0004596388597491,0.0077650100670502,-0.1384093865829979,-0.0156250494592033,0.0043385287321664,0.0,-0.1133287253649825,0.0104410436522511,-0.1056965129462197,0.0154547927003047,0.0894111242132918,,,-0.0821991941320356,-0.1379461718317864,0.0106702215524616,-0.0180755978582882,-3.21654261538458,0.0,0.0553766763514302,-0.0685089139141247,-0.0070232471898931,-0.0474474330375854,0.0,-0.0,0.0,-0.2609257659733897,2026-07-20 10:00,2026-07-20 10:00
TPC Twin Cities,1,2026-07-26,2026-07-23,525,3M Open,2026-07-20 16:20:46 UTC,no,pga,-18000,0,CAN,17381,254.0,219.0,"silverman, ben",39327,47,131.0,0.0,0.0,0.0,0.0,0.0,0.0,1987-11-15,3.5,38,2.4038687110152206,-0.6067684301441018,-0.2046913580246916,0.4122310555671526,0.1698,pga,2026-07-06,1444,-0.6067684301441018,-0.28,-0.04,0.09,2.0,3.0,45.0,-0.0296296296296296,-1.096296296296296,0.138439979409216,-0.0003517150278944,0.0086232788745719,0.1391933158087305,-0.0098072879388822,0.0007823876926902,-12.397630424113816,-0.1485607477273337,0.0074209007689486,-0.0136391732284816,-0.0194116469500919,-0.0358081409851068,,,-0.1397386300244605,-0.4322791066191433,0.0106984154027175,-0.0145995000443272,0.2142755506164735,0.0,-0.0786405838310074,0.0127218560342414,0.0098325460658504,0.0464307855023779,-0.1239763042411381,0.0,0.0,-0.4872702232578117,2026-07-20 10:00,2026-07-20 10:00
TPC Twin Cities,1,2026-07-26,2026-07-23,525,3M Open,2026-07-20 16:20:46 UTC,no,pga,-18000,0,ENG,10873,228.0,268.0,"skinns, david",27139,63,139.0,0.0,0.0,0.0,0.0,0.0,0.0,1982-02-01,5.5,44,2.6277484067209307,-0.0395602469369595,-0.0796913580246916,-0.0395602469369595,-0.307,pga,2026-07-06,1936,-0.0395602469369595,0.27,0.0999999999999999,0.07,0.0,4.0,40.0,0.9703703703703704,-3.096296296296296,0.0209843870791574,0.0002340978227156,-0.007814340328094,0.0241348974774195,0.0032115119281481,0.0012182201789681,9.016156137492674,-0.0997709100737961,-0.0015761599879995,-0.0411784276145932,0.0026665826433171,-0.0134444371068363,,,-0.0904191135452391,-0.4172838303014008,0.0070309133306535,-0.0069271092996698,0.0,0.0,-0.1736651686472371,0.0359306474480603,0.0154511438177649,0.0070378627584971,0.0901615613749267,0.0,0.0,-0.2687026149021516,2026-07-20 10:00,2026-07-20 10:00
TPC Twin Cities,1,2026-07-26,2026-07-23,525,3M Open,2026-07-20 16:20:46 UTC,no,pga,-18000,0,ENG,18586,66.0,76.0,"smith, jordan",46464,128,66.0,0.0,0.0,0.0,0.0,0.0,0.0,1992-11-09,-6.5,33,2.538992958722896,0.2751975388799749,1.0453086419753084,0.8422108428741184,0.5012000000000001,pga,2026-07-06,1089,0.2751975388799749,0.0,0.0,0.0,0.0,3.0,55.0,-0.0296296296296296,-3.096296296296296,-0.0668616179708803,0.0006494302425035,-0.0173619923477265,-0.0139826831458691,-0.0371003389218611,0.0009339662020729,0.0,0.1802172660656708,0.0151613106462894,0.2023939596108998,0.0085354953124098,0.0467372075468851,,,0.1046958156839611,0.5444271278000341,-0.0077622272832097,0.0097503211033101,-0.8514083075584371,0.1068978968685187,-0.0153020208861826,0.0359306474480603,-0.0182604426937221,-0.0224244286628463,0.0,-0.0,0.0,0.539672903891526,2026-07-20 10:00,2026-07-20 10:00
TPC Twin Cities,1,2026-07-26,2026-07-23,525,3M Open,2026-07-20 16:20:46 UTC,no,pga,-18000,0,USA,22985,180.0,107.0,"smotherman, austin",50095,77,78.0,0.0,0.0,0.0,0.0,0.0,0.0,1994-05-19,3.5,32,3.076717960053258,0.1095681479667997,-1.4546913580246916,0.4981701867717059,0.1936,pga,2026-07-06,1024,0.1095681479667997,-0.15,0.0799999999999999,0.17,9.0,0.0,51.0,-3.0296296296296297,5.903703703703704,0.0380207854644689,0.0004702829797258,-0.0209787154106483,0.0762651474332317,-0.022226658099951,0.0044907285621106,-6.197901226146721,0.0338149439283455,0.0089679597695404,-0.2322491485285614,0.013795734985193,0.0326561257859646,,,0.0292744498400056,-0.1106537428122149,-0.0039537559598662,0.0060544994458517,-2.9041455595124006,0.0,0.0009854479213117,-0.0685089139141247,0.0098325460658504,0.0127516266765289,-0.0619790122614672,-0.0,0.0,-0.2185574962454274,2026-07-20 10:00,2026-07-20 10:00
TPC Twin Cities,1,2026-07-26,2026-07-23,525,3M Open,2026-07-20 16:20:46 UTC,no,pga,-18000,0,USA,8820,160.0,123.0,"snedeker, brandt",27649,55,81.0,0.0,0.0,0.0,0.0,0.0,0.0,1980-12-08,5.5,45,2.673834036068624,0.3240668077390009,-0.2046913580246916,1.071609309862442,0.8838000000000001,pga,2026-07-06,2025,0.3240668077390009,0.0199999999999999,0.19,-0.01,0.0,3.0,42.0,-0.0296296296296296,-3.096296296296296,0.286755401870186,-0.0006503170420462,-0.0076571453126298,0.3283300699890442,-0.030256836375563,-0.0030103693886189,6.308277227403197,0.0475908288410718,0.0192905768560505,-0.1107003239922812,-0.0058941807545937,-0.0880379690770318,,,0.0625867548303569,-0.2671963379031266,-0.0021145387691928,0.0061220930337473,-10.196852769039648,0.0323196751099313,-0.1960395788712536,0.0359306474480603,0.0154511438177649,0.0961736531072934,0.0630827722740319,-0.0,0.0,-0.0565581212559758,2026-07-20 10:00,2026-07-20 10:00
TPC Twin Cities,1,2026-07-26,2026-07-23,525,3M Open,2026-07-20 16:20:46 UTC,no,pga,-18000,0,USA,21995,261.0,291.0,"springer, hayden",50484,22,130.0,0.0,0.0,0.0,0.0,0.0,0.0,1997-01-09,-0.5,29,2.5619105348168967,-0.4213220009488342,0.1703086419753083,0.1874245261521938,-0.049,pga,2026-07-06,841,-0.4213220009488342,-0.21,0.18,-0.24,0.0,4.0,44.0,0.9703703703703704,-3.096296296296296,-0.0830201499268097,-0.0001961826758084,0.0136697475621515,-0.1100402309594067,0.0119117823574379,0.001634733788816,-1.7658802438928871,-0.1722354514138028,0.0033739787225129,-0.1049803231674193,0.0043250006600616,-0.0122897384695268,,,-0.1196935633852448,-0.3759434997649815,0.0064264717042489,-0.0075086619403098,0.0,0.0,0.0266387875244984,0.0359306474480603,-0.0014046494379786,-0.0278437687586823,-0.0176588024389288,0.0,0.0,-0.3869200729525109,2026-07-20 10:00,2026-07-20 10:00
TPC Twin Cities,1,2026-07-26,2026-07-23,525,3M Open,2026-07-20 16:20:46 UTC,no,pga,-18000,0,USA,23048,419.0,342.0,"stanger, jimmy",51600,32,133.0,0.0,0.0,0.0,0.0,0.0,0.0,1995-03-23,-6.5,31,2.737687061900361,-0.3602802901354069,0.4203086419753084,0.0503150896800635,-0.0725,pga,2026-07-06,961,-0.3602802901354069,0.29,-0.12,-0.2099999999999999,2.0,3.0,43.0,-0.0296296296296296,-1.096296296296296,-0.1257613653839581,-1.85471908010425e-06,0.0418423596703709,-0.1779777579322321,0.0102353015487432,0.0001405860482398,0.0,-0.1971430560699858,0.0009057621512352,-0.362805184857891,0.0067011602447088,0.0545953998948456,,,-0.1757909081525463,-0.6589605816536164,0.0151230784398267,-0.0106068378905127,-1.1134493376362555,0.0,0.0100600045867029,0.0127218560342414,-0.0182604426937221,-0.0421785600196355,0.0,-0.0,0.0,-0.7066777283327327,2026-07-20 10:00,2026-07-20 10:00
TPC Twin Cities,1,2026-07-26,2026-07-23,525,3M Open,2026-07-20 16:20:46 UTC,no,pga,-18000,0,USA,25569,100.0,52.0,"stevens, samuel",55893,330,53.0,0.0,0.0,0.0,0.0,0.0,0.0,1996-07-04,5.5,30,2.362002087613934,0.4597412444357616,-0.5796913580246916,0.8122251858579677,0.6489999999999999,pga,2026-07-06,900,0.4597412444357616,0.02,0.16,0.1399999999999999,2.0,2.0,69.0,-1.0296296296296297,-1.096296296296296,-0.0982732663676769,0.0002803886088452,-0.0047630828216222,-0.0953664385022562,0.0011451871406576,0.0004306792066986,13.831606655218534,0.126176418165634,0.0146215148637945,-0.0772462906269313,0.0177948093272098,0.0225821603772209,,,0.0956106415956835,0.2271851336873668,-0.0059860147170877,0.0113883010478347,5.213195826308089,-0.1094855287384263,0.0222435936540083,0.0127218560342414,0.0154511438177649,-0.0329594454637133,0.1383160665521853,0.0,-0.0,0.3607147546278452,2026-07-20 10:00,2026-07-20 10:00
TPC Twin Cities,1,2026-07-26,2026-07-23,525,3M Open,2026-07-20 16:20:46 UTC,no,pga,-18000,1,USA,32089,163.0,0.0,"stout, preston",66416,79,0.0,0.0,0.0,0.0,0.0,0.0,0.0,1995-01-01,-4.5,31,2.667269931763354,-0.4173333333333333,-4.440892098500626e-16,0.0,0.0,0,,961,-0.4173333333333333,0.0,0.0,0.0,3.096296296296296,0.0,0.0,0.0,0.0,-0.0297309568406279,-0.0,-0.0,-0.0,-0.0297309568406279,-0.0,0.0,-0.0391480497889841,-0.0019551954348803,0.0438840340595759,0.0134421950209677,0.0322899510829619,,,-0.0057683645004937,0.0651576467570214,-0.0028121927168516,0.0038801009497906,0.0,0.0,0.0213451680849351,-0.0,-0.0126418449418076,-0.0099713369341613,0.0,0.0,0.0,-0.4173333333333333,2026-07-20 10:00,2026-07-20 10:00
TPC Twin Cities,1,2026-07-26,2026-07-23,525,3M Open,2026-07-20 16:20:46 UTC,no,pga,-18000,0,USA,8480,300.0,448.0,"streelman, kevin",27214,41,164.0,0.0,0.0,0.0,0.0,0.0,0.0,1978-11-04,5.5,47,2.4392205739545907,-0.5503536632639849,0.6703086419753084,1.0962134568879176,0.8127272727272727,pga,2026-07-06,2209,-0.5503536632639849,0.13,-0.26,0.28,7.0,3.0,36.0,-0.0296296296296296,3.903703703703704,0.1465917561527724,-0.0001279668591714,0.0042856787542309,0.1489496924112626,-0.0086971505334321,0.0021815023798824,11.822548239036667,-0.1739590753336433,0.0197590934227,-0.0694601117737426,0.0040473715687339,-0.0105296032494117,,,-0.1442091125123431,-0.608370763541715,0.0089616166884839,-0.00554697076958,13.945994773339343,-0.0078048353764881,-0.2374339715829118,-0.0453001225003058,0.0154511438177649,0.0491647746221288,0.1182254823903666,0.0,-0.0,-0.4708294852117604,2026-07-20 10:00,2026-07-20 10:00
TPC Twin Cities,1,2026-07-26,2026-07-23,525,3M Open,2026-07-20 16:20:46 UTC,no,pga,-18000,0,USA,29279,78.0,104.0,"suber, jackson",60019,335,79.0,0.0,0.0,0.0,0.0,0.0,0.0,1999-10-18,-4.5,26,3.2,0.4648881615435347,0.4203086419753084,0.4648881615435347,-0.012,pga,2026-07-06,676,0.4648881615435347,0.25,-0.13,0.1,0.0,2.0,56.0,-1.0296296296296297,-3.096296296296296,-0.1059359798966534,0.0001481340426249,-0.0166680782855557,-0.0887727927528085,-0.0009434805795194,0.0003002376786053,-2.500599029136804,0.276777922745762,,0.0903473808932581,-0.0035382113465657,0.0798725893319766,-0.0022625337855786,-0.017128759363614,,0.4489299532015665,-0.0375964552408435,0.00898667313099,-0.6244409292438973,0.0,0.0534713468361816,0.0359306474480603,-0.0126418449418076,-0.0355294097886747,-0.025005990291368,-0.0,0.0,0.4116833556277764,2026-07-20 10:00,2026-07-20 10:00
TPC Twin Cities,1,2026-07-26,2026-07-23,525,3M Open,2026-07-20 16:20:46 UTC,no,pga,-18000,0,CAN,13997,317.0,467.0,"svensson, adam",40115,51,174.0,0.0,0.0,0.0,0.0,0.0,0.0,1993-12-31,11.5,32,2.412887483881552,-0.4758386567945409,-0.2046913580246916,0.692673427848337,0.566,pga,2026-07-06,1024,-0.4758386567945409,0.0,-0.01,-0.06,2.0,3.0,42.0,-0.0296296296296296,-1.096296296296296,0.1783371034294991,0.0010461124093225,-0.0074195187897406,0.191966479244811,-0.0051504665382423,-0.0021055028966515,13.013957296316592,-0.2108323533900642,0.012469368098136,-0.4389313991384638,0.0070670677106983,-0.0763848752615892,,,-0.1429112304997321,-0.8559789382837654,0.0086557997209122,-0.0118956082594603,-12.959909793703684,0.0,-0.0032157072642022,0.0127218560342414,0.0323069370735084,0.0598117092460303,0.1301395729631659,-0.0,0.0,-0.6209988629668192,2026-07-20 10:00,2026-07-20 10:00
TPC Twin Cities,1,2026-07-26,2026-07-23,525,3M Open,2026-07-20 16:20:46 UTC,no,pga,-18000,0,SWE,26850,183.0,166.0,"svensson, jesper",57586,108,121.0,0.0,0.0,0.0,0.0,0.0,0.0,1996-03-14,-2.5,30,3.057088531742104,0.276865148855051,1.2953086419753084,0.4426061674797232,0.1678,pga,2026-07-06,900,0.276865148855051,0.0,0.0,0.0,0.0,3.0,46.0,-0.0296296296296296,-3.096296296296296,-0.343495827219033,0.0007491779185676,0.0147475357005695,-0.3715091949990836,0.0125512828449091,-3.462868399584526e-05,5.235009192595637,0.0300993467888076,0.0079677074403644,-0.1057891810556675,0.0016193964163505,0.1060325429762933,,,-0.0563857629923261,0.0019946324207787,0.0049578022597959,-0.0051183372006047,-1.218627427562378,0.1065650081390191,0.0186111177877651,0.0359306474480603,-0.0070232471898931,-0.1152035787828719,0.0523500919259563,-0.0,0.0,-0.0319514541779696,2026-07-20 10:00,2026-07-20 10:00
TPC Twin Cities,1,2026-07-26,2026-07-23,525,3M Open,2026-07-20 16:20:46 UTC,no,pga,-18000,0,USA,27364,103.0,148.0,"thompson, davis",58168,76,99.0,0.0,0.0,0.0,0.0,0.0,0.0,1999-06-05,-2.5,27,2.334575017655763,0.2530713061016025,-0.3296913580246916,1.199266141697349,0.873,pga,2026-07-06,729,0.2530713061016025,0.0,0.09,0.32,9.0,0.0,54.0,-3.0296296296296297,5.903703703703704,-0.0700737385893118,0.0006298335241188,-0.0058900049196541,-0.0755960848377582,0.0111228314055592,-0.0003403137615775,-5.184647516030044,0.0820675328202206,0.0215889485105669,0.0017771393916514,0.0052922245911389,0.0011983899370996,,,0.0845065399322331,0.2428756875289515,-0.0024511388181663,0.0034092012784725,-15.004714959304032,-0.0536581784505847,0.0454868498857345,-0.0685089139141247,-0.0070232471898931,-0.0235017278944599,-0.0518464751603004,-0.0,-0.0,0.0919953233701732,2026-07-20 10:00,2026-07-20 10:00
TPC Twin Cities,1,2026-07-26,2026-07-23,525,3M Open,2026-07-20 16:20:46 UTC,no,pga,-18000,0,ARG,17032,446.0,388.0,"tosti, alejandro",38991,18,183.0,0.0,0.0,0.0,0.0,0.0,0.0,1996-05-30,-4.5,30,2.623725996764441,-1.065707596671061,0.2953086419753084,0.6725847664416197,0.37,pga,2026-07-06,900,-1.065707596671061,0.0,0.0,0.0,0.0,4.0,42.0,0.9703703703703704,-3.096296296296296,-0.1376164997590764,0.0013322344244041,0.0290556694671231,-0.1821087546082492,0.0136262388229543,0.000478112134691,-13.054167974000888,-0.3313933738838228,0.0121077360452691,-0.2000682765829896,0.0262004458710954,0.0685703742134188,,,-0.2926002892875443,-0.70669752394581,0.023325232624469,-0.033279653196576,-3.48128136668448,0.0,0.0204402802508703,0.0359306474480603,-0.0126418449418076,-0.0461546022266769,-0.1305416797400088,-0.0,0.0,-0.8601050034062431,2026-07-20 10:00,2026-07-20 10:00
TPC Twin Cities,1,2026-07-26,2026-07-23,525,3M Open,2026-07-20 16:20:46 UTC,no,pga,-18000,0,RSA,17550,177.0,190.0,"van rooyen, erik",40006,39,140.0,0.0,0.0,0.0,0.0,0.0,0.0,1990-02-21,5.5,36,2.306281290061749,-0.1209508408178191,-0.0796913580246916,1.0065242142495023,0.8372000000000002,pga,2026-07-06,1296,-0.1209508408178191,0.5,0.31,0.14,9.0,0.0,46.0,-3.0296296296296297,5.903703703703704,0.0085511597549236,-0.0001548298217173,0.0143425829695052,-0.0103010788690037,0.0034074936834119,0.0012569917927275,-20.290738286451624,-0.0639692782637683,0.0181192469965979,0.0978397353653966,-0.0276842262336177,-0.0355834428719006,,,-0.0798918483318381,-0.1404975206377991,0.0091509182544878,-0.0101950565631816,-19.979585281540228,0.0230478782592436,-0.0482835689899749,-0.0685089139141247,0.0154511438177649,0.002867936459336,-0.2029073828645162,-0.0,0.0,-0.3935947371393391,2026-07-20 10:00,2026-07-20 10:00
TPC Twin Cities,1,2026-07-26,2026-07-23,525,3M Open,2026-07-20 16:20:46 UTC,no,pga,-18000,0,USA,25319,359.0,307.0,"vanderlaan, john",55573,17,171.0,0.0,0.0,0.0,0.0,0.0,0.0,1996-06-28,-6.5,30,2.6341583235897903,-1.1692341365217456,0.5453086419753084,0.26,0.26,pga,2026-07-06,900,-1.1692341365217456,-0.1899999999999999,-0.12,-0.0799999999999999,0.0,4.0,46.0,0.9703703703703704,-3.096296296296296,-0.0003338096817691,0.0002092367191581,0.0299143489031077,-0.0230166137643106,-0.0080151638504478,0.0005743823107233,0.0,-0.3433563340896624,0.0046804678441125,-0.1563974823288486,0.009158881371163,0.0082888637316056,,,-0.2245335881817183,-0.6870784383236432,0.0109279938976584,-0.0171924086528886,0.0,0.0,0.0213451680849351,0.0359306474480603,-0.0182604426937221,-0.0001119549843836,0.0,0.0,0.0,-0.6695201885536887,2026-07-20 10:00,2026-07-20 10:00
TPC Twin Cities,1,2026-07-26,2026-07-23,525,3M Open,2026-07-20 16:20:46 UTC,no,pga,-18000,0,NOR,15651,159.0,260.0,"ventura, kristoffer",35658,61,106.0,0.0,0.0,0.0,0.0,0.0,0.0,1995-02-24,-0.5,31,2.3,-0.5811110782031269,1.1703086419753084,0.6250491183699132,0.645,pga,2026-07-06,961,-0.5811110782031269,0.0,0.0,0.0,0.0,4.0,36.0,0.9703703703703704,-3.096296296296296,-0.1024380946505669,-0.0002920216914236,0.0251375693165463,-0.1276151571167246,-0.0018677349531447,0.0021992497941797,-8.046204380381312,-0.0810662502392882,0.0112520088443126,0.120187936632201,0.0031652275204829,0.0625097667711077,,,-0.0999369149710538,0.02194170005198,-0.0006533493258281,-0.0025942947526915,0.0,0.0,0.0090775695727375,0.0359306474480603,-0.0014046494379786,-0.0343562691954296,-0.0804620438038131,0.0,0.0,-0.0583506149371809,2026-07-20 10:00,2026-07-20 10:00
TPC Twin Cities,1,2026-07-26,2026-07-23,525,3M Open,2026-07-20 16:20:46 UTC,no,pga,-18000,0,AUS,24304,181.0,191.0,"vilips, karl",54304,72,124.0,0.0,0.0,0.0,0.0,0.0,0.0,2001-08-16,-4.5,24,2.930614282691096,-0.506152447324953,0.4203086419753084,0.13,0.13,pga,2026-07-06,576,-0.506152447324953,0.3399999999999999,-0.0499999999999999,0.03,7.0,3.0,47.0,-0.0296296296296296,3.903703703703704,-0.0594578545957488,-0.0003954701903321,0.0031468163753172,-0.0742098134262802,0.0110788517291711,0.000921760916375,-2.137817860011662,-0.1117650361442606,0.0023402339220562,0.0537462756155291,-0.0010491053220679,-0.0340854554505261,,,-0.0869580948449429,-0.1165076979884234,0.0009234924420556,0.0008456574960068,-7.3885773768008765,-0.0403524473585792,0.0594943342977261,-0.0453001225003058,-0.0126418449418076,-0.0199413125092028,-0.0213781786001166,-0.0,-0.0,-0.2157691565398563,2026-07-20 10:00,2026-07-20 10:00
TPC Twin Cities,1,2026-07-26,2026-07-23,525,3M Open,2026-07-20 16:20:46 UTC,no,pga,-18000,0,COL,9171,417.0,479.0,"villegas, camilo",27770,24,196.0,0.0,0.0,0.0,0.0,0.0,0.0,1982-01-07,5.5,44,2.4636341580369567,-0.9379123911669216,-1.4546913580246916,-0.0160705382495156,-0.3264,pga,2026-07-06,1936,-0.9379123911669216,0.0,0.0,0.0,0.0,4.0,46.0,0.9703703703703704,-3.096296296296296,0.2060379470509291,0.0001241181853661,0.0091996053164245,0.191240840719687,0.0065915802292133,-0.0011181973997619,3.5718034727370305,-0.3442133698912356,-0.0002892986058247,-0.2005399496342803,-0.0018915880715578,-0.0820897106913239,,,-0.2621721665474399,-1.0744578000099771,0.0139067604848996,-0.0216743166780972,-0.2451427007878901,0.0,-0.1754941603751174,0.0359306474480603,0.0154511438177649,0.0691021752942787,0.0357180347273703,-0.0,0.0,-0.9182557987225028,2026-07-20 10:00,2026-07-20 10:00
TPC Twin Cities,1,2026-07-26,2026-07-23,525,3M Open,2026-07-20 16:20:46 UTC,no,pga,-18000,0,USA,25003,500.0,270.0,"walker, danny",54607,23,156.0,0.0,0.0,0.0,0.0,0.0,0.0,1995-10-04,-4.5,30,3.2,-1.2784014154170262,-0.8296913580246916,0.1073745059118017,-0.258,pga,2026-07-06,900,-1.2784014154170262,-0.6599999999999999,-0.2099999999999999,-0.0499999999999999,2.0,3.0,52.0,-0.0296296296296296,-1.096296296296296,-0.0754945226689904,0.0005092316778896,0.0095033902540289,-0.1122077098418022,0.0272590360429063,-0.0005584708020131,-2.4970362674737223,-0.3931181230527664,0.0019329343161448,-0.4250553509803416,0.0349953388713703,-0.0151733642556727,,,-0.2637584667850757,-1.0508271586840414,0.0131717065317992,-0.0186970790111541,0.0,0.0,0.0148752456816547,0.0127218560342414,-0.0126418449418076,-0.0253197812048717,-0.0249703626747372,0.0,0.0,-1.1010372914712168,2026-07-20 10:00,2026-07-20 10:00
TPC Twin Cities,1,2026-07-26,2026-07-23,525,3M Open,2026-07-20 16:20:46 UTC,no,pga,-18000,0,USA,25908,233.0,181.0,"whaley, vince",51894,26,175.0,0.0,0.0,0.0,0.0,0.0,0.0,1995-03-14,1.5,31,2.430502782858753,-0.3935416624115688,-0.7046913580246916,0.4964458586473508,0.3301999999999999,pga,2026-07-06,961,-0.3935416624115688,-0.12,0.0,-0.22,2.0,3.0,44.0,-0.0296296296296296,-1.096296296296296,0.0530727133578865,-0.0011741294825121,0.0258829751144672,0.0005020015639412,0.0274621629572971,0.000399703204693,-9.769371154430573,-0.1531780067840064,0.0089369187605453,-0.3238778007124635,-0.007107048858643,-0.0609119135216415,,,-0.0640288459554803,-0.5952006582947645,0.0083079796703062,-0.013401945480084,0.0,0.0,0.0100600045867029,0.0127218560342414,0.0042139483139358,0.0177998276254089,-0.0976937115443057,0.0,0.0,-0.658158737865484,2026-07-20 10:00,2026-07-20 10:00
TPC Twin Cities,1,2026-07-26,2026-07-23,525,3M Open,2026-07-20 16:20:46 UTC,no,pga,-18000,0,USA,22051,381.0,464.0,"wise, aaron",49964,167,145.0,0.0,0.0,0.0,0.0,0.0,0.0,1996-06-21,-4.5,30,3.1145475416973096,-0.8330216817068686,0.9203086419753084,1.240101370754796,1.1369999999999998,pga,2026-07-06,900,-0.8330216817068686,0.0,0.0,0.0,0.0,4.0,25.0,0.9703703703703704,-3.096296296296296,0.0043951401536785,0.0002637686868453,0.0113521946167165,-0.0078638966366718,0.0025007650347016,-0.0018576915479132,-0.9426659301254412,-0.1461233063816393,0.0234023392205628,0.0981377753826633,0.0018103463789342,-0.0498829811317716,,,-0.216457877881027,-0.2632582411656888,0.014124543593509,-0.0096142484318554,0.5789366418316169,0.0053226791709352,0.0213451680849351,0.0359306474480603,-0.0126418449418076,0.0014740670332312,-0.0094266593012544,0.0,0.0,-0.2479220309274592,2026-07-20 10:00,2026-07-20 10:00
TPC Twin Cities,1,2026-07-26,2026-07-23,525,3M Open,2026-07-20 16:20:46 UTC,no,pga,-18000,0,USA,12577,81.0,44.0,"woodland, gary",31323,168,29.0,0.0,0.0,0.0,0.0,0.0,0.0,1984-05-21,7.5,42,3.090150577504524,0.6479415477986971,-0.9546913580246916,1.4633114491137509,1.3612,pga,2026-07-06,1764,0.6479415477986971,-0.52,0.01,-0.2799999999999999,2.0,1.0,59.0,-2.0296296296296297,-1.096296296296296,-0.2687574539048893,-0.000572943272794,-0.0124256222445818,-0.2624990214393546,0.0037820323568319,0.0029581006950092,6.941625979623234,0.3112886116941855,,-0.1205433400565541,-0.0022071540926195,0.122293665577668,0.3170240792411998,0.0800354840688747,,0.518916648064988,-0.0528826031446418,0.0152352912394967,-10.795673568930011,-0.0918715020120649,-0.1513273864626215,0.0105217380736861,0.0564085499098822,-0.1503460896268955,0.0347081298981161,-0.0,-0.0,0.4702089763197769,2026-07-20 10:00,2026-07-20 10:00
TPC Twin Cities,1,2026-07-26,2026-07-23,525,3M Open,2026-07-20 16:20:46 UTC,no,pga,-18000,0,USA,25002,278.0,385.0,"wu, dylan",54783,30,160.0,0.0,0.0,0.0,0.0,0.0,0.0,1996-07-20,5.5,30,2.302978496327192,-0.728287580341069,0.2953086419753084,0.2057607887524076,0.0462,pga,2026-07-06,900,-0.728287580341069,-0.15,-0.0999999999999999,0.0899999999999999,2.0,3.0,45.0,-0.0296296296296296,-1.096296296296296,0.1140661363803201,0.0007825489687651,-0.0047883582776651,0.1009105666098132,0.0157923821545733,0.0013689969248334,-0.2414273052101125,-0.2320228868436603,0.0037040644435957,-0.134588628075967,0.0101542520303933,-0.0844115911944544,,,-0.1946823018916633,-0.6125552459004344,0.0094311306029495,-0.0123828786256364,-1.8207639690421191,0.0,0.0222435936540083,0.0127218560342414,0.0154511438177649,0.0382561477830374,-0.0024142730521011,-0.0,0.0,-0.5485403713174918,2026-07-20 10:00,2026-07-20 10:00
TPC Twin Cities,1,2026-07-26,2026-07-23,525,3M Open,2026-07-20 16:20:46 UTC,no,pga,-18000,0,CAN,29925,92.0,102.0,"yellamaraju, sudarshan",60386,155,52.0,0.0,0.0,0.0,0.0,0.0,0.0,2001-08-01,-6.5,24,2.6290154921729383,0.4131441563443397,0.1703086419753083,0.5266700997529423,0.341,pga,2026-07-06,576,0.4131441563443397,-0.08,-0.03,-0.32,7.0,3.0,64.0,-0.0296296296296296,3.903703703703704,-0.0836285014108247,-0.0002398291717696,-0.0028372211544167,-0.0812899035102305,0.0009464860144144,-0.0002080335888222,0.0,0.1690924840446507,0.0094810094859584,-0.0199386161642095,-0.0048233256880439,0.03390444863711,,,0.1009463787586402,0.3514439227246805,-0.0147655221483065,0.0186215815556504,-6.949793768338396,0.0,0.0589254842432304,-0.0453001225003058,-0.0182604426937221,-0.0280478011298578,0.0,-0.0,0.0,0.2598355564007946,2026-07-20 10:00,2026-07-20 10:00
TPC Twin Cities,1,2026-07-26,2026-07-23,525,3M Open,2026-07-20 16:20:46 UTC,no,pga,-18000,0,TPE,17881,133.0,132.0,"yu, kevin",45242,110,120.0,0.0,0.0,0.0,0.0,0.0,0.0,1998-08-11,3.5,27,2.5968034677271983,0.5733760644070311,0.1703086419753083,0.7647842980943127,0.6118,pga,2026-07-06,729,0.5733760644070311,0.22,0.04,-0.02,0.0,4.0,50.0,0.9703703703703704,-3.096296296296296,-0.1533000476333931,0.0002430623052759,-0.0020050172853682,-0.1584455990423081,0.007067753295599,-0.0001602469065917,-8.674071040000028,0.1214827513015894,0.0137674935188947,0.0328246132149,0.0007881083882851,0.0609868128927103,,,0.0899864862077021,0.3593501820692337,0.0019525679763961,-0.0020563988227033,-5.968990793938704,-0.0795961041378649,0.0396177473914591,0.029716800775681,0.026323989957945,-0.085757854773598,-0.0433703552000001,-0.0,-0.0,0.2862627628292615,2026-07-20 10:00,2026-07-20 10:00
