course_name,current_round,date_end,date_start,event_id,event_name,last_updated,multi_course,tour_x,tz_offset,am,country,dg_id,dg_rank,owgr_rank,player_name,player_num,pre_tourn_pageviews,tour_rank,r1_course,r2_course,r3_teetime,r3_course,r4_teetime,r4_course,Birthday,c_exp,player_age,std_dev,skill_est,ema_8_great_shots,max_skill,sma_50_max_skill,tour_y,Date,age_squared,adj_skill_est,delta_adj_skill_est,delta_sg_putt,delta_sg_ott,dsle,consecutive_weeks_played,sample,relative_consecutive_weeks,relative_dsle,course_adjustment,putt_adj,app_adj,dd_adj,acc_adj,arg_adj,course_history_raw,comp_adj_skill_est,comp_max_skill,comp_ema_sg_adj,comp_putt,comp_ott,comp_max_skill_50,comp_6m_sg,comp_sma20_sg,pred_step2,comp_sma50_sg,comp_sma6m_sg,majors_history_raw,links_adj,comp_age,comp_relative_dsle,comp_c_exp,comp_c_adj,comp_c_hist,comp_major,comp_links,pred,r1_teetime,r2_teetime
Royal Birkdale Golf Club,1,2026-07-19,2026-07-16,100,The Open Championship,2026-07-13 18:40:51 UTC,no,pga,3600,0,SWE,23950,13.0,20.0,"aberg, ludvig",52955,878,8.0,0.0,0.0,0.0,0.0,0.0,0.0,1999-10-31,-6.5,26,2.910768782525272,1.4290749944002252,-0.1064484126984131,1.94196489416066,1.7412,pga,2026-07-06,676,1.4290749944002252,-0.0899999999999998,-0.01,-0.15,2.0,1.0,59.0,-0.7357142857142858,-4.942857142857144,-0.0228967594790871,0.0035140747550639,-0.0176371289584423,-0.0107047672693548,-0.0012144517201207,0.0031455137137668,0.0,0.773408696365328,,0.0554177698117116,-0.0030226365125088,0.0904938799948148,0.3428557430115196,0.1793697265148672,,1.4100314321097742,-0.0537484140478864,-0.0334651969532786,12.633953444668544,0.0327103976826922,0.0587218639252067,0.0642571428571428,-0.0416,-0.0120207987265207,0.0,0.0229937952692967,0.0327103976826922,1.4763719691923851,2026-07-16 15:04,2026-07-17 09:58
Royal Birkdale Golf Club,1,2026-07-19,2026-07-16,100,The Open Championship,2026-07-13 18:40:51 UTC,no,pga,3600,0,ESP,30445,76.0,111.0,"ayora fanegas, angel",64052,174,0.0,0.0,0.0,0.0,0.0,0.0,0.0,1995-01-01,-6.5,31,3.0,-2.5,-0.1064484126984131,0.6177078890859004,0.4464,pga,2026-07-06,961,-2.5,-0.0699999999999999,0.0,0.0,2.0,3.0,59.0,1.2642857142857142,-4.942857142857144,0.0,0.0,0.0,0.0,0.0,0.0,0.0,0.2097705243727767,0.01789088033769,-0.0232145615434376,0.0351499599566862,0.1193694437199244,,,0.0646519725853478,0.5173555911527279,-0.0099340685036067,0.0249406117527235,-1.8170161386092312,0.0,0.0787308284746235,0.0578314285714285,-0.03575,0.0,0.0,-0.0033069693722688,0.0,0.5361300503518877,2026-07-16 08:25,2026-07-17 13:31
Royal Birkdale Golf Club,1,2026-07-19,2026-07-16,100,The Open Championship,2026-07-13 18:40:51 UTC,no,pga,3600,0,ENG,28615,359.0,389.0,"bairstow, sam",60369,77,0.0,0.0,0.0,0.0,0.0,0.0,0.0,1998-08-12,-6.5,27,2.3,-0.9974494120536084,-0.3564484126984131,0.2609381023412465,-0.1972,pga,2026-07-06,729,-0.9974494120536084,0.31,0.0,0.0,0.0,4.0,51.0,2.2642857142857142,-6.942857142857144,0.0130052657762577,0.0018627993653493,0.0042777616756724,-0.0029087217853117,0.0154635685110361,-0.0056901419904883,0.0,-0.4296097841145953,0.0075561088092543,-0.0453575413089123,-0.0173753203180001,0.0866013611301412,,,-0.1735057193354298,-0.5580073831825632,0.0266398625966411,-0.0586623655853741,-7.208526958206344,0.0,0.0457060149437119,0.0812314285714286,-0.03575,0.0061775012437224,0.0,-0.0131195190639355,0.0,-0.5194679724313476,2026-07-16 15:59,2026-07-17 10:53
Royal Birkdale Golf Club,1,2026-07-19,2026-07-16,100,The Open Championship,2026-07-13 18:40:51 UTC,no,pga,3600,0,ENG,13344,0.0,0.0,"baldwin, matthew",32622,135,0.0,0.0,0.0,0.0,0.0,0.0,0.0,1986-02-26,-6.5,40,2.513931107381365,-1.816968389686528,-4.440892098500626e-16,-0.4699989053339668,-0.7884,euro,2026-07-03,1600,-1.816968389686528,-0.08,0.0,0.0,9.0,0.0,43.0,-1.7357142857142858,2.057142857142856,-0.0122793224597429,0.0,-0.0,-0.0,-0.0122793224597429,0.0,0.0,-0.8242731922663236,-0.0136099792338564,-0.2653704181146167,0.0369740111746349,-0.2065215289272048,,,-0.2979493034465179,-1.7042463781457051,0.0378121745451006,-0.0754079104468338,1.7885868919865642,0.0219290993115441,-0.0959002314300874,-0.0240685714285714,-0.03575,-0.0058326781683778,0.0,0.0032552281434155,0.0219290993115441,-1.744713300287695,2026-07-16 06:35,2026-07-17 11:41
Royal Birkdale Golf Club,1,2026-07-19,2026-07-16,100,The Open Championship,2026-07-13 18:40:51 UTC,no,pga,3600,0,ESP,28473,191.0,132.0,"ballester, jose luis",60165,99,0.0,0.0,0.0,0.0,0.0,0.0,0.0,2003-08-13,-6.5,22,2.9192206699694307,-0.2624164904313488,-4.440892098500626e-16,0.7871142541063237,0.1258,euro,2026-07-03,484,-0.2624164904313488,-1.05,-0.46,-0.25,9.0,0.0,43.0,-1.7357142857142858,2.057142857142856,-0.0131999293850155,0.0015261370234164,0.0024137008899583,-0.0194950786344136,0.0062187733865444,-0.0038634620505211,0.0,-0.0852889761675694,0.0227928420417668,-0.1968330632079244,0.0100556985724615,0.1487918775410869,,,0.0597916115257401,-0.0206332851176875,-0.0032442169461632,-0.0047552851046652,0.0,0.0,0.0280562266275792,-0.0240685714285714,-0.03575,-0.0062699664578823,0.0,0.0,0.0,-0.0867218230041412,2026-07-16 08:14,2026-07-17 13:20
Royal Birkdale Golf Club,1,2026-07-19,2026-07-16,100,The Open Championship,2026-07-13 18:40:51 UTC,no,pga,3600,0,USA,17606,80.0,49.0,"berger, daniel",40026,242,52.0,0.0,0.0,0.0,0.0,0.0,0.0,1993-04-07,-2.5,33,2.8967134722666947,0.4120358222132743,-0.6064484126984131,1.7234642606912147,1.5714,pga,2026-07-03,1089,0.4120358222132743,-0.12,-0.0699999999999999,-0.0699999999999999,9.0,0.0,59.0,-1.7357142857142858,2.057142857142856,-0.016646404771975,-0.0001118762158189,-0.0163301252960906,0.0024685571827366,0.0006331262337541,-0.0033060866765561,0.0,0.1891249759674378,0.0499071747889598,0.0176359605886032,0.0036860624207032,0.0190688211709452,,,0.0939975487943,0.3894098335136261,-0.0118579585850924,0.0299345199491149,-25.40105575743244,0.0431976471340773,-0.0020872715813458,-0.0240685714285714,-0.0137499999999999,-0.0079070422666881,0.0,-0.046229921478527,0.0431976471340773,0.3406519454739168,2026-07-16 15:37,2026-07-17 10:31
Royal Birkdale Golf Club,1,2026-07-19,2026-07-16,100,The Open Championship,2026-07-13 18:40:51 UTC,no,pga,3600,0,USA,26096,25.0,29.0,"bhatia, akshay",56630,538,11.0,0.0,0.0,0.0,0.0,0.0,0.0,2002-01-31,-6.5,24,2.9554887648191843,1.083343170929977,0.0185515873015869,1.4612419125796994,1.1494,pga,2026-06-28,576,1.083343170929977,0.7099999999999999,0.06,0.31,14.0,0.0,58.0,-1.7357142857142858,7.057142857142856,0.0012339977013188,0.0074523425801545,-0.0132198724671396,0.002410296538013,0.0012249439186362,0.0033662871316546,0.0,0.5509945249078977,,0.1663464600479877,-0.0185336743538605,-0.0114192336076537,0.2223875925552551,0.1185429476216036,,1.0347803674004912,-0.0426145088219359,-0.0246960546295953,-2.41552208746617,-0.024314149099675,0.0737723136807924,-0.0917428571428571,-0.0416,0.0006478487931923,0.0,-0.0043962501991884,-0.024314149099675,0.873374959751963,2026-07-16 09:14,2026-07-17 14:20
Royal Birkdale Golf Club,1,2026-07-19,2026-07-16,100,The Open Championship,2026-07-13 18:40:51 UTC,no,pga,3600,0,ENG,29971,197.0,153.0,"bradbury, dan",63459,76,0.0,0.0,0.0,0.0,0.0,0.0,0.0,1999-07-26,-6.5,26,3.0646037240355137,-0.4513734747849933,0.8935515873015869,0.1696607636272911,-0.1998,pga,2026-07-06,676,-0.4513734747849933,-0.19,0.0,0.0,2.0,3.0,49.0,1.2642857142857142,-4.942857142857144,0.0165855898054545,0.0,-0.0,-0.0,0.0165855898054545,0.0,0.0,-0.1878378359346367,0.0049125735772675,-0.0971764942152285,0.0118982367959975,-0.0978223642018527,,,-0.0672197105036311,-0.3889790415760142,0.0082990873946102,-0.0160634442192411,-11.50221852941415,-0.3007399882727306,0.0520309097307007,0.0578314285714285,-0.03575,0.0078781551575908,0.0,-0.0209340377235337,-0.3007399882727306,-0.680693483843259,2026-07-16 08:14,2026-07-17 13:20
Royal Birkdale Golf Club,1,2026-07-19,2026-07-16,100,The Open Championship,2026-07-13 18:40:51 UTC,no,pga,3600,0,USA,13872,33.0,41.0,"bradley, keegan",33141,345,72.0,0.0,0.0,0.0,0.0,0.0,0.0,1986-06-07,-6.5,40,2.830774445301054,1.0493798434153108,0.0185515873015869,1.4832305947736764,1.2554,pga,2026-07-05,1600,1.0493798434153108,0.0499999999999998,-0.04,-0.0999999999999999,7.0,4.0,61.0,2.2642857142857142,0.057142857142856,-0.0038832691110217,0.0022483110447332,-0.0092014584313189,-0.0032718006838449,0.0025287647966992,0.0038129141627097,0.0,0.5559781886091784,,0.133392196621058,-0.0018018157614152,0.0184675959664151,0.247197966791099,0.1113948751991961,,0.91971994996393,-0.0204688507526091,-0.0143559502070457,16.998934618723087,-0.1951802048648076,-0.1100842565019465,-0.0007428571428571,-0.0416,-0.0020387162832863,0.0,0.030938061006076,-0.1951802048648076,0.7110962326790549,2026-07-16 12:58,2026-07-17 07:52
Royal Birkdale Golf Club,1,2026-07-19,2026-07-16,100,The Open Championship,2026-07-13 18:40:51 UTC,no,pga,3600,0,USA,29197,97.0,60.0,"brennan, michael",61522,121,103.0,0.0,0.0,0.0,0.0,0.0,0.0,2002-06-01,-6.5,24,2.4771220254484327,0.3065336651231911,0.0185515873015869,0.4625787639125214,0.2394,pga,2026-07-06,576,0.3065336651231911,0.1799999999999999,-0.12,-0.08,0.0,3.0,62.0,1.2642857142857142,-6.942857142857144,-0.0223310997275137,-0.0028553542709341,-0.0019514255955774,-0.0154059146817123,0.0038421766109631,-0.005960581790253,0.0,0.1303375288205476,0.0133945459883214,0.0345004019409103,0.0063316761669523,0.1111085825628362,,,0.0353981013020485,0.3994124420829333,-0.0065281115485495,0.0074876077562983,1.805900836526712,0.0,0.067382109093568,0.0812314285714286,-0.03575,-0.010607272370569,0.0,0.0032867395224786,0.0,0.4375733378062714,2026-07-16 12:03,2026-07-17 06:57
Royal Birkdale Golf Club,1,2026-07-19,2026-07-16,100,The Open Championship,2026-07-13 18:40:51 UTC,no,pga,3600,0,USA,29433,40.0,30.0,"bridgeman, jacob",60004,273,13.0,0.0,0.0,0.0,0.0,0.0,0.0,1999-12-06,-6.5,26,2.9046084879232765,0.7842665402107059,-0.6064484126984131,1.3061276476055252,0.9522,pga,2026-07-05,676,0.7842665402107059,-0.12,-0.03,0.19,7.0,6.0,71.0,4.0,0.057142857142856,-0.0032908536021532,0.0044450088252077,-0.006527367045802,0.0029399659919563,-0.0035907902499695,-0.0005576711235456,0.0,0.4222013098859477,,0.0921380725449486,-0.013228604926089,0.0459783738270901,0.1874955424394492,0.0974414461554555,,0.847408157327175,-0.020473528992082,-0.0236279183218918,-9.711732222594476,0.0,0.0594834647143464,-0.0007428571428571,-0.0416,-0.0017276981411304,0.0,-0.0176753526451219,0.0,0.7856622493980655,2026-07-16 15:26,2026-07-17 10:20
Royal Birkdale Golf Club,1,2026-07-19,2026-07-16,100,The Open Championship,2026-07-13 18:40:51 UTC,no,pga,3600,0,ENG,20766,200.0,136.0,"brown, dan",57259,176,145.0,0.0,0.0,0.0,0.0,0.0,0.0,1995-01-01,-6.5,31,2.3328360815830504,0.1083931121777287,-4.440892098500626e-16,0.3449542540889806,0.0533999999999999,euro,2026-07-03,961,0.1083931121777287,-0.03,-0.0999999999999999,-0.18,2.0,1.0,43.0,-0.7357142857142858,-4.942857142857144,-0.0134361168745369,-0.0012526812750399,-0.0087417930190217,0.0007784921441278,-0.0006074790331804,-0.0036126556914227,0.0,-0.2761690407395529,0.0063706446974232,-0.0972112627885539,0.0175429358353251,-0.0151173759174713,,,-0.0961984670099714,-0.4823478854115588,0.0238399900657189,-0.0586739011155308,-0.1098930538916911,0.0,0.0132685915610543,0.0578314285714285,-0.03575,-0.006382155515405,0.0,-0.0002000053580828,0.0,-0.4668486177136182,2026-07-16 07:41,2026-07-17 12:47
Royal Birkdale Golf Club,1,2026-07-19,2026-07-16,100,The Open Championship,2026-07-13 18:40:51 UTC,no,pga,3600,1,RSA,31844,0.0,0.0,"buchanan, jack",66202,21,0.0,0.0,0.0,0.0,0.0,0.0,0.0,1995-01-01,-6.5,31,3.0105059582427973,-2.115178834146185,-4.440892098500626e-16,-1.31,-1.31,euro,2026-07-03,961,-2.115178834146185,0.5100000000000002,0.0,0.0,9.0,0.0,27.0,-1.7357142857142858,2.057142857142856,0.0,0.0,-0.0,-0.0,-0.0,0.0,0.0,-1.0061798966588675,-0.040250891497356,-0.1687914010747826,0.0369740111746349,-0.2065215289272048,,,-0.4344979377437986,-1.813565553882804,0.0527979031555659,-0.1154790463456662,0.0,0.0,0.0683832340346712,-0.0240685714285714,-0.03575,0.0,0.0,0.0,0.0,-1.8733841253113752,2026-07-16 13:53,2026-07-17 08:47
Royal Birkdale Golf Club,1,2026-07-19,2026-07-16,100,The Open Championship,2026-07-13 18:40:51 UTC,no,pga,3600,0,USA,19483,6.0,18.0,"burns, sam",47504,967,10.0,0.0,0.0,0.0,0.0,0.0,0.0,1996-07-23,-6.5,29,2.8586068999336827,1.6754253972419737,0.5185515873015869,1.795282189499898,1.426,pga,2026-06-28,841,1.6754253972419737,0.1800000000000001,0.0899999999999999,0.1099999999999999,14.0,0.0,59.0,-1.7357142857142858,7.057142857142856,-0.0093040926658385,0.0090121791733138,-0.0141474924940366,-0.0053255784765047,0.0009986300420528,0.000158169089336,0.0,0.8887570455175859,,0.220316115637247,-0.0268284749703298,0.0470866069023671,0.2807904258755037,0.1566352602280828,,1.5185845769185518,-0.0463255172390567,-0.0312957730174014,4.764911810280948,-0.2085652819644517,0.0294488879845528,-0.0917428571428571,-0.0416,-0.0048846486495652,0.0,0.0086721394947113,-0.2085652819644517,1.180463928656389,2026-07-16 14:31,2026-07-17 09:25
Royal Birkdale Golf Club,1,2026-07-19,2026-07-16,100,The Open Championship,2026-07-13 18:40:51 UTC,no,pga,3600,0,ENG,14795,199.0,143.0,"canter, laurie",34362,186,0.0,0.0,0.0,0.0,0.0,0.0,0.0,1989-11-03,-2.5,36,2.676406687198161,-0.2187957456707648,-0.4814484126984131,0.6332017596049129,0.34,pga,2026-07-06,1296,-0.2187957456707648,0.03,-0.06,0.1399999999999999,0.0,2.0,53.0,0.2642857142857142,-6.942857142857144,-0.0153408530672683,-0.0044995306506663,-0.0010754529518764,-0.0027284030605454,-0.0034458043470096,-0.0035916620571704,0.0,-0.0744583990500762,0.0182771763021785,0.0463347055057807,0.0167992652238992,0.0398999593887359,,,-0.0507128238860955,-0.0656760523589537,0.0117098202631572,-0.0299913700570432,5.283541711947459,0.1061435852806618,-0.0435343860494903,0.0812314285714286,-0.0137499999999999,-0.0072869052069524,0.0,0.0096160459157443,0.1061435852806618,0.1102781022019286,2026-07-16 12:03,2026-07-17 06:57
Royal Birkdale Golf Club,1,2026-07-19,2026-07-16,100,The Open Championship,2026-07-13 18:40:51 UTC,no,pga,3600,0,USA,15466,16.0,38.0,"cantlay, patrick",35450,655,42.0,0.0,0.0,0.0,0.0,0.0,0.0,1992-03-17,-6.5,34,2.7382858315466025,1.5061843135842423,0.5185515873015869,2.3172273302816206,2.098846153846154,pga,2026-07-06,1156,1.5061843135842423,-0.1500000000000001,-0.05,0.02,2.0,1.0,53.0,-0.7357142857142858,-4.942857142857144,-0.0176262836631826,0.0011276043081056,-0.020704313112869,-0.0024422880931952,-0.0018207348824407,0.0062134481172166,0.0,0.8409062783126999,,0.0853752011008049,-0.0111592256730782,0.0487179259891748,0.4095287010770495,0.1664125303582018,,1.4478473351789916,-0.0401660654879339,-0.0310144914456634,-25.807183121110192,-0.1381471164241026,-0.0207535190522638,0.0642571428571428,-0.0416,-0.0092537989231708,0.0,-0.0469690732804205,-0.1381471164241026,1.27613448940844,2026-07-16 15:37,2026-07-17 10:31
Royal Birkdale Golf Club,1,2026-07-19,2026-07-16,100,The Open Championship,2026-07-13 18:40:51 UTC,no,pga,3600,0,USA,14502,50.0,40.0,"cauley, bud",34021,235,31.0,0.0,0.0,0.0,0.0,0.0,0.0,1990-03-16,-6.5,36,2.671203440566728,0.9475009229471888,-0.6064484126984131,1.0092339138232906,0.6619999999999999,pga,2026-07-06,1296,0.9475009229471888,-0.2699999999999999,0.24,0.06,2.0,1.0,68.0,-0.7357142857142858,-4.942857142857144,-0.0063599879909499,-2.5134196101991088e-05,-0.0111697332708346,0.0004577601467094,0.0002694971124304,0.0041076222168467,0.0,0.5026469742342518,,-0.0336989743561386,0.0029621438970177,0.0602790134304639,0.1264147639635858,0.06171441999943,,0.629383083585393,-0.0278611295923343,-0.0143212859805234,-3.077643594724103,-0.0434602103843501,-0.0487528420103599,0.0642571428571428,-0.0416,-0.0033389936952486,0.0,-0.0056013113423978,-0.0434602103843501,0.5996397110205393,2026-07-16 14:09,2026-07-17 09:03
Royal Birkdale Golf Club,1,2026-07-19,2026-07-16,100,The Open Championship,2026-07-13 18:40:51 UTC,no,pga,3600,0,ESP,26745,52.0,59.0,"chacarra, eugenio",57492,350,0.0,0.0,0.0,0.0,0.0,0.0,0.0,2000-03-22,-6.5,26,3.0,-2.5,-4.440892098500626e-16,0.0,0.0,0,2026-07-06,676,-2.5,0.0,0.0,0.0,6.942857142857143,0.0,0.0,0.0,-8.881784197001252e-16,0.0,0.0,0.0,0.0,0.0,0.0,0.0,,,,,,,,,,,,0.0,0.0,,1.0391687510491469e-17,-0.03575,0.0,0.0,0.0,0.0,0.560957513816456,2026-07-16 11:52,2026-07-17 06:46
Royal Birkdale Golf Club,1,2026-07-19,2026-07-16,100,The Open Championship,2026-07-13 18:40:51 UTC,no,pga,3600,0,GER,31123,0.0,0.0,"christensen, tiger",65071,39,0.0,0.0,0.0,0.0,0.0,0.0,0.0,1995-01-01,-6.5,31,3.091227533952599,-2.3265,-4.440892098500626e-16,-2.77,-2.77,euro,2026-07-06,961,-2.3265,0.0,0.0,0.0,30.0,0.0,0.0,-1.7357142857142858,23.057142857142857,0.0028772792775603,0.0,-0.0,-0.0,0.0028772792775603,0.0,0.0,,,,,,,,,,,,0.0,0.0,,-0.2697685714285714,-0.03575,0.0013667076568411,0.0,0.0,0.0,-2.02048638535614,2026-07-16 11:41,2026-07-17 06:35
Royal Birkdale Golf Club,1,2026-07-19,2026-07-16,100,The Open Championship,2026-07-13 18:40:51 UTC,no,pga,3600,0,USA,5665,146.0,0.0,"cink, stewart",20229,166,0.0,0.0,0.0,0.0,0.0,0.0,0.0,1973-05-21,-4.5,53,2.7,-0.3883652863558642,0.2506944444444441,0.7780950049628934,0.5618,pga,2026-05-15,2809,-0.3883652863558642,0.39,0.06,0.2,30.0,0.0,3.0,-1.7357142857142858,23.057142857142857,0.0100514020519897,0.0004209432706569,0.0084061353930571,0.0016778489748448,-0.0028659871853757,0.0024124615988065,0.0,-0.1743375925844479,0.0225316673521604,-0.0315250325871774,-0.0153861185168047,-0.0191376616805876,,,-0.0632763987005531,-0.6422919257514766,0.0102498191137879,-0.0312650646934006,31.91103957011816,0.1802920611694371,-0.3401455434544534,-0.2697685714285714,-0.0247499999999999,0.0047744159746951,0.0,0.058078092017615,0.1802920611694371,0.212991137560149,2026-07-16 08:36,2026-07-17 13:42
Royal Birkdale Golf Club,1,2026-07-19,2026-07-16,100,The Open Championship,2026-07-13 18:40:51 UTC,no,pga,3600,0,USA,23604,7.0,8.0,"clark, wyndham",51766,1244,4.0,0.0,0.0,0.0,0.0,0.0,0.0,1993-12-09,-6.5,32,2.9891462737370142,1.606661673697511,0.6435515873015869,1.606661673697511,1.1928,pga,2026-07-06,1024,1.606661673697511,0.1599999999999999,0.2,-0.1,0.0,2.0,63.0,0.2642857142857142,-6.942857142857144,-0.0026822807521489,0.0058970696727434,-0.0126927552348806,-0.0059577009197464,0.0029687958484953,0.0071023098812393,0.0,0.8396526369098027,,0.2204818492296696,-0.041433785464355,0.0200457198656095,0.2348715427659893,0.1019875633600291,,1.2981570091080503,-0.0477813609030755,-0.030392068992516,0.6015401372659732,0.139660675923211,0.000724912336897,0.0902571428571428,-0.0416,-0.0014081973948781,0.0,0.001094803049824,0.139660675923211,1.4861614335433502,2026-07-16 15:04,2026-07-17 09:58
Royal Birkdale Golf Club,1,2026-07-19,2026-07-16,100,The Open Championship,2026-07-13 18:40:51 UTC,no,pga,3600,0,NIR,3523,0.0,0.0,"clarke, darren",19825,88,0.0,0.0,0.0,0.0,0.0,0.0,0.0,1968-08-14,-4.5,57,3.1164779304355146,-3.3634518518518526,0.1435515873015869,-4.385498044470756,-4.498235294117647,pga,2020-02-03,3249,-3.3634518518518526,0.0,0.0,0.0,30.0,0.0,0.0,-1.7357142857142858,23.057142857142857,0.0065784825375887,0.0,-0.0,-0.0,0.0065784825375887,0.0,0.0,-2.008148170512888,-0.1274302004813743,-0.2874042688779029,0.0523995686366925,0.0278115658955302,,,-0.79049645912865,-3.629783997046253,0.0509051254380544,-0.1110222199712228,34.889824363095244,0.3289437928236181,-0.4363989380444929,-0.2697685714285714,-0.0247499999999999,0.0031247792053546,0.0,0.0634994803408333,0.3289437928236181,-1.28850636745163,2026-07-16 12:47,2026-07-17 07:41
Royal Birkdale Golf Club,1,2026-07-19,2026-07-16,100,The Open Championship,2026-07-13 18:40:51 UTC,no,pga,3600,0,USA,21756,57.0,71.0,"cole, eric",47591,196,43.0,0.0,0.0,0.0,0.0,0.0,0.0,1988-06-12,-6.5,38,3.2,0.6745506412546568,-0.1064484126984131,1.239088852308764,0.9788,pga,2026-07-06,1444,0.6745506412546568,-0.03,0.03,0.09,0.0,4.0,63.0,2.2642857142857142,-6.942857142857144,0.0127261611878058,0.0067451013857884,-0.0068584600895602,0.0026368504092674,0.0041355661577865,0.0060671033245236,0.0,0.2971578125794119,,-0.0391538839110729,-0.02343257907762,-0.0014894652531722,0.1927332881114607,0.0528879971819202,,0.372369893683578,-0.0180543502201552,-0.0118027514048639,8.500260552468752,0.0209374026447983,-0.0764761743223305,0.0902571428571428,-0.0416,0.006681234623598,0.0,0.0154704742054931,0.0209374026447983,0.4641161480146103,2026-07-16 11:41,2026-07-17 06:35
Royal Birkdale Golf Club,1,2026-07-19,2026-07-16,100,The Open Championship,2026-07-13 18:40:51 UTC,no,pga,3600,0,CAN,17576,61.0,53.0,"conners, corey",39997,467,64.0,0.0,0.0,0.0,0.0,0.0,0.0,1992-01-06,-6.5,34,2.6189184063364057,0.7509453898721558,-0.2314484126984131,1.5690083735194826,1.4029999999999998,pga,2026-07-06,1156,0.7509453898721558,0.6699999999999999,-0.01,0.0399999999999999,0.0,2.0,65.0,0.2642857142857142,-6.942857142857144,-0.0155311533749537,-0.0016443236568869,-0.0166775878822136,0.0035529256504702,-0.0012224957661684,0.000460328279845,0.0,0.3714912997065051,,0.0609659742907576,0.009106465270477,-0.0110468672943606,0.276261548038802,0.0846108321050784,,0.7412273569969292,-0.0169741341468492,-0.0097671486596017,11.109495271643596,0.0631157861146472,-0.0234206123138794,0.0902571428571428,-0.0416,-0.0081538555218506,0.0,0.0202192813943913,0.0631157861146472,0.8650657118412599,2026-07-16 12:58,2026-07-17 07:52
Royal Birkdale Golf Club,1,2026-07-19,2026-07-16,100,The Open Championship,2026-07-13 18:40:51 UTC,no,pga,3600,0,USA,28309,72.0,61.0,"coody, pierceson",59836,90,53.0,0.0,0.0,0.0,0.0,0.0,0.0,2000-01-07,-6.5,26,2.671495444417451,0.5584131858417696,0.2685515873015869,0.940801363076882,0.5914,pga,2026-07-06,676,0.5584131858417696,0.1299999999999999,0.0599999999999999,-0.08,2.0,2.0,68.0,0.2642857142857142,-4.942857142857144,-0.0086427155608785,0.0042979979213615,-0.000281234670706,-0.0092823603239625,0.0026725558179973,-0.0060496743055689,0.0,0.2895630343398799,,-0.0038582730633575,-0.0155462698042201,0.0709535144115315,0.1164512327228421,0.0648383220241481,,0.5587890240239368,-0.0094886847437524,-0.0143615374202767,2.3614846282332937,0.0,0.060237685557142,0.0642571428571428,-0.0416,-0.0045374256694612,0.0,0.0042979020233845,0.0,0.5812066432350032,2026-07-16 13:42,2026-07-17 08:36
Royal Birkdale Golf Club,1,2026-07-19,2026-07-16,100,The Open Championship,2026-07-13 18:40:51 UTC,no,pga,3600,0,FRA,27811,238.0,169.0,"couvra, martin",60073,67,0.0,0.0,0.0,0.0,0.0,0.0,0.0,1995-01-01,-6.5,31,2.593345262310009,-0.4426298651708338,-2.106448412698413,0.6537599190674754,0.0229999999999999,pga,2026-07-06,961,-0.4426298651708338,-0.0999999999999999,0.0,0.0,2.0,3.0,55.0,1.2642857142857142,-4.942857142857144,0.0093888827906858,0.0,-0.0,-0.0,0.0093888827906858,0.0,0.0,-0.195255882138071,0.0189312370990684,-0.2809378457069358,-0.0167935958755191,-0.03497097889834,,,-0.0408086919155741,-0.4816240502059843,0.0058221629344706,-0.0092954234167242,-7.073109690039396,-0.123783961966981,0.0716849677116411,0.0578314285714285,-0.03575,0.0044597193255757,0.0,-0.0128730596358717,-0.123783961966981,-0.5917399239118326,2026-07-16 07:30,2026-07-17 12:36
Royal Birkdale Golf Club,1,2026-07-19,2026-07-16,100,The Open Championship,2026-07-13 18:40:51 UTC,no,pga,3600,0,RSA,17068,280.0,227.0,"daffue, mj",39067,49,0.0,0.0,0.0,0.0,0.0,0.0,0.0,1989-01-13,-6.5,37,2.752556453870844,-0.6328521860820872,-4.440892098500626e-16,-0.6328521860820872,-1.4278,euro,2026-05-31,1369,-0.6328521860820872,0.52,0.0,0.0,30.0,0.0,29.0,-1.7357142857142858,23.057142857142857,0.0115149445091077,-0.0013246037330458,0.0166313536635678,-0.0129435928563072,0.0162453097515256,-0.0070935223166325,0.0,-0.298259061284439,-0.0189264978216997,-0.0327958583871729,0.0369740111746349,-0.2065215289272048,,,-0.1307712239811432,-0.7019225523094712,0.0217402143503446,-0.0205951816108441,4.055166757445716,0.0,-0.0527674258219468,-0.2697685714285714,-0.03575,0.0054695986418261,0.0,0.0073804034985512,0.0,-0.9945911215976652,2026-07-16 11:04,2026-07-17 16:10
Royal Birkdale Golf Club,1,2026-07-19,2026-07-16,100,The Open Championship,2026-07-13 18:40:51 UTC,no,pga,3600,0,AUS,9771,67.0,54.0,"day, jason",28089,321,70.0,0.0,0.0,0.0,0.0,0.0,0.0,1987-11-12,-2.5,38,3.1657961737732823,0.4193658411875513,-0.7314484126984131,1.893712491426612,1.911428571428572,pga,2026-06-28,1444,0.4193658411875513,-0.56,-0.2899999999999999,-0.01,14.0,0.0,51.0,-1.7357142857142858,7.057142857142856,0.0218860903911391,0.0047022852597555,0.0100586452869316,0.0009741407318025,-0.0011132203778908,0.0072642394905403,0.0,0.2068289717554558,0.057421235673415,-0.0280165369565499,-9.218853452875608e-05,-0.0125978132645594,,,0.116740370356238,0.2902564189514095,-0.0185731533930476,0.0364575187181667,-4.642687210163925,0.1036210167528229,-0.0679119854031802,-0.0825685714285714,-0.0137499999999999,0.010395892935791,0.0,-0.0084496907224983,0.1036210167528229,0.2995050664889537,2026-07-16 09:47,2026-07-17 14:53
Royal Birkdale Golf Club,1,2026-07-19,2026-07-16,100,The Open Championship,2026-07-13 18:40:51 UTC,no,pga,3600,1,ESP,29810,0.0,0.0,"de castro piera, alejandro",63223,29,0.0,0.0,0.0,0.0,0.0,0.0,0.0,1995-01-01,-6.5,31,3.0,-2.5,-4.440892098500626e-16,0.0,0.0,0,2026-06-28,961,-2.5,0.0,0.0,0.0,6.942857142857143,0.0,0.0,0.0,-8.881784197001252e-16,0.0,0.0,0.0,0.0,0.0,0.0,0.0,,,,,,,,,,,,0.0,0.0,,1.0391687510491469e-17,-0.03575,0.0,0.0,0.0,0.0,-1.90410720370838,2026-07-16 11:15,2026-07-17 16:21
Royal Birkdale Golf Club,1,2026-07-19,2026-07-16,100,The Open Championship,2026-07-13 18:40:51 UTC,no,pga,3600,0,USA,19841,24.0,37.0,"dechambeau, bryson",47959,504,0.0,0.0,0.0,0.0,0.0,0.0,0.0,1993-09-16,-4.5,32,2.608339758141649,1.393638952759612,3.393551587301587,2.425497029935173,1.9278,pga,2026-06-19,1024,1.393638952759612,-0.29,-0.17,0.1100000000000001,23.0,0.0,42.0,-1.7357142857142858,16.057142857142857,-0.0272108931031948,0.0017988952945819,-0.0056861840276711,-0.024469057381395,0.0001627203211277,0.0009827326901616,0.0,0.7689932885080516,,0.0822959222819435,0.0006976593401975,0.1480776705862052,0.3795987258084123,0.164548364454844,,1.4856520567937046,-0.0321199319094496,-0.0247483795274806,2.3700474631517245,-0.1043247430319537,-0.001691262749019,-0.2087428571428571,-0.0288,-0.0142857188791772,0.0,0.0043134863829361,-0.1043247430319537,1.133812224122653,2026-07-16 09:58,2026-07-17 15:04
Royal Birkdale Golf Club,1,2026-07-19,2026-07-16,100,The Open Championship,2026-07-13 18:40:51 UTC,no,pga,3600,0,ENG,16497,231.0,268.0,"dean, joe",37094,235,0.0,0.0,0.0,0.0,0.0,0.0,0.0,1994-06-23,-6.5,32,2.50878600815093,-0.4644308068723046,-4.440892098500626e-16,0.41,0.41,euro,2026-07-05,1024,-0.4644308068723046,0.09,0.0,0.0,7.0,3.0,51.0,1.2642857142857142,0.057142857142856,-0.0095008837109703,0.0,-0.0,-0.0,-0.0095008837109703,0.0,0.0,-0.2214650420611378,0.0118725651179251,0.0903444024587589,0.0369740111746349,-0.2065215289272048,,,-0.1389329623642581,-0.430536842391594,0.0102116796655155,-0.0223348837526108,5.967483562160991,0.0676336833312001,0.0093149162967829,-0.0006685714285714,-0.03575,-0.0045129197627108,0.0,0.010860820083133,0.0676336833312001,-0.3929738301685432,2026-07-16 07:08,2026-07-17 12:14
Royal Birkdale Golf Club,1,2026-07-19,2026-07-16,100,The Open Championship,2026-07-13 18:40:51 UTC,no,pga,3600,0,BEL,14181,74.0,80.0,"detry, thomas",33653,224,0.0,0.0,0.0,0.0,0.0,0.0,0.0,1993-01-13,-6.5,33,2.3860850610083766,0.4965522615328394,-4.440892098500626e-16,0.9108923628088716,0.5844,euro,2026-06-26,1089,0.4965522615328394,0.36,0.15,0.03,16.0,0.0,51.0,-1.7357142857142858,9.057142857142855,-0.0119283195294571,-0.0004004874556567,-0.0019998967769497,-0.0033337514023599,-0.0048903372415485,-0.0013038466529422,0.0,0.2271922989109799,0.0264466199344651,-0.0212876418379947,-0.0046298856792877,0.0554923348227399,,,0.112705353627507,0.416372891717535,-0.0217198370198072,0.0475054105546657,27.03607850738496,0.191892979639581,-0.0053317615957328,-0.1059685714285714,-0.03575,-0.0056659517764921,0.0,0.0492056628834406,0.191892979639581,0.5100870110354931,2026-07-16 06:35,2026-07-17 11:41
Royal Birkdale Golf Club,1,2026-07-19,2026-07-16,100,The Open Championship,2026-07-13 18:40:51 UTC,no,pga,3600,0,USA,24962,230.0,198.0,"docherty, alistair",51680,46,0.0,0.0,0.0,0.0,0.0,0.0,0.0,1998-02-10,-6.5,28,2.984735795246426,-0.4019477261917696,-4.440892098500626e-16,0.0866198749541517,-0.2251999999999999,kft,2026-06-28,784,-0.4019477261917696,0.16,0.0,0.0,14.0,0.0,37.0,-1.7357142857142858,7.057142857142856,0.023625139105939,0.00236799168,0.02812129208,-0.0074485781499999,0.006221424295939,-0.0056369908,0.0,-0.1854089882708323,0.0025658175124919,-0.0451307252068439,0.0369740111746349,-0.2065215289272048,,,-0.0552980701687443,-0.4518668166617569,0.0035466144467,-0.0098935109119598,-7.945289815867138,0.0,0.0072995636900013,-0.0825685714285714,-0.03575,0.011221941075321,0.0,-0.0144604274648781,0.0,-0.5734238744798854,2026-07-16 15:48,2026-07-17 10:42
Royal Birkdale Golf Club,1,2026-07-19,2026-07-16,100,The Open Championship,2026-07-13 18:40:51 UTC,no,pga,3600,0,RSA,19421,145.0,120.0,"du plessis, hennie",47497,151,0.0,0.0,0.0,0.0,0.0,0.0,0.0,1996-10-14,-6.5,29,2.75279357712854,0.04974899469157,-0.6064484126984131,0.7244829884422761,0.0472,pga,2026-07-06,841,0.04974899469157,0.92,0.0,0.0,0.0,3.0,49.0,1.2642857142857142,-6.942857142857144,-0.0017430868212241,0.0,-0.0,-0.0,-0.0017430868212241,0.0,0.0,0.0167995184773845,0.020631760462412,0.0228435143693334,0.050988804699207,0.0205603655465306,,,-0.0435598396851634,0.1224293079489955,-0.0057960354976531,0.008464850680374,-6.086297302604631,0.0,0.0314963688965703,0.0812314285714286,-0.03575,-0.0008279662400814,0.0,-0.0110770610907404,0.0,0.1560057091896022,2026-07-16 08:14,2026-07-17 13:20
Royal Birkdale Golf Club,1,2026-07-19,2026-07-16,100,The Open Championship,2026-07-13 18:40:51 UTC,no,pga,3600,0,USA,4761,0.0,0.0,"duval, david",9011,157,0.0,0.0,0.0,0.0,0.0,0.0,0.0,1971-11-09,-4.5,54,3.2,-5.091199999999999,-4.440892098500626e-16,0.0,0.0,0,2026-07-06,2916,-5.091199999999999,0.0,0.0,0.0,6.942857142857143,0.0,0.0,0.0,-8.881784197001252e-16,0.0152773552975866,0.0,-0.0,-0.0,0.0152773552975866,0.0,0.0,,,,,,,,,,,,0.0,0.0,,1.0391687510491469e-17,-0.0247499999999999,0.0072567437663536,0.0,0.0,0.0,-3.02515641438758,2026-07-16 07:30,2026-07-17 12:36
Royal Birkdale Golf Club,1,2026-07-19,2026-07-16,100,The Open Championship,2026-07-13 18:40:51 UTC,no,pga,3600,0,COL,22833,93.0,52.0,"echavarria, nicolas",51349,205,40.0,0.0,0.0,0.0,0.0,0.0,0.0,1994-08-04,-6.5,31,3.2,0.2891458225801638,-0.9814484126984132,0.6427304347099492,0.3772,pga,2026-07-06,961,0.2891458225801638,0.18,-0.0999999999999999,-0.13,0.0,2.0,64.0,0.2642857142857142,-6.942857142857144,0.0017493503515127,0.0026697956646803,-0.002881027173823,0.0066853613945126,-0.0021125928313921,-0.0026121867024649,0.0,0.1374596030808353,0.0186118510716249,0.1127444306654399,-0.010171550474142,0.0082333249532312,,,0.0481450859678122,0.3217433873242661,-0.0047795381876145,0.0001955879932784,-11.025649919123415,0.0078231284898265,0.0113045922538007,0.0812314285714286,-0.03575,0.0008309414169685,0.0,-0.0200666828528046,0.0078231284898265,0.3558122029496852,2026-07-16 15:37,2026-07-17 10:31
Royal Birkdale Golf Club,1,2026-07-19,2026-07-16,100,The Open Championship,2026-07-13 18:40:51 UTC,no,pga,3600,0,USA,14577,26.0,32.0,"english, harris",34099,524,46.0,0.0,0.0,0.0,0.0,0.0,0.0,1989-07-23,-6.5,36,2.3,1.1891535397086608,-1.856448412698413,1.7105958268654309,1.4164,pga,2026-07-06,1296,1.1891535397086608,-0.1700000000000001,0.0,-0.09,2.0,1.0,63.0,-0.7357142857142858,-4.942857142857144,0.0102202905504734,0.0073035846559941,0.0010999225800699,0.0002339416047537,-0.0007297240645482,0.0023125657742038,0.0,0.6305907700279795,,0.0741078153324183,-0.021664001017024,0.046262081494361,0.2789001116480108,0.1321449745190815,,1.0269459535226906,-0.0306269632442335,-0.0235188252626915,43.26294893142013,0.1297606525554157,-0.0592500099752116,0.0642571428571428,-0.0416,0.0053656525389985,0.0,0.0787385670551846,0.1297606525554157,1.263467968529432,2026-07-16 09:14,2026-07-17 14:20
Royal Birkdale Golf Club,1,2026-07-19,2026-07-16,100,The Open Championship,2026-07-13 18:40:51 UTC,no,pga,3600,0,ENG,25362,28.0,65.0,"fitzpatrick, alex",55721,647,18.0,0.0,0.0,0.0,0.0,0.0,0.0,1999-01-02,-6.5,27,2.578547200384432,0.885182144435064,-1.106448412698413,0.885182144435064,0.4582,pga,2026-07-06,729,0.885182144435064,0.02,0.0999999999999999,-0.08,2.0,1.0,57.0,-0.7357142857142858,-4.942857142857144,-0.0242311413156666,0.0007934815976864,-0.0222918364410193,0.0006130180730582,-0.0036566599865386,0.0003108554411467,0.0,0.4551472465486527,,0.1316022105718603,0.002506787395793,0.0874440225716526,0.0859699158045195,0.03911943499763,,0.7928052582797299,-0.0365013889745667,-0.0248463501795128,12.242677604126008,0.1041460095758696,0.0523633795437011,0.0642571428571428,-0.0416,-0.0127213491907249,0.0,0.0222816732395093,0.1041460095758696,0.9291687347615268,2026-07-16 07:19,2026-07-17 12:25
Royal Birkdale Golf Club,1,2026-07-19,2026-07-16,100,The Open Championship,2026-07-13 18:40:51 UTC,no,pga,3600,0,ENG,17646,3.0,3.0,"fitzpatrick, matt",40098,1481,2.0,0.0,0.0,0.0,0.0,0.0,0.0,1994-09-01,-2.5,31,2.4488796004742763,1.807734206489072,1.393551587301587,1.8974357288600403,1.6720000000000002,pga,2026-07-06,961,1.807734206489072,0.1400000000000001,0.13,0.24,0.0,2.0,65.0,0.2642857142857142,-6.942857142857144,-0.0152632508480708,0.0006650877004089,-0.023390477594623,0.0035066363340381,-0.0055222624076396,0.0094777651197446,0.0,0.9889609559971396,,0.247514168618801,-0.0066804454876749,0.0176519364230113,0.3295053987798512,0.1895159093167431,,1.6814706154696577,-0.0547494466598049,-0.040342276345206,36.86940689407357,0.1674683571327551,0.0100944148267975,0.0902571428571428,-0.016,-0.0080132066952371,0.0,0.0671023205472138,0.1674683571327551,1.9822852293115325,2026-07-16 15:15,2026-07-17 10:09
Royal Birkdale Golf Club,1,2026-07-19,2026-07-16,100,The Open Championship,2026-07-13 18:40:51 UTC,no,pga,3600,0,ENG,12294,4.0,9.0,"fleetwood, tommy",30911,1227,9.0,0.0,0.0,0.0,0.0,0.0,0.0,1991-01-19,-2.5,35,2.6697174756454856,1.8493276054151369,0.0185515873015869,2.1797384391594155,1.98,pga,2026-07-06,1225,1.8493276054151369,0.0,-0.1699999999999999,-0.03,0.0,2.0,67.0,0.2642857142857142,-6.942857142857144,-0.0083203664149432,0.0049602477090979,-0.0139167241085404,0.0018298579063341,-0.007254580628031,0.0060608327061961,0.0,0.9928372041018796,,0.1920871970918087,-0.0183817780611162,0.1059736795902832,0.3841669851915201,0.2057602244972816,,1.7487966209046943,-0.044160422977159,-0.032287593127199,20.335297752467973,0.3524161733135265,-0.0371988754026044,0.0902571428571428,-0.016,-0.0043681923678451,0.0,0.0370102419094917,0.3524161733135265,2.20811198661701,2026-07-16 10:09,2026-07-17 15:15
Royal Birkdale Golf Club,1,2026-07-19,2026-07-16,100,The Open Championship,2026-07-13 18:40:51 UTC,no,pga,3600,0,USA,12965,43.0,42.0,"fowler, rickie",32102,432,30.0,0.0,0.0,0.0,0.0,0.0,0.0,1988-12-13,-2.5,37,2.9506996004136763,0.6529257838070788,-0.4814484126984131,1.8606103650794563,1.74375,pga,2026-07-05,1369,0.6529257838070788,0.79,-0.32,0.19,7.0,4.0,59.0,2.2642857142857142,0.057142857142856,0.0030632009685694,0.0044826596797738,-0.0036732251348364,0.0031233945393037,-0.0013889001015035,0.0005192719858319,0.0,0.3242909850712286,,0.0769956570007225,0.0047217477783924,0.0482125717068485,0.3780628454985744,0.126523118814723,,0.8448820751058737,-0.0250578888765528,-0.0203315614641301,23.581703223733008,-0.0394505852747196,-0.068535400423933,-0.0007428571428571,-0.016,0.0016081805084989,0.0,0.042918699867194,-0.0394505852747196,0.83321551306399,2026-07-16 07:19,2026-07-17 12:25
Royal Birkdale Golf Club,1,2026-07-19,2026-07-16,100,The Open Championship,2026-07-13 18:40:51 UTC,no,pga,3600,0,NZL,11889,54.0,56.0,"fox, ryan",29936,263,59.0,0.0,0.0,0.0,0.0,0.0,0.0,1987-01-22,-4.5,39,2.3418000351255204,0.4942856663412694,0.2685515873015869,0.874027546412707,0.6502,pga,2026-07-06,1521,0.4942856663412694,-0.49,0.27,-0.38,0.0,2.0,65.0,0.2642857142857142,-6.942857142857144,-0.008153876840583,0.0020125847767601,-0.0091853734332335,-0.0057968768626193,0.0044420241335704,0.0003737645449391,0.0,0.2862388573868051,,0.0585246183367064,-0.0178433273078432,-0.024753493969386,0.1281869335518603,0.0571218501478132,,0.3504416684437997,-0.023772156518062,-0.0135697390824849,31.12720871154795,0.1595622364115749,-0.0996918741016094,0.0812314285714286,-0.0247499999999999,-0.0038730914992769,0.0,0.0566515198550172,0.1595622364115749,0.6192637617825435,2026-07-16 06:57,2026-07-17 12:03
Royal Birkdale Golf Club,1,2026-07-19,2026-07-16,100,The Open Championship,2026-07-13 18:40:51 UTC,no,pga,3600,0,USA,29767,30.0,28.0,"gerard, ryan",59018,406,22.0,0.0,0.0,0.0,0.0,0.0,0.0,1999-08-02,-6.5,26,2.664484224771836,0.9825593811522416,-0.9814484126984132,1.0869414711704946,0.8760000000000001,pga,2026-07-06,676,0.9825593811522416,-0.2899999999999999,-0.01,0.13,0.0,2.0,71.0,0.2642857142857142,-6.942857142857144,-0.0176890631608454,0.0045049311722853,-0.0141500371565338,0.0008006342792387,-0.0052649291811049,-0.0035796622747307,0.0,0.5488213005193179,,0.1118577983109044,-0.0355992394625317,0.0371923020062945,0.1729637518155977,0.1042686596518572,,0.944131475041553,-0.0271764851816906,-0.0253731351260915,8.03883491797569,-0.0560414198528336,0.057176522507895,0.0902571428571428,-0.0416,-0.0092867581594438,0.0,0.0146306795507157,-0.0560414198528336,0.9420911194371342,2026-07-16 10:31,2026-07-17 15:37
Royal Birkdale Golf Club,1,2026-07-19,2026-07-16,100,The Open Championship,2026-07-13 18:40:51 UTC,no,pga,3600,0,USA,27774,12.0,6.0,"gotterup, chris",59095,1082,5.0,0.0,0.0,0.0,0.0,0.0,0.0,1999-07-20,-6.5,27,2.684161621426304,1.3198182551470827,0.7685515873015869,1.3198182551470827,1.1304,pga,2026-07-06,729,1.3198182551470827,0.3099999999999998,0.0,0.18,0.0,5.0,71.0,3.2642857142857142,-6.942857142857144,-0.01654967605136,0.0054380587807421,-0.0088924907685107,-0.0150674437475999,0.0027164975951212,-0.0007442979111127,0.0,0.7407382123386163,,0.2015718404997544,-0.0219694554875535,0.1121177237596186,0.2230176972977527,0.1294678880558507,,1.367490632999028,-0.0411259118031546,-0.0327201435415798,19.839854077972586,0.2012253282332505,0.0563927818797229,0.0902571428571428,-0.0416,-0.008688579926964,0.0,0.0361085344219101,0.2012253282332505,1.6447930585843673,2026-07-16 14:31,2026-07-17 09:25
Royal Birkdale Golf Club,1,2026-07-19,2026-07-16,100,The Open Championship,2026-07-13 18:40:51 UTC,no,pga,3600,1,IRL,22633,0.0,0.0,"grehan, stuart",51174,25,0.0,0.0,0.0,0.0,0.0,0.0,0.0,1995-01-01,-6.5,31,3.0,-2.5,-4.440892098500626e-16,0.0,0.0,0,2026-07-06,961,-2.5,0.0,0.0,0.0,6.942857142857143,0.0,0.0,0.0,-8.881784197001252e-16,0.0,0.0,0.0,0.0,0.0,0.0,0.0,,,,,,,,,,,,0.0,0.0,,1.0391687510491469e-17,-0.03575,0.0,0.0,0.0,0.0,-1.77773765697956,2026-07-16 12:14,2026-07-17 07:08
Royal Birkdale Golf Club,1,2026-07-19,2026-07-16,100,The Open Championship,2026-07-13 18:40:51 UTC,no,pga,3600,0,USA,23465,90.0,77.0,"greyserman, max",51977,128,92.0,0.0,0.0,0.0,0.0,0.0,0.0,1995-05-31,-6.5,31,2.817704592878266,0.2134783292334857,0.0185515873015869,1.1902183946185847,0.8933999999999999,pga,2026-07-06,961,0.2134783292334857,-0.11,-0.11,-0.0799999999999999,0.0,3.0,57.0,1.2642857142857142,-6.942857142857144,-0.0027698977645086,-3.2869425132834135e-05,0.0033591626095903,-0.0089355566601431,0.0015712556019167,0.0012681101092603,0.0,0.1120794414458322,0.0344657204747807,0.0712108534683401,0.0017045019151506,0.0704031892112841,,,0.0686869893140787,0.37704001843171,-0.0019271088885679,0.0023501770043403,23.44385140281767,0.0089356003191663,0.0180662544864709,0.0812314285714286,-0.03575,-0.0013157014381415,0.0,0.0426678095531281,0.0089356003191663,0.4728091554372914,2026-07-16 11:52,2026-07-17 06:46
Royal Birkdale Golf Club,1,2026-07-19,2026-07-16,100,The Open Championship,2026-07-13 18:40:51 UTC,no,pga,3600,0,USA,24968,19.0,16.0,"griffin, ben",54591,620,33.0,0.0,0.0,0.0,0.0,0.0,0.0,1996-05-06,-6.5,30,2.346279850848718,1.3882162069807455,0.0185515873015869,1.6449779556914352,1.4462000000000002,pga,2026-07-05,900,1.3882162069807455,0.0399999999999998,-0.16,-0.15,7.0,4.0,69.0,2.2642857142857142,0.057142857142856,0.0055720406291471,0.0068948151144305,-0.0049758674290289,-0.0021797341357158,0.000194787076922,0.0056380400025394,0.0,0.7493112082029935,,0.1449218259112727,-0.0155249976756957,0.0285924133421453,0.28476796206252,0.1449549240242518,,1.313374288017004,-0.0302118961768147,-0.0218735206933823,14.80453648877037,-0.0109669855392091,0.0284363690197135,-0.0007428571428571,-0.0416,0.0029253213303022,0.0,0.026944256409562,-0.0109669855392091,1.289934023074802,2026-07-16 09:25,2026-07-17 14:31
Royal Birkdale Golf Club,1,2026-07-19,2026-07-16,100,The Open Championship,2026-07-13 18:40:51 UTC,no,pga,3600,1,UKR,29461,0.0,0.0,"grinberg, lev",70938,27,0.0,0.0,0.0,0.0,0.0,0.0,0.0,1995-01-01,-6.5,31,2.7,-2.3680105452674893,-4.440892098500626e-16,-2.263935185185185,-2.3233333333333333,euro,2026-05-24,961,-2.3680105452674893,-0.1999999999999997,0.0,0.0,30.0,0.0,5.0,-1.7357142857142858,23.057142857142857,0.0,0.0,-0.0,-0.0,-0.0,0.0,0.0,-1.066197914972734,-0.0657254265437442,-0.1447330680233176,0.0369740111746349,-0.2065215289272048,,,-0.4200085594906284,-1.9079076393587155,0.060213013960356,-0.1316973026230339,0.0,0.0,0.0297891360869568,-0.2697685714285714,-0.03575,0.0,0.0,0.0,0.0,-1.63871076800419,2026-07-16 08:03,2026-07-17 13:09
Royal Birkdale Golf Club,1,2026-07-19,2026-07-16,100,The Open Championship,2026-07-13 18:40:51 UTC,no,pga,3600,0,ENG,27194,68.0,76.0,"hall, harry",57975,229,57.0,0.0,0.0,0.0,0.0,0.0,0.0,1997-08-06,-6.5,28,2.4030866508919138,0.5097441237357783,-0.6064484126984131,1.2995695087988848,1.1098,pga,2026-07-06,784,0.5097441237357783,-0.48,-0.03,-0.09,2.0,1.0,61.0,-0.7357142857142858,-4.942857142857144,0.0140092757006859,0.0039746917140537,-0.001203665305449,0.0009286689595717,0.0048793373536831,0.0054302429788263,0.0,0.2920416370485976,,-0.0310430218067887,-0.0156027738956129,-0.1087575610753789,0.2192764503891731,0.0997282581376241,,0.4738567306547284,-0.0109996392911705,-0.0108861389907897,-10.199348886077065,0.0849083591284884,0.0400995201390741,0.0642571428571428,-0.0416,0.00735486974286,0.0,-0.0185628149726602,0.0849083591284884,0.5702142874105595,2026-07-16 13:09,2026-07-17 08:03
Royal Birkdale Golf Club,1,2026-07-19,2026-07-16,100,The Open Championship,2026-07-13 18:40:51 UTC,no,pga,3600,0,KOR,17872,468.0,410.0,"ham, jeong woo",46724,26,0.0,0.0,0.0,0.0,0.0,0.0,0.0,1995-01-01,-6.5,31,2.7,-1.91,-0.6064484126984131,-1.91,-1.91,liv,2026-04-04,961,-1.91,0.0,0.0,0.0,30.0,0.0,5.0,-1.7357142857142858,23.057142857142857,-0.0097770697909912,0.0,-0.0,-0.0,-0.0097770697909912,0.0,0.0,-0.8716004751642681,-0.0553087789639928,0.2082678586330663,-0.0316263366917435,-0.1344110950767892,,,-0.3503128159943669,-1.223231479287931,0.0012705864923286,-0.0027790140832199,0.0,0.0,0.0132685915610543,-0.2697685714285714,-0.03575,-0.0046441081507208,0.0,0.0,0.0,-1.15487980335916,2026-07-16 11:15,2026-07-17 16:21
Royal Birkdale Golf Club,1,2026-07-19,2026-07-16,100,The Open Championship,2026-07-13 18:40:51 UTC,no,pga,3600,0,USA,8825,51.0,64.0,"harman, brian",27644,631,74.0,0.0,0.0,0.0,0.0,0.0,0.0,1987-01-19,-4.5,39,2.8795475609174632,0.6520493360568692,0.0185515873015869,1.4231282539601562,1.1544,pga,2026-07-06,1521,0.6520493360568692,0.2699999999999999,0.17,-0.1699999999999999,0.0,2.0,68.0,0.2642857142857142,-6.942857142857144,-0.0025494106115447,0.0027038030425868,-0.0104073305325916,0.005504108961558,-0.0020803309233206,0.0017303388402226,0.0,0.3217072291990964,,0.0936488669006239,-0.017013714295393,-0.0205422082833335,0.2273102858560178,0.0496526871817686,,0.5276010139825837,-0.0195178079650916,-0.007952450509495,27.491547010113948,0.3279628331132273,-0.0996918741016094,0.0902571428571428,-0.0288,-0.0013384405710609,0.0,0.0500346155584073,0.3279628331132273,0.9657171649403002,2026-07-16 10:20,2026-07-17 15:26
Royal Birkdale Golf Club,1,2026-07-19,2026-07-16,100,The Open Championship,2026-07-13 18:40:51 UTC,no,pga,3600,0,IRL,5716,381.0,0.0,"harrington, padraig",20766,160,176.0,0.0,0.0,0.0,0.0,0.0,0.0,1971-08-31,-4.5,54,2.405678396098395,-0.9359163247103394,-0.4814484126984131,0.3631205497848538,0.0372,pga,2026-07-06,2916,-0.9359163247103394,-0.26,0.15,-0.1,2.0,1.0,23.0,-0.7357142857142858,-4.942857142857144,0.0077202620286913,-0.0046115689410488,-0.004009166711149,0.003290726117525,0.0108398442090552,0.0022104273543088,0.0,-0.4279253342109622,0.0105123483914185,-0.1868298013550917,0.0162251820770611,-0.1597925909819426,,,-0.184235195636828,-1.3553241723060216,0.030809166253484,-0.0682693648368375,34.01506177052005,0.1194441628405672,-0.3858185820063233,0.0578314285714285,-0.0247499999999999,0.0036671244636283,0.0,0.0619074124223464,0.1194441628405672,-1.1372240440080512,2026-07-16 13:20,2026-07-17 08:14
Royal Birkdale Golf Club,1,2026-07-19,2026-07-16,100,The Open Championship,2026-07-13 18:40:51 UTC,no,pga,3600,0,ENG,14796,23.0,22.0,"hatton, tyrrell",34363,1040,0.0,0.0,0.0,0.0,0.0,0.0,0.0,1991-10-14,-4.5,34,3.0072031174145444,1.341683832802384,-0.1064484126984131,1.831649458395176,1.6269999999999998,pga,2026-07-06,1156,1.341683832802384,0.2099999999999999,0.0999999999999999,-0.2099999999999999,0.0,2.0,51.0,0.2642857142857142,-6.942857142857144,-0.0203153470046045,0.0001970241717266,-0.0165956496610182,-0.0062872799803109,-0.0006288926731505,0.0029994511381484,0.0,0.6821219874816393,,0.2005250196743269,-0.0184834854256233,0.0278299489863548,0.3204476431064478,0.1070693121956365,,1.24770012043797,-0.0261659433233725,-0.0195271368965677,-1.9002773557312471,0.1534610264661569,-0.0261172253608716,0.0902571428571428,-0.0288,-0.0106655571774173,0.0,-0.0034585047874308,0.1534610264661569,1.4484942277964217,2026-07-16 09:58,2026-07-17 15:04
Royal Birkdale Golf Club,1,2026-07-19,2026-07-16,100,The Open Championship,2026-07-13 18:40:51 UTC,no,pga,3600,0,USA,14578,11.0,5.0,"henley, russell",34098,1115,14.0,0.0,0.0,0.0,0.0,0.0,0.0,1989-04-12,-2.5,37,2.3609996207738364,1.4162487115243416,0.1435515873015869,1.9459490445991008,1.7548,pga,2026-06-28,1369,1.4162487115243416,-0.4200000000000001,-0.03,-0.02,14.0,0.0,55.0,-1.7357142857142858,7.057142857142856,-0.0110548498010627,0.0032586706560837,-0.0162352032957471,0.0092926024847143,-0.01111400547029,0.0037430858241763,0.0,0.7674469152615683,,0.1352492564138953,-0.0069712753698439,0.0935526032825792,0.3455336881671346,0.187897564561236,,1.3928448592189848,-0.0394610433497335,-0.0280872294084417,17.45352141222398,0.0443393969096854,-0.0623156203394091,-0.0917428571428571,-0.016,-0.0058037961455579,0.0,0.0317654089702476,0.0443393969096854,1.355403011810503,2026-07-16 09:36,2026-07-17 14:42
Royal Birkdale Golf Club,1,2026-07-19,2026-07-16,100,The Open Championship,2026-07-13 18:40:51 UTC,no,pga,3600,0,AUS,17064,109.0,97.0,"herbert, lucas",39058,119,0.0,0.0,0.0,0.0,0.0,0.0,0.0,1995-12-05,-6.5,30,3.1991987830525725,0.4883861246939273,-0.1064484126984131,0.874189382080188,0.3783999999999999,pga,2026-06-19,900,0.4883861246939273,-0.5800000000000001,0.18,-0.56,23.0,0.0,39.0,-1.7357142857142858,16.057142857142857,0.015040647183703,0.0015618293794303,0.0105554923123503,-0.0072706797815937,0.0108955320040705,-0.0007015267305543,0.0,0.2814586185444467,,0.0321453419996242,0.0054516476883847,0.0203914885850959,0.0746674119859684,0.0426558773837159,,0.4605600235098261,-0.0089066279654163,-0.0116162284089087,18.34774938490604,0.0319196985377761,0.0243124936969154,-0.1878685714285714,-0.03575,0.0071443074122589,0.0,0.033392903880529,0.0319196985377761,0.3093983619118187,2026-07-16 14:09,2026-07-17 09:03
Royal Birkdale Golf Club,1,2026-07-19,2026-07-16,100,The Open Championship,2026-07-13 18:40:51 UTC,no,pga,3600,0,JPN,15756,354.0,177.0,"higa, kazuki",35778,48,0.0,0.0,0.0,0.0,0.0,0.0,0.0,1995-04-23,-6.5,31,2.7,-0.5441084968367873,-1.4397817460317466,-0.0671133759144947,-0.2512820512820513,pga,2026-05-17,961,-0.5441084968367873,-0.1499999999999999,0.0,0.0,30.0,0.0,7.0,-1.7357142857142858,23.057142857142857,-0.0014001553276344,0.0,-0.0,-0.0,-0.0014001553276344,0.0,0.0,-0.2675879871952523,-0.0019434339654356,-0.0444645851986292,0.0110848085501555,-0.0248743708174544,,,-0.0758094052064598,-0.3767510819530824,0.0111887833678214,-0.0033514210720592,-8.657749466981306,0.0,0.0190065295842313,-0.2697685714285714,-0.03575,-0.0006650737806263,0.0,-0.0157571040299059,0.0,-0.857709535813268,2026-07-16 16:21,2026-07-17 11:15
Royal Birkdale Golf Club,1,2026-07-19,2026-07-16,100,The Open Championship,2026-07-13 18:40:51 UTC,no,pga,3600,0,NZL,21362,110.0,105.0,"hillier, daniel",49813,111,0.0,0.0,0.0,0.0,0.0,0.0,0.0,1998-07-26,-6.5,27,2.7464530781093663,0.1804341956537541,0.8935515873015869,0.4986174256489137,0.2614,pga,2026-07-06,729,0.1804341956537541,-0.36,0.0,0.0,2.0,3.0,41.0,1.2642857142857142,-4.942857142857144,-0.0122869329021805,0.0029415595782219,-0.0033165422783287,-0.0019741156450376,-0.003343615192254,-0.006594219364782,0.0,0.0735302869261218,0.0144386838666788,-0.1877914572473816,0.0090446647780084,0.0065627952525756,,,0.0264110185880569,-0.011420551150572,-0.01043652102767,0.0118488246689741,14.924447714925398,0.1756180500478541,0.0449711530440636,0.0578314285714285,-0.03575,-0.0058362931285357,0.0,0.0271624948411642,0.1756180500478541,0.2076051291813392,2026-07-16 06:46,2026-07-17 11:52
Royal Birkdale Golf Club,1,2026-07-19,2026-07-16,100,The Open Championship,2026-07-13 18:40:51 UTC,no,pga,3600,0,JPN,22760,71.0,62.0,"hisatsune, ryo",51287,269,39.0,0.0,0.0,0.0,0.0,0.0,0.0,2002-09-09,-6.5,23,2.868130653211155,0.2984419916720822,0.3935515873015869,0.6291231682789116,0.5052,pga,2026-07-05,529,0.2984419916720822,0.5700000000000001,0.0499999999999999,0.07,7.0,4.0,79.0,2.2642857142857142,0.057142857142856,-0.0141756602120284,-0.0012964121996589,-0.0081541805506774,-0.0024182054668591,-7.888844874615259e-05,-0.0022279735460867,0.0,0.1141433333940774,0.0182178189819189,0.1590376393190596,0.0041260531536814,0.0404093791600897,,,0.041175511618186,0.4709490976673054,-0.0147218779436332,0.0382527860163397,10.24733313053228,-0.0972232273540915,0.0703084539675857,-0.0006685714285714,-0.03575,-0.0067334386007134,0.0,0.0186501462975687,-0.0972232273540915,0.3492240065814977,2026-07-16 09:03,2026-07-17 14:09
Royal Birkdale Golf Club,1,2026-07-19,2026-07-16,100,The Open Championship,2026-07-13 18:40:51 UTC,no,pga,3600,0,DEN,23602,36.0,35.0,"hojgaard, nicolai",52453,532,25.0,0.0,0.0,0.0,0.0,0.0,0.0,2001-03-12,-6.5,25,2.7164146741537563,0.6677156429307183,1.018551587301587,1.1735114803968307,0.9604,pga,2026-07-06,625,0.6677156429307183,0.37,0.12,0.2,0.0,2.0,69.0,0.2642857142857142,-6.942857142857144,-0.0173747312952366,0.0014528821199278,-0.012373939372986,-0.0134127177904031,0.0049710342038452,0.0019880095443795,0.0,0.4080592199450348,,0.0960168510951379,0.0012862990217076,-0.0083161809968782,0.1891101858420994,0.0978963005826167,,0.804373178569347,-0.0281930599326334,-0.0201991368435872,10.935252103363226,0.3976711668430911,0.0687126998558493,0.0902571428571428,-0.0416,-0.0091217339299992,0.0,0.019902158828121,0.3976711668430911,1.2614819131677029,2026-07-16 14:42,2026-07-17 09:36
Royal Birkdale Golf Club,1,2026-07-19,2026-07-16,100,The Open Championship,2026-07-13 18:40:51 UTC,no,pga,3600,0,DEN,23838,108.0,88.0,"hojgaard, rasmus",52686,232,116.0,0.0,0.0,0.0,0.0,0.0,0.0,2001-03-12,-6.5,25,2.548776433138546,0.0005969139514007,1.143551587301587,1.004781596701919,0.7859999999999999,pga,2026-07-06,625,0.0005969139514007,-0.5900000000000001,-0.1,-0.12,0.0,2.0,51.0,0.2642857142857142,-6.942857142857144,-0.0053856244361884,0.0029170652707059,0.0022477419675091,-0.0127145577130466,0.0063366622327163,-0.0041725361940732,0.0,0.0397942435507793,0.0288592619123928,-0.0252444443355563,0.0063511491461709,0.0505564702813797,,,0.0423676756516747,0.2027023974507495,-0.0031421533265768,0.0006008962527113,-14.451640107555274,0.0217719708410499,0.0625592983177738,0.0812314285714286,-0.03575,-0.0025581716071894,0.0,-0.0263019849957506,0.0217719708410499,0.2410956402602879,2026-07-16 09:14,2026-07-17 14:20
Royal Birkdale Golf Club,1,2026-07-19,2026-07-16,100,The Open Championship,2026-07-13 18:40:51 UTC,no,pga,3600,0,RSA,15993,349.0,149.0,"hollick, michael",36344,80,0.0,0.0,0.0,0.0,0.0,0.0,0.0,1995-01-01,-6.5,31,2.6024348230320933,-0.7867403878766445,-4.440892098500626e-16,0.38,0.38,euro,2026-07-05,961,-0.7867403878766445,1.33,0.0,0.0,7.0,3.0,43.0,1.2642857142857142,0.057142857142856,0.0,0.0,-0.0,-0.0,-0.0,0.0,0.0,-0.428995577583449,0.0110038408410038,0.191098367533999,0.0369740111746349,-0.2065215289272048,,,-0.2343060850433528,-0.7378024880562737,0.0257376529764566,-0.0562931374781991,0.0,0.0,-0.0765000315501623,-0.0006685714285714,-0.03575,0.0,0.0,0.0,0.0,-0.7742210594848451,2026-07-16 13:20,2026-07-17 08:14
Royal Birkdale Golf Club,1,2026-07-19,2026-07-16,100,The Open Championship,2026-07-13 18:40:51 UTC,no,pga,3600,0,USA,17538,70.0,74.0,"homa, max",39977,422,49.0,0.0,0.0,0.0,0.0,0.0,0.0,1990-11-19,-6.5,35,2.555893324210884,0.6374479073494148,-0.7314484126984131,1.831191375634629,1.606,pga,2026-07-06,1225,0.6374479073494148,0.26,-0.0499999999999999,0.05,0.0,3.0,61.0,1.2642857142857142,-6.942857142857144,0.0043066079764927,0.0046230570646133,0.0002283312201184,-0.0035761121736207,0.0034232476920492,-0.0003919158266676,0.0,0.299489825657893,,0.0765186496147102,-0.0125409168961373,0.0255159583251765,0.316233817640995,0.0420540847568294,,0.684333328331888,-0.0146216665045587,-0.0096991328466506,-15.158075604166196,0.0207007658663294,-0.0386172914163694,0.0902571428571428,-0.0416,0.0022609691876586,0.0,-0.0275876975995824,0.0207007658663294,0.7283645086434364,2026-07-16 07:08,2026-07-17 12:14
Royal Birkdale Golf Club,1,2026-07-19,2026-07-16,100,The Open Championship,2026-07-13 18:40:51 UTC,no,pga,3600,0,USA,11276,151.0,168.0,"horschel, billy",29420,272,99.0,0.0,0.0,0.0,0.0,0.0,0.0,1986-12-07,-4.5,39,2.6993112041998124,-0.0468468653421545,0.3935515873015869,1.3223860575649735,1.1952,pga,2026-07-06,1521,-0.0468468653421545,0.39,0.2,-0.1,2.0,1.0,61.0,-0.7357142857142858,-4.942857142857144,-0.0092311816021832,0.0006735151641065,-0.0069398827211181,0.0011127773591736,6.496238692225666e-05,-0.0041425537912675,0.0,-0.0475575512754133,0.0382929623890145,0.0298830669281624,0.0071226735126816,-0.0237086715208431,,,-0.0427344953542866,-0.1412456254247608,0.0070226248232756,-0.025732971287577,3.9272405067003655,0.0860046080416722,-0.083833263639775,0.0578314285714285,-0.0247499999999999,-0.004384811261037,0.0,0.0071475777221946,0.0860046080416722,-0.0193968223505023,2026-07-16 13:31,2026-07-17 08:25
Royal Birkdale Golf Club,1,2026-07-19,2026-07-16,100,The Open Championship,2026-07-13 18:40:51 UTC,no,pga,3600,0,NOR,18841,14.0,12.0,"hovland, viktor",46717,1726,20.0,0.0,0.0,0.0,0.0,0.0,0.0,1997-09-18,-6.5,28,2.8309846480928584,1.5194997957224037,-0.1064484126984131,2.4331487883365304,2.003,pga,2026-07-06,784,1.5194997957224037,0.4499999999999999,0.0799999999999999,0.28,0.0,2.0,59.0,0.2642857142857142,-6.942857142857144,-0.0218226930110731,0.0021393164288542,-0.0226600879373189,0.002539057398893,-0.0062651625818845,0.0024241836803829,0.0,0.7737034904445396,,0.2179565489102407,-0.004781243262859,0.0670525339865567,0.3944061872571065,0.1436842326961052,,1.5784235780194844,-0.0308825470674165,-0.0237391046925729,26.58247838887866,-0.1017504656484524,0.0410234797477843,0.0902571428571428,-0.0416,-0.0114569138308133,0.0,0.0483801106677591,-0.1017504656484524,1.5622534520651203,2026-07-16 09:36,2026-07-17 14:42
Royal Birkdale Golf Club,1,2026-07-19,2026-07-16,100,The Open Championship,2026-07-13 18:40:51 UTC,no,pga,3600,1,IRL,33657,0.0,0.0,"howard, david",68566,33,0.0,0.0,0.0,0.0,0.0,0.0,0.0,1995-01-01,-6.5,31,3.0,-2.5,-4.440892098500626e-16,0.0,0.0,0,2026-07-06,961,-2.5,0.0,0.0,0.0,6.942857142857143,0.0,0.0,0.0,-8.881784197001252e-16,0.0,0.0,0.0,0.0,0.0,0.0,0.0,,,,,,,,,,,,0.0,0.0,,1.0391687510491469e-17,-0.03575,0.0,0.0,0.0,0.0,-4.00217271084579,2026-07-16 10:42,2026-07-17 15:48
Royal Birkdale Golf Club,1,2026-07-19,2026-07-16,100,The Open Championship,2026-07-13 18:40:51 UTC,no,pga,3600,1,USA,33759,0.0,0.0,"howell, mason",68607,38,0.0,0.0,0.0,0.0,0.0,0.0,0.0,1995-01-01,-6.5,31,2.7,-2.653564814814815,0.2268849206349203,-2.653564814814815,-2.805789473684211,pga,2026-07-03,961,-2.653564814814815,0.5299999999999998,0.0,0.0,9.0,0.0,15.0,-1.7357142857142858,2.057142857142856,0.0014716160478662,0.0,-0.0,-0.0,0.0014716160478662,0.0,0.0,-1.2367954968263182,-0.0784828034252003,0.0251597691558756,-0.0095179321210437,-0.0653525904871866,,,-0.4548564312387592,-1.833873733620561,0.0040634794424473,-0.0088876016435053,0.0,0.0,-0.0092041264768708,-0.0240685714285714,-0.03575,0.0006990176227364,0.0,0.0,0.0,-1.892993287426396,2026-07-16 13:31,2026-07-17 08:25
Royal Birkdale Golf Club,1,2026-07-19,2026-07-16,100,The Open Championship,2026-07-13 18:40:51 UTC,no,pga,3600,0,KOR,17488,132.0,86.0,"im, sungjae",39971,260,62.0,0.0,0.0,0.0,0.0,0.0,0.0,1998-03-30,-6.5,28,3.071687016191063,0.3794498347334244,-0.8564484126984131,1.745243834945784,1.5532,pga,2026-07-06,784,0.3794498347334244,-0.28,-0.14,-0.1599999999999999,2.0,4.0,55.0,2.2642857142857142,-4.942857142857144,0.0266522919896264,0.0035193929431152,0.0176371119519277,-0.0009250210347484,0.0002986607992841,0.0061221473300477,0.0,0.1801032942472711,0.0505377683099142,-0.1733289316161973,-0.002979365820452,0.0373184402771459,,,0.0774906621767644,0.2162509496402175,-0.012765933860111,0.0171469635554092,-36.5961589290563,-0.1924847526163523,0.0427280523704728,0.0578314285714285,-0.03575,0.0126598386950725,0.0,-0.0666050092508824,-0.1924847526163523,-0.0080975449605162,2026-07-16 07:41,2026-07-17 12:47
Royal Birkdale Golf Club,1,2026-07-19,2026-07-16,100,The Open Championship,2026-07-13 18:40:51 UTC,no,pga,3600,0,RSA,26947,99.0,82.0,"jarvis, casey",57688,168,0.0,0.0,0.0,0.0,0.0,0.0,0.0,2003-07-28,-6.5,22,3.0398691434836205,-0.2289796858960731,0.1435515873015869,0.3461836316946343,-0.0618,pga,2026-07-06,484,-0.2289796858960731,0.0999999999999999,0.0,0.0,0.0,4.0,55.0,2.2642857142857142,-6.942857142857144,-0.0265265946399332,-0.0024119351365829,-0.0147901582986322,0.0022475243113602,-0.0074090521910992,-0.0041629733249789,0.0,-0.0575031492488761,0.009826006927449,0.0811802865844347,-0.0070887982757769,0.012784666076446,,,-0.0276948875471986,0.0970809264065656,-0.0137822530567769,0.0255082809106178,-7.619724771753371,0.0,0.0738507740362466,0.0812314285714286,-0.03575,-0.0126001324539682,0.0,-0.0138678990845911,0.0,0.1160943234394348,2026-07-16 12:58,2026-07-17 07:52
Royal Birkdale Golf Club,1,2026-07-19,2026-07-16,100,The Open Championship,2026-07-13 18:40:51 UTC,no,pga,3600,0,AUS,19390,0.0,256.0,"john, cameron",47463,34,0.0,0.0,0.0,0.0,0.0,0.0,0.0,1995-01-01,-6.5,31,3.036463435107101,-1.6460487804878048,-4.440892098500626e-16,-1.5855555555555556,-1.6732142857142858,euro,2025-12-07,961,-1.6460487804878048,-0.4599999999999999,0.0,0.0,30.0,0.0,0.0,-1.7357142857142858,23.057142857142857,0.0,0.0,-0.0,-0.0,-0.0,0.0,0.0,-0.7790218104254931,-0.0459136867839544,-0.153091565255881,0.0369740111746349,-0.2065215289272048,,,-0.3142422119041965,-1.4366376377334285,0.0391830761051465,-0.068027584785572,0.0,0.0,0.0540236630690922,-0.2697685714285714,-0.03575,0.0,0.0,0.0,0.0,-1.97281117611821,2026-07-16 15:59,2026-07-17 10:53
Royal Birkdale Golf Club,1,2026-07-19,2026-07-16,100,The Open Championship,2026-07-13 18:40:51 UTC,no,pga,3600,0,ENG,25601,221.0,304.0,"jordan, matthew",55955,295,0.0,0.0,0.0,0.0,0.0,0.0,0.0,1996-01-18,-6.5,30,2.3,-0.4096416215151422,-0.1064484126984131,0.3232639125222795,0.1204,euro,2026-07-05,900,-0.4096416215151422,0.27,-0.18,0.1099999999999999,7.0,2.0,43.0,0.2642857142857142,0.057142857142856,0.0075337628876802,0.0039602614717206,0.0013169972697272,0.0032946757870169,-0.0049007246046792,0.0038625529638946,0.0,-0.1924893999727676,0.0093586125030746,-0.056677842939209,0.0309053434738381,-0.0306340267908687,,,-0.0749229242584811,-0.3047941083631599,0.0110502667504524,-0.0258975148887308,22.96011648604297,0.2458601307858491,0.0245133777595321,-0.0006685714285714,-0.03575,0.003578537371648,0.0,0.0417874120045982,0.2458601307858491,-0.0499865996296359,2026-07-16 06:57,2026-07-17 12:03
Royal Birkdale Golf Club,1,2026-07-19,2026-07-16,100,The Open Championship,2026-07-13 18:40:51 UTC,no,pga,3600,0,JPN,28268,152.0,109.0,"kaneko, kota",61148,108,0.0,0.0,0.0,0.0,0.0,0.0,0.0,1995-01-01,-6.5,31,2.579270949985976,0.3336448303376335,-2.106448412698413,0.4673382668234306,-0.1339999999999999,pga,2026-07-06,961,0.3336448303376335,-0.5,0.0,0.0,2.0,3.0,57.0,1.2642857142857142,-4.942857142857144,-0.0007255812961038,0.0,-0.0,-0.0,-0.0007255812961038,0.0,0.0,0.15836682330609,0.0135329365974621,-0.1342705852567349,-0.0124479170954604,-0.163014326833207,,,0.0429179052055925,-0.1016735938459416,-0.0020600718385483,0.0045057685457352,0.377798486102735,0.0,-0.0092041264768708,0.0578314285714285,-0.03575,-0.0003446511156493,0.0,0.0006875932447069,0.0,-0.0792492231454553,2026-07-16 08:47,2026-07-17 13:53
Royal Birkdale Golf Club,1,2026-07-19,2026-07-16,100,The Open Championship,2026-07-13 18:40:51 UTC,no,pga,3600,0,JPN,18994,0.0,387.0,"kataoka, naoyuki",46879,48,0.0,0.0,0.0,0.0,0.0,0.0,0.0,1995-01-01,-6.5,31,2.7,-1.4630555555555556,0.3935515873015869,-1.12,-1.12,pga,2026-04-10,961,-1.4630555555555556,-1.15,0.0,0.0,30.0,0.0,3.0,-1.7357142857142858,23.057142857142857,0.0101043990093805,0.0,-0.0,-0.0,0.0101043990093805,0.0,0.0,-0.5939964843833276,-0.0324323730050638,-1.1059519633168031,-0.0064951012963442,-0.1391266699872936,,,-0.3053774024244088,-2.395433900413688,0.2146092505533273,-0.4693912089242468,2.371402010296419,0.0,0.0427280523704728,-0.2697685714285714,-0.03575,0.0047995895294557,0.0,0.0043159516587394,0.0,-1.64595324889369,2026-07-16 16:10,2026-07-17 11:04
Royal Birkdale Golf Club,1,2026-07-19,2026-07-16,100,The Open Championship,2026-07-13 18:40:51 UTC,no,pga,3600,0,USA,32457,81.0,58.0,"keefer, johnny",63454,332,71.0,0.0,0.0,0.0,0.0,0.0,0.0,2001-06-01,-6.5,25,2.677688110120252,0.1592699029999812,-0.1064484126984131,0.924779664915473,0.7310000000000001,pga,2026-07-06,625,0.1592699029999812,-0.28,-0.1399999999999999,-0.27,0.0,3.0,65.0,1.2642857142857142,-6.942857142857144,-0.0377881918699415,-0.0042681721073744,-0.0148340713943001,-0.0111115892657714,-0.0013840992696785,-0.006190259832817,0.0,0.1314130124050652,0.0267792848571755,0.2681932850687946,0.0068424105079779,0.102875257609605,,,0.0481450859678122,0.6476166238404174,-0.0026088036440766,0.004560139265095,-12.353509131722875,0.0,0.0614169518029684,0.0812314285714286,-0.03575,-0.0179493911382222,0.0,-0.0224833866197356,0.0,0.6526652746538882,2026-07-16 13:42,2026-07-17 08:36
Royal Birkdale Golf Club,1,2026-07-19,2026-07-16,100,The Open Championship,2026-07-13 18:40:51 UTC,no,pga,3600,0,USA,17543,73.0,55.0,"kim, michael",39975,155,65.0,0.0,0.0,0.0,0.0,0.0,0.0,1993-07-14,-6.5,33,3.0240362075634497,0.4753721363365282,-0.3564484126984131,0.9509200201948074,0.743,pga,2026-07-06,1089,0.4753721363365282,0.0099999999999999,-0.0399999999999999,-0.06,2.0,4.0,70.0,2.2642857142857142,-4.942857142857144,0.0086800065519833,0.0048035811871543,-0.005101252290493,0.0021392253089077,0.0046510918009683,0.0021873605454458,0.0,0.2228954219684924,0.0275362435651257,-0.004541592605157,-0.0011087273484233,0.0009499990330651,,,0.097665745820419,0.3476266301906038,-0.0176259651178216,0.0218118789255298,-5.316981074380044,-0.0138808972046717,4.362594937379338e-05,0.0578314285714285,-0.03575,0.004123003112192,0.0,-0.0096769055553716,-0.0138808972046717,0.350273259114181,2026-07-16 06:46,2026-07-17 11:52
Royal Birkdale Golf Club,1,2026-07-19,2026-07-16,100,The Open Championship,2026-07-13 18:40:51 UTC,no,pga,3600,0,KOR,14609,10.0,21.0,"kim, si woo",37455,1045,7.0,0.0,0.0,0.0,0.0,0.0,0.0,1995-06-28,-4.5,31,2.6590932035073367,1.4370562856042666,0.2685515873015869,1.5607051013465134,1.3858,pga,2026-07-06,961,1.4370562856042666,-0.09,0.13,-0.03,0.0,2.0,75.0,0.2642857142857142,-6.942857142857144,-0.0173636045245264,0.0013978300265161,-0.0181257648350056,0.0030091869632263,-0.008229924482307,0.0045850678030436,0.0,0.7631821265940673,,0.1834469139934056,-0.013882390501205,0.0746505799506555,0.2728747350478773,0.1605272872869983,,1.387200416913657,-0.0395614637573934,-0.0319426540231434,-9.750278640186496,0.0197863817559852,0.0179052823223948,0.0902571428571428,-0.0288,-0.0091158923753763,0.0,-0.0177455071251394,0.0197863817559852,1.4415825420262691,2026-07-16 10:20,2026-07-17 15:26
Royal Birkdale Golf Club,1,2026-07-19,2026-07-16,100,The Open Championship,2026-07-13 18:40:51 UTC,no,pga,3600,0,KOR,24766,41.0,33.0,"kim, tom",55182,1599,32.0,0.0,0.0,0.0,0.0,0.0,0.0,2002-06-21,-6.5,24,2.4516015603549977,0.598236497420447,-0.2314484126984131,1.5550730404439697,1.3952,pga,2026-07-06,576,0.598236497420447,-0.2,-0.07,-0.0099999999999999,0.0,3.0,63.0,1.2642857142857142,-6.942857142857144,-0.013272246021175,-0.0014790603028609,-0.0177838174694624,0.0067581758405473,-0.0039389739332004,0.0031714298438014,0.0,0.356853241127633,,0.2370986407324345,-0.0133412807318665,0.0134672483307655,0.274725667728964,0.0333081854592518,,0.941643469560424,-0.0232588627317528,-0.013334372236011,31.379180812528617,0.325620908477355,0.0761250018810054,0.0902571428571428,-0.0416,-0.0069679291611168,0.0,0.057110109078802,0.325620908477355,1.366063700812607,2026-07-16 13:31,2026-07-17 08:25
Royal Birkdale Golf Club,1,2026-07-19,2026-07-16,100,The Open Championship,2026-07-13 18:40:51 UTC,no,pga,3600,0,USA,21891,29.0,36.0,"kitayama, kurt",48117,439,29.0,0.0,0.0,0.0,0.0,0.0,0.0,1993-01-14,-6.5,33,2.9866592667998706,1.029397762667848,1.143551587301587,1.1909219153823758,1.0056,pga,2026-07-06,1089,1.029397762667848,0.03,-0.0999999999999999,-0.03,0.0,2.0,66.0,0.2642857142857142,-6.942857142857144,-0.0271678884877559,0.0012424330918861,-0.0209891227205526,-0.0072539506316606,0.0019276755643177,-0.0020949237917465,0.0,0.5517766013036307,,0.0841947546810672,-0.0050604399497413,0.0841193233458217,0.1980104153298783,0.1130227752542992,,0.9639011419122256,-0.0304866996371186,-0.0212952445560464,6.122048881957777,0.1679467958950706,-0.0103803438595651,0.0902571428571428,-0.0416,-0.0142631414560718,0.0,0.0111421289651631,0.1679467958950706,1.1773840681735304,2026-07-16 12:25,2026-07-17 07:19
Royal Birkdale Golf Club,1,2026-07-19,2026-07-16,100,The Open Championship,2026-07-13 18:40:51 UTC,no,pga,3600,0,USA,19396,39.0,45.0,"knapp, jake",47420,218,38.0,0.0,0.0,0.0,0.0,0.0,0.0,1994-05-31,-6.5,32,2.6869312011860456,0.80552531552026,0.7685515873015869,1.462094283248052,1.0082,pga,2026-07-06,1024,0.80552531552026,-0.43,-0.27,-0.31,2.0,1.0,43.0,-0.7357142857142858,-4.942857142857144,-0.0032647165633653,0.0086084454884007,-0.0059471174396216,-0.0109287308286913,0.0056772263096958,-0.000674540093149,0.0,0.4325402586116865,,-0.0158094056039796,0.0009253375908098,0.0401180373250256,0.1985223754331576,0.1233660313867229,,0.7244713763087315,-0.0329003469994898,-0.0277596145878016,-8.431634466037893,0.0435290644770101,0.0054687031526,0.0642571428571428,-0.0416,-0.0017139761957667,0.0,-0.0153455747281889,0.0435290644770101,0.7735980327189288,2026-07-16 07:52,2026-07-17 12:58
Royal Birkdale Golf Club,1,2026-07-19,2026-07-16,100,The Open Championship,2026-07-13 18:40:51 UTC,no,pga,3600,0,NZL,24369,241.0,211.0,"kobori, kazuma",54621,194,0.0,0.0,0.0,0.0,0.0,0.0,0.0,1995-01-01,-6.5,31,2.7514808257756256,-0.4534584575784511,-4.440892098500626e-16,-0.2470789660845791,-0.528,euro,2026-07-03,961,-0.4534584575784511,-0.25,0.0,0.0,9.0,0.0,43.0,-1.7357142857142858,2.057142857142856,-0.0185210878355451,0.0,-0.0,-0.0,-0.0185210878355451,0.0,0.0,-0.186253160607446,-0.0071470070491489,-0.1327604027337309,0.0369740111746349,-0.2065215289272048,,,-0.0908795813220988,-0.5322292607471143,0.0147881883709032,-0.0262620576166285,0.0,0.0,0.0658322779636056,-0.0240685714285714,-0.03575,-0.0087975167218839,0.0,0.0,0.0,-0.6008453488975696,2026-07-16 10:42,2026-07-17 15:48
Royal Birkdale Golf Club,1,2026-07-19,2026-07-16,100,The Open Championship,2026-07-13 18:40:51 UTC,no,pga,3600,0,USA,16243,79.0,118.0,"koepka, brooks",36689,614,84.0,0.0,0.0,0.0,0.0,0.0,0.0,1990-05-03,-2.5,36,2.767492672863319,0.5235696882568335,0.0185515873015869,1.9090868962969816,1.7425,pga,2026-07-06,1296,0.5235696882568335,-0.35,0.2299999999999999,-0.24,2.0,1.0,44.0,-0.7357142857142858,-4.942857142857144,-0.0169001197517602,-0.0030937205959701,-0.0107511285379794,-0.0076820580124516,0.0041319836529964,0.0004948037416445,0.0,0.3216484775541379,,-0.0160373785012447,-0.0015030088310496,0.0507304772538777,0.3485266856939982,0.0614924372974151,,0.669191317045951,-0.0305792015733312,-0.0178044054756663,39.47389905451742,-0.1054136042686336,-0.0472827663721862,0.0642571428571428,-0.016,-0.0088725628696741,0.0,0.0718424962792217,-0.1054136042686336,0.675004789044008,2026-07-16 14:53,2026-07-17 09:47
Royal Birkdale Golf Club,1,2026-07-19,2026-07-16,100,The Open Championship,2026-07-13 18:40:51 UTC,no,pga,3600,0,FRA,23733,304.0,254.0,"lacroix, frederic",52585,39,0.0,0.0,0.0,0.0,0.0,0.0,0.0,1995-02-23,-6.5,31,3.0385869686770826,-0.6491463943992416,-4.440892098500626e-16,0.0580194144256192,-0.3548,euro,2026-07-05,961,-0.6491463943992416,0.91,0.0,0.0,7.0,3.0,51.0,1.2642857142857142,0.057142857142856,-0.0060505343690193,0.0,-0.0,-0.0,-0.0060505343690193,0.0,0.0,-0.3235786910879704,0.0016868052284105,-0.0372678999747788,0.0369740111746349,-0.2065215289272048,,,-0.1509463076247978,-0.6783357840820374,0.0125073657505229,-0.0273559854244814,-2.815039863564797,0.0,0.0161664468036273,-0.0006685714285714,-0.03575,-0.0028740038252841,0.0,-0.0051233725516879,0.0,-0.7227517318875809,2026-07-16 11:04,2026-07-17 16:10
Royal Birkdale Golf Club,1,2026-07-19,2026-07-16,100,The Open Championship,2026-07-13 18:40:51 UTC,no,pga,3600,0,SWE,14780,336.0,160.0,"lagergren, joakim",34317,76,0.0,0.0,0.0,0.0,0.0,0.0,0.0,1991-11-15,-6.5,34,3.1112693264549005,-0.881322153494388,0.8935515873015869,0.1196842018282132,-0.2788,pga,2026-07-06,1156,-0.881322153494388,0.5999999999999999,0.0,0.0,2.0,3.0,47.0,1.2642857142857142,-4.942857142857144,0.0066378948743987,0.0,-0.0,-0.0,0.0066378948743987,0.0,0.0,-0.4043417823612539,0.003465944397867,-0.0859310269710004,0.0153861185168047,-0.0441267666807794,,,-0.1736891291867358,-0.7453468875309948,0.0274844639621724,-0.0658722087182929,-8.43351255564538,0.1059836488948032,-0.0177225004897762,0.0578314285714285,-0.03575,0.0031530000653393,0.0,-0.0153489928512745,0.1059836488948032,-0.6294778028506982,2026-07-16 08:36,2026-07-17 13:42
Royal Birkdale Golf Club,1,2026-07-19,2026-07-16,100,The Open Championship,2026-07-13 18:40:51 UTC,no,pga,3600,1,THA,27019,0.0,0.0,"laopakdee, fifa",70146,32,0.0,0.0,0.0,0.0,0.0,0.0,0.0,1995-01-01,-6.5,31,2.3,-4.6312500000000005,-4.440892098500626e-16,0.0,0.0,0,2026-07-06,961,-4.6312500000000005,0.0,0.0,0.0,6.942857142857143,0.0,0.0,0.0,-8.881784197001252e-16,0.0285810198173275,0.0,-0.0,-0.0,0.0285810198173275,0.0,0.0,,,,,,,,,,,,0.0,0.0,,1.0391687510491469e-17,-0.03575,0.0135759844132305,0.0,0.0,0.0,-2.66203627074017,2026-07-16 07:41,2026-07-17 12:47
Royal Birkdale Golf Club,1,2026-07-19,2026-07-16,100,The Open Championship,2026-07-13 18:40:51 UTC,no,pga,3600,0,ITA,14987,211.0,222.0,"laporta, francesco",34607,50,0.0,0.0,0.0,0.0,0.0,0.0,0.0,1990-10-10,-6.5,35,2.519567077168061,-0.3440428009317098,-4.440892098500626e-16,0.2289989209709446,-0.0224,euro,2026-06-26,1225,-0.3440428009317098,0.07,0.0,0.0,16.0,0.0,37.0,-1.7357142857142858,9.057142857142855,0.0251322113578004,-0.00059199792,0.03357337932,-0.0007685938,-0.0049667046921996,-0.00211387155,0.0,-0.1476777288955756,0.0066093427848441,-0.1113117773670197,0.0369740111746349,-0.2065215289272048,,,-0.0497957746295657,-0.5144118444533883,0.0103943564404503,-0.0221927869947707,0.0,-0.0261400797892081,-0.0308899580391809,-0.1059685714285714,-0.03575,0.0119378003949551,0.0,0.0,-0.0261400797892081,-0.6703326952762125,2026-07-16 15:48,2026-07-17 10:42
Royal Birkdale Golf Club,1,2026-07-19,2026-07-16,100,The Open Championship,2026-07-13 18:40:51 UTC,no,pga,3600,0,AUS,16841,27.0,24.0,"lee, min woo",37378,767,15.0,0.0,0.0,0.0,0.0,0.0,0.0,1998-07-27,-6.5,27,2.741997483962533,0.6190259949295545,0.2685515873015869,1.3247912143613825,0.9968,pga,2026-07-06,729,0.6190259949295545,-0.1999999999999999,0.1,-0.1099999999999999,0.0,2.0,59.0,0.2642857142857142,-6.942857142857144,-0.0081270911917505,0.0013580969375527,-0.0023792746885379,-0.0102879668842903,-0.0010320866171318,0.0042141400606568,0.0,0.4248996411316976,,0.1627226151621835,0.0084014936360993,0.109050134607252,0.1986011385259698,0.1089009002379299,,1.0010189404930527,-0.0349668150871482,-0.0247396462700081,23.619410253759625,-0.2012880409086352,0.0481494785490766,0.0902571428571428,-0.0416,-0.004266722875669,0.0,0.0429873266618425,-0.2012880409086352,0.8871086462277339,2026-07-16 09:25,2026-07-17 14:31
Royal Birkdale Golf Club,1,2026-07-19,2026-07-16,100,The Open Championship,2026-07-13 18:40:51 UTC,no,pga,3600,0,CHN,15310,174.0,106.0,"li, haotong",35296,451,123.0,0.0,0.0,0.0,0.0,0.0,0.0,1995-08-03,-6.5,30,3.173373155555011,0.0274590542776019,0.6435515873015869,1.185,1.1949999999999998,pga,2026-07-06,900,0.0274590542776019,-0.24,0.04,0.14,2.0,2.0,49.0,0.2642857142857142,-4.942857142857144,-0.0149240419462796,0.0001764803383204,-0.0062539450339998,-0.0051488510887092,-4.796184711110243e-05,-0.0036497643147799,0.0,0.0282712697130938,0.028278167971663,-0.1779754136165235,0.0040254838432864,0.046295242734515,,,0.0281534121754635,-0.0223848491558609,-0.0073073579843215,0.0070065237145333,0.0,0.1062774091303401,0.0208678222924288,0.0578314285714285,-0.03575,-0.0070889199244828,0.0,0.0,0.1062774091303401,0.0988850686214249,2026-07-16 13:09,2026-07-17 08:03
Royal Birkdale Golf Club,1,2026-07-19,2026-07-16,100,The Open Championship,2026-07-13 18:40:51 UTC,no,pga,3600,0,IRL,13900,32.0,46.0,"lowry, shane",33204,584,55.0,0.0,0.0,0.0,0.0,0.0,0.0,1987-04-02,-4.5,39,2.452549544872946,1.101180426830351,-0.1064484126984131,1.7001835172141142,1.4356,pga,2026-07-06,1521,1.101180426830351,-0.0799999999999998,-0.31,0.1499999999999999,2.0,1.0,61.0,-0.7357142857142858,-4.942857142857144,-0.0178831647530211,0.0034379065182078,-0.0202000662577464,0.002729200979397,-0.0043757471256192,0.0005255411327396,0.0,0.5860759527562908,,0.0654940356114221,0.0103741511797258,0.047166399683787,0.2826807401029965,0.1326157152032184,,0.976234247695874,-0.0304255655175878,-0.023151869146893,64.72337456976985,0.3977522960270177,-0.0945953121770862,0.0642571428571428,-0.0288,-0.009388661495336,0.0,0.1177965417169811,0.3977522960270177,1.5178515668016797,2026-07-16 14:53,2026-07-17 09:47
Royal Birkdale Golf Club,1,2026-07-19,2026-07-16,100,The Open Championship,2026-07-13 18:40:51 UTC,no,pga,3600,0,SCO,23323,17.0,15.0,"macintyre, robert",52215,1123,27.0,0.0,0.0,0.0,0.0,0.0,0.0,1996-08-03,-6.5,29,2.4806382086065963,1.22456622131758,-0.1064484126984131,1.6777964440970174,1.4112,pga,2026-07-06,841,1.22456622131758,0.1999999999999999,0.07,-0.09,0.0,2.0,63.0,0.2642857142857142,-6.942857142857144,0.0044233027567282,0.0059446917246768,-0.0002307147942257,-0.0031687394164657,0.0006985552251558,0.001179510017587,0.0,0.6949390285698362,,0.2178467267055094,-0.011731911258195,0.049303073052921,0.2778761914414521,0.1485927665504801,,1.3476003613452874,-0.0337575566529783,-0.0259219840667862,29.667940475800147,0.4975024750512386,0.030454027003048,0.0902571428571428,-0.0416,0.0023222339472823,0.0,0.0539956516659562,0.4975024750512386,1.950077864866908,2026-07-16 07:19,2026-07-17 12:25
Royal Birkdale Golf Club,1,2026-07-19,2026-07-16,100,The Open Championship,2026-07-13 18:40:51 UTC,no,pga,3600,0,JPN,13562,35.0,31.0,"matsuyama, hideki",32839,781,36.0,0.0,0.0,0.0,0.0,0.0,0.0,1992-02-25,-2.5,34,2.4996387959301334,0.8435127288519824,-0.6064484126984131,2.0161150804116263,1.7754,pga,2026-06-28,1156,0.8435127288519824,-0.0399999999999999,0.06,0.28,14.0,0.0,65.0,-1.7357142857142858,7.057142857142856,-0.0024039347395599,0.0019909049491502,-0.0136259410075385,0.003647754640145,0.0007198279210821,0.0048635187576012,0.0,0.4454352318761807,,0.0789994773528588,-0.0048852772664235,-0.0031385160691843,0.3495899874469629,0.1492362840693824,,0.9492957804289854,-0.0216865576768524,-0.0221714735940396,24.77848089390965,-0.1851092550578155,-0.0220833757098996,-0.0917428571428571,-0.016,-0.0012620657382689,0.0,0.0450968352269155,-0.1851092550578155,0.7002784377169594,2026-07-16 09:25,2026-07-17 14:31
Royal Birkdale Golf Club,1,2026-07-19,2026-07-16,100,The Open Championship,2026-07-13 18:40:51 UTC,no,pga,3600,0,USA,28635,77.0,63.0,"mccarty, matt",59141,133,44.0,0.0,0.0,0.0,0.0,0.0,0.0,1997-12-11,-6.5,28,3.034681460455704,0.2642467300716306,-0.8564484126984131,0.9220770321989868,0.6414,pga,2026-07-06,784,0.2642467300716306,0.09,-0.0899999999999999,-0.1999999999999999,2.0,1.0,67.0,-0.7357142857142858,-4.942857142857144,0.0029965290891343,0.0041738486556105,-0.0055085696993559,0.0044964931576978,0.001102446639851,-0.0012676896646691,0.0,0.1419641297059103,0.0267010234509338,0.0219113750034601,-0.0070415771815053,-0.0466876336394767,,,0.093814138942994,0.2881149626580097,-0.0118466599451157,0.0288729870858956,-16.480557301415324,0.0443639771826705,0.0404271792349132,0.0578314285714285,-0.03575,0.0014233513173387,0.0,-0.0299946142885758,0.0443639771826705,0.3259891054408717,2026-07-16 13:09,2026-07-17 08:03
Royal Birkdale Golf Club,1,2026-07-19,2026-07-16,100,The Open Championship,2026-07-13 18:40:51 UTC,no,pga,3600,0,SCO,16372,0.0,0.0,"mcdonald, jack",36872,194,0.0,0.0,0.0,0.0,0.0,0.0,0.0,1995-01-01,-6.5,31,2.534192535218182,-1.9201666666666668,-4.440892098500626e-16,0.0,0.0,0,2026-07-06,961,-1.9201666666666668,0.0,0.0,0.0,6.942857142857143,0.0,0.0,0.0,-8.881784197001252e-16,-0.0068961555795999,0.0,-0.0,-0.0,-0.0068961555795999,0.0,0.0,,,,,,,,,,,,0.0,0.0,,1.0391687510491469e-17,-0.03575,-0.0032756739003099,0.0,0.0,0.0,-1.3587737536761,2026-07-16 11:04,2026-07-17 16:10
Royal Birkdale Golf Club,1,2026-07-19,2026-07-16,100,The Open Championship,2026-07-13 18:40:51 UTC,no,pga,3600,0,NIR,10091,2.0,2.0,"mcilroy, rory",28237,1254,12.0,0.0,0.0,0.0,0.0,0.0,0.0,1989-05-04,-2.5,37,2.909856383062283,2.040723313524181,1.768551587301587,2.710794662906987,2.51,pga,2026-07-06,1369,2.040723313524181,-0.1999999999999999,0.2099999999999999,0.1099999999999999,0.0,2.0,47.0,0.2642857142857142,-6.942857142857144,-0.0245705351879475,0.0049495717293088,-0.014513735530071,-0.0189861152723585,0.0003113015475965,0.0036684423375766,0.0,1.1121035690590495,,0.2117929356431677,-0.0234678110404884,0.1937546050168201,0.491993659251426,0.2357674505271178,,2.066954220127105,-0.0520399986572736,-0.040634569333305,33.83129219762729,0.1779068024860843,-0.0623156203394091,0.0902571428571428,-0.016,-0.0128995309736724,0.0,0.0615729517996816,0.1779068024860843,2.367791586296341,2026-07-16 15:15,2026-07-17 10:09
Royal Birkdale Golf Club,1,2026-07-19,2026-07-16,100,The Open Championship,2026-07-13 18:40:51 UTC,no,pga,3600,0,NIR,22322,112.0,135.0,"mckibbin, tom",50823,286,0.0,0.0,0.0,0.0,0.0,0.0,0.0,2002-12-19,-6.5,23,2.3,0.2206535156152891,-0.6064484126984131,0.7491514225079187,0.5186000000000001,pga,2026-07-06,529,0.2206535156152891,0.05,0.0,0.0,0.0,2.0,59.0,0.2642857142857142,-6.942857142857144,-0.0151894898230175,-0.0044481998260697,0.0029398926782091,-0.0082966073240814,-0.007160664741801,0.0017760893907255,0.0,0.1238176993878211,0.0216935340456318,0.086830896032936,0.0234168737439354,0.1040661984264185,,,0.0382409539972908,0.4680288521699081,-0.0007247172601586,-0.0005451351633642,-6.54864706355318,-0.0018516551451017,0.0712325489593969,0.0812314285714286,-0.03575,-0.0072150076659333,0.0,-0.0119185376556667,-0.0018516551451017,0.4925250802746349,2026-07-16 08:03,2026-07-17 13:09
Royal Birkdale Golf Club,1,2026-07-19,2026-07-16,100,The Open Championship,2026-07-13 18:40:51 UTC,no,pga,3600,0,USA,18634,20.0,39.0,"mcnealy, maverick",46442,493,47.0,0.0,0.0,0.0,0.0,0.0,0.0,1995-11-07,-4.5,30,2.8418443527443147,1.3169055435888963,-0.4814484126984131,1.4051439827680106,1.2508,pga,2026-06-28,900,1.3169055435888963,-0.4199999999999999,-0.39,0.1699999999999999,14.0,0.0,63.0,-1.7357142857142858,7.057142857142856,0.009603135157745,0.0070246854290855,-0.0024654470360023,-0.0062023434016858,0.0049804220237259,0.0062658181426219,0.0,0.7409154882961339,,0.0414330988737891,-0.0139674790153024,-0.0076157776933032,0.2462921912237587,0.1410534137607169,,1.1091568203710582,-0.035009965310857,-0.027207224764233,7.668696116835422,0.0436331714668664,0.0232630750003554,-0.0917428571428571,-0.0288,0.0050416459578161,0.0,0.0139570269326404,0.0436331714668664,1.051245807585524,2026-07-16 10:31,2026-07-17 15:37
Royal Birkdale Golf Club,1,2026-07-19,2026-07-16,100,The Open Championship,2026-07-13 18:40:51 UTC,no,pga,3600,0,USA,17365,37.0,68.0,"mitchell, keith",39546,257,45.0,0.0,0.0,0.0,0.0,0.0,0.0,1992-01-07,-6.5,34,2.507972082638854,0.8558958063326003,0.3935515873015869,1.161148580946895,0.8478,pga,2026-07-05,1156,0.8558958063326003,-0.24,0.03,-0.12,7.0,5.0,69.0,3.2642857142857142,0.057142857142856,-0.0191002242534634,-0.0002337379673291,-0.0073429268403656,-0.0133286204095147,0.001915386693958,-0.000110325730212,0.0,0.4739333368147075,,0.0880826219547927,-0.0077832724008599,0.1117985526339389,0.1669383752154642,0.0723321137929202,,0.8341230936011609,-0.0297763438086001,-0.0179816782873231,-7.334058287798718,-0.1038545897260239,-0.0234206123138794,-0.0007428571428571,-0.0416,-0.0100276177330682,0.0,-0.0133479860837936,-0.1038545897260239,0.664550042915418,2026-07-16 12:14,2026-07-17 07:08
Royal Birkdale Golf Club,1,2026-07-19,2026-07-16,100,The Open Championship,2026-07-13 18:40:51 UTC,no,pga,3600,0,ITA,7655,205.0,243.0,"molinari, francesco",25198,268,185.0,0.0,0.0,0.0,0.0,0.0,0.0,1982-11-08,-4.5,43,3.0912286431349485,-0.5637211783102217,0.8935515873015869,1.4693981481481482,1.515,pga,2026-07-06,1849,-0.5637211783102217,-0.3599999999999999,0.0,0.0,0.0,2.0,31.0,0.2642857142857142,-6.942857142857144,-0.0144972518824889,-0.0043750653239897,-0.0051446933360079,0.0070420949273508,-0.0105859408761007,-0.0014336472737414,0.0,-0.1895619696661934,0.0426013803142552,0.039135857361067,0.0019275784492376,0.0554854507717757,,,-0.0622676445183704,-0.2728010942739287,0.0048515317921667,-0.0149542418214024,7.483039106488729,0.0961956060906181,-0.1500190369564646,0.0812314285714286,-0.0247499999999999,-0.0068861946441822,0.0,0.0136191311738094,0.0961956060906181,-0.1133911230822547,2026-07-16 08:03,2026-07-17 13:09
Royal Birkdale Golf Club,1,2026-07-19,2026-07-16,100,The Open Championship,2026-07-13 18:40:51 UTC,no,pga,3600,0,USA,22085,8.0,7.0,"morikawa, collin",50525,1260,6.0,0.0,0.0,0.0,0.0,0.0,0.0,1997-02-06,-6.5,29,2.728759329840804,1.4469428286632429,-0.4814484126984131,2.202099099887908,2.14,pga,2026-06-28,841,1.4469428286632429,0.5900000000000001,0.0,0.29,14.0,0.0,47.0,-1.7357142857142858,7.057142857142856,-0.0224515153050533,0.000483159425786,-0.0221444221280053,0.0045566674538372,-0.007752023939523,0.0024051038828517,0.0,0.7409396099785726,,0.2537750604988721,-0.0130723877322382,0.0596850005021155,0.421382546545286,0.1628911173149723,,1.5808494966675808,-0.0449039892298357,-0.0352164841105261,43.362395286589646,-0.0165003414154427,0.0353690229003624,-0.0917428571428571,-0.0416,-0.0117870455351529,0.0,0.0789195594215931,-0.0165003414154427,1.498138811995721,2026-07-16 14:42,2026-07-17 09:36
Royal Birkdale Golf Club,1,2026-07-19,2026-07-16,100,The Open Championship,2026-07-13 18:40:51 UTC,no,pga,3600,0,JPN,10523,385.0,491.0,"nagano, ryutaro",28521,29,0.0,0.0,0.0,0.0,0.0,0.0,0.0,1995-01-01,-6.5,31,2.6044340551259886,-0.1194499999999999,-4.440892098500626e-16,0.0,0.0,0,2026-06-28,961,-0.1194499999999999,0.0,0.0,0.0,6.942857142857143,0.0,0.0,0.0,-8.881784197001252e-16,0.0008174196560552,0.0,-0.0,-0.0,0.0008174196560552,0.0,0.0,,,,,,,,,,,,0.0,0.0,,1.0391687510491469e-17,-0.03575,0.0003882743366262,0.0,0.0,0.0,-1.12413935192124,2026-07-16 11:15,2026-07-17 16:21
Royal Birkdale Golf Club,1,2026-07-19,2026-07-16,100,The Open Championship,2026-07-13 18:40:51 UTC,no,pga,3600,0,JPN,21074,105.0,90.0,"nakajima, keita",49228,399,108.0,0.0,0.0,0.0,0.0,0.0,0.0,2000-06-24,-6.5,26,2.612030708362475,0.1155336404276188,0.5185515873015869,0.420382153485382,0.2025,pga,2026-07-06,676,0.1155336404276188,-0.0399999999999999,0.0099999999999999,-0.24,0.0,3.0,37.0,1.2642857142857142,-6.942857142857144,-0.012779099789499,-0.000951410679275,-0.0049848175438841,-8.995925018882534e-05,-0.0012972895332264,-0.0054556227829247,0.0,0.1087203119011713,0.0122459012436676,0.2842421505034039,-0.0235452968094153,0.0088115852342274,,,0.0058691152417904,0.4544003731571137,-0.0093717972263409,0.0095925507086408,-19.28973023730729,-0.1733004231900402,0.0578358523599684,0.0812314285714286,-0.03575,-0.006070072400012,0.0,-0.0351073090318992,-0.1733004231900402,0.2854039971065908,2026-07-16 13:42,2026-07-17 08:36
Royal Birkdale Golf Club,1,2026-07-19,2026-07-16,100,The Open Championship,2026-07-13 18:40:51 UTC,no,pga,3600,0,DEN,23841,119.0,91.0,"neergaard-petersen, rasmus",52689,185,126.0,0.0,0.0,0.0,0.0,0.0,0.0,1999-07-03,-6.5,27,2.3971661190453304,0.126513306669584,1.643551587301587,0.7952815901274463,0.7101999999999999,pga,2026-07-06,729,0.126513306669584,-0.2299999999999999,0.0,0.0,0.0,3.0,59.0,1.2642857142857142,-6.942857142857144,-0.0088966019214354,-0.0013456427313189,-0.0002126031926142,-0.00223573097291,-0.0025450896282157,-0.0025575353963764,0.0,0.1003190172418836,0.023029439617307,-0.0043057888152012,-0.0132830367611915,0.0573234923792278,,,0.0353981013020486,0.2464772511136203,-0.0018245096600511,-0.0022103739211037,2.761202225406913,-0.0173993205242127,0.0520309097307007,0.0812314285714286,-0.03575,-0.0042258859126818,0.0,0.0050253880502405,-0.0173993205242127,0.275358861298395,2026-07-16 15:26,2026-07-17 10:20
Royal Birkdale Golf Club,1,2026-07-19,2026-07-16,100,The Open Championship,2026-07-13 18:40:51 UTC,no,pga,3600,0,USA,27598,351.0,292.0,"nicholas, james",58188,60,0.0,0.0,0.0,0.0,0.0,0.0,0.0,1995-01-01,-6.5,31,3.036481504220911,-0.7454715467107,0.1435515873015869,-0.4746817768226463,-0.6679999999999999,kft,2026-06-26,961,-0.7454715467107,-0.56,0.0,0.0,16.0,0.0,42.0,-1.7357142857142858,9.057142857142855,0.0101937276380233,0.0,-0.0,-0.0,0.0101937276380233,0.0,0.0,-0.3123899589759293,-0.0137408421695571,-0.1796989363986578,-0.0200263569192214,-0.0525597291119736,,,-0.1230680102262933,-0.6834489482454119,0.0037255061849542,-0.020524425195239,2.4863788448877373,0.0,0.0348338045665053,-0.1059685714285714,-0.03575,0.004842020628061,0.0,0.0045252094976956,0.0,-0.8158002895482266,2026-07-16 06:35,2026-07-17 11:41
Royal Birkdale Golf Club,1,2026-07-19,2026-07-16,100,The Open Championship,2026-07-13 18:40:51 UTC,no,pga,3600,0,CHI,18079,31.0,48.0,"niemann, joaquin",45486,657,0.0,0.0,0.0,0.0,0.0,0.0,0.0,1998-11-07,-6.5,27,2.4302469819098147,1.2903787271151002,-4.440892098500626e-16,1.8318218244991047,1.6072,euro,2026-07-05,729,1.2903787271151002,0.1200000000000001,0.0,0.0,7.0,4.0,55.0,2.2642857142857142,0.057142857142856,-0.0336655534361566,-0.0002620807197738,-0.0201616500358518,-0.0149620631981988,0.0011001296972105,0.0006201108204574,0.0,0.6989540333457224,,0.1467040377607873,-0.0150533547010696,0.1038636038149559,0.3164701069194316,0.1103139151096965,,1.3633486553721226,-0.0307659907965875,-0.0186730553182782,-20.95607922123307,-0.1782002878277155,0.0515353592374644,-0.0007428571428571,-0.0416,-0.0176744155539822,0.0,-0.0381400641826441,-0.1782002878277155,1.0869910306649233,2026-07-16 12:25,2026-07-17 07:19
Royal Birkdale Golf Club,1,2026-07-19,2026-07-16,100,The Open Championship,2026-07-13 18:40:51 UTC,no,pga,3600,0,SWE,10419,45.0,25.0,"noren, alex",27349,505,51.0,0.0,0.0,0.0,0.0,0.0,0.0,1982-07-12,-2.5,44,2.4414367074279006,0.7942996616878579,-0.3564484126984131,1.3789404458239352,1.2192,pga,2026-07-06,1936,0.7942996616878579,-0.54,0.0799999999999999,0.0199999999999999,2.0,1.0,60.0,-0.7357142857142858,-4.942857142857144,0.0145287158299245,0.0074968444541495,-0.0005606966631455,0.0098539433805103,-0.003363267776307,0.0011018924347172,0.0,0.4619384509484195,,-0.0646578599495443,-0.031250418687332,0.0024558444948137,0.2540109743193546,0.1291480515870515,,0.5233489590306091,-0.0254813420704475,-0.0187040965906158,17.848145075799728,0.2027263315099388,-0.1841106450210907,0.0642571428571428,-0.016,0.0076275758107103,0.0,0.0324836240379555,0.2027263315099388,0.8144436332463566,2026-07-16 09:47,2026-07-17 14:53
Royal Birkdale Golf Club,1,2026-07-19,2026-07-16,100,The Open Championship,2026-07-13 18:40:51 UTC,no,pga,3600,0,RSA,7677,242.0,94.0,"norris, shaun",26328,117,0.0,0.0,0.0,0.0,0.0,0.0,0.0,1985-04-02,-2.5,41,2.945636882717825,0.1191044442089146,-0.1064484126984131,0.5265247504928446,0.1198,pga,2026-07-06,1681,0.1191044442089146,-0.15,0.0,0.0,0.0,3.0,31.0,1.2642857142857142,-6.942857142857144,0.016475474499321,0.0043884913769059,0.0079497119256498,0.0062399861158561,0.0065467606132346,-0.0086494755323256,0.0,0.0421593498598665,0.0151019564455242,0.0884630144025977,-0.0355332572058633,-0.0124945525000958,,,-0.0121967551118457,-0.0676351177919588,0.0054858136210238,0.0002079891043416,-5.734954890741059,-0.1288810804832314,-0.1588286764075079,0.0812314285714286,-0.0137499999999999,0.0078258503871774,0.0,-0.0104376179011487,-0.1288810804832314,-0.1316465372177328,2026-07-16 12:36,2026-07-17 07:30
Royal Birkdale Golf Club,1,2026-07-19,2026-07-16,100,The Open Championship,2026-07-13 18:40:51 UTC,no,pga,3600,0,USA,23475,106.0,69.0,"novak, andrew",51997,143,83.0,0.0,0.0,0.0,0.0,0.0,0.0,1995-03-31,-6.5,31,2.666155819002061,0.2707328619890201,0.2685515873015869,0.7788460782854927,0.6412,pga,2026-07-06,961,0.2707328619890201,0.2,0.1499999999999999,0.03,0.0,5.0,68.0,3.2642857142857142,-6.942857142857144,-0.0081139611284009,-0.0036831130114099,-0.0065323834778496,-0.0010951861016922,0.0003143222437399,0.0028823992188109,0.0,0.1285428120839896,0.0225534165397198,-0.055963242415071,0.0174302883479463,0.0472658939204729,,,0.0690538090166906,0.2485565840306666,-0.0080149723302654,0.0105690186409139,-9.432678730469537,-0.0997911202993957,0.0171195602262695,0.0812314285714286,-0.03575,-0.0038541315359904,0.0,-0.0171674752894545,-0.0997911202993957,0.1732252854772545,2026-07-16 06:57,2026-07-17 12:03
Royal Birkdale Golf Club,1,2026-07-19,2026-07-16,100,The Open Championship,2026-07-13 18:40:51 UTC,no,pga,3600,0,ENG,13764,154.0,95.0,"parry, john",28723,190,87.0,0.0,0.0,0.0,0.0,0.0,0.0,1986-11-17,-6.5,39,2.532886107382319,-0.0241868198326378,-0.8564484126984131,0.6273523930556788,0.4238,pga,2026-07-06,1521,-0.0241868198326378,0.33,-0.3,0.16,2.0,1.0,59.0,-0.7357142857142858,-4.942857142857144,-0.0117182409975617,-0.0033315491017745,-0.0121903639628556,0.004756555682902,-0.0022448665515242,0.0012919829356905,0.0,-0.0292170456315352,0.0176768529473304,-0.0737134236797032,0.0234351142561149,-0.0672847141244833,,,0.0146727881044761,-0.1965860256222798,-0.0027765311182127,0.0044541972635083,13.89833779017085,0.1324448503078088,-0.083833263639775,0.0578314285714285,-0.03575,-0.0055661644738418,0.0,0.0252949747781109,0.1324448503078088,-0.0223309364387732,2026-07-16 11:41,2026-07-17 06:35
Royal Birkdale Golf Club,1,2026-07-19,2026-07-16,100,The Open Championship,2026-07-13 18:40:51 UTC,no,pga,3600,0,ENG,22465,136.0,50.0,"penge, marco",51003,190,106.0,0.0,0.0,0.0,0.0,0.0,0.0,1998-05-15,-6.5,28,2.9639193088258606,-0.0330047666866351,0.3935515873015869,0.6204066676338167,0.4844,pga,2026-07-06,784,-0.0330047666866351,0.1,-0.07,-0.1399999999999999,2.0,2.0,41.0,0.2642857142857142,-4.942857142857144,-0.0073776697825944,-0.0010797845094426,0.0096362073118388,-0.0168434267475485,0.0038914741480178,-0.0029821399854598,0.0,-0.021610328002282,0.0179654111275859,-0.0111648747504442,0.0021171318798595,0.0407811179121587,,,0.0282451171011164,0.0922029368998353,0.0024755353387649,-0.0100883454643683,-6.445149972266957,0.1140640864782554,0.0434821717574441,0.0578314285714285,-0.03575,-0.0035043931467323,0.0,-0.0117301729495258,0.1140640864782554,0.213113885853261,2026-07-16 13:20,2026-07-17 08:14
Royal Birkdale Golf Club,1,2026-07-19,2026-07-16,100,The Open Championship,2026-07-13 18:40:51 UTC,no,pga,3600,0,FRA,20730,64.0,163.0,"perez, victor",47679,322,0.0,0.0,0.0,0.0,0.0,0.0,0.0,1992-09-02,-6.5,33,2.564785001235796,0.3896904998950729,-0.6064484126984131,1.1707614608153545,0.5623999999999999,pga,2026-07-06,1089,0.3896904998950729,0.13,0.0,0.0,0.0,3.0,53.0,1.2642857142857142,-6.942857142857144,-0.0020448432242491,0.0006640905440235,-0.0093385991421086,0.005961572275689,0.0002000306452771,0.0004680624528697,0.0,0.2018391988636869,0.0339335772970844,0.2796489231284096,-0.0088017866068257,0.0042818796997573,,,0.0685952843884257,0.5779874007483317,-0.0080341855905551,0.0151585336404374,1.9618402401111503,0.1659920359672518,-0.008634024072089,0.0812314285714286,-0.03575,-0.0009713005315183,0.0,0.0035705492370022,0.1659920359672518,0.7920601139924961,2026-07-16 08:25,2026-07-17 13:31
Royal Birkdale Golf Club,1,2026-07-19,2026-07-16,100,The Open Championship,2026-07-13 18:40:51 UTC,no,pga,3600,0,USA,29716,0.0,0.0,"plunkett, marcus",59613,32,0.0,0.0,0.0,0.0,0.0,0.0,0.0,1995-01-01,-6.5,31,2.948940798023404,-1.9287222222222224,-4.440892098500626e-16,-1.5450011747826031,-2.2506,kft,2025-09-19,961,-1.9287222222222224,-0.1699999999999999,0.0,0.0,30.0,0.0,0.0,-1.7357142857142858,23.057142857142857,0.0,0.0,-0.0,-0.0,-0.0,0.0,0.0,-0.9586298907104842,-0.0447393342801885,-0.2572786972606541,0.0369740111746349,-0.2065215289272048,,,-0.3395833396929687,-1.782818680328393,0.0403252257712977,-0.0881989309693304,0.0,0.0,0.0348338045665053,-0.2697685714285714,-0.03575,0.0,0.0,0.0,0.0,-2.2808326233727,2026-07-16 16:10,2026-07-17 11:04
Royal Birkdale Golf Club,1,2026-07-19,2026-07-16,100,The Open Championship,2026-07-13 18:40:51 UTC,no,pga,3600,0,USA,21554,53.0,34.0,"poston, j.t.",49771,270,24.0,0.0,0.0,0.0,0.0,0.0,0.0,1993-06-01,-6.5,33,3.040567975626722,0.7430885635327196,-0.7314484126984131,1.332320222533357,1.1106,pga,2026-07-05,1089,0.7430885635327196,-1.06,0.29,0.0299999999999999,7.0,4.0,61.0,2.2642857142857142,0.057142857142856,-0.0063246617338486,0.00255806222326,-0.0071368134245862,0.0025369535307541,-0.0038919865318066,-0.0003908775314699,0.0,0.4430043076340329,,-0.0014715433024289,-0.0273998310474139,0.0416075025781978,0.2186857271930816,0.0797671027000507,,0.7236816473486007,-0.0136981748053711,-0.0114425686260743,-11.917412896716714,0.0312964765186897,-0.0053708749754741,-0.0007428571428571,-0.0416,-0.0033204474102705,0.0,-0.0216896914720244,0.0312964765186897,0.6876251278421385,2026-07-16 14:20,2026-07-17 09:14
Royal Birkdale Golf Club,1,2026-07-19,2026-07-16,100,The Open Championship,2026-07-13 18:40:51 UTC,no,pga,3600,0,RSA,27900,137.0,83.0,"potgieter, aldrich",63343,99,60.0,0.0,0.0,0.0,0.0,0.0,0.0,2004-09-13,-6.5,21,3.155618730229974,0.1567643515657305,1.518551587301587,0.2264425594066987,-0.19,pga,2026-07-06,441,0.1567643515657305,-0.04,0.15,-0.1399999999999999,2.0,2.0,50.0,0.2642857142857142,-4.942857142857144,-0.0106390380696358,-0.0005768206501722,0.0006838977507528,-0.015354028688009,0.009694663088801,-0.0050867495710083,0.0,0.0791516158851797,0.006557204956173,0.0571474581635859,-0.0069045268467513,0.0691227557319354,,,0.0181575752792891,0.2998306830187207,-0.00176004194959,-3.531284741865551e-05,-8.374496588449961,-0.0634636488720061,0.0783939546463174,0.0578314285714285,-0.03575,-0.005053543083077,0.0,-0.0152415837909789,-0.0634636488720061,0.2381533358440872,2026-07-16 13:53,2026-07-17 08:47
Royal Birkdale Golf Club,1,2026-07-19,2026-07-16,100,The Open Championship,2026-07-13 18:40:51 UTC,no,pga,3600,0,ESP,28984,58.0,66.0,"puig, david",61193,196,0.0,0.0,0.0,0.0,0.0,0.0,0.0,2001-12-07,-6.5,24,2.629801382112369,0.7880549014959812,-0.6064484126984131,1.0699021960644672,0.9306,pga,2026-07-06,576,0.7880549014959812,-0.5000000000000001,0.06,-0.02,2.0,1.0,63.0,-0.7357142857142858,-4.942857142857144,-0.0105680399962857,0.0066230447384977,0.00623032106761,-0.021276618275738,-0.0021382855580309,-6.501968624544262e-06,0.0,0.4169247091136626,,0.0178810902498729,-0.0165327647645375,0.0609882825986412,0.1832423354275902,0.1057009759281213,,0.8146798922716469,-0.0131426956947899,-0.0135477323517927,-13.226751603341022,-0.0681273937552145,0.073165691764879,0.0642571428571428,-0.0416,-0.0055482209980499,0.0,-0.0240726879180806,-0.0681273937552145,0.7395887324574447,2026-07-16 10:31,2026-07-17 15:37
Royal Birkdale Golf Club,1,2026-07-19,2026-07-16,100,The Open Championship,2026-07-13 18:40:51 UTC,no,pga,3600,1,ARG,35013,0.0,0.0,"pulcini, mateo",70145,22,0.0,0.0,0.0,0.0,0.0,0.0,0.0,1995-01-01,-6.5,31,2.3,-4.074249999999999,-4.440892098500626e-16,0.0,0.0,0,2026-07-06,961,-4.074249999999999,0.0,0.0,0.0,6.942857142857143,0.0,0.0,0.0,-8.881784197001252e-16,0.0171964306020705,0.0,-0.0,-0.0,0.0171964306020705,0.0,0.0,,,,,,,,,,,,0.0,0.0,,1.0391687510491469e-17,-0.03575,0.0081683045359834,0.0,0.0,0.0,-2.6542110052367,2026-07-16 08:25,2026-07-17 13:31
Royal Birkdale Golf Club,1,2026-07-19,2026-07-16,100,The Open Championship,2026-07-13 18:40:51 UTC,no,pga,3600,0,ESP,19195,5.0,11.0,"rahm, jon",46970,952,0.0,0.0,0.0,0.0,0.0,0.0,0.0,1994-11-10,-2.5,31,2.479000537906108,2.032372917454141,0.7268849206349199,2.7135894599069745,2.4896000000000003,pga,2026-07-06,961,2.032372917454141,-0.01,-0.15,0.0299999999999999,0.0,2.0,51.0,0.2642857142857142,-6.942857142857144,-0.0289486052698262,0.0024251444199202,-0.022121306892456,-0.0150654341572445,0.0006652287920309,0.005147762567923,0.0,1.0839880224207206,,0.1129439328046413,0.0012410957485933,0.1397792213185313,0.4902214896631514,0.253673340015205,,1.9927580773446203,-0.0567706935725366,-0.0435507239331725,3.704873713114395,0.0291413263531481,0.0112323928794865,0.0902571428571428,-0.016,-0.0151980177666587,0.0,0.0067428701578681,0.0291413263531481,2.0877013989461206,2026-07-16 10:09,2026-07-17 15:15
Royal Birkdale Golf Club,1,2026-07-19,2026-07-16,100,The Open Championship,2026-07-13 18:40:51 UTC,no,pga,3600,0,ENG,18554,34.0,17.0,"rai, aaron",46414,671,28.0,0.0,0.0,0.0,0.0,0.0,0.0,1995-03-03,-6.5,31,3.026870179757696,1.0731853570943564,-1.231448412698413,1.2626205027844255,1.0474,pga,2026-07-06,961,1.0731853570943564,0.02,0.32,0.01,2.0,1.0,49.0,-0.7357142857142858,-4.942857142857144,-0.0159711287497584,-0.0016798932905381,-0.0173995180516253,0.0102049249271478,-0.0093979809940576,0.0023013386593148,0.0,0.5735192613873962,,0.0735580859992095,-0.0052485653363786,0.0740831646161136,0.2062411585287535,0.0819037215223735,,0.9856867055780733,-0.019569082953883,-0.0145115438123132,25.02724227258845,-0.0320069981707057,0.0157105056268018,0.0642571428571428,-0.0416,-0.0083848425936231,0.0,0.0455495809361109,-0.0320069981707057,1.0135015886069982,2026-07-16 14:53,2026-07-17 09:47
Royal Birkdale Golf Club,1,2026-07-19,2026-07-16,100,The Open Championship,2026-07-13 18:40:51 UTC,no,pga,3600,0,USA,14838,38.0,26.0,"reed, patrick",34360,891,0.0,0.0,0.0,0.0,0.0,0.0,0.0,1990-08-05,-4.5,35,2.3,0.7139770353676573,0.1435515873015869,1.780933684062438,1.6276,pga,2026-07-06,1225,0.7139770353676573,-0.43,0.0,0.0,0.0,5.0,45.0,3.2642857142857142,-6.942857142857144,-0.0043320612461658,0.0020509355619319,-0.0137440815025097,0.0021801156990638,0.0005188952661955,0.0046620737291525,0.0,0.4331160433038763,,0.0937517780740579,-0.0124460944839427,0.0028370766727089,0.3205264061992601,0.1082183559358294,,0.8539297045254717,-0.0266575222173959,-0.0224995198231931,66.45496506506144,-0.0202155255891098,-0.0429168191357293,0.0902571428571428,-0.0288,-0.002274332154237,0.0,0.1209480364184118,-0.0202155255891098,1.0138450260576797,2026-07-16 14:20,2026-07-17 09:14
Royal Birkdale Golf Club,1,2026-07-19,2026-07-16,100,The Open Championship,2026-07-13 18:40:51 UTC,no,pga,3600,0,NOR,21407,42.0,27.0,"reitan, kristoffer",49855,367,17.0,0.0,0.0,0.0,0.0,0.0,0.0,1995-01-01,-6.5,31,3.2,0.7606740189400454,0.1435515873015869,0.9774212534124644,0.6028,pga,2026-07-06,961,0.7606740189400454,-0.1799999999999999,0.16,0.01,2.0,1.0,59.0,-0.7357142857142858,-4.942857142857144,-0.0124793724265839,0.0013774636707579,-0.0071329119850311,-0.006690623043089,-0.0006236161552623,0.0005903150860406,0.0,0.4161041350286583,,0.0155996057813737,-0.0019055173879715,0.108021694313395,0.1168844297333092,0.0632314873620086,,0.724934801948143,-0.0263923720454283,-0.0121412394333749,1.937658577179282,0.1139163068911767,0.0455325785961728,0.0642571428571428,-0.0416,-0.0065516705239565,0.0,0.0035265386104662,0.1139163068911767,0.8584831197829723,2026-07-16 14:20,2026-07-17 09:14
Royal Birkdale Golf Club,1,2026-07-19,2026-07-16,100,The Open Championship,2026-07-13 18:40:51 UTC,no,pga,3600,0,ENG,6093,22.0,10.0,"rose, justin",22405,1093,21.0,0.0,0.0,0.0,0.0,0.0,0.0,1980-07-30,-2.5,45,2.868396135675207,1.1476280503168557,0.6435515873015869,1.974094357488794,1.9,pga,2026-06-28,2025,1.1476280503168557,0.1699999999999999,0.1,-0.14,14.0,0.0,50.0,-1.7357142857142858,7.057142857142856,-0.0149338201609962,0.0022425510982686,-0.0182339781472004,-0.0005196372995222,-0.0003794092107529,0.0019566533982106,0.0,0.6119923577516317,,0.1215495714618221,-0.0058498353442001,0.0367401429115815,0.4607640929513875,0.1257232433226836,,1.0585611571290894,-0.0381264753178589,-0.027804876721207,90.92540318702076,0.1777486284437707,-0.2264270638867506,-0.0917428571428571,-0.016,-0.007840255584523,0.0,0.1654842338003778,0.1777486284437707,1.2862109066458576,2026-07-16 09:36,2026-07-17 14:42
Royal Birkdale Golf Club,1,2026-07-19,2026-07-16,100,The Open Championship,2026-07-13 18:40:51 UTC,no,pga,3600,0,FRA,18770,173.0,216.0,"rozner, antoine",46646,101,0.0,0.0,0.0,0.0,0.0,0.0,0.0,1993-02-12,-6.5,33,2.3,-0.2311346571305264,1.393551587301587,0.5575539113031862,0.2756,pga,2026-07-06,1089,-0.2311346571305264,-0.43,0.0,0.0,2.0,1.0,49.0,-0.7357142857142858,-4.942857142857144,-0.0229562215071214,-0.0054412512280979,-0.0082382607195691,-0.0012691814553396,-0.005151501299491,-0.0028560268046235,0.0,-0.0873629083801221,0.0161501544704085,-0.0768633258805432,0.0232739075673935,0.1737534463374217,,,-0.0175156407997183,0.0215918417721073,0.00147867499711,-0.0070786207780131,5.70414213127085,0.1145048998611829,-0.0042438457618295,0.0578314285714285,-0.03575,-0.0109042052158826,0.0,0.0103815386789129,0.1145048998611829,0.157655503667749,2026-07-16 10:53,2026-07-17 15:59
Royal Birkdale Golf Club,1,2026-07-19,2026-07-16,100,The Open Championship,2026-07-13 18:40:51 UTC,no,pga,3600,1,NED,33707,0.0,0.0,"ruiter, nevill",68670,27,0.0,0.0,0.0,0.0,0.0,0.0,0.0,1995-01-01,-6.5,31,2.9785572570177887,-2.958,-4.440892098500626e-16,0.0,0.0,0,2026-07-06,961,-2.958,0.0,0.0,0.0,6.942857142857143,0.0,0.0,0.0,-8.881784197001252e-16,0.0,0.0,-0.0,-0.0,-0.0,0.0,0.0,,,,,,,,,,,,0.0,0.0,,1.0391687510491469e-17,-0.03575,0.0,0.0,0.0,0.0,-2.36521561610894,2026-07-16 16:21,2026-07-17 11:15
Royal Birkdale Golf Club,1,2026-07-19,2026-07-16,100,The Open Championship,2026-07-13 18:40:51 UTC,no,pga,3600,0,FRA,14792,232.0,128.0,"saddier, adrien",34371,50,177.0,0.0,0.0,0.0,0.0,0.0,0.0,1992-05-15,-6.5,34,2.405856035100169,-0.3560789454701074,-0.6064484126984131,0.4477851463312943,0.0582,pga,2026-07-06,1156,-0.3560789454701074,-0.13,-0.0199999999999999,0.03,0.0,2.0,45.0,0.2642857142857142,-6.942857142857144,0.0054056220330299,0.0002119515709701,0.0057508352207896,0.0014486638904863,0.0002805629955119,-0.0022863916447282,0.0,-0.1630713518074244,0.0129667184032604,-0.0779492543534046,0.0075037523211882,0.0082815133099809,,,-0.0685952843884257,-0.3219817135652076,0.0084639989377897,-0.0364548970067674,-4.947384564355781,-0.0319187010724168,-0.0131269089814046,0.0812314285714286,-0.03575,0.0025676704656892,0.0,-0.0090042399071275,-0.0319187010724168,-0.3148555555076341,2026-07-16 12:47,2026-07-17 07:41
Royal Birkdale Golf Club,1,2026-07-19,2026-07-16,100,The Open Championship,2026-07-13 18:40:51 UTC,no,pga,3600,0,RSA,26991,116.0,85.0,"schaper, jayden",57737,135,0.0,0.0,0.0,0.0,0.0,0.0,0.0,1995-01-01,-6.5,31,2.53971416543475,0.0981742809151445,-0.6064484126984131,1.0482195286534477,0.6487999999999999,pga,2026-07-06,961,0.0981742809151445,-0.6000000000000001,0.0,0.0,2.0,2.0,49.0,0.2642857142857142,-4.942857142857144,0.0041116116961051,-9.866632e-05,0.01463454996,-0.0,-0.0105651967138948,0.00014092477,0.0,0.0746026519171708,0.0303534172558411,-0.1349469531302984,0.0114767330686066,-0.0020193216161771,,,0.0347561668224777,0.0753032573322852,-0.0040097791831489,0.0025310438800395,-11.07413354854788,0.0,0.0625592983177738,0.0578314285714285,-0.03575,0.0019530155556499,0.0,-0.0201549230583571,0.0,0.0791827784010065,2026-07-16 14:09,2026-07-17 09:03
Royal Birkdale Golf Club,1,2026-07-19,2026-07-16,100,The Open Championship,2026-07-13 18:40:51 UTC,no,pga,3600,0,USA,19895,15.0,14.0,"schauffele, xander",48081,886,16.0,0.0,0.0,0.0,0.0,0.0,0.0,1993-10-25,-2.5,32,2.5534391219198174,1.5057968755362616,-1.231448412698413,2.6488158139020017,2.5268,pga,2026-07-06,1024,1.5057968755362616,-0.4400000000000001,0.01,-0.0499999999999999,2.0,1.0,57.0,-0.7357142857142858,-4.942857142857144,-0.0185484740073614,0.0034654922280881,-0.0153302122593056,-0.0077625808932736,0.0003763283585738,0.0007024985585559,0.0,0.8205282040091125,,0.002454108708978,-0.0018094604326037,0.1147065562234656,0.4975464572946863,0.1942475129526693,,1.5455172643250177,-0.0488086371658759,-0.0328679920325253,80.30855185074354,0.2292380850239672,-0.0004794852328889,0.0642571428571428,-0.016,-0.0097379488538647,0.0,0.1461615643683532,0.2292380850239672,1.9594361077206164,2026-07-16 15:15,2026-07-17 10:09
Royal Birkdale Golf Club,1,2026-07-19,2026-07-16,100,The Open Championship,2026-07-13 18:40:51 UTC,no,pga,3600,0,USA,18417,1.0,1.0,"scheffler, scottie",46046,1365,1.0,0.0,0.0,0.0,0.0,0.0,0.0,1996-06-21,-6.5,30,2.427189929656917,2.9914442483319306,0.1435515873015869,3.411307856933354,3.2534,pga,2026-07-06,900,2.9914442483319306,0.1299999999999999,-0.0199999999999999,0.0,2.0,1.0,59.0,-0.7357142857142858,-4.942857142857144,-0.0272346285547725,0.0057827906947297,-0.0311551643155344,-0.0058400028319569,-0.0031935853091821,0.0071713332071713,0.0,1.6083724350856423,,0.1795156591226263,-0.0168634798876897,0.1222602728645533,0.640619615388053,0.3471316435235192,,2.7824380453266624,-0.0722500668708758,-0.0547844029188796,61.551076225380086,0.0717366183607811,0.0284363690197135,0.0642571428571428,-0.0416,-0.0142981799912555,0.0,0.1120229587301917,0.0717366183607811,2.974556585283523,2026-07-16 09:58,2026-07-17 15:04
Royal Birkdale Golf Club,1,2026-07-19,2026-07-16,100,The Open Championship,2026-07-13 18:40:51 UTC,no,pga,3600,0,AUS,6430,47.0,57.0,"scott, adam",24502,406,35.0,0.0,0.0,0.0,0.0,0.0,0.0,1980-07-16,-2.5,46,2.7312036910989868,0.783033808849551,-0.2314484126984131,1.9368117432461112,1.74,pga,2026-07-06,2116,0.783033808849551,-0.2299999999999999,0.03,-0.2,0.0,2.0,57.0,0.2642857142857142,-6.942857142857144,-0.0183784499629589,-0.000716336068474,-0.0155338505193933,-0.0061552047333717,0.0034186554432307,0.0006082859150495,0.0,0.4015907558817444,,-0.031348997366382,0.0020623993358387,0.0409691603268383,0.3416742966193366,0.1125825777904193,,0.5938966115069517,-0.0274828395265852,-0.0197236776675079,-6.089842915113907,0.1145836345715252,-0.2264270638867506,0.0902571428571428,-0.016,-0.0096486862305534,0.0,-0.0110835141055073,0.1145836345715252,0.762005188599559,2026-07-16 14:31,2026-07-17 09:25
Royal Birkdale Golf Club,1,2026-07-19,2026-07-16,100,The Open Championship,2026-07-13 18:40:51 UTC,no,pga,3600,0,NOR,22489,0.0,0.0,"skogen, baard",70940,41,0.0,0.0,0.0,0.0,0.0,0.0,0.0,1995-01-01,-6.5,31,3.0,-2.5,-4.440892098500626e-16,0.0,0.0,0,2026-07-06,961,-2.5,0.0,0.0,0.0,6.942857142857143,0.0,0.0,0.0,-8.881784197001252e-16,0.0,0.0,0.0,0.0,0.0,0.0,0.0,,,,,,,,,,,,0.0,0.0,,1.0391687510491469e-17,-0.03575,0.0,0.0,0.0,0.0,-1.41090244333822,2026-07-16 16:10,2026-07-17 11:04
Royal Birkdale Golf Club,1,2026-07-19,2026-07-16,100,The Open Championship,2026-07-13 18:40:51 UTC,no,pga,3600,0,ENG,24055,0.0,0.0,"sloman, tom",53125,30,0.0,0.0,0.0,0.0,0.0,0.0,0.0,1995-01-01,-6.5,31,2.328430584675936,-2.7341111111111114,-4.440892098500626e-16,0.0,0.0,0,2026-07-06,961,-2.7341111111111114,0.0,0.0,0.0,6.942857142857143,0.0,0.0,0.0,-8.881784197001252e-16,0.0,0.0,-0.0,-0.0,-0.0,0.0,0.0,,,,,,,,,,,,0.0,0.0,,1.0391687510491469e-17,-0.03575,0.0,0.0,0.0,0.0,-2.99983012330232,2026-07-16 10:42,2026-07-17 15:48
Royal Birkdale Golf Club,1,2026-07-19,2026-07-16,100,The Open Championship,2026-07-13 18:40:51 UTC,no,pga,3600,0,USA,18474,49.0,44.0,"smalley, alex",46340,200,23.0,0.0,0.0,0.0,0.0,0.0,0.0,1996-10-21,-6.5,29,2.7653210202864504,0.4670899743471915,-0.7314484126984131,1.1485725999833871,0.6806,pga,2026-07-06,841,0.4670899743471915,-0.35,0.13,0.18,2.0,1.0,65.0,-0.7357142857142858,-4.942857142857144,-0.0055163036845602,0.0037736442828727,-0.0099278194249728,0.0014169786412945,-0.001596110054978,0.0008170028712233,0.0,0.2779244330806867,,0.0174720107165444,-0.0227452234246764,0.0191591334053879,0.1340941655127756,0.0655157098069385,,0.480806159697297,-0.027719150653566,-0.0153370839477997,12.365592759536828,0.0589191533198638,0.032442165201006,0.0578314285714285,-0.03575,-0.002620244250166,0.0,0.022505378822357,0.0589191533198638,0.5816918761607803,2026-07-16 09:03,2026-07-17 14:09
Royal Birkdale Golf Club,1,2026-07-19,2026-07-16,100,The Open Championship,2026-07-13 18:40:51 UTC,no,pga,3600,0,AUS,15856,92.0,140.0,"smith, cameron",35891,495,0.0,0.0,0.0,0.0,0.0,0.0,0.0,1993-08-18,-4.5,32,2.3,0.513756797084938,0.3935515873015869,2.008017802391065,1.7718,pga,2026-06-19,1024,0.513756797084938,-0.13,0.08,0.0899999999999999,23.0,0.0,45.0,-1.7357142857142858,16.057142857142857,0.0293811923939027,0.005989407041714,0.0013752204860045,0.0040268033319725,0.0096530955936491,0.0083366659405624,0.0,0.2795419160636242,,0.0721097932723188,-0.0266061147518485,-0.1342025924837377,0.3488811196116531,0.0442915664342979,,0.5619607347301839,-0.0107515604682939,-0.0083929727363365,42.71634313348459,0.1766564319659083,-0.0029104202114934,-0.2087428571428571,-0.0288,0.0154251260067989,0.0,0.0777437445029419,0.1766564319659083,0.5942431800629759,2026-07-16 12:14,2026-07-17 07:08
Royal Birkdale Golf Club,1,2026-07-19,2026-07-16,100,The Open Championship,2026-07-13 18:40:51 UTC,no,pga,3600,0,ENG,18586,82.0,78.0,"smith, jordan",46464,367,73.0,0.0,0.0,0.0,0.0,0.0,0.0,1992-11-09,-6.5,33,2.586544107691621,0.2269492970897245,-0.3564484126984131,0.8422547797510109,0.4996,pga,2026-07-06,1089,0.2269492970897245,-0.14,-0.06,0.0,0.0,2.0,55.0,0.2642857142857142,-6.942857142857144,-0.0243012549955147,-0.0037670350450374,-0.0102808132383233,-0.0007968224193558,-0.0079313988032004,-0.0015251854895974,0.0,0.1621650083010236,0.024392825543948,0.0864740894184359,0.0176025872400201,0.0565662467731614,,,0.0620842346670645,0.4074774462431135,-0.0125967475883139,0.0183160526386366,0.0507548130976562,0.0477728243915654,-0.0075268507508627,0.0812314285714286,-0.03575,-0.0115430961228694,0.0,9.237375983773428e-05,0.0477728243915654,0.4892809768430757,2026-07-16 07:52,2026-07-17 12:58
Royal Birkdale Golf Club,1,2026-07-19,2026-07-16,100,The Open Championship,2026-07-13 18:40:51 UTC,no,pga,3600,0,AUS,19232,293.0,145.0,"smyth, trav",47078,45,0.0,0.0,0.0,0.0,0.0,0.0,0.0,1995-01-01,-6.5,31,2.3,-1.0215,-4.440892098500626e-16,0.0,0.0,0,2026-07-06,961,-1.0215,0.0,0.0,0.0,6.942857142857143,0.0,0.0,0.0,-8.881784197001252e-16,0.0041945960449726,0.0,-0.0,-0.0,0.0041945960449726,0.0,0.0,,,,,,,,,,,,0.0,0.0,,1.0391687510491469e-17,-0.03575,0.0019924331213619,0.0,0.0,0.0,-0.918427514427137,2026-07-16 08:47,2026-07-17 13:53
Royal Birkdale Golf Club,1,2026-07-19,2026-07-16,100,The Open Championship,2026-07-13 18:40:51 UTC,no,pga,3600,0,ENG,15191,0.0,453.0,"southgate, matthew",35174,185,0.0,0.0,0.0,0.0,0.0,0.0,0.0,1988-10-03,-2.5,37,2.7,-1.7154108115616205,-4.440892098500626e-16,-0.0985035981726163,-0.2636,euro,2026-07-03,1369,-1.7154108115616205,0.1100000000000001,0.0,0.0,9.0,0.0,7.0,-1.7357142857142858,2.057142857142856,-0.001896919364399,0.0,-0.0,-0.0,-0.001896919364399,0.0,0.0,-0.7836716894406626,-0.0028524206844283,-0.2700721212415284,0.0369740111746349,-0.2065215289272048,,,-0.3182160920158254,-1.652310354778701,0.0407781549381365,-0.0919079382779224,6.6225251435714885,0.0806208769865422,-0.0568207303039002,-0.0240685714285714,-0.0137499999999999,-0.0009010366980895,0.0,0.0120529957613001,0.0806208769865422,-1.12173998683204,2026-07-16 07:30,2026-07-17 12:36
Royal Birkdale Golf Club,1,2026-07-19,2026-07-16,100,The Open Championship,2026-07-13 18:40:51 UTC,no,pga,3600,0,USA,17536,18.0,13.0,"spaun, j.j.",39324,657,19.0,0.0,0.0,0.0,0.0,0.0,0.0,1990-08-21,-6.5,35,2.491674866864808,1.4303610342983888,-0.6064484126984131,1.589178299847509,1.2997999999999998,pga,2026-07-06,1225,1.4303610342983888,0.1699999999999999,0.18,-0.01,0.0,2.0,59.0,0.2642857142857142,-6.942857142857144,-0.025355569629618,-0.0023302068985412,-0.0255304377466941,0.0009869241939688,-0.0021564634539449,0.0036746142755934,0.0,0.7595644595875559,,0.104160336283679,-0.001464120721091,0.0322983447458714,0.2559406700932536,0.1450675467823381,,1.1943625871953096,-0.0343827607441399,-0.0239050696964283,3.260516623714646,0.0004175522548519,-0.0429168191357293,0.0902571428571428,-0.0416,-0.0133116740555494,0.0,0.0059341402551606,0.0004175522548519,1.2360597485069156,2026-07-16 14:42,2026-07-17 09:36
Royal Birkdale Golf Club,1,2026-07-19,2026-07-16,100,The Open Championship,2026-07-13 18:40:51 UTC,no,pga,3600,0,USA,14636,62.0,51.0,"spieth, jordan",34046,975,54.0,0.0,0.0,0.0,0.0,0.0,0.0,1993-07-27,-2.5,32,2.519536038090032,0.4768420182005665,-0.3564484126984131,1.6186046827160592,1.3466,pga,2026-07-05,1024,0.4768420182005665,-0.2699999999999999,-0.25,-0.42,7.0,4.0,69.0,2.2642857142857142,0.057142857142856,-0.0040328479242267,0.0009401628417302,-0.0031722446406118,-0.0067941079474934,0.0024256427371792,0.0025676990849691,0.0,0.2729118712236432,,-0.0331006733229608,0.0034613741633238,0.000576281199144,0.2651559519522813,0.0999653752324851,,0.5728469137434703,-0.0179983720816965,-0.0139879370024382,39.39245739494526,0.2423558058383094,-0.0041369576203117,-0.0006685714285714,-0.0137499999999999,-0.0019156027640076,0.0,0.0716942724588003,0.2423558058383094,0.8705628178480008,2026-07-16 10:09,2026-07-17 15:15
Royal Birkdale Golf Club,1,2026-07-19,2026-07-16,100,The Open Championship,2026-07-13 18:40:51 UTC,no,pga,3600,0,SWE,5994,436.0,0.0,"stenson, henrik",21528,190,0.0,0.0,0.0,0.0,0.0,0.0,0.0,1976-04-05,-2.5,50,2.632629598111867,0.3660207496653277,-4.440892098500626e-16,1.3852637538996724,1.2152,liv,2025-08-16,2500,0.3660207496653277,0.1599999999999999,-0.2099999999999999,-0.1,30.0,0.0,0.0,-1.7357142857142858,23.057142857142857,-0.0266881294355969,-0.0070418179211629,-0.0148463556550006,0.0095525162891628,-0.0117085369177709,-0.0026439352308252,0.0,-0.2320832788164927,0.0463319614358054,-0.0625780947550859,0.0211112976537891,0.0377865557427142,,,-0.1086703368987761,-0.580121968549365,0.0152102152314247,-0.0393767253688421,28.540231734792545,0.1254271905035594,-0.2578535627739016,-0.2697685714285714,-0.0137499999999999,-0.0126768614819085,0.0,0.0519432217573224,0.1254271905035594,-0.558744003388588,2026-07-16 07:08,2026-07-17 12:14
Royal Birkdale Golf Club,1,2026-07-19,2026-07-16,100,The Open Championship,2026-07-13 18:40:51 UTC,no,pga,3600,0,USA,25569,95.0,47.0,"stevens, samuel",55893,176,50.0,0.0,0.0,0.0,0.0,0.0,0.0,1996-07-04,-6.5,30,2.3487496010002338,0.4123496142097189,-0.9814484126984132,0.8122251858579677,0.6489999999999999,pga,2026-07-06,900,0.4123496142097189,-0.0199999999999999,0.01,-0.01,2.0,1.0,71.0,-0.7357142857142858,-4.942857142857144,-0.010971611106417,-0.0015742371407903,-0.0039289770117288,-0.0045116467577846,-0.0004722963009336,-0.0004844538951796,0.0,0.181691220427005,0.0235199912427258,-0.0759408919640955,0.0136318249332722,0.0457445186573758,,,0.0626344642209823,0.301854380300069,-0.0114221566856031,0.0330695185299177,14.084060241380628,-0.0850401822902284,0.0289258909384885,0.0578314285714285,-0.03575,-0.005211515275548,0.0,0.0256329896393127,-0.0850401822902284,0.2593171009450338,2026-07-16 09:03,2026-07-17 14:09
Royal Birkdale Golf Club,1,2026-07-19,2026-07-16,100,The Open Championship,2026-07-13 18:40:51 UTC,no,pga,3600,0,AUT,17511,104.0,23.0,"straka, sepp",49960,324,34.0,0.0,0.0,0.0,0.0,0.0,0.0,1993-05-01,-6.5,33,3.2,0.2859689929236059,-0.3564484126984131,1.4266785904020924,1.2784,pga,2026-07-06,1089,0.2859689929236059,-0.8400000000000001,-0.03,-0.1699999999999999,2.0,1.0,60.0,-0.7357142857142858,-4.942857142857144,-0.0112794942269193,0.0014224042930589,-0.0127542609974466,0.0031459829760212,-0.0023712977773931,-0.0007223227211597,0.0,0.1614648816086073,0.0413130108948744,-0.2064297511261189,0.000479429678231,-0.0100851346626118,,,0.1174740097614617,0.1104414544577974,-0.0075175246724844,0.0158298045571838,-13.949957824359142,0.0780569790943407,-0.0020872715813458,0.0578314285714285,-0.03575,-0.0053577597577866,0.0,-0.0253889232403336,0.0780569790943407,0.1798331791254463,2026-07-16 12:25,2026-07-17 07:19
Royal Birkdale Golf Club,1,2026-07-19,2026-07-16,100,The Open Championship,2026-07-13 18:40:51 UTC,no,pga,3600,0,USA,29279,91.0,115.0,"suber, jackson",60019,199,81.0,0.0,0.0,0.0,0.0,0.0,0.0,1999-10-18,-6.5,26,3.2,0.3363117316924819,0.1435515873015869,0.3363117316924819,-0.1773999999999999,pga,2026-07-05,676,0.3363117316924819,0.3,0.0099999999999999,0.1099999999999999,7.0,5.0,52.0,3.2642857142857142,0.057142857142856,-0.0167233227925084,-0.0011297862333097,-0.0090175573498864,-0.0038188856562816,-0.0015530754075779,-0.0012040181454525,0.0,0.1403569175713366,0.0089065689512816,0.2237682726202364,0.0001437056567654,0.0686546402663671,,,0.0465861022317116,0.5442533953129436,-0.0071074906661672,0.0089210156123194,-3.1343971511502806,0.0,0.0540236630690922,-0.0006685714285714,-0.03575,-0.0079435783264414,0.0,-0.0057046028150935,0.0,0.4941866427428372,2026-07-16 12:36,2026-07-17 07:30
Royal Birkdale Golf Club,1,2026-07-19,2026-07-16,100,The Open Championship,2026-07-13 18:40:51 UTC,no,pga,3600,0,ENG,15326,210.0,122.0,"sullivan, andy",35314,127,0.0,0.0,0.0,0.0,0.0,0.0,0.0,1987-05-19,-2.5,39,3.1783881842351382,-0.3606812123250514,-0.8564484126984131,0.5049150110665614,0.392,pga,2026-07-06,1521,-0.3606812123250514,0.18,0.0,0.0,0.0,4.0,55.0,2.2642857142857142,-6.942857142857144,-0.0106577091769209,0.0017003159210671,-0.0044073548564199,0.0020740069806446,-0.0076291199281218,-0.0023955572940909,0.0,-0.146443264833674,0.0146256304825077,0.0184799945544408,-0.0293803709240576,-0.0077330839164964,,,-0.0876699089242447,-0.3368464932934061,0.0141679948297361,-0.034939644918415,-0.2713644311944581,0.1076122849279528,-0.077953839643203,0.0812314285714286,-0.0137499999999999,-0.0050624118590374,0.0,-0.0004938832647739,0.1076122849279528,-0.167309074917836,2026-07-16 06:46,2026-07-17 11:52
Royal Birkdale Golf Club,1,2026-07-19,2026-07-16,100,The Open Championship,2026-07-13 18:40:51 UTC,no,pga,3600,0,USA,30463,249.0,293.0,"surratt, caleb",64054,59,0.0,0.0,0.0,0.0,0.0,0.0,0.0,2004-05-05,-6.5,22,2.539503939653125,-0.4465018815251837,0.3935515873015869,0.1448089883506766,-0.0261999999999999,pga,2026-06-21,484,-0.4465018815251837,-0.07,0.06,0.1,21.0,0.0,45.0,-1.7357142857142858,14.057142857142855,-0.0016540922729576,0.0037429345364252,0.013344792989819,-0.0148796505875434,0.0006059757224214,-0.00446814493408,0.0,-0.1943086118651191,0.0041933958686984,-0.139023358253684,-0.0102876488692304,-0.0008880425743869,,,-0.044935413569958,-0.3276754118749989,0.0065012050973402,-0.0255402357768311,-1.9036416679391983,0.0,0.0766132980681721,-0.1644685714285714,-0.03575,-0.0007856938296548,0.0,-0.0034646278356493,0.0,-0.5321443049688745,2026-07-16 10:53,2026-07-17 15:59
Royal Birkdale Golf Club,1,2026-07-19,2026-07-16,100,The Open Championship,2026-07-13 18:40:51 UTC,no,pga,3600,0,SWE,26850,170.0,165.0,"svensson, jesper",57586,173,117.0,0.0,0.0,0.0,0.0,0.0,0.0,1996-03-14,-6.5,30,2.970219557869624,0.0741193298674019,1.768551587301587,0.4426061000385642,0.1677999999999999,pga,2026-07-06,900,0.0741193298674019,0.62,0.2,0.0399999999999999,0.0,2.0,42.0,0.2642857142857142,-6.942857142857144,-0.0113188357745792,-0.0054166783000113,0.0095975002346579,-0.016575123491981,0.0007652454075417,0.0003102203752135,0.0,0.0093374031195575,0.012816756091275,0.0750352045600281,0.0005097483673942,0.0917850515062141,,,-0.063826628254471,0.1429342744061011,0.001662892170569,-0.0106837936729036,6.412315599646356,0.1333933199331719,0.0262976405184376,0.0812314285714286,-0.03575,-0.0053764469929251,0.0,0.0116704143913563,0.1333933199331719,0.3281029903091328,2026-07-16 13:53,2026-07-17 08:47
Royal Birkdale Golf Club,1,2026-07-19,2026-07-16,100,The Open Championship,2026-07-13 18:40:51 UTC,no,pga,3600,0,CAN,13126,44.0,67.0,"taylor, nick",25493,299,56.0,0.0,0.0,0.0,0.0,0.0,0.0,1988-04-14,-6.5,38,2.66656110937648,0.6057459937121747,0.0185515873015869,1.0050617507740731,0.8690000000000001,pga,2026-07-06,1444,0.6057459937121747,0.29,0.24,0.1399999999999999,0.0,2.0,73.0,0.2642857142857142,-6.942857142857144,0.0076869461047385,0.0026221012046299,-0.0045520247426934,0.0068331985565799,-0.0017425549438492,0.0045262260300714,0.0,0.3640291577651284,,0.1077069900547158,-0.0197893946908144,-0.0225902230064453,0.171112819134511,0.0936688523769627,,0.5800762992387923,-0.0190668294869583,-0.0169086039672651,-16.470060494842464,0.0576807419632248,-0.0780864689410423,0.0902571428571428,-0.0416,0.0040356467049877,0.0,-0.0299755101006132,0.0576807419632248,0.6604743206635345,2026-07-16 10:20,2026-07-17 15:26
Royal Birkdale Golf Club,1,2026-07-19,2026-07-16,100,The Open Championship,2026-07-13 18:40:51 UTC,no,pga,3600,0,USA,23014,69.0,81.0,"theegala, sahith",51634,224,41.0,0.0,0.0,0.0,0.0,0.0,0.0,1997-12-04,-6.5,28,2.9842551637916923,0.5728852118137171,0.0185515873015869,1.3629450612009806,1.2166,pga,2026-07-06,784,0.5728852118137171,-0.05,-0.06,-0.1,0.0,2.0,79.0,0.2642857142857142,-6.942857142857144,0.0029572619541168,0.000169334091226,-0.0050928893737904,-0.0018216464727355,0.0041842321146561,0.0055182315947605,0.0,0.2272293175939962,0.0394674487591783,0.0074959375270118,-0.0003374494753204,-0.0075449198568072,,,0.090421056693834,0.426836879164668,-0.0161532399734273,0.0458315486612894,12.476095432540646,-0.1011439292851966,0.0404271792349132,0.0902571428571428,-0.0416,0.0015525625259113,0.0,0.0227064936872239,-0.1011439292851966,0.3986091489497495,2026-07-16 12:03,2026-07-17 06:57
Royal Birkdale Golf Club,1,2026-07-19,2026-07-16,100,The Open Championship,2026-07-13 18:40:51 UTC,no,pga,3600,0,USA,14139,21.0,19.0,"thomas, justin",33448,723,37.0,0.0,0.0,0.0,0.0,0.0,0.0,1993-04-29,-4.5,33,2.9516689873040045,1.4299834707578092,0.2685515873015869,2.2806007753143565,2.1792,pga,2026-07-06,1089,1.4299834707578092,-0.01,-0.18,0.06,0.0,2.0,51.0,0.2642857142857142,-6.942857142857144,-0.0074875207108737,0.0021998886556098,-0.0078021842631923,-0.0046574462785799,-0.0045139197775903,0.007286140952879,0.0,0.7620058465926769,,0.0950867630950302,-0.0111545723949635,0.0665383138396282,0.4329284999234385,0.121069252669523,,1.4114219971579836,-0.0283553178912801,-0.0200846163990887,-54.61586380588435,-0.3676610898489708,-0.0066121722769807,0.0902571428571428,-0.0288,-0.0039309483732086,0.0,-0.0994008721267095,-0.3676610898489708,1.0018862296662376,2026-07-16 09:47,2026-07-17 14:53
Royal Birkdale Golf Club,1,2026-07-19,2026-07-16,100,The Open Championship,2026-07-13 18:40:51 UTC,no,pga,3600,0,USA,26649,59.0,70.0,"thorbjornsen, michael",57364,364,68.0,0.0,0.0,0.0,0.0,0.0,0.0,2001-09-16,-6.5,24,3.2,0.3321070808758887,0.5185515873015869,0.8257063864764189,0.6286,pga,2026-07-06,576,0.3321070808758887,-0.35,-0.01,-0.24,0.0,3.0,58.0,1.2642857142857142,-6.942857142857144,-0.0075050973845433,-0.0024243985423702,5.078307436283509e-06,-0.0065380555306934,-0.0014754083810052,0.0029276867620893,0.0,0.219222270183491,0.0239103727876385,0.19315807162759,0.0052720010066872,0.065901019880671,,,0.0828095478646369,0.6668979638997686,-0.0139164904499315,0.0252383417369158,-3.839921446704229,0.0,0.0653028292620695,0.0812314285714286,-0.03575,-0.003564921257658,0.0,-0.0069886570330016,0.0,0.7018258141805376,2026-07-16 08:47,2026-07-17 13:53
Royal Birkdale Golf Club,1,2026-07-19,2026-07-16,100,The Open Championship,2026-07-13 18:40:51 UTC,no,pga,3600,0,USA,18239,339.0,396.0,"truslow, austen",45733,37,0.0,0.0,0.0,0.0,0.0,0.0,0.0,1995-01-01,-6.5,31,2.556929931857685,-1.0233483146067417,2.393551587301587,-0.4648719269053981,-0.745,pga,2022-09-24,961,-1.0233483146067417,0.0,0.0,0.0,30.0,0.0,0.0,-1.7357142857142858,23.057142857142857,-0.0009840595149854,0.0,-0.0,-0.0,-0.0009840595149854,0.0,0.0,-0.5914613749973789,-0.0134615176187309,-0.2252894876499743,0.0263994439786893,0.0156267956888251,,,-0.2439351022369152,-1.0330422350708242,0.0267436880638147,-0.0624984848656596,-0.3357791937185013,0.0,0.0348338045665053,-0.2697685714285714,-0.03575,-0.000467428269618,0.0,-0.0006111181325676,0.0,-1.12699407668412,2026-07-16 15:59,2026-07-17 10:53
Royal Birkdale Golf Club,1,2026-07-19,2026-07-16,100,The Open Championship,2026-07-13 18:40:51 UTC,no,pga,3600,0,USA,11357,269.0,189.0,"uihlein, peter",29484,78,0.0,0.0,0.0,0.0,0.0,0.0,0.0,1989-08-29,-2.5,36,3.05230511631405,-0.790237970472349,0.8935515873015869,0.5490313998322607,0.2818,pga,2026-06-21,1296,-0.790237970472349,0.6599999999999999,0.31,0.0599999999999998,21.0,0.0,41.0,-1.7357142857142858,14.057142857142855,0.0190908310275809,0.0020193931352319,0.0073895135698635,-0.0094229270859937,0.0175684951025774,0.0015363563059017,0.0,-0.3880153414011083,0.015902189103602,-0.0084770171638855,-0.0221661661926014,-0.1769063416790436,,,-0.1389329623642581,-0.7811022413482839,0.0156316875778742,-0.0319979876280185,11.80541029527622,0.0,-0.0461403016008443,-0.1644685714285714,-0.0137499999999999,0.0090681447381009,0.0,0.0214858467374027,0.0,-0.9287668213013516,2026-07-16 15:48,2026-07-17 10:42
Royal Birkdale Golf Club,1,2026-07-19,2026-07-16,100,The Open Championship,2026-07-13 18:40:51 UTC,no,pga,3600,0,FIN,23816,120.0,73.0,"valimaki, sami",52666,103,142.0,0.0,0.0,0.0,0.0,0.0,0.0,1998-07-16,-6.5,28,2.6010257341118703,0.0049023077911721,-0.3564484126984131,0.4907712156356295,0.31,euro,2026-06-07,784,0.0049023077911721,0.44,0.05,0.11,30.0,0.0,42.0,-1.7357142857142858,23.057142857142857,-0.0010656974854904,0.0020712641832925,-0.0050398726974286,0.0070421817541424,-0.001635163674442,-0.0035041070510546,0.0,-0.0146657941194868,0.0142114956182217,0.1004035464296832,-0.000257955351295,-0.0392459745471331,,,-0.0097207221192154,0.0789794580841068,-0.0071817173869206,-0.0102694353834589,-19.31019263343449,0.0358490112351492,0.0457060149437119,-0.2697685714285714,-0.03575,-0.0005062063056079,0.0,-0.0351445505928507,0.0358490112351492,-0.2263408590077741,2026-07-16 12:36,2026-07-17 07:30
Royal Birkdale Golf Club,1,2026-07-19,2026-07-16,100,The Open Championship,2026-07-13 18:40:51 UTC,no,pga,3600,0,ZIM,14559,83.0,152.0,"vincent, scott",34126,124,0.0,0.0,0.0,0.0,0.0,0.0,0.0,1992-03-20,-6.5,34,2.345720697287411,0.9292072374227224,-4.440892098500626e-16,0.96885842188872,0.2542,liv,2026-06-07,1156,0.9292072374227224,-0.09,0.1799999999999999,-0.0399999999999999,30.0,0.0,37.0,-1.7357142857142858,23.057142857142857,-0.0023416192885596,0.0037582898254545,-0.0046955775272727,-0.0,-0.0015965017276505,0.000192170140909,0.0,0.511658079736709,,0.0999684872035583,-0.0361941943071975,0.0096017313641995,0.0443042397068641,0.0450902475580137,,0.6200597178140556,-0.017917980839118,-0.018334947032949,1.7941497615724735,0.0,-0.0181159455760244,-0.2997428571428571,-0.0416,-0.0012293501264937,0.0,0.0032653525660619,0.0,0.2807528631107665,2026-07-16 08:36,2026-07-17 13:42
Royal Birkdale Golf Club,1,2026-07-19,2026-07-16,100,The Open Championship,2026-07-13 18:40:51 UTC,no,pga,3600,0,ENG,20706,66.0,72.0,"wallace, matt",48887,257,91.0,0.0,0.0,0.0,0.0,0.0,0.0,1990-04-12,-6.5,36,2.389746185618334,0.6309378741362823,-0.27311507936508,0.9622940039440294,0.93,pga,2026-07-06,1296,0.6309378741362823,0.0199999999999999,-0.0999999999999999,-0.11,2.0,3.0,60.0,1.2642857142857142,-4.942857142857144,-0.0013564785973983,0.0009832002706842,-0.0096564081023849,0.0008435764914449,0.0036429619336762,0.0028301908091812,0.0,0.3310918112536285,,0.0392566076129531,-0.0016994436428917,-0.0107542937624875,0.1549663851080094,0.0425697835232765,,0.4777785873908275,-0.0195233890878096,-0.010846107241665,30.648195868164745,0.0454239560862223,-0.0472827663721862,0.0642571428571428,-0.0416,-0.0007121512636341,0.0,0.0557797164800598,0.0454239560862223,0.6009272515506184,2026-07-16 11:52,2026-07-17 06:46
Royal Birkdale Golf Club,1,2026-07-19,2026-07-16,100,The Open Championship,2026-07-13 18:40:51 UTC,no,pga,3600,1,GER,29973,0.0,0.0,"wiedemeyer, tim",63475,48,0.0,0.0,0.0,0.0,0.0,0.0,0.0,1995-01-01,-6.5,31,2.3,-0.5056666666666667,-4.440892098500626e-16,0.0,0.0,0,2026-07-06,961,-0.5056666666666667,0.0,0.0,0.0,6.942857142857143,0.0,0.0,0.0,-8.881784197001252e-16,0.0,0.0,-0.0,-0.0,-0.0,0.0,0.0,,,,,,,,,,,,0.0,0.0,,1.0391687510491469e-17,-0.03575,0.0,0.0,0.0,0.0,-1.16519293394798,2026-07-16 15:26,2026-07-17 10:20
Royal Birkdale Golf Club,1,2026-07-19,2026-07-16,100,The Open Championship,2026-07-13 18:40:51 UTC,no,pga,3600,0,AUT,9531,142.0,155.0,"wiesberger, bernd",29454,163,0.0,0.0,0.0,0.0,0.0,0.0,0.0,1985-10-08,-2.5,40,2.7665505191279043,-0.1340236747712631,1.393551587301587,0.7015840443683209,0.5604,pga,2026-07-06,1600,-0.1340236747712631,0.0099999999999999,0.0,0.0,2.0,3.0,53.0,1.2642857142857142,-4.942857142857144,-0.0112927126541831,-0.0040797050657392,-0.0111009137888329,-0.0002142894437645,-0.0010292572442421,0.0051314528883956,0.0,-0.0540838537644345,0.020318285749361,0.001048785544072,0.0187581483359314,-0.0689437704068652,,,-0.0321884289041944,-0.2145901151077802,-0.0031587259665891,0.0041907048366698,-4.611803583431624,-0.0676403088393071,-0.1005312605317313,0.0578314285714285,-0.0137499999999999,-0.0053640385107369,0.0,-0.0083934825218455,-0.0676403088393071,-0.2519065164082412,2026-07-16 12:47,2026-07-17 07:41
Royal Birkdale Golf Club,1,2026-07-19,2026-07-16,100,The Open Championship,2026-07-13 18:40:51 UTC,no,pga,3600,0,USA,12577,60.0,43.0,"woodland, gary",31323,247,26.0,0.0,0.0,0.0,0.0,0.0,0.0,1984-05-21,-2.5,42,2.984652406799356,0.7382358288301238,-0.6064484126984131,1.4633114491137509,1.3612,pga,2026-06-28,1764,0.7382358288301238,-0.51,0.0299999999999999,-0.43,14.0,0.0,59.0,-1.7357142857142858,7.057142857142856,-0.02183388332886,0.0036162424231499,-0.0091508326230076,-0.0117145114757161,-0.0002251869622034,-0.0043595946910827,0.0,0.4387865627196385,,-0.0644521445288298,-0.0048038448994161,0.1511629914677762,0.3310862865712961,0.0643742250854184,,0.7278920131291517,-0.0270457472116314,-0.0145719988558955,2.947745841825132,-0.1039014259341209,-0.1466443172192045,-0.0917428571428571,-0.016,-0.0114627887476515,0.0,0.0053648974321217,-0.1039014259341209,0.510149838736644,2026-07-16 07:52,2026-07-17 12:58
Royal Birkdale Golf Club,1,2026-07-19,2026-07-16,100,The Open Championship,2026-07-13 18:40:51 UTC,no,pga,3600,0,KOR,14419,0.0,0.0,"yang, jiho",70939,30,0.0,0.0,0.0,0.0,0.0,0.0,0.0,1995-01-01,-6.5,31,2.434619939538819,-0.8775000000000001,-4.440892098500626e-16,0.0,0.0,0,2026-06-28,961,-0.8775000000000001,0.0,0.0,0.0,6.942857142857143,0.0,0.0,0.0,-8.881784197001252e-16,0.0,0.0,-0.0,-0.0,-0.0,0.0,0.0,,,,,,,,,,,,0.0,0.0,,1.0391687510491469e-17,-0.03575,0.0,0.0,0.0,0.0,-2.22918040760413,2026-07-16 16:21,2026-07-17 11:15
Royal Birkdale Golf Club,1,2026-07-19,2026-07-16,100,The Open Championship,2026-07-13 18:40:51 UTC,no,pga,3600,0,JPN,25739,288.0,249.0,"yonezawa, ren",56100,40,0.0,0.0,0.0,0.0,0.0,0.0,0.0,1995-01-01,-6.5,31,2.3,0.519,-4.440892098500626e-16,0.0,0.0,0,2026-06-28,961,0.519,0.0,0.0,0.0,6.942857142857143,0.0,0.0,0.0,-8.881784197001252e-16,-0.0025528018150599,0.0,-0.0,-0.0,-0.0025528018150599,0.0,0.0,,,,,,,,,,,,0.0,0.0,,1.1546319456101629e-17,-0.0416,-0.0013402209529064,0.0,0.0,0.0,-0.751997221359484,2026-07-16 10:53,2026-07-17 15:59
Royal Birkdale Golf Club,1,2026-07-19,2026-07-16,100,The Open Championship,2026-07-13 18:40:51 UTC,no,pga,3600,0,USA,26651,9.0,4.0,"young, cameron",57366,891,3.0,0.0,0.0,0.0,0.0,0.0,0.0,1997-05-07,-6.5,29,2.782523074197509,1.3003680745326545,-0.9814484126984132,2.099826668570761,1.6934,pga,2026-06-28,841,1.3003680745326545,-0.09,-0.3,0.0499999999999999,14.0,0.0,57.0,-1.7357142857142858,7.057142857142856,-0.0126961964216191,0.0035867494266752,-0.0143596511504179,-0.0095390163215899,0.0019123429199577,0.0057033787037557,0.0,0.70433841486896,,0.081918618301762,0.0136813024112481,0.0918414914143515,0.3334435534204614,0.1892018533431023,,1.370936442008118,-0.0476575600653488,-0.0340606927690403,33.19320964150607,0.1379120522629836,0.0382294610826218,-0.0917428571428571,-0.0416,-0.00666550312135,0.0,0.060411641547541,0.1379120522629836,1.4292517755544354,2026-07-16 15:04,2026-07-17 09:58
