course_name,current_round,date_end,date_start,event_id,event_name,last_updated,multi_course,tour_x,tz_offset,am,country,dg_id,dg_rank,owgr_rank,player_name,player_num,pre_tourn_pageviews,tour_rank,r1_course,r2_course,r3_teetime,r3_course,r4_teetime,r4_course,Birthday,c_exp,player_age,std_dev,skill_est,ema_8_great_shots,max_skill,sma_50_max_skill,tour_y,Date,age_squared,adj_skill_est,delta_adj_skill_est,delta_sg_putt,delta_sg_ott,dsle,consecutive_weeks_played,sample,relative_consecutive_weeks,relative_dsle,course_adjustment,putt_adj,app_adj,dd_adj,acc_adj,arg_adj,course_history_raw,comp_adj_skill_est,comp_max_skill,comp_ema_sg_adj,comp_putt,comp_ott,comp_max_skill_50,comp_6m_sg,comp_sma20_sg,pred_step2,comp_sma50_sg,comp_sma6m_sg,majors_history_raw,links_adj,comp_age,comp_relative_dsle,comp_c_exp,comp_c_adj,comp_c_hist,comp_major,comp_links,pred,r1_teetime,r2_teetime
Shinnecock Hills Golf Club,1,2026-06-21,2026-06-18,26,U.S. Open,2026-06-15 17:20:45 UTC,no,pga,-14400,0,SWE,23950,7.0,14.0,"aberg, ludvig",52955,411,6,0.0,0.0,0.0,0.0,0.0,0.0,1999-10-31,-6.5,26,2.9895315861535776,1.7218000147049466,0.2638888888888893,1.94196489416066,1.7412,pga,2026-06-07,676,1.7218000147049466,-0.53,0.0499999999999999,-0.1099999999999999,7.0,3.0,49.0,0.96875,0.921875,0.259906440862753,0.0109890340576408,0.0616213804389218,0.1693152395108505,0.0064528169822824,0.0115279698730573,0.0,0.9363473381468512,,0.0838739440308157,-0.0146963911862013,0.1107078090599991,0.3623063356164361,0.1648541370304465,,1.6376508714645015,-0.0256886407434187,-0.0363728830081335,10.28043250792824,0.02644430542833,0.0563192225177067,-0.011984375,-0.0416,0.1364508814529453,0.0,0.0226169515174421,0.0,1.7431343294348889,2026-06-15 10:00,2026-06-15 10:00
Shinnecock Hills Golf Club,1,2026-06-21,2026-06-18,26,U.S. Open,2026-06-15 17:20:45 UTC,no,pga,-14400,1,ISL,30036877,0.0,0.0,"arni sveinsson, gunnlaugur",70694,33,0,0.0,0.0,0.0,0.0,0.0,0.0,1995-01-01,-6.5,31,3.0,-2.5,4.440892098500626e-16,0.0,0.0,0,2026-06-07,961,-2.5,0.0,0.0,0.0,6.078125,0.0,0.0,0.0,0.0,0.0,0.0,0.0,0.0,0.0,0.0,0.0,,,,,,,,,,,,0.0,0.0,,-0.0,-0.03575,0.0,0.0,0.0,0.0,-2.40000406505535,2026-06-15 10:00,2026-06-15 10:00
Shinnecock Hills Golf Club,1,2026-06-21,2026-06-18,26,U.S. Open,2026-06-15 17:20:45 UTC,no,pga,-14400,0,USA,17606,69.0,46.0,"berger, daniel",40026,154,48,0.0,0.0,0.0,0.0,0.0,0.0,1993-04-07,-2.5,33,2.9626864050543515,0.6149863498135145,-0.2361111111111107,1.7234642606912147,1.5714,pga,2026-06-05,1089,0.6149863498135145,-0.0499999999999999,-0.1,0.15,9.0,0.0,51.0,-2.03125,2.921875,0.0058744535274431,0.0002398149782111,0.0510351791507451,-0.0360533922913297,0.002002471806073,-0.0113496201162564,0.0,0.3313654276060001,,0.0079572077241231,-0.0027067009618684,0.0067390586273649,0.326974601302359,0.0619132445605505,,0.7017016885167808,-0.0099821441184716,-0.0137621784860878,-19.46928952830364,0.0507485080581219,-0.0067968277371889,-0.037984375,-0.016,0.0030840881019076,0.0,-0.042832436962268,0.0,0.6079689646564205,2026-06-15 10:00,2026-06-15 10:00
Shinnecock Hills Golf Club,1,2026-06-21,2026-06-18,26,U.S. Open,2026-06-15 17:20:45 UTC,no,pga,-14400,0,USA,26096,43.0,28.0,"bhatia, akshay",56630,171,12,0.0,0.0,0.0,0.0,0.0,0.0,2002-01-31,-6.5,24,3.0901460628303394,0.9549712854648936,-0.9861111111111108,1.4612419125796994,1.0296,pga,2026-06-05,576,0.9549712854648936,-0.29,-0.07,-0.04,9.0,0.0,50.0,-2.03125,2.921875,-0.1083912026452855,0.0216681995732849,0.0426321408109052,-0.0265494383151678,-0.1492478575901534,0.0031057528758456,0.0,0.5280765217648449,,-0.0223614754815998,-0.0237572560845466,-0.083936968185405,0.2142792697092843,0.1065372461894036,,0.7543563296230964,-0.0140847068206975,-0.0221608741006066,-7.9675123720743075,-0.0270077774573037,0.0717645726324194,-0.037984375,-0.0416,-0.0569053813887748,0.0,-0.0175285272185634,-0.0,0.6003380460157581,2026-06-15 10:00,2026-06-15 10:00
Shinnecock Hills Golf Club,1,2026-06-21,2026-06-18,26,U.S. Open,2026-06-15 17:20:45 UTC,no,pga,-14400,0,USA,17639,169.0,206.0,"blair, zac",40058,41,169,0.0,0.0,0.0,0.0,0.0,0.0,1990-08-20,-6.5,35,2.3591745265682467,-0.2465254841022193,-1.2361111111111107,0.0421997069847846,-0.0438,kft,2026-06-07,1225,-0.2465254841022193,-0.51,0.06,-0.06,7.0,6.0,49.0,3.96875,0.921875,-0.0022524291055901,-0.0093342341737807,0.0351483132742843,-0.2004275129247177,0.1786050258691581,-0.0062440211505341,0.0,-0.0966522106526353,0.001183328733922,-0.0730780853810734,0.0160841513771185,-0.0658267366928068,,,-0.0134425354436418,-0.2743019463382545,-0.0043231214281923,-0.0052860295136395,5.790705830907841,0.0,-0.0329607073373056,-0.0107859375,-0.03575,-0.0010699038251552,0.0,0.0127395528279972,0.0,-0.3091682348354125,2026-06-15 10:00,2026-06-15 10:00
Shinnecock Hills Golf Club,1,2026-06-21,2026-06-18,26,U.S. Open,2026-06-15 17:20:45 UTC,no,pga,-14400,0,USA,13872,40.0,38.0,"bradley, keegan",33141,156,79,0.0,0.0,0.0,0.0,0.0,0.0,1986-06-07,-4.5,40,2.9538120897001665,0.9832690067564538,-0.1111111111111107,1.4832308145433144,1.2553999999999998,pga,2026-06-07,1600,0.9832690067564538,0.13,-0.25,-0.15,7.0,3.0,49.0,0.96875,0.921875,0.0117996182250222,0.0096855983322999,0.018673724354715,0.047990548792742,-0.073425864356865,0.0088756111021302,0.0,0.5101702265973759,,0.0968269131305866,-0.0071552187699745,-0.0007230351759758,0.2612217859710968,0.0982061247810505,,0.8283659812272819,-0.0087409064145401,-0.0134057998440824,15.942699321781994,-0.2165228170439684,-0.108034109048255,-0.011984375,-0.0288,0.0061947995681366,0.0,0.0350739385079203,-0.0,0.8288503443033388,2026-06-15 10:00,2026-06-15 10:00
Shinnecock Hills Golf Club,1,2026-06-21,2026-06-18,26,U.S. Open,2026-06-15 17:20:45 UTC,no,pga,-14400,0,USA,29197,88.0,55.0,"brennan, michael",61522,100,105,0.0,0.0,0.0,0.0,0.0,0.0,2002-06-01,-6.5,24,2.609671001562181,0.2549953565652834,0.7638888888888893,0.4625787639125214,0.1636,pga,2026-06-08,576,0.2549953565652834,0.46,0.0499999999999999,0.0699999999999999,2.0,1.0,50.0,-1.03125,-4.078125,0.1751874831616769,-0.007320291294225,4.470517151559991e-06,0.2312296381167754,-0.0354026790175565,-0.0133236551604684,0.0,0.0926314848728237,0.012970697119119,-0.0159603322171439,0.0014516343474798,0.1331736101472763,,,0.0564766925350322,0.3481842029237832,-0.0076098975418678,0.0094560527962496,-0.6596069955950874,0.0,0.0655942608648142,0.0477140625,-0.03575,0.0832140545017965,0.0,-0.0014511353903091,0.0,0.4419111845352705,2026-06-15 10:00,2026-06-15 10:00
Shinnecock Hills Golf Club,1,2026-06-21,2026-06-18,26,U.S. Open,2026-06-15 17:20:45 UTC,no,pga,-14400,0,USA,29433,49.0,27.0,"bridgeman, jacob",60004,222,8,0.0,0.0,0.0,0.0,0.0,0.0,1999-12-06,-6.5,26,3.1069977218558864,0.5577636928959882,0.5138888888888893,1.3061276476055252,0.9322,pga,2026-06-08,676,0.5577636928959882,0.01,0.0,0.12,0.0,3.0,59.0,0.96875,-6.078125,0.0534767183022766,0.0173325328088555,0.0171146206879156,-0.0286498920014969,0.0469358278416317,0.0007436289653706,0.0,0.329616721696892,,0.1007602269985579,-0.0030256487667574,-0.0054691122285355,0.1939708052272236,0.0878784708121994,,0.7204046221410658,-0.016486405472745,-0.0246546332055334,-11.445323117635546,0.0,0.057814197079764,0.0790156249999999,-0.0416,0.0280752771086952,0.0,-0.0251797108587982,0.0,0.7607158133909628,2026-06-15 10:00,2026-06-15 10:00
Shinnecock Hills Golf Club,1,2026-06-21,2026-06-18,26,U.S. Open,2026-06-15 17:20:45 UTC,no,pga,-14400,0,USA,19483,11.0,29.0,"burns, sam",47504,647,22,0.0,0.0,0.0,0.0,0.0,0.0,1996-07-23,-2.5,29,3.019574682579232,1.546276748626393,0.8888888888888893,1.795282189499898,1.426,pga,2026-06-08,841,1.546276748626393,0.4599999999999999,-0.0999999999999999,0.01,0.0,3.0,51.0,0.96875,-6.078125,0.1312491399212384,0.0256707818133207,0.0304311489565974,0.1020328149978886,-0.0221585129763642,-0.0047270928702042,0.0,0.826615895426364,,0.1519502429659462,-0.0228154889841861,0.0498616180971058,0.2967199831087972,0.1359536097572847,,1.4199736917316033,-0.0189917215819795,-0.0277851266950323,-2.430161302755745,-0.2154297005019057,0.0284646796373033,0.0790156249999999,-0.016,0.0689057984586501,0.0,-0.0053463548660626,-0.0,1.5465487603241908,2026-06-15 10:00,2026-06-15 10:00
Shinnecock Hills Golf Club,1,2026-06-21,2026-06-18,26,U.S. Open,2026-06-15 17:20:45 UTC,no,pga,-14400,0,ENG,14795,241.0,148.0,"canter, laurie",34362,38,0,0.0,0.0,0.0,0.0,0.0,0.0,1989-11-03,-6.5,36,2.8191671369740576,-0.3548430692410029,4.440892098500626e-16,0.6375448902173069,0.3411999999999999,liv,2026-06-07,1296,-0.3548430692410029,0.31,0.13,-0.0799999999999999,7.0,3.0,45.0,0.96875,0.921875,0.0481070448319453,-0.0037906373512455,-0.0033432366312586,0.0452044961495399,0.015979370041508,-0.0059429473765983,0.0,-0.1736049528289422,0.0176766862029137,-0.0161529072223619,0.0200812588960025,0.0445860927108437,,,-0.0621604491320083,-0.2444643630143649,0.0154331026475046,-0.047408991972706,1.422796931254581,0.1845050305982505,-0.0429142023156109,-0.0107859375,-0.03575,0.022850846295174,0.0,0.00313015324876,0.0,-0.2650193009704307,2026-06-15 10:00,2026-06-15 10:00
Shinnecock Hills Golf Club,1,2026-06-21,2026-06-18,26,U.S. Open,2026-06-15 17:20:45 UTC,no,pga,-14400,0,USA,15466,12.0,34.0,"cantlay, patrick",35450,437,41,0.0,0.0,0.0,0.0,0.0,0.0,1992-03-17,-2.5,34,2.643614327083171,1.5683882036293273,-0.4861111111111107,2.3172273302816206,2.098846153846154,pga,2026-06-07,1156,1.5683882036293273,-0.0799999999999998,-0.18,-0.07,7.0,2.0,45.0,-0.03125,0.921875,0.0969085408132703,0.0043034520018362,0.0559716063950969,0.0403148164562907,-0.0176725959422054,0.0139912619022519,0.0,0.8237358272211351,,0.1674841887257601,-0.0023374987759569,0.0495093701908612,0.4327617257150607,0.1477332347872344,,1.5512118021687993,-0.0192285844998806,-0.0278177997681149,-19.097944626395872,-0.0930064950868949,-0.0206286614272995,-0.011984375,-0.016,0.0508769839269669,0.0,-0.0420154781780709,-0.0,1.5320889329176954,2026-06-15 10:00,2026-06-15 10:00
Shinnecock Hills Golf Club,1,2026-06-21,2026-06-18,26,U.S. Open,2026-06-15 17:20:45 UTC,no,pga,-14400,0,USA,14502,54.0,68.0,"cauley, bud",34021,630,28,0.0,0.0,0.0,0.0,0.0,0.0,1990-03-16,-6.5,36,2.562521336423184,0.7601350596744656,-0.4861111111111107,0.8472122133869852,0.6165999999999999,pga,2026-06-08,1296,0.7601350596744656,0.1999999999999999,0.09,0.13,0.0,3.0,58.0,0.96875,-6.078125,-0.0158023752721436,-0.0066254415813852,0.0345965051891575,-0.0432210120277161,-0.0094376026263598,0.00888517577416,0.0,0.4127832742036442,,0.2255770771224622,-0.0051963029977199,0.0873204020217024,0.128301221307773,0.0464095790185737,,0.8220276351573715,-0.0104634303676937,-0.0132388855456004,-1.7013809447843544,-0.0019804815707247,-0.0494652996057701,0.0790156249999999,-0.0416,-0.0082962470178753,0.0,-0.0037430380785255,-0.0,0.8474039750609706,2026-06-15 10:00,2026-06-15 10:00
Shinnecock Hills Golf Club,1,2026-06-21,2026-06-18,26,U.S. Open,2026-06-15 17:20:45 UTC,no,pga,-14400,0,ITA,23549,0.0,431.0,"celli, filippo",52444,29,0,0.0,0.0,0.0,0.0,0.0,0.0,2000-09-06,-6.5,25,2.3,-1.6969785407648394,4.440892098500626e-16,-0.8784606252588754,-1.4434,euro,2026-06-04,625,-1.6969785407648394,0.78,0.0,0.0,10.0,0.0,28.0,-2.03125,3.921875,0.1838163248791684,0.0,0.0,0.0,0.1838163248791684,0.0,0.0,-0.8156035850626775,-0.024633127047014,-0.0705375081103046,0.0356725347513072,-0.2063534065605232,,,-0.3526635640885637,-1.4340620116061402,0.0486553038323946,-0.1066460023362221,0.0,0.0,0.0580473430154632,-0.0458859375,-0.03575,0.0873127543176049,0.0,0.0,0.0,-1.428385194788535,2026-06-15 10:00,2026-06-15 10:00
Shinnecock Hills Golf Club,1,2026-06-21,2026-06-18,26,U.S. Open,2026-06-15 17:20:45 UTC,no,pga,-14400,0,USA,23604,24.0,37.0,"clark, wyndham",51766,443,18,0.0,0.0,0.0,0.0,0.0,0.0,1993-12-09,-6.5,32,2.991854727524758,1.4768597213895984,0.1388888888888892,1.5676166184535467,1.1928,pga,2026-06-08,1024,1.4768597213895984,0.51,0.1299999999999999,-0.16,0.0,3.0,51.0,0.96875,-6.078125,0.0524417931368683,0.0037687566445035,0.0440478550910686,0.0769087411404084,-0.0836736332087155,0.0113900734696033,0.0,0.7252874855403769,,0.2384689390364576,-0.0417999189884286,0.0215056616444107,0.248196070022562,0.073977530374785,,1.2264557948473152,-0.0162282563316507,-0.0233306237202993,-7.845580001352351,0.0653557943096264,0.0003789072691015,0.0790156249999999,-0.0416,0.0275319413968558,0.0,-0.0172602760029751,0.0,1.2741430852411957,2026-06-15 10:00,2026-06-15 10:00
Shinnecock Hills Golf Club,1,2026-06-21,2026-06-18,26,U.S. Open,2026-06-15 17:20:45 UTC,no,pga,-14400,1,USA,34994,0.0,0.0,"coleman, hamilton",70178,12,0,0.0,0.0,0.0,0.0,0.0,0.0,1995-01-01,-6.5,31,2.3,-1.484,4.440892098500626e-16,0.0,0.0,0,2026-06-08,961,-1.484,0.0,0.0,0.0,6.078125,0.0,0.0,0.0,0.0,0.0,0.0,0.0,0.0,0.0,0.0,0.0,,,,,,,,,,,,0.0,0.0,,-0.0,-0.03575,0.0,0.0,0.0,0.0,-3.46762477216245,2026-06-15 10:00,2026-06-15 10:00
Shinnecock Hills Golf Club,1,2026-06-21,2026-06-18,26,U.S. Open,2026-06-15 17:20:45 UTC,no,pga,-14400,0,CAN,17576,81.0,54.0,"conners, corey",39997,120,84,0.0,0.0,0.0,0.0,0.0,0.0,1992-01-06,-6.5,34,2.640609486397618,0.4493369957837427,-0.4861111111111107,1.5690083735194826,1.4029999999999998,pga,2026-06-08,1156,0.4493369957837427,-0.75,0.0399999999999999,-0.35,2.0,2.0,53.0,-0.03125,-4.078125,0.0298783271664909,0.0001080158266247,0.0450999578173298,-0.0655470824558812,0.0517845413808749,-0.0015671054024572,0.0,0.217943704388584,0.0439968197645366,-0.1874483631389258,0.0055294807033509,-0.0186268341655298,,,0.1152088440371184,0.1682216499700787,-0.0074379633016096,0.0155675946113032,8.331963445257323,0.0352644109096136,-0.0165116329287491,0.0477140625,-0.03575,0.0141922054040831,0.0,0.0183303195795661,0.0,0.2127082374537279,2026-06-15 10:00,2026-06-15 10:00
Shinnecock Hills Golf Club,1,2026-06-21,2026-06-18,26,U.S. Open,2026-06-15 17:20:45 UTC,no,pga,-14400,0,USA,28309,73.0,57.0,"coody, pierceson",59836,64,49,0.0,0.0,0.0,0.0,0.0,0.0,2000-01-07,-6.5,26,2.8297904058831054,0.5108495235027535,-0.1111111111111107,0.9408005402593564,0.5914,pga,2026-06-05,676,0.5108495235027535,-0.1899999999999999,0.31,-0.13,9.0,0.0,58.0,-2.03125,2.921875,0.1541302558376377,0.0050824751789785,-0.0021014008997297,0.1530628565038221,0.0101117117013535,-0.0120253866467867,0.0,0.2814151573831925,,0.0149158309318388,-0.0282315711415775,0.1163345058781704,0.1230576423636344,0.0591051526930925,,0.601225524262232,-0.0093940602731663,-0.0145279678881002,-2.504465951192464,0.0,0.0585508343151471,-0.037984375,-0.0416,0.0809183843147598,0.0,-0.0055098250926234,0.0,0.5970497084843684,2026-06-15 10:00,2026-06-15 10:00
Shinnecock Hills Golf Club,1,2026-06-21,2026-06-18,26,U.S. Open,2026-06-15 17:20:45 UTC,no,pga,-14400,0,FRA,20727,159.0,215.0,"coussaud, ugo",48936,48,0,0.0,0.0,0.0,0.0,0.0,0.0,1992-10-10,-6.5,33,2.831204709176495,-0.1743947782479463,4.440892098500626e-16,0.0015853229617008,-0.3224,euro,2026-05-31,1089,-0.1743947782479463,-0.42,0.0,0.0,14.0,0.0,39.0,-2.03125,7.921875,-0.0902034855544002,0.0,0.0,0.0,-0.0902034855544002,0.0,0.0,-0.0746293863106002,4.446524795169473e-05,0.022656297660531,0.0356725347513072,-0.2063534065605232,,,-0.0285992197022447,-0.2627000574967823,0.0090304311986846,-0.0128555880560416,0.0,0.0646730412786473,-0.007666185725847,-0.0926859375,-0.03575,-0.04284665563834,0.0,0.0,0.0,-0.4339826506351224,2026-06-15 10:00,2026-06-15 10:00
Shinnecock Hills Golf Club,1,2026-06-21,2026-06-18,26,U.S. Open,2026-06-15 17:20:45 UTC,no,pga,-14400,1,USA,30035557,474.0,0.0,"cowan, ryder",70695,34,0,0.0,0.0,0.0,0.0,0.0,0.0,1995-01-01,-6.5,31,3.0,-2.5,4.440892098500626e-16,0.0,0.0,0,2026-05-31,961,-2.5,0.0,0.0,0.0,6.078125,0.0,0.0,0.0,0.0,0.0,0.0,0.0,0.0,0.0,0.0,0.0,,,,,,,,,,,,0.0,0.0,,-0.0,-0.03575,0.0,0.0,0.0,0.0,-1.21074507252758,2026-06-15 10:00,2026-06-15 10:00
Shinnecock Hills Golf Club,1,2026-06-21,2026-06-18,26,U.S. Open,2026-06-15 17:20:45 UTC,no,pga,-14400,0,AUS,9771,59.0,45.0,"day, jason",28089,156,63,0.0,0.0,0.0,0.0,0.0,0.0,1987-11-12,-4.5,38,3.2,0.5687436748774755,-0.4861111111111107,1.893712491426612,1.911428571428572,pga,2026-06-05,1444,0.5687436748774755,-0.6,-0.36,-0.25,9.0,0.0,47.0,-2.03125,2.921875,-0.0226643012977092,0.0146108629104782,-0.0199069045328716,-0.0158401436793259,-0.0181236709273589,0.016595554931369,0.0,0.3295290843311373,,-0.0337244736182289,-0.0006931754289028,-0.0369026030199997,0.3834590044183014,0.0955726748342322,,0.6300767240097267,-0.0095417422372432,-0.0145255531784772,-3.759097316769616,0.1244547445684861,-0.0830964920910924,-0.037984375,-0.0288,-0.0118987581812973,0.0,-0.0082700140968931,0.0,0.5431235767315361,2026-06-15 10:00,2026-06-15 10:00
Shinnecock Hills Golf Club,1,2026-06-21,2026-06-18,26,U.S. Open,2026-06-15 17:20:45 UTC,no,pga,-14400,0,USA,19841,20.0,30.0,"dechambeau, bryson",47959,363,0,0.0,0.0,0.0,0.0,0.0,0.0,1993-09-16,-2.5,32,2.5756246921195385,1.417306758640508,4.440892098500626e-16,2.425497029935173,1.9278,liv,2026-06-07,1024,1.417306758640508,0.26,-0.17,-0.05,7.0,3.0,40.0,0.96875,0.921875,0.3862374077296827,0.0057067652912517,0.0153596210801196,0.4122629301264793,-0.0521811518159969,0.005089243047829,0.0,0.7378427631014778,,0.1158108536516247,0.0008414258529189,0.1426882110743169,0.4011337892266055,0.1478497989965612,,1.5053190928106508,-0.0166463212832778,-0.0222173568649696,12.15794232761405,-0.0988715818408901,-0.001984070944607,-0.011984375,-0.016,0.2027746390580834,0.0,0.0267474731207509,-0.0,1.706856829989485,2026-06-15 10:00,2026-06-15 10:00
Shinnecock Hills Golf Club,1,2026-06-21,2026-06-18,26,U.S. Open,2026-06-15 17:20:45 UTC,no,pga,-14400,0,USA,29347,129.0,233.0,"dossey, cooper",58600,50,0,0.0,0.0,0.0,0.0,0.0,0.0,1998-04-01,-6.5,28,2.3,0.1645573175166354,4.440892098500626e-16,0.195362537223955,-0.1032,kft,2026-06-05,784,0.1645573175166354,-0.22,0.0,0.0,9.0,0.0,39.0,-2.03125,2.921875,-0.4770313911558171,0.0,0.0,0.0,-0.4770313911558171,0.0,0.0,0.0866027242843721,0.0054781927695682,0.0080027559051152,0.0356725347513072,-0.2063534065605232,,,0.0329297009189884,0.0211071774745577,-0.0145555872483392,0.0318287250786507,0.0,0.0,0.0415015375754181,-0.0341859375,-0.03575,-0.2265899107990131,0.0,0.0,0.0,-0.2754186708244554,2026-06-15 10:00,2026-06-15 10:00
Shinnecock Hills Golf Club,1,2026-06-21,2026-06-18,26,U.S. Open,2026-06-15 17:20:45 UTC,no,pga,-14400,0,RSA,19421,171.0,183.0,"du plessis, hennie",47497,78,0,0.0,0.0,0.0,0.0,0.0,0.0,1996-10-14,-6.5,29,2.569244865831972,-0.3024465716384213,4.440892098500626e-16,0.7244829884422761,0.0472,euro,2026-06-05,841,-0.3024465716384213,-0.23,0.0,0.0,9.0,0.0,43.0,-2.03125,2.921875,0.0,0.0,0.0,0.0,0.0,0.0,0.0,-0.1298374051014568,0.0199789015787088,-0.0973486040283851,0.0356725347513072,-0.2063534065605232,,,0.0280579095501517,-0.3186636211106973,0.0038685133415331,-0.0032192179739516,0.0,0.0,0.0305171533319185,-0.0341859375,-0.03575,0.0,0.0,0.0,0.0,-0.3885995586106973,2026-06-15 10:00,2026-06-15 10:00
Shinnecock Hills Golf Club,1,2026-06-21,2026-06-18,26,U.S. Open,2026-06-15 17:20:45 UTC,no,pga,-14400,0,BEL,22002,127.0,166.0,"dumont de chassart, adrien",50497,66,103,0.0,0.0,0.0,0.0,0.0,0.0,2000-03-01,-6.5,26,2.3321345428882108,0.0543692425059295,0.0138888888888892,0.43,0.43,pga,2026-06-08,676,0.0543692425059295,-0.33,0.03,-0.35,2.0,1.0,43.0,-1.03125,-4.078125,-0.0595503903344938,-0.0034453767020317,-0.0213475960884669,0.0589063222848931,-0.1037525392872283,0.01008879945834,0.0,0.031345032910408,0.0118285674962521,-0.0949318366128338,-0.002939654680406,-0.0592440630235262,,,0.0387938942333288,-0.0274315701701382,-0.0125870922072323,0.005868375622212,0.0,0.0,0.0544352060916591,0.0477140625,-0.03575,-0.0282864354088845,0.0,0.0,0.0,-0.0437539430790227,2026-06-15 10:00,2026-06-15 10:00
Shinnecock Hills Golf Club,1,2026-06-21,2026-06-18,26,U.S. Open,2026-06-15 17:20:45 UTC,no,pga,-14400,0,COL,22833,121.0,49.0,"echavarria, nicolas",51349,67,36,0.0,0.0,0.0,0.0,0.0,0.0,1994-08-04,-6.5,31,3.2,0.2072582833589879,0.3888888888888893,0.6427304347099492,0.3772,pga,2026-06-07,961,0.2072582833589879,0.53,-0.03,0.32,7.0,3.0,52.0,0.96875,0.921875,-0.1427377186788954,0.007111179535298,0.0078938334127108,-0.1271408089952234,-0.0237784906896692,-0.0068234319420116,0.0,0.0789425638078715,0.0180229089725535,0.0672647264367823,-0.0074572244813116,-0.035258918734308,,,-0.0094729276616268,0.1187294991377375,0.0043871003853709,-0.0084616001850704,-11.87367095476699,0.0382852728197855,0.0107628705974759,-0.0107859375,-0.03575,-0.0678004163724753,0.0,-0.0261220761004873,0.0,-0.0217289308352251,2026-06-15 10:00,2026-06-15 10:00
Shinnecock Hills Golf Club,1,2026-06-21,2026-06-18,26,U.S. Open,2026-06-15 17:20:45 UTC,no,pga,-14400,0,USA,14577,18.0,22.0,"english, harris",34099,343,42,0.0,0.0,0.0,0.0,0.0,0.0,1989-07-23,-6.5,36,2.3,1.181629781549998,0.7638888888888893,1.7105958268654309,1.4164,pga,2026-06-07,1296,1.181629781549998,0.3600000000000001,0.1,0.0,7.0,2.0,55.0,-0.03125,0.921875,0.1060604934574958,0.0210627560338714,-0.0039663443999871,-0.0014159633428941,0.0858340298058233,0.0045460153606823,0.0,0.6038138643729452,,0.1559029818357723,-0.0291401703504632,0.0690498593056965,0.2947224292253159,0.1174820761897517,,1.113817244866323,-0.0159810071925355,-0.0237425469699623,46.94940828837695,0.0313344096412223,-0.0582902415501975,-0.011984375,-0.0416,0.0556817590651853,0.0,0.1032886982344293,0.0,1.2192033271659375,2026-06-15 10:00,2026-06-15 10:00
Shinnecock Hills Golf Club,1,2026-06-21,2026-06-18,26,U.S. Open,2026-06-15 17:20:45 UTC,no,pga,-14400,1,USA,34025,0.0,0.0,"fang, ethan",68932,29,0,0.0,0.0,0.0,0.0,0.0,0.0,1995-01-01,-6.5,31,2.386631818588699,-2.08825,4.440892098500626e-16,0.0,0.0,0,2026-06-07,961,-2.08825,0.0,0.0,0.0,6.078125,0.0,0.0,0.0,0.0,-0.1545557916312561,0.0,0.0,0.0,-0.1545557916312561,0.0,0.0,,,,,,,,,,,,0.0,0.0,,-0.0,-0.03575,-0.0734140010248466,0.0,0.0,0.0,-1.7441388317826,2026-06-15 10:00,2026-06-15 10:00
Shinnecock Hills Golf Club,1,2026-06-21,2026-06-18,26,U.S. Open,2026-06-15 17:20:45 UTC,no,pga,-14400,0,ENG,25362,42.0,73.0,"fitzpatrick, alex",55721,344,19,0.0,0.0,0.0,0.0,0.0,0.0,1999-01-02,-6.5,27,2.734133975189532,0.7392398655856458,0.2638888888888893,0.7769086984927221,0.1858,pga,2026-06-08,729,0.7392398655856458,0.3400000000000001,-0.0099999999999999,0.0099999999999999,0.0,3.0,51.0,0.96875,-6.078125,0.1693363171166912,0.0014810522579437,0.0529360804981966,-0.0322946405522456,0.1449862208892217,0.0022276040235747,0.0,0.3743633466694566,,0.1666627520297169,-0.0040605539866128,0.1164364723773465,0.0327931762538193,0.0165046132319735,,0.7225198159643915,-0.0125543607908549,-0.0184845904124012,9.014669085528428,0.1457379320212054,0.0508589605919474,0.0790156249999999,-0.0416,0.0889015664862628,0.0,0.0198322719881625,0.0,0.868669279438817,2026-06-15 10:00,2026-06-15 10:00
Shinnecock Hills Golf Club,1,2026-06-21,2026-06-18,26,U.S. Open,2026-06-15 17:20:45 UTC,no,pga,-14400,0,ENG,17646,9.0,4.0,"fitzpatrick, matt",40098,946,1,0.0,0.0,0.0,0.0,0.0,0.0,1994-09-01,-2.5,31,2.4829005117719616,1.4915002136053894,-0.3611111111111107,1.8974357288600403,1.6247999999999998,pga,2026-06-08,961,1.4915002136053894,-0.04,-0.22,-0.0199999999999999,0.0,3.0,53.0,0.96875,-6.078125,0.1131353840141049,0.0045016232594593,0.0593093974369015,-0.0214760979375897,0.0521971772076813,0.0186032840476525,0.0,0.8043244212913422,,0.1904096663882041,-0.0003752327116341,0.0193272864347398,0.3380859947792242,0.1656865641588325,,1.4668388123523688,-0.0241657299155964,-0.034875638131266,39.150268293332296,0.1286508623566036,0.0084214800585227,0.0790156249999999,-0.016,0.059396076607405,0.0,0.086130590245331,0.0,1.675381104205105,2026-06-15 10:00,2026-06-15 10:00
Shinnecock Hills Golf Club,1,2026-06-21,2026-06-18,26,U.S. Open,2026-06-15 17:20:45 UTC,no,pga,-14400,0,ENG,12294,5.0,7.0,"fleetwood, tommy",30911,828,10,0.0,0.0,0.0,0.0,0.0,0.0,1991-01-19,-2.5,35,2.839432481607912,1.838750224551448,-0.3611111111111107,2.1797384391594155,1.98,pga,2026-06-08,1225,1.838750224551448,0.3099999999999998,-0.0499999999999999,0.03,0.0,3.0,55.0,0.96875,-6.078125,0.2129588593434926,0.015693046155174,0.044066529482293,-0.0339004019606162,0.1762756559960764,0.0108240296705653,0.0,0.9888234043667006,,0.183506196761847,-0.0236249195478542,0.1258451993467762,0.4059612111116855,0.1830355091222109,,1.775449125156069,-0.0208962739467408,-0.0304850633153738,21.76905777846952,0.3951358420365341,-0.0367161387431825,0.0790156249999999,-0.016,0.1118034011553336,0.0,0.0478919271126329,0.0,1.998160078424036,2026-06-15 10:00,2026-06-15 10:00
Shinnecock Hills Golf Club,1,2026-06-21,2026-06-18,26,U.S. Open,2026-06-15 17:20:45 UTC,no,pga,-14400,1,USA,30042928,0.0,0.0,"fleming, marek",70698,21,0,0.0,0.0,0.0,0.0,0.0,0.0,1995-01-01,-6.5,31,3.0,-2.5,4.440892098500626e-16,0.0,0.0,0,2026-06-08,961,-2.5,0.0,0.0,0.0,6.078125,0.0,0.0,0.0,0.0,0.0,0.0,0.0,0.0,0.0,0.0,0.0,,,,,,,,,,,,0.0,0.0,,-0.0,-0.03575,0.0,0.0,0.0,0.0,-3.65957314084068,2026-06-15 10:00,2026-06-15 10:00
Shinnecock Hills Golf Club,1,2026-06-21,2026-06-18,26,U.S. Open,2026-06-15 17:20:45 UTC,no,pga,-14400,0,USA,12965,50.0,41.0,"fowler, rickie",32102,204,27,0.0,0.0,0.0,0.0,0.0,0.0,1988-12-13,-2.5,37,3.1213731520934704,1.0165394968183568,-0.8611111111111107,1.8606103650794563,1.74375,pga,2026-06-05,1369,1.0165394968183568,-1.4,-0.0599999999999999,-0.26,9.0,0.0,49.0,-2.03125,2.921875,0.0021708205307978,0.0159611248453948,0.032222633260353,-0.0486944075243532,0.0016920265185919,0.0009894434308112,0.0,0.6216405562100296,,-0.1486834688945821,-0.0059102502374453,0.0151003115598039,0.3995107766962768,0.129618637916607,,0.9052202025585436,-0.016115490225874,-0.0225652858761518,26.150593052573942,-0.023302534339285,-0.0673755845901203,-0.037984375,-0.016,0.0011396807786688,0.0,0.0575313047156626,-0.0,0.9099068130528752,2026-06-15 10:00,2026-06-15 10:00
Shinnecock Hills Golf Club,1,2026-06-21,2026-06-18,26,U.S. Open,2026-06-15 17:20:45 UTC,no,pga,-14400,0,NZL,11889,60.0,60.0,"fox, ryan",29936,184,59,0.0,0.0,0.0,0.0,0.0,0.0,1987-01-22,-2.5,39,2.318801148159514,0.584630215078773,1.3888888888888893,0.874027546412707,0.6502,pga,2026-06-08,1521,0.584630215078773,0.3,0.27,-0.19,0.0,3.0,53.0,0.96875,-6.078125,-0.0027201152644902,0.000506498964878,0.0166445367548424,0.0985545236771641,-0.1207381574471764,0.0023124827858015,0.0,0.3278538435449309,,0.1342573723202942,-0.0025462219718034,0.0892206867790749,0.1354591227235813,0.048294199690395,,0.609266810249534,-0.0107809610435095,-0.014627470349661,28.83587375313828,0.2120991476832926,-0.0978637614437684,0.0790156249999999,-0.016,-0.0014280605138573,0.0,0.0634389222569042,0.0,0.7342932969925808,2026-06-15 10:00,2026-06-15 10:00
Shinnecock Hills Golf Club,1,2026-06-21,2026-06-18,26,U.S. Open,2026-06-15 17:20:45 UTC,no,pga,-14400,0,USA,29767,29.0,23.0,"gerard, ryan",59018,257,16,0.0,0.0,0.0,0.0,0.0,0.0,1999-08-02,-6.5,26,2.833373824465572,0.9689858346191376,0.2638888888888893,1.052923409241311,0.8760000000000001,pga,2026-06-07,676,0.9689858346191376,1.02,0.27,-0.11,7.0,3.0,65.0,0.96875,0.921875,0.0926640476731716,0.0065278092074306,0.0609751061927445,-0.0238968290321422,0.0575146652736459,-0.0084567039685073,0.0,0.4622387075023719,,0.2231927191181753,-0.0296386938102057,-0.0150632328328308,0.1827761803385466,0.0865287860591253,,0.9268220975252496,-0.0130048068124068,-0.0257684472285586,9.363120770094312,0.0,0.0555608851910324,-0.011984375,-0.0416,0.048648625028415,0.0,0.0205988656942074,0.0,0.942485213247872,2026-06-15 10:00,2026-06-15 10:00
Shinnecock Hills Golf Club,1,2026-06-21,2026-06-18,26,U.S. Open,2026-06-15 17:20:45 UTC,no,pga,-14400,0,USA,27774,17.0,11.0,"gotterup, chris",59095,572,9,0.0,0.0,0.0,0.0,0.0,0.0,1999-07-20,-6.5,26,2.7258557625752644,1.2244011872175296,1.3888888888888893,1.2477716048443157,1.118,pga,2026-06-07,676,1.2244011872175296,0.1699999999999999,0.0899999999999999,0.0,7.0,2.0,55.0,-0.03125,0.921875,0.0983952185388469,0.0110837319249105,0.0151346130420307,0.2285477512197072,-0.1584521239824337,0.0020812463346322,0.0,0.6381745579861895,,0.1529826480188747,-0.0309711049657139,0.0931417621564826,0.2310087834834409,0.110094224396944,,1.2017806305421472,-0.0193511528522414,-0.0280944021824234,19.64065684892174,0.0983114620685879,0.0547953145005942,-0.011984375,-0.0416,0.0516574897328946,0.0,0.0432094450676278,0.0,1.2430631903426697,2026-06-15 10:00,2026-06-15 10:00
Shinnecock Hills Golf Club,1,2026-06-21,2026-06-18,26,U.S. Open,2026-06-15 17:20:45 UTC,no,pga,-14400,0,USA,23465,92.0,67.0,"greyserman, max",51977,84,85,0.0,0.0,0.0,0.0,0.0,0.0,1995-05-31,-6.5,31,3.003771056666864,0.4091121324778498,-0.1111111111111107,1.1902183946185847,0.8933999999999999,pga,2026-06-08,961,0.4091121324778498,-0.22,-0.17,-0.01,2.0,1.0,47.0,-1.03125,-4.078125,0.0574585137826327,0.0015387767078611,0.0072867856026004,0.1174749785219075,-0.0721683599534944,0.003326332903758,0.0,0.195448721905639,0.0333751081716675,-0.0251265290211781,0.0027674752460064,0.034591709386429,,,0.0433950305261189,0.2992632017182107,-0.003705396748175,0.0011382324420822,20.955286446470883,0.046610603022183,0.0173788498096206,0.0477140625,-0.03575,0.0272927940467505,0.0,0.0461016301822359,0.0,0.3846216884471972,2026-06-15 10:00,2026-06-15 10:00
Shinnecock Hills Golf Club,1,2026-06-21,2026-06-18,26,U.S. Open,2026-06-15 17:20:45 UTC,no,pga,-14400,0,USA,24968,25.0,15.0,"griffin, ben",54591,239,35,0.0,0.0,0.0,0.0,0.0,0.0,1996-05-06,-6.5,30,2.4655755071572045,1.232349985278388,-0.1111111111111107,1.6449779556914352,1.4462000000000002,pga,2026-06-05,900,1.232349985278388,0.1699999999999999,0.12,0.0,9.0,0.0,57.0,-2.03125,2.921875,-0.0571168638957265,0.0184627439142821,-0.0024378332704202,0.0213874608593737,-0.1100916361970325,0.0155624007980703,0.0,0.6452957113172546,,0.1127061999227462,-0.0302966911723928,0.0460239698553877,0.3009231694052894,0.1277454371233812,,1.1975662073925628,-0.0120479339173969,-0.0192614914810167,10.325783339656663,-0.0005610677749771,0.0264778363393103,-0.037984375,-0.0416,-0.0299863535452564,0.0,0.0227167233472446,-0.0,1.110712202194551,2026-06-15 10:00,2026-06-15 10:00
Shinnecock Hills Golf Club,1,2026-06-21,2026-06-18,26,U.S. Open,2026-06-15 17:20:45 UTC,no,pga,-14400,0,ARG,12808,194.0,120.0,"grillo, emiliano",31646,95,123,0.0,0.0,0.0,0.0,0.0,0.0,1992-09-14,-4.5,33,3.0422736440151765,-0.1506446138287357,0.0138888888888892,1.068710810834124,0.8361538461538461,pga,2026-06-08,1089,-0.1506446138287357,0.16,0.01,0.05,0.0,2.0,48.0,-0.03125,-6.078125,0.0613979940866319,-0.009714565069394,0.0137525205549459,-0.1267116228236081,0.1908580437890906,-0.0067863823644026,0.0,-0.0551441296424873,0.033088572501177,0.1038225730766375,0.0187468682794053,0.0513063353178314,,,-0.0364482169075926,0.086491624222566,0.0132964604230329,-0.0323370656548451,-12.615758937588382,0.0393825173686462,-0.0098397731705929,0.0711140625,-0.0247499999999999,0.0291640471911501,0.0,-0.0277546696626944,0.0,0.1342650642510217,2026-06-15 10:00,2026-06-15 10:00
Shinnecock Hills Golf Club,1,2026-06-21,2026-06-18,26,U.S. Open,2026-06-15 17:20:45 UTC,no,pga,-14400,0,ENG,27194,47.0,66.0,"hall, harry",57975,115,50,0.0,0.0,0.0,0.0,0.0,0.0,1997-08-06,-6.5,28,2.4088669892598262,0.7536289591661043,-0.2361111111111107,1.2995695087988848,1.1098,pga,2026-06-08,784,0.7536289591661043,-0.0399999999999999,0.0199999999999999,-0.08,0.0,4.0,53.0,1.96875,-6.078125,0.0056501227252703,0.0143272273962993,0.0182295521016812,-0.005990834050969,-0.0353321849012299,0.0144163621794888,0.0,0.4350499757161135,,0.0371791225283535,-0.0064995666122351,-0.0567953400410797,0.2317162504838406,0.0953598980542205,,0.7511607067856121,-0.0094546179942833,-0.0142701476164739,-2.9428103635356235,0.066049729534793,0.0388751322671561,0.0790156249999999,-0.0416,0.0029663144307669,0.0,-0.0064741827997783,0.0,0.7850684634166006,2026-06-15 10:00,2026-06-15 10:00
Shinnecock Hills Golf Club,1,2026-06-21,2026-06-18,26,U.S. Open,2026-06-15 17:20:45 UTC,no,pga,-14400,0,USA,19864,257.0,359.0,"hammer, cole",47987,64,0,0.0,0.0,0.0,0.0,0.0,0.0,1999-08-28,-6.5,26,2.958178444771564,-0.5223475215785823,4.440892098500626e-16,-0.2455689849639601,-0.6352,kft,2026-06-07,676,-0.5223475215785823,-0.55,0.0,0.0,7.0,2.0,37.0,-0.03125,0.921875,-0.0387373732054675,-0.0062585292164683,-0.0069257777116046,-0.0755660485974264,0.0570170005040006,-0.0070040181839687,0.0,-0.2197752974418803,-0.0068877490350092,-0.0982484071185893,0.0432208431046838,-0.1447225224677802,,,-0.0663104936313876,-0.4306727840457482,0.0037988439371145,0.0070000390835181,0.0,0.0,0.0512519595235822,-0.0107859375,-0.03575,-0.018400252272597,0.0,0.0,0.0,-0.4956089738183453,2026-06-15 10:00,2026-06-15 10:00
Shinnecock Hills Golf Club,1,2026-06-21,2026-06-18,26,U.S. Open,2026-06-15 17:20:45 UTC,no,pga,-14400,1,USA,30042170,0.0,0.0,"harber, vaughn",70693,23,0,0.0,0.0,0.0,0.0,0.0,0.0,1995-01-01,-6.5,31,3.0,-2.5,4.440892098500626e-16,0.0,0.0,0,2026-06-07,961,-2.5,0.0,0.0,0.0,6.078125,0.0,0.0,0.0,0.0,0.0,0.0,0.0,0.0,0.0,0.0,0.0,,,,,,,,,,,,0.0,0.0,,-0.0,-0.03575,0.0,0.0,0.0,0.0,-3.86146357385955,2026-06-15 10:00,2026-06-15 10:00
Shinnecock Hills Golf Club,1,2026-06-21,2026-06-18,26,U.S. Open,2026-06-15 17:20:45 UTC,no,pga,-14400,0,USA,19865,380.0,0.0,"hardy, nick",47988,43,189,0.0,0.0,0.0,0.0,0.0,0.0,1996-01-26,-6.5,30,2.3,-0.8478882371117923,-0.9861111111111108,0.4817378367558085,0.2075999999999999,pga,2026-05-29,900,-0.8478882371117923,0.26,-0.04,0.14,16.0,0.0,33.0,-2.03125,9.921875,-0.0791972070908324,-0.0116733793828436,-0.0125010626195846,0.0816853860200245,-0.1309605206041882,-0.0057476305042405,0.0,-0.3937603449229359,0.0135267805301656,-0.149999515605205,0.0339632257944737,-0.0364385723751457,,,-0.1471461430106031,-0.6892943097007473,0.0271238578357621,-0.0602499363951904,16.271410661492002,0.0,0.0236863384479312,-0.1160859375,-0.03575,-0.0376186733681453,0.0,0.0357971034552824,0.0,-0.8429518171136102,2026-06-15 10:00,2026-06-15 10:00
Shinnecock Hills Golf Club,1,2026-06-21,2026-06-18,26,U.S. Open,2026-06-15 17:20:45 UTC,no,pga,-14400,0,USA,8825,64.0,59.0,"harman, brian",27644,197,74,0.0,0.0,0.0,0.0,0.0,0.0,1987-01-19,-2.5,39,2.9909099126727154,0.5503016877224771,-1.1111111111111107,1.4231282539601562,1.1544,pga,2026-06-05,1521,0.5503016877224771,0.0299999999999999,0.18,0.26,9.0,0.0,56.0,-2.03125,2.921875,0.0001498270007517,0.0046213443238134,0.0280919969144898,-0.0900786070340635,0.0484804567692232,0.0090346360272887,0.0,0.2968490893360184,,0.0387738496502619,-0.0156843923171024,-0.0524478593034811,0.2402058544886364,0.0418176573661503,,0.4427545168986257,-0.0048384808148607,-0.0040574400632285,26.1481195628448,0.2976851603356429,-0.0978637614437684,-0.037984375,-0.016,7.86591753946425e-05,0.0,0.0575258630382585,0.0,0.4463746641122789,2026-06-15 10:00,2026-06-15 10:00
Shinnecock Hills Golf Club,1,2026-06-21,2026-06-18,26,U.S. Open,2026-06-15 17:20:45 UTC,no,pga,-14400,0,IRL,5716,446.0,0.0,"harrington, padraig",20766,62,166,0.0,0.0,0.0,0.0,0.0,0.0,1971-08-31,-6.5,54,2.7,-0.7591717111574244,1.0138888888888893,0.3631205497848538,0.0372,pga,2026-06-08,2916,-0.7591717111574244,0.73,0.0899999999999999,0.13,2.0,1.0,19.0,-1.03125,-4.078125,-0.1999411148587417,-0.0131304503726734,0.0114864171066081,-0.0470526240690985,-0.157505241769372,0.0062607842457941,0.0,-0.3983818065105643,0.0101797020305603,-0.0437234794270702,0.0035886569959815,-0.1833564658071671,,,-0.1841456943323645,-1.2040768220011653,0.0301127163906097,-0.0601411357877209,37.79207191946101,0.2000414620991994,-0.3782093155534298,0.0477140625,-0.03575,-0.0949720295579023,0.0,0.0831425582228142,0.0,-1.2039422308362533,2026-06-15 10:00,2026-06-15 10:00
Shinnecock Hills Golf Club,1,2026-06-21,2026-06-18,26,U.S. Open,2026-06-15 17:20:45 UTC,no,pga,-14400,0,ENG,14796,39.0,21.0,"hatton, tyrrell",34363,545,0,0.0,0.0,0.0,0.0,0.0,0.0,1991-10-14,-2.5,34,3.150400153777272,1.0553173013734654,-1.4861111111111107,1.8306447644651351,1.6269999999999998,liv,2026-06-07,1156,1.0553173013734654,0.1599999999999999,0.27,0.1799999999999999,7.0,2.0,43.0,-0.03125,0.921875,0.2420528501293105,-0.0032257015002212,0.0540996132787639,0.1017284812732711,0.0860378402100685,0.0034126168674281,0.0,0.5346066709038297,,0.1684565912485404,-0.0089616962531276,0.0892392261425615,0.3386269989560004,0.0884175708855726,,1.158308740835922,-0.0105003752304955,-0.014371052707241,-3.892120181837212,0.1573340920189117,-0.0272051931097184,-0.011984375,-0.016,0.127077746317888,0.0,-0.0085626644000418,0.0,1.2488394477537683,2026-06-15 10:00,2026-06-15 10:00
Shinnecock Hills Golf Club,1,2026-06-21,2026-06-18,26,U.S. Open,2026-06-15 17:20:45 UTC,no,pga,-14400,0,USA,14578,8.0,5.0,"henley, russell",34098,597,11,0.0,0.0,0.0,0.0,0.0,0.0,1989-04-12,-2.5,37,2.3,1.629420157923844,0.6388888888888893,1.9459490445991008,1.7548,pga,2026-06-07,1369,1.629420157923844,0.5700000000000001,-0.06,0.18,7.0,3.0,47.0,0.96875,0.921875,0.1768108571186454,0.0111604888842104,0.0538116114475755,-0.1576155822566068,0.2567662713012821,0.0126880677421841,0.0,0.8370109581202917,,0.1669286394192008,-0.0077545860209687,0.0886830452379646,0.3651362036180347,0.1721355394048665,,1.5091197684968094,-0.0205314225868527,-0.0296882457625056,27.40161564250715,0.0531237085514735,-0.0628003629332221,-0.011984375,-0.016,0.0928256999872888,0.0,0.0602835544135157,0.0,1.6342446478976138,2026-06-15 10:00,2026-06-15 10:00
Shinnecock Hills Golf Club,1,2026-06-21,2026-06-18,26,U.S. Open,2026-06-15 17:20:45 UTC,no,pga,-14400,0,AUS,17064,101.0,89.0,"herbert, lucas",39058,79,0,0.0,0.0,0.0,0.0,0.0,0.0,1995-12-05,-4.5,30,3.2,0.544142686225922,4.440892098500626e-16,0.874189382080188,0.3783999999999999,liv,2026-06-07,900,0.544142686225922,-0.1699999999999999,0.0,-0.36,7.0,3.0,37.0,0.96875,0.921875,-0.1006420042256581,0.007349225398008,-0.0430543153450532,0.1247054363169832,-0.1875279025087714,-0.0021144480868246,0.0,0.2982215039724069,,0.0536701686139602,0.0114965272318993,0.0753161641641541,0.0789033783975146,0.0369932938232086,,0.5600843291892533,-0.0039209586870722,-0.0130130977049777,20.75682375909994,0.042292763447433,0.0224173493781592,-0.011984375,-0.0288,-0.0528370522184705,0.0,0.0456650122700198,0.0,0.5121279142408026,2026-06-15 10:00,2026-06-15 10:00
Shinnecock Hills Golf Club,1,2026-06-21,2026-06-18,26,U.S. Open,2026-06-15 17:20:45 UTC,no,pga,-14400,1,USA,35015,0.0,0.0,"herrington, jackson",70148,17,0,0.0,0.0,0.0,0.0,0.0,0.0,1995-01-01,-6.5,31,2.3,-1.853,4.440892098500626e-16,0.0,0.0,0,2026-06-07,961,-1.853,0.0,0.0,0.0,6.078125,0.0,0.0,0.0,0.0,-0.2331862068965517,0.0,0.0,0.0,-0.2331862068965517,0.0,0.0,,,,,,,,,,,,0.0,0.0,,-0.0,-0.03575,-0.110763448275862,0.0,0.0,0.0,-2.71288855568825,2026-06-15 10:00,2026-06-15 10:00
Shinnecock Hills Golf Club,1,2026-06-21,2026-06-18,26,U.S. Open,2026-06-15 17:20:45 UTC,no,pga,-14400,0,ESP,24127,0.0,316.0,"hidalgo portillo, angel",64594,26,0,0.0,0.0,0.0,0.0,0.0,0.0,1995-01-01,-6.5,31,3.2,-1.383,-0.8611111111111107,-1.3,-1.3,pga,2026-01-06,961,-1.383,-0.02,0.0,0.0,30.0,0.0,0.0,-2.03125,23.921875,-0.014417513874579,0.0,0.0,0.0,-0.014417513874579,0.0,0.0,,,,,,,,,,,,0.0,0.0,,-0.2798859375,-0.03575,-0.006848319090425,0.0,0.0,0.0,-1.28307153308703,2026-06-15 10:00,2026-06-15 10:00
Shinnecock Hills Golf Club,1,2026-06-21,2026-06-18,26,U.S. Open,2026-06-15 17:20:45 UTC,no,pga,-14400,0,USA,33442,0.0,0.0,"higgins, robbie",65460,21,0,0.0,0.0,0.0,0.0,0.0,0.0,1995-01-01,-6.5,31,3.2,-2.987875,4.440892098500626e-16,0.0,0.0,0,2026-01-06,961,-2.987875,0.0,0.0,0.0,6.078125,0.0,0.0,0.0,0.0,0.0,0.0,0.0,0.0,0.0,0.0,0.0,-1.298112205784983,-0.0796369033079175,-1.4048938695140034,0.0356725347513072,-0.2063534065605232,,,-0.5124402773146692,,,-0.0864004824022807,0.0,0.0,-0.0103852421189981,-0.0,-0.03575,0.0,0.0,0.0,0.0,-2.89795419233112,2026-06-15 10:00,2026-06-15 10:00
Shinnecock Hills Golf Club,1,2026-06-21,2026-06-18,26,U.S. Open,2026-06-15 17:20:45 UTC,no,pga,-14400,0,USA,14140,438.0,356.0,"higgs, harry",33597,73,0,0.0,0.0,0.0,0.0,0.0,0.0,1991-12-04,-6.5,34,2.3,-1.0882057338628537,4.440892098500626e-16,0.7129141665952841,0.4469999999999999,kft,2026-06-08,1156,-1.0882057338628537,-0.0599999999999998,0.0,0.0,0.0,3.0,38.0,0.96875,-6.078125,-0.0233736000557993,0.0008768659454542,-0.0507836976758536,0.0594153428597762,-0.0192206442813176,-0.0136614669038586,0.0,-0.4531111300508812,0.0199909435998452,-0.0799579646005027,0.0215288843300532,-0.003321307210355,,,-0.1838650149942422,-0.7251921540279509,0.0358664568254927,-0.0646773773312641,16.478735180837415,0.0,-0.0176456445960966,0.0711140625,-0.03575,-0.0111024600265046,0.0,0.0362532173978423,0.0,-0.6646773341566132,2026-06-15 10:00,2026-06-15 10:00
Shinnecock Hills Golf Club,1,2026-06-21,2026-06-18,26,U.S. Open,2026-06-15 17:20:45 UTC,no,pga,-14400,0,JPN,22760,102.0,61.0,"hisatsune, ryo",51287,104,40,0.0,0.0,0.0,0.0,0.0,0.0,2002-09-09,-6.5,23,2.9619552666099804,0.2718529409124255,-0.7361111111111107,0.6291231682789116,0.5052,pga,2026-06-07,529,0.2718529409124255,-0.7000000000000001,-0.21,-0.07,7.0,7.0,67.0,4.0,0.921875,0.0645025656233589,-0.0003066790994967,0.0209235625089772,0.0259553589157527,0.0169929948833934,0.0009373284147321,0.0,0.1637374420836181,0.0176413453947177,-0.2299244520186217,0.0038773667105687,0.0773618921195401,,,0.0684757342397594,0.1996507153428397,-0.0168501676953579,0.0468806438395897,7.387037238880698,-0.1075974432713962,0.0684509106690254,-0.0107859375,-0.03575,0.0306387186710954,0.0,0.0162514819255375,-0.0,0.2000049784394727,2026-06-15 10:00,2026-06-15 10:00
Shinnecock Hills Golf Club,1,2026-06-21,2026-06-18,26,U.S. Open,2026-06-15 17:20:45 UTC,no,pga,-14400,0,DEN,23602,31.0,32.0,"hojgaard, nicolai",52453,145,24,0.0,0.0,0.0,0.0,0.0,0.0,2001-03-12,-6.5,25,2.727042189524812,1.044085397567975,0.2638888888888893,1.1735114803969529,0.9692,pga,2026-06-08,625,1.044085397567975,-0.4,0.05,-0.4499999999999999,2.0,2.0,59.0,-0.03125,-4.078125,0.0926408248842549,0.0027885832998907,0.050427173983987,0.214721996266467,-0.1757151617158088,0.0004182330497189,0.0,0.5566220308246096,,-0.0178644218244606,0.0047463587729657,0.0609945058707857,0.1993392312890798,0.0929160901581217,,0.9250958218432151,-0.0177633208784465,-0.0207209311356111,17.93541390747506,0.384457721724372,0.066826278766171,0.053015625,-0.0416,0.0486364330642338,0.0,0.0394579105964451,0.0,1.024605790503894,2026-06-15 10:00,2026-06-15 10:00
Shinnecock Hills Golf Club,1,2026-06-21,2026-06-18,26,U.S. Open,2026-06-15 17:20:45 UTC,no,pga,-14400,0,USA,7959,0.0,0.0,"holmes, j.b.",27141,51,0,0.0,0.0,0.0,0.0,0.0,0.0,1982-04-26,-6.5,44,3.1653024938542345,-0.3540187499999998,0.1388888888888892,0.57,0.57,pga,2025-07-11,1936,-0.3540187499999998,-0.01,0.07,0.25,30.0,0.0,0.0,-2.03125,23.921875,-0.1690128591380374,-0.0108168260879189,-0.0666152747473541,0.0566943000322825,-0.1459868926141554,-0.0022881657208915,0.0,-0.7899046100207909,0.0193484025642475,-0.3554902144155628,0.0401244670882703,-0.0355615703972635,,,-0.3365144778844571,-1.6933647319760765,0.0583280416968074,-0.1532900718369778,-13.891278349104056,0.0,-0.1404046987703493,-0.2798859375,-0.03575,-0.0802811080905677,0.0,-0.0305608123680289,0.0,-2.92783669476743,2026-06-15 10:00,2026-06-15 10:00
Shinnecock Hills Golf Club,1,2026-06-21,2026-06-18,26,U.S. Open,2026-06-15 17:20:45 UTC,no,pga,-14400,1,USA,35014,0.0,0.0,"holtz, brandon",70147,16,0,0.0,0.0,0.0,0.0,0.0,0.0,1995-01-01,-6.5,31,2.3,-5.353,4.440892098500626e-16,0.0,0.0,0,2025-07-11,961,-5.353,0.0,0.0,0.0,6.078125,0.0,0.0,0.0,0.0,-0.1179862068965516,0.0,0.0,0.0,-0.1179862068965516,0.0,0.0,,,,,,,,,,,,0.0,0.0,,-0.0,-0.03575,-0.056043448275862,0.0,0.0,0.0,-3.78822011132767,2026-06-15 10:00,2026-06-15 10:00
Shinnecock Hills Golf Club,1,2026-06-21,2026-06-18,26,U.S. Open,2026-06-15 17:20:45 UTC,no,pga,-14400,0,USA,11276,168.0,146.0,"horschel, billy",29420,130,88,0.0,0.0,0.0,0.0,0.0,0.0,1986-12-07,-6.5,39,2.7146140391395432,-0.3131977587495494,0.7638888888888893,1.3223860575649735,1.1952,pga,2026-06-08,1521,-0.3131977587495494,0.14,-0.1,-0.06,0.0,7.0,57.0,4.0,-6.078125,-0.0343977765033521,0.0023984934108229,0.0148864977207742,-0.0194550987685419,-0.021438193900139,-0.0107894749662683,0.0,-0.0993324564789982,0.0370812431697784,0.0838850827048914,0.0010071545644785,-0.028827570896505,,,-0.0520559929596063,-0.1583772589135763,0.0074664718758278,-0.0252279122842945,5.588795790510354,-0.0945172454585229,-0.0823732786091485,0.0711140625,-0.03575,-0.0163389438390922,0.0,0.0122953507391227,-0.0,-0.1270567895135457,2026-06-15 10:00,2026-06-15 10:00
Shinnecock Hills Golf Club,1,2026-06-21,2026-06-18,26,U.S. Open,2026-06-15 17:20:45 UTC,no,pga,-14400,0,NOR,18841,32.0,33.0,"hovland, viktor",46717,614,53,0.0,0.0,0.0,0.0,0.0,0.0,1997-09-18,-6.5,28,2.751306366370566,0.9997211307827272,1.1388888888888893,2.4331487883365304,2.003,pga,2026-06-08,784,0.9997211307827272,0.1499999999999999,-0.1,-0.09,0.0,2.0,49.0,-0.03125,-6.078125,0.1593334348020978,0.0072279919626217,0.0572858507083029,-0.0558793971927564,0.1447924260420777,0.0059065632818517,0.0,0.540250044360168,,0.1549049512344235,-0.0130145445679837,0.032286301511846,0.4167812946472096,0.1244696733402193,,1.2626942911822097,-0.0125986916651586,-0.0192598699456706,31.707031654783844,0.0246246383032402,0.0388751322671561,0.0790156249999999,-0.0416,0.0836500532711013,0.0,0.0697554696405244,0.0,1.4535154390938354,2026-06-15 10:00,2026-06-15 10:00
Shinnecock Hills Golf Club,1,2026-06-21,2026-06-18,26,U.S. Open,2026-06-15 17:20:45 UTC,no,pga,-14400,1,USA,33759,0.0,0.0,"howell, mason",68607,27,0,0.0,0.0,0.0,0.0,0.0,0.0,1995-01-01,-6.5,31,2.4795048232192145,-2.286785714285714,4.440892098500626e-16,0.0,0.0,0,2026-06-08,961,-2.286785714285714,0.0,0.0,0.0,6.078125,0.0,0.0,0.0,0.0,-0.0039672992121921,0.0,0.0,0.0,-0.0039672992121921,0.0,0.0,,,,,,,,,,,,0.0,0.0,,-0.0,-0.03575,-0.0018844671257912,0.0,0.0,0.0,-1.88158573133731,2026-06-15 10:00,2026-06-15 10:00
Shinnecock Hills Golf Club,1,2026-06-21,2026-06-18,26,U.S. Open,2026-06-15 17:20:45 UTC,no,pga,-14400,0,KOR,17488,100.0,72.0,"im, sungjae",39971,126,57,0.0,0.0,0.0,0.0,0.0,0.0,1998-03-30,-4.5,28,3.0820801080289413,0.4395258700398822,-0.3611111111111107,1.745243834945784,1.5532,pga,2026-06-07,784,0.4395258700398822,-0.66,0.1199999999999999,0.0399999999999999,7.0,7.0,41.0,4.0,0.921875,-0.0057592520625667,0.0045846071174687,-0.0449071600825307,-0.0003833666655144,0.0189290637523569,0.0160176038156527,0.0,0.2191391866587194,0.0489385818971129,0.0320441450074401,-0.011889180198814,0.0446479987328118,,,0.0857976591067342,0.4764290663474643,-0.0116812583765356,0.0279303959445773,-37.13937893403036,-0.167136119558299,0.0415015375754181,-0.0107859375,-0.0247499999999999,-0.0027356447297191,0.0,-0.0817066336548668,-0.0,0.3564508504628783,2026-06-15 10:00,2026-06-15 10:00
Shinnecock Hills Golf Club,1,2026-06-21,2026-06-18,26,U.S. Open,2026-06-15 17:20:45 UTC,no,pga,-14400,0,USA,29827,143.0,0.0,"james, ben",57869,120,T200,0.0,0.0,0.0,0.0,0.0,0.0,2004-01-01,-6.5,22,2.7,-0.1959812242798354,0.8888888888888893,-0.19,-0.19,pga,2026-06-08,484,-0.1959812242798354,-0.01,0.0,0.0,0.0,2.0,5.0,-0.03125,-6.078125,0.0897461251053217,-0.0185616299566641,0.0355611074130879,0.0237564262103681,0.0495992812131354,-0.0006090597746055,0.0,-0.0397407199149745,-0.0010749112535693,0.0568465287303704,0.0069169044882784,0.0065689167755099,,,0.0027065507604648,0.0488214247594824,0.0020797140134383,-0.0126336705379335,0.0,0.0,0.0271521116978977,0.0711140625,-0.03575,0.0426294094250278,0.0,0.0,0.0,0.25,2026-06-15 10:00,2026-06-15 10:00
Shinnecock Hills Golf Club,1,2026-06-21,2026-06-18,26,U.S. Open,2026-06-15 17:20:45 UTC,no,pga,-14400,0,USA,12422,76.0,242.0,"johnson, dustin",30925,277,0,0.0,0.0,0.0,0.0,0.0,0.0,1984-06-22,-2.5,42,2.442186087304601,0.6057636690376011,4.440892098500626e-16,2.5332485422934865,2.4966666666666666,liv,2026-06-07,1764,0.6057636690376011,0.49,0.1999999999999999,0.0,7.0,3.0,47.0,0.96875,0.921875,0.0997209339197582,0.0081254121885896,0.0021333439277504,0.1221784588497768,-0.0302015891633081,-0.0025146918830504,0.0,0.2866208757974339,,0.1700064788747627,-0.0320827318739302,0.0675389011815418,0.4833248083906832,0.0297782417063305,,0.8427920739680024,-0.0077153309357193,-0.0108632268646461,2.552995529332661,-0.042330258562087,-0.1438159423084542,-0.011984375,-0.016,0.052353490307873,0.0,0.0056165901645318,-0.0,0.8727777794404072,2026-06-15 10:00,2026-06-15 10:00
Shinnecock Hills Golf Club,1,2026-06-21,2026-06-18,26,U.S. Open,2026-06-15 17:20:45 UTC,no,pga,-14400,0,ENG,25601,226.0,273.0,"jordan, matthew",55955,58,0,0.0,0.0,0.0,0.0,0.0,0.0,1996-01-18,-6.5,30,2.3,-0.5078617275560618,4.440892098500626e-16,0.323560963911355,0.1206,euro,2026-06-05,900,-0.5078617275560618,-0.2799999999999999,0.0,0.0,9.0,0.0,37.0,-2.03125,2.921875,-0.3076677914097219,0.0125083812017586,-0.0140322367744048,-0.0540570873994091,-0.2600810891276776,0.0079942406900111,0.0,-0.2258751141326553,0.0090417597443997,-0.1154251736107627,0.0356725347513072,-0.2063534065605232,,,-0.065408310044566,-0.5657042538433708,0.0139461129165551,-0.0349889953550569,21.993525878798025,0.2991215604855085,0.0236863384479312,-0.0341859375,-0.03575,-0.1461422009196178,0.0,0.0483857569333556,0.0,-0.7333966353296328,2026-06-15 10:00,2026-06-15 10:00
Shinnecock Hills Golf Club,1,2026-06-21,2026-06-18,26,U.S. Open,2026-06-15 17:20:45 UTC,no,pga,-14400,0,USA,32457,132.0,77.0,"keefer, johnny",63454,94,81,0.0,0.0,0.0,0.0,0.0,0.0,2001-06-01,-6.5,25,2.708501252462549,0.2795214350801758,1.1388888888888893,0.924779664915473,0.7310000000000001,pga,2026-06-08,625,0.2795214350801758,0.19,0.25,0.15,0.0,2.0,55.0,-0.03125,-6.078125,0.1717582423606793,-0.0091594924300367,0.0246872529038026,0.1640963834747146,0.0056772239192753,-0.0135431255070765,0.0,0.1193279062143965,0.0259318974492964,0.0568469663246504,0.012145784632125,0.0914283160000824,,,0.0092924909442624,0.3679211139460647,-0.0015235705530645,-0.0052970962420953,-16.180184905786536,0.0,0.0597684191764112,0.0711140625,-0.03575,0.0815851651213226,0.0,-0.0355964067927303,0.0,0.449273934774657,2026-06-15 10:00,2026-06-15 10:00
Shinnecock Hills Golf Club,1,2026-06-21,2026-06-18,26,U.S. Open,2026-06-15 17:20:45 UTC,no,pga,-14400,0,USA,17543,66.0,48.0,"kim, michael",39975,96,62,0.0,0.0,0.0,0.0,0.0,0.0,1993-07-14,-6.5,32,3.1845591892677825,0.5846670044935702,-0.3611111111111107,0.9509200201948074,0.743,pga,2026-06-07,1024,0.5846670044935702,-0.04,-0.1099999999999999,0.21,7.0,3.0,58.0,0.96875,0.921875,-0.0757816761482848,0.0172320668128796,0.0175892574001597,-0.0332892445379674,-0.0825832608617026,0.0052695050383458,0.0,0.316436119981616,,0.023203257858445,-0.0230084658073123,-0.0566841038601603,0.1546023474402779,0.0474384532961035,,0.4441550258679544,-0.0057020005115134,-0.0077545999161316,-7.789172396475683,0.0181443060804835,-0.0043759826133702,-0.011984375,-0.0416,-0.0397853799778495,0.0,-0.0171361792722465,0.0,0.3336490916178584,2026-06-15 10:00,2026-06-15 10:00
Shinnecock Hills Golf Club,1,2026-06-21,2026-06-18,26,U.S. Open,2026-06-15 17:20:45 UTC,no,pga,-14400,0,KOR,14609,10.0,18.0,"kim, si woo",37455,420,4,0.0,0.0,0.0,0.0,0.0,0.0,1995-06-28,-4.5,30,2.581358242234499,1.4972385174787926,-0.4861111111111107,1.560705101345606,1.3858,pga,2026-06-07,900,1.4972385174787926,0.81,0.04,0.08,7.0,2.0,65.0,-0.03125,0.921875,0.1288455831190646,0.0005676488457766,0.0422591959001362,-0.0518115952775346,0.1260026570829599,0.0118276765677265,0.0,0.7535794064091609,,0.2358216117121876,-0.0088524767317056,0.0875336047017979,0.288355226221719,0.1428928297094625,,1.463925862659939,-0.0208250340004858,-0.0317582953542333,-3.869281453829841,0.0650008517018227,0.0171789899920357,-0.011984375,-0.0288,0.0676439311375089,0.0,-0.0085124191984256,0.0,1.4822729995990225,2026-06-15 10:00,2026-06-15 10:00
Shinnecock Hills Golf Club,1,2026-06-21,2026-06-18,26,U.S. Open,2026-06-15 17:20:45 UTC,no,pga,-14400,0,USA,18349,0.0,0.0,"kim, t.k.",46155,46,0,0.0,0.0,0.0,0.0,0.0,0.0,1995-01-01,-6.5,31,3.2,-3.4616666666666664,4.440892098500626e-16,0.0,0.0,0,2026-06-07,961,-3.4616666666666664,0.0,0.0,0.0,6.078125,0.0,0.0,0.0,0.0,0.0,0.0,0.0,0.0,0.0,0.0,0.0,,,,,,,,,,,,0.0,0.0,,-0.0,-0.03575,0.0,0.0,0.0,0.0,-5.54154874354451,2026-06-15 10:00,2026-06-15 10:00
Shinnecock Hills Golf Club,1,2026-06-21,2026-06-18,26,U.S. Open,2026-06-15 17:20:45 UTC,no,pga,-14400,0,KOR,24766,120.0,152.0,"kim, tom",55182,191,98,0.0,0.0,0.0,0.0,0.0,0.0,2002-06-21,-6.5,24,2.3071302486165863,0.1971373401696086,-0.1111111111111107,1.5550730404439697,1.3952,pga,2026-06-08,576,0.1971373401696086,-0.18,0.05,-0.03,0.0,2.0,51.0,-0.03125,-6.078125,-0.0842209237342348,-0.0041250653433119,0.0390801949929596,-0.1163242773578255,-0.010356289011088,0.007504512985031,0.0,0.1116956522785223,0.0436060568164034,0.1415804141391818,0.0066476957593552,-0.0239576305016767,,,0.0463722363626302,0.4005427359748073,-0.01247332519577,0.0200207197822565,23.689429012922,0.4105076393800769,0.0670509165339046,0.0711140625,-0.03575,-0.0400049387737615,0.0,0.0521167438284284,0.0,0.4480186035294741,2026-06-15 10:00,2026-06-15 10:00
Shinnecock Hills Golf Club,1,2026-06-21,2026-06-18,26,U.S. Open,2026-06-15 17:20:45 UTC,no,pga,-14400,0,ENG,18027,175.0,213.0,"kimsey, nathan",45426,44,0,0.0,0.0,0.0,0.0,0.0,0.0,1993-03-21,-6.5,33,2.4486347954308245,-0.2117480692664441,4.440892098500626e-16,0.187657714427652,-0.0411999999999999,euro,2026-06-06,1089,-0.2117480692664441,-0.16,0.0,0.0,8.0,0.0,50.0,-2.03125,1.921875,0.0316954770209987,0.0,0.0,0.0,0.0316954770209987,0.0,0.0,-0.0878322887265578,0.0052618655448613,-0.0367949881719121,0.0356725347513072,-0.2063534065605232,,,-0.0649572182511552,-0.3574218162303733,-0.0049576960915275,0.0059339408234489,4.643965840121152,0.0,-0.0033945595483146,-0.0224859375,-0.03575,0.0150553515849743,0.0,0.0102167248482665,0.0,-0.3903856772971323,2026-06-15 10:00,2026-06-15 10:00
Shinnecock Hills Golf Club,1,2026-06-21,2026-06-18,26,U.S. Open,2026-06-15 17:20:45 UTC,no,pga,-14400,0,USA,12423,110.0,104.0,"kirk, chris",30926,73,133,0.0,0.0,0.0,0.0,0.0,0.0,1985-05-08,-6.5,41,2.3,0.2905381401744316,-0.8611111111111107,1.0337888013312124,0.8336000000000001,pga,2026-06-08,1681,0.2905381401744316,-0.3299999999999999,-0.05,-0.08,2.0,1.0,42.0,-1.03125,-4.078125,0.0509221582531676,-0.005636025179272,0.0298899893530521,-0.0177275233092375,0.0393259826625434,0.0050697347260815,0.0,0.1360484523636491,0.028988640426909,-0.0699273484444252,0.0145146787565102,0.0170103991474724,,,0.0743399275540999,0.0807972406819339,-0.0081575349331158,-0.005609709369631,32.32417554663641,-0.0472135289883277,-0.1064102648195347,0.0477140625,-0.03575,0.0241880251702546,0.0,0.0711131862026001,-0.0,0.1880625145547886,2026-06-15 10:00,2026-06-15 10:00
Shinnecock Hills Golf Club,1,2026-06-21,2026-06-18,26,U.S. Open,2026-06-15 17:20:45 UTC,no,pga,-14400,0,USA,21891,26.0,31.0,"kitayama, kurt",48117,268,26,0.0,0.0,0.0,0.0,0.0,0.0,1993-01-14,-6.5,33,3.09187201843389,1.135446608417963,0.3888888888888893,1.1909219153823758,1.0056,pga,2026-06-07,1089,1.135446608417963,0.1599999999999999,0.18,0.03,7.0,2.0,54.0,-0.03125,0.921875,0.2196480693372102,0.0021016971922406,0.0593894842730437,0.1278161635147894,0.0376164615444877,-0.0072757371873512,0.0,0.5862353614710528,,0.149374262786017,-0.0150103135529881,0.1073614539506749,0.209243769294675,0.0999034150235349,,1.089760615261674,-0.0143236000490965,-0.0225413880110512,8.820900418993794,0.1911829726662549,-0.0104823456511448,-0.011984375,-0.0416,0.1153152364020353,0.0,0.0194059809217863,0.0,1.1708974575854956,2026-06-15 10:00,2026-06-15 10:00
Shinnecock Hills Golf Club,1,2026-06-21,2026-06-18,26,U.S. Open,2026-06-15 17:20:45 UTC,no,pga,-14400,0,USA,19396,23.0,42.0,"knapp, jake",47420,207,31,0.0,0.0,0.0,0.0,0.0,0.0,1994-05-31,-6.5,32,2.38230956203767,1.3456564139283431,0.7638888888888893,1.4620942832681767,0.9996,pga,2026-04-19,1024,1.3456564139283431,-0.3299999999999998,-0.1,0.26,30.0,0.0,35.0,-2.03125,23.921875,0.1791414681659672,0.0258042789127803,0.0176631722575891,0.1749290654763877,-0.0399028482332064,0.0006477997524163,0.0,0.7336451315715252,,0.0637136290042245,-0.0221316943730742,0.0481745360198288,0.2057064342926767,0.1206798198023148,,1.100293496290096,-0.0212140234027824,-0.0355745778045144,-3.602963028991349,0.0,0.0072942411798966,-0.310984375,-0.0416,0.0940492707871328,0.0,-0.0079265186637809,0.0,0.833831873413448,2026-06-15 10:00,2026-06-15 10:00
Shinnecock Hills Golf Club,1,2026-06-21,2026-06-18,26,U.S. Open,2026-06-15 17:20:45 UTC,no,pga,-14400,0,USA,16243,63.0,109.0,"koepka, brooks",36689,398,71,0.0,0.0,0.0,0.0,0.0,0.0,1990-05-03,-2.5,36,2.581567008615699,0.6694181796434435,0.3888888888888893,1.9090868962969816,1.7425,pga,2026-06-08,1296,0.6694181796434435,-0.1699999999999999,-0.0499999999999999,-0.1,1.0,1.0,40.0,-1.03125,-5.078125,0.1004720934129688,-0.0099433940261441,0.0409262835016885,0.120291540844132,-0.0513565415011725,0.0005542045944648,0.0,0.3744513185619164,,0.094384564194234,-0.0080591275699647,0.0854015779008433,0.3682989972668802,0.0556383551618007,,0.890608297191205,-0.012521259740747,-0.0204046093826868,47.72872959344355,-0.0284914380420034,-0.046581519201071,0.066015625,-0.016,0.0527478490418086,0.0,0.1050032051055758,-0.0,1.0983749763385895,2026-06-15 10:00,2026-06-15 10:00
Shinnecock Hills Golf Club,1,2026-06-21,2026-06-18,26,U.S. Open,2026-06-15 17:20:45 UTC,no,pga,-14400,0,USA,16395,158.0,191.0,"kohles, ben",36884,77,159,0.0,0.0,0.0,0.0,0.0,0.0,1990-02-24,-6.5,36,2.726816178376052,-0.1561928703716298,-0.9861111111111108,0.3543587171995049,0.0843999999999999,pga,2026-06-08,1296,-0.1561928703716298,0.41,0.0,0.0,0.0,7.0,44.0,4.0,-6.078125,0.058081196880754,-0.0237750278249941,0.0518027762564928,-0.158693873618816,0.187786802062411,0.0009605200056603,0.0,-0.0456264749089511,0.009936630568514,0.1562617270624296,0.0140831203583188,0.0107189130630049,,,-0.0598147718062721,0.0443611806345685,0.0023422148826311,-0.0044057548313349,9.119857074554492,0.0,-0.0391344237537717,0.0711140625,-0.03575,0.0275885685183581,0.0,0.0200636855640198,0.0,0.1273774972169465,2026-06-15 10:00,2026-06-15 10:00
Shinnecock Hills Golf Club,1,2026-06-21,2026-06-18,26,U.S. Open,2026-06-15 17:20:45 UTC,no,pga,-14400,0,USA,32319,52.0,254.0,"koivun, jackson",66701,321,0,0.0,0.0,0.0,0.0,0.0,0.0,2005-05-23,-6.5,21,2.877605016647688,0.6231367187499999,1.0138888888888893,1.89,1.89,pga,2025-09-14,441,0.6231367187499999,-0.3899999999999999,-0.0999999999999999,-0.11,30.0,0.0,0.0,-2.03125,23.921875,0.2274348945991245,0.0194293380363636,0.0713102742363636,0.0106418458181818,0.1334473019627609,-0.0073938654545454,0.0,0.9923688285293224,,0.2266117258687115,-0.0190732127440487,0.0308680402051241,0.3932684208103975,0.1553189993175468,,1.722182568959772,-0.0404051438975084,-0.051026697930725,0.0,0.0,0.0342516088009521,-0.310984375,-0.0416,0.1194033196645403,0.0,0.0,0.0,0.785996268665563,2026-06-15 10:00,2026-06-15 10:00
Shinnecock Hills Golf Club,1,2026-06-21,2026-06-18,26,U.S. Open,2026-06-15 17:20:45 UTC,no,pga,-14400,1,USA,30039832,0.0,0.0,"kyes, chase",70692,20,0,0.0,0.0,0.0,0.0,0.0,0.0,1995-01-01,-6.5,31,3.0,-2.5,4.440892098500626e-16,0.0,0.0,0,2025-09-14,961,-2.5,0.0,0.0,0.0,6.078125,0.0,0.0,0.0,0.0,0.0,0.0,0.0,0.0,0.0,0.0,0.0,,,,,,,,,,,,0.0,0.0,,-0.0,-0.03575,0.0,0.0,0.0,0.0,-2.815124238627,2026-06-15 10:00,2026-06-15 10:00
Shinnecock Hills Golf Club,1,2026-06-21,2026-06-18,26,U.S. Open,2026-06-15 17:20:45 UTC,no,pga,-14400,0,USA,35062,0.0,0.0,"leach, greyson",67358,23,0,0.0,0.0,0.0,0.0,0.0,0.0,1995-01-01,-6.5,31,3.0,-2.5,4.440892098500626e-16,0.0,0.0,0,2025-09-14,961,-2.5,0.0,0.0,0.0,6.078125,0.0,0.0,0.0,0.0,0.0,0.0,0.0,0.0,0.0,0.0,0.0,,,,,,,,,,,,0.0,0.0,,-0.0,-0.03575,0.0,0.0,0.0,0.0,-1.37180219905586,2026-06-15 10:00,2026-06-15 10:00
Shinnecock Hills Golf Club,1,2026-06-21,2026-06-18,26,U.S. Open,2026-06-15 17:20:45 UTC,no,pga,-14400,1,USA,33756,0.0,0.0,"lee, bryan",68608,53,0,0.0,0.0,0.0,0.0,0.0,0.0,1995-01-01,-6.5,31,2.3,-3.342,4.440892098500626e-16,0.0,0.0,0,2025-09-14,961,-3.342,0.0,0.0,0.0,6.078125,0.0,0.0,0.0,0.0,-0.300327927927928,0.0,0.0,0.0,-0.300327927927928,0.0,0.0,,,,,,,,,,,,0.0,0.0,,-0.0,-0.03575,-0.1426557657657658,0.0,0.0,0.0,-2.42015722191795,2026-06-15 10:00,2026-06-15 10:00
Shinnecock Hills Golf Club,1,2026-06-21,2026-06-18,26,U.S. Open,2026-06-15 17:20:45 UTC,no,pga,-14400,1,USA,30035245,0.0,0.0,"lee, eric",70734,24,0,0.0,0.0,0.0,0.0,0.0,0.0,1995-01-01,-6.5,31,3.0,-2.5,4.440892098500626e-16,0.0,0.0,0,2025-09-14,961,-2.5,0.0,0.0,0.0,6.078125,0.0,0.0,0.0,0.0,0.0,0.0,0.0,0.0,0.0,0.0,0.0,,,,,,,,,,,,0.0,0.0,,-0.0,-0.03575,0.0,0.0,0.0,0.0,-1.72145207963202,2026-06-15 10:00,2026-06-15 10:00
Shinnecock Hills Golf Club,1,2026-06-21,2026-06-18,26,U.S. Open,2026-06-15 17:20:45 UTC,no,pga,-14400,0,AUS,16841,30.0,36.0,"lee, min woo",37378,231,20,0.0,0.0,0.0,0.0,0.0,0.0,1998-07-27,-6.5,27,2.7432808041610905,1.076853259569611,1.1388888888888893,1.3247912143572445,0.98,pga,2026-06-05,729,1.076853259569611,0.0,-0.19,-0.0899999999999999,9.0,0.0,49.0,-2.03125,2.921875,0.1257258134887401,0.0060741129568514,-0.0045181635822497,0.1566592009245496,-0.0424754324176593,0.009986095607248,0.0,0.5828765333583545,,0.0477546627360946,0.0060878157170579,0.0765861105629836,0.2025020249379253,0.1012338798069444,,1.0176601804866938,-0.0185945931723967,-0.0275280260494765,29.907814624582624,-0.1569525613429083,0.0467417725892065,-0.037984375,-0.0416,0.0660060520815885,0.0,0.0657971921740817,-0.0,1.0698790497423645,2026-06-15 10:00,2026-06-15 10:00
Shinnecock Hills Golf Club,1,2026-06-21,2026-06-18,26,U.S. Open,2026-06-15 17:20:45 UTC,no,pga,-14400,0,IRL,13900,27.0,43.0,"lowry, shane",33204,275,52,0.0,0.0,0.0,0.0,0.0,0.0,1987-04-02,-4.5,39,2.5178590371275047,1.1447633535669084,1.0138888888888893,1.7001835172141142,1.4356,pga,2026-06-08,1521,1.1447633535669084,0.1299999999999999,0.0999999999999999,-0.11,0.0,3.0,53.0,0.96875,-6.078125,0.0706429829422452,0.010145664719442,0.0532474905284347,-0.0535923918102214,0.0598977375288723,0.0009444819757175,0.0,0.6266596645777579,,0.092357206927513,-0.0120449700434575,0.0448281809105045,0.2987175369922786,0.120695220493969,,1.0354719403992072,-0.0166834627097967,-0.0245259242638453,69.85072168276916,0.438804394080211,-0.0945315124857165,0.0790156249999999,-0.0288,0.0370875660446787,0.0,0.1536715877020921,0.0,1.2764467191459783,2026-06-15 10:00,2026-06-15 10:00
Shinnecock Hills Golf Club,1,2026-06-21,2026-06-18,26,U.S. Open,2026-06-15 17:20:45 UTC,no,pga,-14400,0,SCO,23323,34.0,17.0,"macintyre, robert",52215,318,34,0.0,0.0,0.0,0.0,0.0,0.0,1996-08-03,-6.5,29,2.613788280231884,0.8863646942107523,0.0138888888888892,1.6777964440968958,1.4111999999999998,pga,2026-06-08,841,0.8863646942107523,-0.1799999999999999,-0.29,0.07,0.0,4.0,51.0,1.96875,-6.078125,0.0414809468719719,0.0211696715069866,-0.0212525401191294,0.0655826419788197,-0.0277499475017054,0.0037311210070005,0.0,0.5064746613171466,,0.0681509085011713,-0.0055055349556113,0.0908799598111221,0.2936404208717634,0.135199591893895,,1.0814143619130172,-0.0150749527291477,-0.0217979440379766,31.633983933463306,0.4905038085164563,0.0294472512406541,0.0790156249999999,-0.0416,0.0217774971077852,0.0,0.0695947646536192,0.0,1.2102022486744215,2026-06-15 10:00,2026-06-15 10:00
Shinnecock Hills Golf Club,1,2026-06-21,2026-06-18,26,U.S. Open,2026-06-15 17:20:45 UTC,no,pga,-14400,0,JPN,13562,33.0,25.0,"matsuyama, hideki",32839,341,32,0.0,0.0,0.0,0.0,0.0,0.0,1992-02-25,-2.5,34,2.545819194567551,1.0488585700269593,-0.3611111111111107,2.0161150804116263,1.7754,pga,2026-06-07,1156,1.0488585700269593,0.28,-0.01,0.0499999999999999,7.0,3.0,57.0,0.96875,0.921875,-0.0926740868203439,0.0062937545250532,0.0550025743086964,-0.0536199870210784,-0.1124041613558193,0.012053732722804,0.0,0.5578815013080778,,0.0186376435778955,-0.0004945031092607,-0.0858928710332372,0.3694226213263384,0.1416723134648544,,0.9406957968479448,-0.0145617194248945,-0.0240396882255731,33.64287423480689,-0.1909054214969506,-0.0219295010362557,-0.011984375,-0.016,-0.0486538955806805,0.0,0.0740143233165751,-0.0,0.9380718495838394,2026-06-15 10:00,2026-06-15 10:00
Shinnecock Hills Golf Club,1,2026-06-21,2026-06-18,26,U.S. Open,2026-06-15 17:20:45 UTC,no,pga,-14400,0,USA,28635,62.0,52.0,"mccarty, matt",59141,99,39,0.0,0.0,0.0,0.0,0.0,0.0,1997-12-11,-6.5,28,2.915839493923743,0.4881998227865967,-0.8611111111111107,0.9220770324523512,0.6414,pga,2026-06-05,784,0.4881998227865967,-0.8400000000000001,-0.11,-0.09,9.0,0.0,59.0,-2.03125,2.921875,-0.03695415136269,0.0123594401028907,0.0201819643570432,-0.0561356753885284,-0.0120854780695537,-0.0012744023645418,0.0,0.2881585484036622,,-7.683423718480679e-05,-0.0108016766569625,-0.0005283718593669,0.1334615688400999,0.0663542586976552,,0.5039907947662038,-0.0048282719466673,-0.0093108724567453,-8.65685668807668,0.0681558526739669,0.0415624459817134,-0.0341859375,-0.03575,-0.0175532218972777,0.0,-0.0190450847137686,0.0,0.3974565506551573,2026-06-15 10:00,2026-06-15 10:00
Shinnecock Hills Golf Club,1,2026-06-21,2026-06-18,26,U.S. Open,2026-06-15 17:20:45 UTC,no,pga,-14400,0,NIR,7548,411.0,0.0,"mcdowell, graeme",25572,52,0,0.0,0.0,0.0,0.0,0.0,0.0,1979-07-30,-4.5,46,2.676347760608529,-0.844559428234285,4.440892098500626e-16,0.5767067006672134,0.5714285714285714,liv,2026-06-07,2116,-0.844559428234285,-0.51,-0.39,-0.36,7.0,3.0,37.0,0.96875,0.921875,-0.1346209250844789,-0.0011929297575106,0.0043724397421113,-0.1623048355697374,0.034476975692961,-0.0099725751923031,0.0,-0.352625473630624,0.0161714983636162,-0.302597217252292,0.0150680786789521,-0.055908016284131,,,-0.1295535630675818,-1.033246837614302,0.0245858541745578,-0.0413330307758911,4.186566316160447,0.0,-0.2070549678209082,-0.0107859375,-0.0247499999999999,-0.0639449394151274,0.0,0.0092104458955529,0.0,-1.1235172686338764,2026-06-15 10:00,2026-06-15 10:00
Shinnecock Hills Golf Club,1,2026-06-21,2026-06-18,26,U.S. Open,2026-06-15 17:20:45 UTC,no,pga,-14400,0,USA,23505,104.0,98.0,"mcgreevy, max",51950,70,117,0.0,0.0,0.0,0.0,0.0,0.0,1995-05-03,-6.5,31,2.409170386803944,0.1862533392265454,-0.9861111111111108,0.5807308968804253,0.4247999999999999,pga,2026-06-08,961,0.1862533392265454,0.2,0.08,-0.0699999999999999,0.0,2.0,51.0,-0.03125,-6.078125,0.0079368169150757,-0.0092053186759733,0.0206593598051064,-0.0835568350327087,0.0803112276615832,-0.0002716168429318,0.0,0.1171671233726944,0.0162843698182745,-0.0037000276834025,0.0159981805683679,-0.0020772909593759,,,0.0457407078518551,0.2183569642935501,-0.0135936169535961,0.0251586684691121,-4.278309527351607,0.0,0.0173788498096206,0.0711140625,-0.03575,0.0037699880346609,0.0,-0.0094122809601735,0.0,0.2480787338680374,2026-06-15 10:00,2026-06-15 10:00
Shinnecock Hills Golf Club,1,2026-06-21,2026-06-18,26,U.S. Open,2026-06-15 17:20:45 UTC,no,pga,-14400,0,NIR,10091,2.0,2.0,"mcilroy, rory",28237,656,7,0.0,0.0,0.0,0.0,0.0,0.0,1989-05-04,-4.5,37,2.835268715391533,2.0944973029586715,0.3888888888888893,2.710794662906987,2.51,pga,2026-06-07,1369,2.0944973029586715,0.0099999999999997,-0.0999999999999999,-0.0999999999999999,7.0,2.0,39.0,-0.03125,0.921875,0.2518155451861817,0.0137377772638438,0.05243012272548,0.2972298777908691,-0.1227585170260413,0.01117628443203,0.0,1.0937430372566523,,0.2136621131638382,-0.0060047284737675,0.1888048777471375,0.5199050138819361,0.2106577684576866,,2.0938135099132213,-0.0259409337683401,-0.0397238825768052,38.372131529490005,0.1758692852998549,-0.0612897557751168,-0.011984375,-0.0288,0.1322031612227454,0.0,0.084418689364878,0.0,2.269650985500845,2026-06-15 10:00,2026-06-15 10:00
Shinnecock Hills Golf Club,1,2026-06-21,2026-06-18,26,U.S. Open,2026-06-15 17:20:45 UTC,no,pga,-14400,0,USA,18634,14.0,35.0,"mcnealy, maverick",46442,294,46,0.0,0.0,0.0,0.0,0.0,0.0,1995-11-07,-6.5,30,2.8362177605369423,1.338066623574888,0.2638888888888893,1.338066623574888,1.2174,pga,2026-06-07,900,1.338066623574888,0.3499999999999998,0.02,-0.35,7.0,2.0,55.0,-0.03125,0.921875,0.0250486057471096,0.0195473219083933,0.0027930433701129,0.0930969104432032,-0.102259291419121,0.0118706214445211,0.0,0.6899312510723407,,0.1717297785498733,-0.0362176623444563,-0.0069522613074603,0.2506930123769137,0.1239242321774664,,1.167703477130126,-0.0198836582227734,-0.0269053594002397,6.468621799441582,0.0541342496953761,0.021384144228462,-0.011984375,-0.0416,0.0131505180172325,0.0,0.0142309679587714,0.0,1.14150058810613,2026-06-15 10:00,2026-06-15 10:00
Shinnecock Hills Golf Club,1,2026-06-21,2026-06-18,26,U.S. Open,2026-06-15 17:20:45 UTC,no,pga,-14400,0,USA,17365,56.0,100.0,"mitchell, keith",39546,140,66,0.0,0.0,0.0,0.0,0.0,0.0,1992-01-07,-6.5,34,2.552798019731576,0.6069164973883339,1.2638888888888893,1.161148580946895,0.8478,pga,2026-06-08,1156,0.6069164973883339,-0.06,-0.11,0.18,0.0,2.0,57.0,-0.03125,-6.078125,0.1895014570953892,-0.0048620491091437,0.022208200539502,0.224033376287039,-0.0482532782655952,-0.0036247923564128,0.0,0.367173275196793,,0.0793033125623003,0.0061585068796961,0.1181142847728803,0.1764089773349497,0.0590946539759749,,0.7547846052789797,-0.0127285062059482,-0.0155023252286907,-15.909266307666051,-0.110570596344554,-0.0232375740089758,0.0790156249999999,-0.0416,0.0994882649750793,0.0,-0.0350003858768653,-0.0,0.8566881093771939,2026-06-15 10:00,2026-06-15 10:00
Shinnecock Hills Golf Club,1,2026-06-21,2026-06-18,26,U.S. Open,2026-06-15 17:20:45 UTC,no,pga,-14400,0,USA,25442,290.0,219.0,"montgomery, taylor",55789,43,0,0.0,0.0,0.0,0.0,0.0,0.0,1995-01-30,-6.5,31,3.2,-0.7102163013895004,0.0138888888888892,1.069763653792526,0.8794,kft,2026-06-08,961,-0.7102163013895004,0.0499999999999999,-0.0199999999999999,-0.03,2.0,1.0,29.0,-1.03125,-4.078125,-0.2382659695639803,0.0264374030037305,-0.0181913066495485,-0.0335669750501081,-0.2268273602305529,0.0138822693624986,0.0,-0.3199286866490712,0.0299974171558626,-0.3046716713514923,0.013792191019347,-0.2142980127131034,,,-0.0966238621485934,-0.9241449394624616,0.0189218201769052,-0.0659153394555686,-6.391997833001344,-0.0423080709674162,0.0145812045032526,0.0477140625,-0.03575,-0.1131763355428906,0.0,-0.0140623952326029,-0.0,-1.039419607737955,2026-06-15 10:00,2026-06-15 10:00
Shinnecock Hills Golf Club,1,2026-06-21,2026-06-18,26,U.S. Open,2026-06-15 17:20:45 UTC,no,pga,-14400,0,USA,22085,15.0,10.0,"morikawa, collin",50525,512,5,0.0,0.0,0.0,0.0,0.0,0.0,1997-02-06,-6.5,29,2.6177044421077107,1.2422347068135804,-0.2361111111111107,2.202099099887908,2.14,pga,2026-06-08,841,1.2422347068135804,-0.25,0.03,-0.1399999999999999,0.0,2.0,39.0,-0.03125,-6.078125,0.0745386011690944,0.0015369206506325,0.0743344978752102,-0.0671638887927955,0.061032245083952,0.004798826352095,0.0,0.6835959072425726,,0.0942974350616851,-0.0110271513131498,0.0016685427137904,0.4452880531927252,0.1473586811237019,,1.3422167110185304,-0.0190874905406092,-0.034128875263138,42.72599787410721,-0.006803291533138,0.0342516088009521,0.0790156249999999,-0.0416,0.0391327656137745,0.0,0.0939971953230358,-0.0,1.5127622969553407,2026-06-15 10:00,2026-06-15 10:00
Shinnecock Hills Golf Club,1,2026-06-21,2026-06-18,26,U.S. Open,2026-06-15 17:20:45 UTC,no,pga,-14400,0,USA,29770,144.0,138.0,"mouw, william",63121,69,107,0.0,0.0,0.0,0.0,0.0,0.0,2000-10-01,-6.5,25,2.5356817832877927,-0.1385020724559977,-0.6111111111111107,0.3445930926207645,0.1002,pga,2026-06-08,625,-0.1385020724559977,-0.24,-0.24,0.07,0.0,2.0,42.0,-0.03125,-6.078125,0.0654676433808466,-0.0004401560110683,0.0044380144741917,0.0207557272565727,0.0437867293970175,-0.003072671735867,0.0,-0.0154428822939178,0.0096627837341359,0.0775380801665933,0.013154603914892,0.0273005556879572,,,0.0077587788466657,0.1709496711212099,-0.0007274909424634,-0.0057558175024738,-0.4751068393742343,0.0,0.0574610595098208,0.0711140625,-0.03575,0.0310971306059021,0.0,-0.0010452350466233,0.0,0.2363656291804887,2026-06-15 10:00,2026-06-15 10:00
Shinnecock Hills Golf Club,1,2026-06-21,2026-06-18,26,U.S. Open,2026-06-15 17:20:45 UTC,no,pga,-14400,0,USA,27598,337.0,289.0,"nicholas, james",58188,58,0,0.0,0.0,0.0,0.0,0.0,0.0,1995-01-01,-6.5,31,2.8652498350674755,-0.7490919084103493,4.440892098500626e-16,-0.4746817758258037,-0.7584000000000001,kft,2026-06-08,961,-0.7490919084103493,-0.2199999999999999,0.0,0.0,0.0,3.0,39.0,0.96875,-6.078125,0.0141568535478585,0.0,0.0,0.0,0.0141568535478585,0.0,0.0,-0.2984115971483005,-0.0133060353657947,-0.0698942868235954,0.0356725347513072,-0.2063534065605232,,,-0.1097957425161888,-0.6364913684783189,0.0082699178527412,-0.0156475821024341,1.9137542010103343,0.0,0.0329748294344695,0.0711140625,-0.03575,0.0067245054352327,0.0,0.0042102592422227,0.0,-0.5901925413008633,2026-06-15 10:00,2026-06-15 10:00
Shinnecock Hills Golf Club,1,2026-06-21,2026-06-18,26,U.S. Open,2026-06-15 17:20:45 UTC,no,pga,-14400,0,CHI,18079,53.0,79.0,"niemann, joaquin",45486,208,0,0.0,0.0,0.0,0.0,0.0,0.0,1998-11-07,-6.5,27,2.3,1.1065752706019891,4.440892098500626e-16,1.8318218244991047,1.6072,liv,2026-06-07,729,1.1065752706019891,-0.0999999999999998,0.1699999999999999,-0.12,7.0,3.0,43.0,0.96875,0.921875,0.3538121227385521,-0.0042876653033251,0.0510303200492329,0.3013877644003538,-1.1973339231244327e-05,0.0056936769315217,0.0,0.5890517225980147,,0.0898426956864323,0.0069515210122302,0.1846705996896344,0.3344238126595084,0.0910855573730955,,1.3278273294550444,-0.0047432358977482,-0.0126891291482649,-23.52516911606609,-0.1861735332131908,0.0492337854821423,-0.011984375,-0.0416,0.1857513644377398,0.0,-0.0517553720553453,-0.0,1.4082389468374388,2026-06-15 10:00,2026-06-15 10:00
Shinnecock Hills Golf Club,1,2026-06-21,2026-06-18,26,U.S. Open,2026-06-15 17:20:45 UTC,no,pga,-14400,0,SWE,10419,16.0,20.0,"noren, alex",27349,245,45,0.0,0.0,0.0,0.0,0.0,0.0,1982-07-12,-2.5,43,2.428144869696883,1.323492309358825,0.0138888888888892,1.3789404458239352,1.2192,pga,2026-06-08,1849,1.323492309358825,0.32,0.0699999999999999,0.0099999999999999,2.0,2.0,52.0,-0.03125,-4.078125,-0.0042403842522786,0.0193773625835711,0.0354367003937325,-0.1622197305312585,0.099679042802315,0.0034862404993611,0.0,0.6674070154859457,,0.043542361041569,-0.0256478258986107,0.0337509112272843,0.268421303092811,0.1213985187461775,,0.8913668430476179,-0.01443244586134,-0.0225843496061029,21.363831239338364,0.272853138556774,-0.1804886451801158,0.053015625,-0.016,-0.0022262017324462,0.0,0.0470004287265444,0.0,0.973156695041716,2026-06-15 10:00,2026-06-15 10:00
Shinnecock Hills Golf Club,1,2026-06-21,2026-06-18,26,U.S. Open,2026-06-15 17:20:45 UTC,no,pga,-14400,0,DEN,15676,350.0,270.0,"norgaard moller, niklas",35706,43,0,0.0,0.0,0.0,0.0,0.0,0.0,1992-05-31,-6.5,34,2.650429795697874,-0.7252834626386349,4.440892098500626e-16,0.3165214247343461,0.2234,euro,2026-06-07,1156,-0.7252834626386349,0.2299999999999999,0.0,0.0,7.0,2.0,41.0,-0.03125,0.921875,0.0546062969533378,0.0018621170686722,-0.0501541931123719,0.2911591836475318,-0.169299935487494,-0.0189608751630002,0.0,-0.3393100979009449,0.0088792689570325,-0.0956008986924622,0.0356725347513072,-0.2063534065605232,,,-0.1419134782070378,-0.8065379883326164,0.0272906319387964,-0.0820551703360977,0.043723945334257,0.1013842287930017,-0.0131473722826863,-0.0107859375,-0.03575,0.0259379910528354,0.0,9.61926797353654e-05,0.0,-0.8270397421000455,2026-06-15 10:00,2026-06-15 10:00
Shinnecock Hills Golf Club,1,2026-06-21,2026-06-18,26,U.S. Open,2026-06-15 17:20:45 UTC,no,pga,-14400,0,USA,23475,87.0,58.0,"novak, andrew",51997,81,78,0.0,0.0,0.0,0.0,0.0,0.0,1995-03-31,-6.5,31,2.636773837993557,0.4384420934072645,0.0138888888888892,0.7788460782854927,0.6412,pga,2026-06-05,961,0.4384420934072645,-0.4,-0.27,0.03,9.0,0.0,56.0,-2.03125,2.921875,0.0507611353865772,-0.0088520437002306,0.0335641670033575,0.0016352219183003,0.0187633075585886,0.0056504826065613,0.0,0.218544737218517,0.0218397499394973,0.0119673428398203,0.0170122318228984,0.0226576040403454,,,0.0732573072499139,0.3869269801557616,-0.0100537786448982,0.0152491885895059,-10.159184172382488,-0.0329218908787325,0.0164525971001612,-0.0341859375,-0.03575,0.0241115393086241,0.0,-0.0223502051792414,-0.0,0.3187523767851443,2026-06-15 10:00,2026-06-15 10:00
Shinnecock Hills Golf Club,1,2026-06-21,2026-06-18,26,U.S. Open,2026-06-15 17:20:45 UTC,no,pga,-14400,0,JPN,20761,0.0,386.0,"oiwa, ryuichi",48933,19,0,0.0,0.0,0.0,0.0,0.0,0.0,1995-01-01,-6.5,31,3.2,-1.8645,4.440892098500626e-16,0.0,0.0,0,2026-06-05,961,-1.8645,0.0,0.0,0.0,6.078125,0.0,0.0,0.0,0.0,0.0,0.0,0.0,0.0,0.0,0.0,0.0,,,,,,,,,,,,0.0,0.0,,-0.0,-0.03575,0.0,0.0,0.0,0.0,-2.04088745070462,2026-06-15 10:00,2026-06-15 10:00
Shinnecock Hills Golf Club,1,2026-06-21,2026-06-18,26,U.S. Open,2026-06-15 17:20:45 UTC,no,pga,-14400,0,JPN,25263,0.0,0.0,"onishi, kaito",55623,28,0,0.0,0.0,0.0,0.0,0.0,0.0,1998-10-13,-6.5,27,2.677759661792692,-1.682764015977996,4.440892098500626e-16,-0.8053467050320098,-1.0561999999999998,kft,2026-04-02,729,-1.682764015977996,0.2299999999999999,0.0,0.0,30.0,0.0,24.0,-2.03125,23.921875,-0.2147272828917483,0.0030905795306554,-0.0382079256519126,-0.1171200588164891,-0.0510563918354056,-0.0114334861185963,0.0,-0.778555052409263,-0.0225783488596083,-0.2050412244830438,-0.0259369904100361,-0.189589648865654,,,-0.3073739480301193,-1.5229670763325909,0.0485696397630659,-0.0889924968743492,0.0,0.0,0.0465309938364172,-0.2798859375,-0.03575,-0.1019954593735804,0.0,0.0,0.0,-1.9405984732061712,2026-06-15 10:00,2026-06-15 10:00
Shinnecock Hills Golf Club,1,2026-06-21,2026-06-18,26,U.S. Open,2026-06-15 17:20:45 UTC,no,pga,-14400,1,USA,35389,0.0,0.0,"ormond, jackson",70296,23,0,0.0,0.0,0.0,0.0,0.0,0.0,1995-01-01,-6.5,31,3.2,-6.2575,4.440892098500626e-16,0.0,0.0,0,2026-04-02,961,-6.2575,0.0,0.0,0.0,6.078125,0.0,0.0,0.0,0.0,0.0,0.0,0.0,0.0,0.0,0.0,0.0,,,,,,,,,,,,0.0,0.0,,-0.0,-0.03575,0.0,0.0,0.0,0.0,-3.93300079013816,2026-06-15 10:00,2026-06-15 10:00
Shinnecock Hills Golf Club,1,2026-06-21,2026-06-18,26,U.S. Open,2026-06-15 17:20:45 UTC,no,pga,-14400,0,MEX,14735,136.0,185.0,"ortiz, carlos",33667,73,0,0.0,0.0,0.0,0.0,0.0,0.0,1991-04-24,-6.5,35,2.4600612195888902,0.0551533879306561,4.440892098500626e-16,1.0649922953503996,0.7508,liv,2026-06-07,1225,0.0551533879306561,-0.2199999999999999,0.03,-0.06,7.0,3.0,39.0,0.96875,0.921875,0.0430003522326125,-0.0050683739781237,0.0193977707240868,0.0896710721051857,-0.0665834736559725,0.0055833570374363,0.0,0.0238523846460651,0.0298636226931327,-0.0295127886344274,0.0074255948338321,0.0041889741531786,,,0.0471842015907697,0.045729625775166,-0.0084432936225157,-0.0030690632894348,-23.02757261162856,-0.0618949550156989,-0.0257600065954342,-0.0107859375,-0.03575,0.0204251673104909,0.0,-0.0506606597455828,-0.0,-0.0310418041599258,2026-06-15 10:00,2026-06-15 10:00
Shinnecock Hills Golf Club,1,2026-06-21,2026-06-18,26,U.S. Open,2026-06-15 17:20:45 UTC,no,pga,-14400,0,ENG,13764,139.0,99.0,"parry, john",28723,63,96,0.0,0.0,0.0,0.0,0.0,0.0,1986-11-17,-6.5,39,2.474439407521127,0.0052723059318274,-0.9861111111111108,0.627352393078971,0.4238,pga,2026-06-08,1521,0.0052723059318274,-0.44,0.0,-0.28,2.0,1.0,57.0,-1.03125,-4.078125,0.0053549218682338,-0.0055359937880921,0.0345735661282211,-0.0718916887841961,0.0461541958412627,0.0020548424710383,0.0,0.0193201202440196,0.0172343355394055,-0.2271575808528835,0.0208574932521909,-0.0542021614565641,,,0.044567869188987,-0.2508336902516006,-0.0024427690601675,0.0133622815025596,2.6458952647846217,0.0363711075475804,-0.0823732786091485,0.0477140625,-0.03575,0.002543587887411,0.0,0.0058209695825261,0.0,-0.2305050702816634,2026-06-15 10:00,2026-06-15 10:00
Shinnecock Hills Golf Club,1,2026-06-21,2026-06-18,26,U.S. Open,2026-06-15 17:20:45 UTC,no,pga,-14400,0,USA,33952,0.0,0.0,"peacock, jake",66035,23,0,0.0,0.0,0.0,0.0,0.0,0.0,1995-01-01,-6.5,31,2.5642444843482077,-1.1532857142857147,4.440892098500626e-16,0.0,0.0,0,2026-06-08,961,-1.1532857142857147,0.0,0.0,0.0,6.078125,0.0,0.0,0.0,0.0,-0.1480599272727273,0.0,0.0,0.0,-0.1480599272727273,0.0,0.0,,,,,,,,,,,,0.0,0.0,,-0.0,-0.03575,-0.0703284654545454,0.0,0.0,0.0,-1.63146230259057,2026-06-15 10:00,2026-06-15 10:00
Shinnecock Hills Golf Club,1,2026-06-21,2026-06-18,26,U.S. Open,2026-06-15 17:20:45 UTC,no,pga,-14400,0,USA,27164,316.0,178.0,"phillips, chandler",57900,33,112,0.0,0.0,0.0,0.0,0.0,0.0,1996-12-02,-6.5,29,2.9761206960464315,-0.7495436326487355,-0.4861111111111107,0.2828086668489721,0.0922,pga,2026-06-08,841,-0.7495436326487355,-0.28,-0.28,-0.2099999999999999,0.0,2.0,41.0,-0.03125,-6.078125,-0.0612094671629046,0.0044656916450048,-0.0612131227623424,-0.0529700967161296,0.0446991334090366,0.0038089272615259,0.0,-0.2994556557619502,0.0079302839635527,0.0245123243630099,-0.0037327740363767,-0.0144378600123512,,,-0.120080635405955,-0.402645630530179,0.0135834481507762,-0.0423074362163168,0.0,0.0,0.031342674425432,0.0711140625,-0.03575,-0.0290744969023796,0.0,0.0,0.0,-0.3963560649325586,2026-06-15 10:00,2026-06-15 10:00
Shinnecock Hills Golf Club,1,2026-06-21,2026-06-18,26,U.S. Open,2026-06-15 17:20:45 UTC,no,pga,-14400,0,USA,21554,46.0,39.0,"poston, j.t.",49771,107,33,0.0,0.0,0.0,0.0,0.0,0.0,1993-06-01,-6.5,33,3.045457942759516,0.8348011785487872,0.6388888888888893,1.332320222533357,1.1106,pga,2026-06-07,1089,0.8348011785487872,0.69,0.32,-0.23,7.0,3.0,49.0,0.96875,0.921875,0.0105295896940105,5.916567585293507e-05,0.0297120691318752,-0.0409657877718792,0.0229586619810912,-0.0012345193229296,0.0,0.4017312826556451,,0.2031809718322115,-0.0101286029804686,0.0349188911269376,0.2310920148952526,0.0632711748793402,,0.8958994716557328,-0.009716421543549,-0.012867050716239,-18.522724572291462,0.0478291721537769,-0.0055827884933977,-0.011984375,-0.0416,0.0055280345893555,0.0,-0.0407499940590412,0.0,0.807093137186047,2026-06-15 10:00,2026-06-15 10:00
Shinnecock Hills Golf Club,1,2026-06-21,2026-06-18,26,U.S. Open,2026-06-15 17:20:45 UTC,no,pga,-14400,1,USA,33280,0.0,0.0,"puebla, giuseppe",68009,19,0,0.0,0.0,0.0,0.0,0.0,0.0,1995-01-01,-6.5,31,2.3,-7.3325,4.440892098500626e-16,0.0,0.0,0,2026-06-07,961,-7.3325,0.0,0.0,0.0,6.078125,0.0,0.0,0.0,0.0,0.0,0.0,0.0,0.0,0.0,0.0,0.0,,,,,,,,,,,,0.0,0.0,,-0.0,-0.03575,0.0,0.0,0.0,0.0,-2.19517507989963,2026-06-15 10:00,2026-06-15 10:00
Shinnecock Hills Golf Club,1,2026-06-21,2026-06-18,26,U.S. Open,2026-06-15 17:20:45 UTC,no,pga,-14400,0,ESP,28984,44.0,56.0,"puig, david",61193,168,0,0.0,0.0,0.0,0.0,0.0,0.0,2001-12-07,-6.5,24,2.4694720268095702,1.024534915654659,4.440892098500626e-16,1.069902177250457,0.9306,liv,2026-06-07,576,1.024534915654659,0.02,0.1999999999999999,0.0599999999999999,7.0,3.0,55.0,0.96875,0.921875,0.439102932463787,0.0162939432783418,-0.0115293440425864,0.3258342821361055,0.1114840802581454,-0.0029800291662193,0.0,0.5288529324932897,,0.1336730605765334,-0.025065545137164,0.0941892361934733,0.1931801068150122,0.0969479243591791,,1.062998292335854,-0.0119894895852254,-0.0179625360515559,-7.484675748258974,0.0,0.0711726026723115,-0.011984375,-0.0416,0.2305290395434882,0.0,-0.0164662866461697,0.0,1.2234766702331723,2026-06-15 10:00,2026-06-15 10:00
Shinnecock Hills Golf Club,1,2026-06-21,2026-06-18,26,U.S. Open,2026-06-15 17:20:45 UTC,no,pga,-14400,1,ARG,35013,0.0,0.0,"pulcini, mateo",70145,30,0,0.0,0.0,0.0,0.0,0.0,0.0,1995-01-01,-6.5,31,2.3,-5.353,4.440892098500626e-16,0.0,0.0,0,2026-06-07,961,-5.353,0.0,0.0,0.0,6.078125,0.0,0.0,0.0,0.0,-0.3467862068965516,0.0,0.0,0.0,-0.3467862068965516,0.0,0.0,,,,,,,,,,,,0.0,0.0,,-0.0,-0.03575,-0.164723448275862,0.0,0.0,0.0,-2.74233282673389,2026-06-15 10:00,2026-06-15 10:00
Shinnecock Hills Golf Club,1,2026-06-21,2026-06-18,26,U.S. Open,2026-06-15 17:20:45 UTC,no,pga,-14400,0,USA,14704,57.0,84.0,"putnam, andrew",34256,124,61,0.0,0.0,0.0,0.0,0.0,0.0,1989-01-25,-6.5,37,2.34421831547581,0.5966113729676403,-0.8611111111111107,0.9523349062859509,0.8013999999999999,pga,2026-06-08,1369,0.5966113729676403,-0.01,-0.12,-0.17,2.0,1.0,51.0,-1.03125,-4.078125,-0.1731346427620058,0.0098871490981661,0.0261017531133553,-0.3665040022246101,0.1414560751063781,0.0159243821447047,0.0,0.2862792859915906,,0.0255720577642105,-0.0170630375031512,-0.1015957119063544,0.1893514618716728,0.040737909563691,,0.3327742843071777,-0.0103773044620351,-0.0142870996717228,8.937719703254025,0.0140808754606576,-0.0658432773407238,0.053015625,-0.0416,-0.090895687450053,0.0,0.0196629833471588,0.0,0.2729572052042835,2026-06-15 10:00,2026-06-15 10:00
Shinnecock Hills Golf Club,1,2026-06-21,2026-06-18,26,U.S. Open,2026-06-15 17:20:45 UTC,no,pga,-14400,0,ESP,19195,3.0,8.0,"rahm, jon",46970,745,0,0.0,0.0,0.0,0.0,0.0,0.0,1994-11-10,-4.5,31,2.3,2.084244533551386,4.440892098500626e-16,2.7135894599069745,2.4896000000000003,liv,2026-06-07,961,2.084244533551386,-0.1499999999999999,-0.13,-0.18,7.0,3.0,45.0,0.96875,0.921875,0.3086491831137784,0.0073189658448623,0.0786457276491389,0.2274839018565366,-0.0163870991634091,0.0115876869266496,0.0,1.0904275487069055,,0.2157464135903103,-0.0022668076133187,0.1539416047106594,0.5180323071161723,0.2308703685252415,,2.145538634007603,-0.0278698537933534,-0.0439972049594979,11.79737168667051,0.1065354154751609,0.0106542577244835,-0.011984375,-0.0288,0.1620408211347336,0.0,0.0259542177106751,0.0,2.292749297853012,2026-06-15 10:00,2026-06-15 10:00
Shinnecock Hills Golf Club,1,2026-06-21,2026-06-18,26,U.S. Open,2026-06-15 17:20:45 UTC,no,pga,-14400,0,ENG,18554,38.0,13.0,"rai, aaron",46414,246,29,0.0,0.0,0.0,0.0,0.0,0.0,1995-03-03,-6.5,31,3.2,1.0905313182061418,0.6388888888888893,1.2626205027844255,1.0474,pga,2026-06-08,961,1.0905313182061418,0.4600000000000001,0.13,0.0,2.0,2.0,39.0,-0.03125,-4.078125,0.1479961139011665,-0.0095486764785198,0.059847592635472,-0.1684331489331182,0.2613490243902892,0.0047813222870432,0.0,0.5430580508681271,,0.1190442854307393,-0.0004362080272747,0.0556273601414263,0.2179414518290001,0.0638545098491897,,0.9930948397160052,-0.0092914034373484,-0.0117362196290941,19.354322912477663,-0.0239539183880166,0.01503301269124,0.053015625,-0.0416,0.0776979597981124,0.0,0.0425795104074508,-0.0,1.1247879349215684,2026-06-15 10:00,2026-06-15 10:00
Shinnecock Hills Golf Club,1,2026-06-21,2026-06-18,26,U.S. Open,2026-06-15 17:20:45 UTC,no,pga,-14400,0,USA,14838,35.0,26.0,"reed, patrick",34360,617,0,0.0,0.0,0.0,0.0,0.0,0.0,1990-08-05,-2.5,35,2.3,1.1187111690915694,-0.7361111111111107,1.780933684062438,1.6276,pga,2026-05-17,1225,1.1187111690915694,0.4299999999999999,0.22,-0.11,28.0,0.0,33.0,-2.03125,21.921875,0.0597432589288681,0.0017279628614506,0.034545888748058,-0.0295739714146682,0.0436639771534604,0.0093794015805671,0.0,0.5798800664154512,,0.1558906137959232,-0.0086889824787792,0.0668112311646943,0.3387102303678121,0.0991711205005333,,1.1466883517867053,-0.0154378208564211,-0.0273380083002575,70.82619413870505,0.0456351091651886,-0.0423100988222506,-0.284984375,-0.016,0.0313652109376557,0.0,0.1558176271051511,0.0,1.032886814829512,2026-06-15 10:00,2026-06-15 10:00
Shinnecock Hills Golf Club,1,2026-06-21,2026-06-18,26,U.S. Open,2026-06-15 17:20:45 UTC,no,pga,-14400,1,USA,30039012,0.0,0.0,"reilly, logan",70696,23,0,0.0,0.0,0.0,0.0,0.0,0.0,1995-01-01,-6.5,31,3.0,-2.5,4.440892098500626e-16,0.0,0.0,0,2026-05-17,961,-2.5,0.0,0.0,0.0,6.078125,0.0,0.0,0.0,0.0,0.0,0.0,0.0,0.0,0.0,0.0,0.0,,,,,,,,,,,,0.0,0.0,,-0.0,-0.03575,0.0,0.0,0.0,0.0,-2.03005506435706,2026-06-15 10:00,2026-06-15 10:00
Shinnecock Hills Golf Club,1,2026-06-21,2026-06-18,26,U.S. Open,2026-06-15 17:20:45 UTC,no,pga,-14400,0,NOR,21407,28.0,24.0,"reitan, kristoffer",49855,275,13,0.0,0.0,0.0,0.0,0.0,0.0,1995-01-01,-4.5,31,3.2,1.0384471152813255,0.3888888888888893,1.0384471152813255,0.5166,pga,2026-06-08,961,1.0384471152813255,0.1699999999999999,0.12,-0.09,0.0,3.0,51.0,0.96875,-6.078125,0.1756627775452463,0.0021970869808859,0.0259646941407014,0.115447348024287,0.0302058408264652,0.0018478075729067,0.0,0.5055777043782986,,0.0858696822989927,-0.0039684209547384,0.1226286197818579,0.1068275170603482,0.053493378419366,,0.8920109264308451,-0.0093022214957143,-0.0124331546968318,4.059289995482525,0.0923438782402393,0.0433178216392661,0.0790156249999999,-0.0288,0.0922229582112543,0.0,0.0089304379900615,0.0,1.043379947632161,2026-06-15 10:00,2026-06-15 10:00
Shinnecock Hills Golf Club,1,2026-06-21,2026-06-18,26,U.S. Open,2026-06-15 17:20:45 UTC,no,pga,-14400,0,ESP,31235,0.0,348.0,"repetto taylor, rocco paolo",65229,26,0,0.0,0.0,0.0,0.0,0.0,0.0,1995-01-01,-6.5,31,3.0860160873598588,-1.4119344526119555,4.440892098500626e-16,-1.27,-1.27,euro,2026-06-05,961,-1.4119344526119555,-0.4499999999999999,0.0,0.0,9.0,0.0,35.0,-2.03125,2.921875,0.0,0.0,0.0,0.0,0.0,0.0,0.0,-0.6127519754260794,-0.0372947469716656,-0.3016618987850473,0.0356725347513072,-0.2063534065605232,,,-0.2518896574405909,-1.4323433200105329,0.040886532548368,-0.0885654600073034,0.0,0.0,-0.0103852421189981,-0.0341859375,-0.03575,0.0,0.0,0.0,0.0,-1.5022792575105328,2026-06-15 10:00,2026-06-15 10:00
Shinnecock Hills Golf Club,1,2026-06-21,2026-06-18,26,U.S. Open,2026-06-15 17:20:45 UTC,no,pga,-14400,1,USA,30039992,0.0,0.0,"robles, matt",70730,24,0,0.0,0.0,0.0,0.0,0.0,0.0,1995-01-01,-6.5,31,3.0,-2.5,4.440892098500626e-16,0.0,0.0,0,2026-06-05,961,-2.5,0.0,0.0,0.0,6.078125,0.0,0.0,0.0,0.0,0.0,0.0,0.0,0.0,0.0,0.0,0.0,,,,,,,,,,,,0.0,0.0,,-0.0,-0.03575,0.0,0.0,0.0,0.0,-3.29431159582439,2026-06-15 10:00,2026-06-15 10:00
Shinnecock Hills Golf Club,1,2026-06-21,2026-06-18,26,U.S. Open,2026-06-15 17:20:45 UTC,no,pga,-14400,0,USA,16283,124.0,81.0,"rodgers, patrick",36699,63,51,0.0,0.0,0.0,0.0,0.0,0.0,1992-06-30,-2.5,33,2.559144251867175,0.1104375572038483,-0.1111111111111107,0.7230798199621963,0.5886,pga,2026-06-07,1089,0.1104375572038483,-0.16,0.39,-0.3,7.0,7.0,67.0,4.0,0.921875,-0.0905557812048703,0.0106918265988089,-0.015766199292347,0.0446941376711766,-0.1283502752797463,-0.0018252709027625,0.0,0.0605747919648138,0.0202759991923365,-0.0809459582684671,-0.0169710894994852,-0.024081442545613,,,0.0316666438974381,-0.0047243620815439,-0.0037759327042939,0.0205711694010521,-4.08544801807151,-0.0474021291462391,-0.0120385435193252,-0.0107859375,-0.0137499999999999,-0.0430139960723133,0.0,-0.0089879856397573,-0.0,-0.0812622812936146,2026-06-15 10:00,2026-06-15 10:00
Shinnecock Hills Golf Club,1,2026-06-21,2026-06-18,26,U.S. Open,2026-06-15 17:20:45 UTC,no,pga,-14400,0,ENG,6093,22.0,6.0,"rose, justin",22405,358,17,0.0,0.0,0.0,0.0,0.0,0.0,1980-07-30,-2.5,45,3.054102535534944,1.195212050701925,0.1388888888888892,1.974094357488794,1.9,pga,2026-06-08,2025,1.195212050701925,0.5300000000000001,-0.07,0.25,2.0,2.0,42.0,-0.03125,-4.078125,0.1172360536573101,0.0079810094594072,0.0570382709952175,0.0022331983248458,0.0452474255047135,0.004736149373126,0.0,0.5974837731136696,,0.0648789181090698,0.0025425366505284,0.0609110787350962,0.4869037590985873,0.1128217107924154,,1.0632243172628582,-0.0147995037964169,-0.0256054532640449,85.8310126417497,0.2025347434998983,-0.2219125021760468,0.053015625,-0.016,0.0615489281700878,0.0,0.1888282278118493,0.0,1.3506170982447954,2026-06-15 10:00,2026-06-15 10:00
Shinnecock Hills Golf Club,1,2026-06-21,2026-06-18,26,U.S. Open,2026-06-15 17:20:45 UTC,no,pga,-14400,0,USA,18424,155.0,131.0,"roy, kevin",39335,53,87,0.0,0.0,0.0,0.0,0.0,0.0,1993-05-20,-6.5,33,3.0860774097401404,-0.1932914787313759,-0.9861111111111108,0.5377960352629155,0.225,pga,2026-06-08,1089,-0.1932914787313759,-0.28,-0.09,-0.1099999999999999,0.0,2.0,48.0,-0.03125,-6.078125,-0.0988583336065644,0.0069652321129131,-0.030098576652999,0.0162761686060036,-0.0981968423151626,0.0061956846426805,0.0,-0.0461133805559398,0.0150803872198755,-0.2405723218956728,-9.893182971029149e-05,-0.0579990641372777,,,0.006766376901162,-0.3545011404170258,-0.0046827188629676,0.0122529364972766,0.0,0.0,-0.0391344237537717,0.0711140625,-0.03575,-0.046957708463118,0.0,0.0,0.0,-0.3660947863801438,2026-06-15 10:00,2026-06-15 10:00
Shinnecock Hills Golf Club,1,2026-06-21,2026-06-18,26,U.S. Open,2026-06-15 17:20:45 UTC,no,pga,-14400,0,COL,16591,427.0,0.0,"rozo, marcelo",37076,32,193,0.0,0.0,0.0,0.0,0.0,0.0,1989-11-06,-6.5,36,2.3,-1.0455845392768364,-1.3611111111111107,-0.5376554327180956,-0.7275999999999999,pga,2026-06-08,1296,-1.0455845392768364,0.05,-0.17,0.21,2.0,1.0,32.0,-1.03125,-4.078125,0.0732121536100283,-0.0210194182860444,0.0155827391898426,-0.0814496993254052,0.1653866423464519,-0.0052881103148165,0.0,-0.4841942094699512,-0.0150757849699149,-0.1430145206764713,0.0355858504918615,-0.0008391705200127,,,-0.2219371623581137,-0.9128671956848908,0.041370397234255,-0.07929706209639,0.0,0.0,-0.0454655333201532,0.0477140625,-0.03575,0.0347757729647634,0.0,0.0,0.0,-0.8661273602201274,2026-06-15 10:00,2026-06-15 10:00
Shinnecock Hills Golf Club,1,2026-06-21,2026-06-18,26,U.S. Open,2026-06-15 17:20:45 UTC,no,pga,-14400,1,USA,32064,281.0,0.0,"russell, miles",66290,51,0,0.0,0.0,0.0,0.0,0.0,0.0,1995-01-01,-6.5,31,2.7,-1.0726281308311756,4.440892098500626e-16,-1.0726281308311756,-1.6361290322580644,kft,2026-04-05,961,-1.0726281308311756,0.54,0.0,0.0,30.0,0.0,13.0,-2.03125,23.921875,0.0199710924838886,0.0,0.0,0.0,0.0199710924838886,0.0,0.0,-0.4978323189911656,-0.030541138180795,-0.0912571303188389,0.0356725347513072,-0.2063534065605232,,,-0.2226889820137984,-1.001785976096141,0.0096959756542569,-0.027328734403485,0.0,0.0,0.0288472239669012,-0.2798859375,-0.03575,0.009486268929847,0.0,0.0,0.0,-1.3079356446662938,2026-06-15 10:00,2026-06-15 10:00
Shinnecock Hills Golf Club,1,2026-06-21,2026-06-18,26,U.S. Open,2026-06-15 17:20:45 UTC,no,pga,-14400,0,FRA,14792,206.0,113.0,"saddier, adrien",34371,26,168,0.0,0.0,0.0,0.0,0.0,0.0,1992-05-15,-6.5,34,2.445115410007055,-0.3529742035546299,-1.1111111111111107,0.4477851456656292,0.0582,pga,2026-05-31,1156,-0.3529742035546299,0.42,0.01,0.02,14.0,0.0,37.0,-2.03125,7.921875,-0.0540709087175549,0.0023309130521826,-0.0249120573025312,-0.0264051129569939,-0.0019097718466401,-0.003174879663572,0.0,-0.1716738344120014,0.0125564084286682,-0.013131603405321,0.0043878406828599,0.0139494902834913,,,-0.0639648163056514,-0.2432881630269303,0.0138315496852792,-0.0260958257015688,-4.3926656067637495,-0.0619162548428172,-0.0131473722826863,-0.0926859375,-0.03575,-0.0256836816408385,0.0,-0.0096638643348802,-0.0,-0.4070716465026491,2026-06-15 10:00,2026-06-15 10:00
Shinnecock Hills Golf Club,1,2026-06-21,2026-06-18,26,U.S. Open,2026-06-15 17:20:45 UTC,no,pga,-14400,0,JPN,14371,323.0,398.0,"sato, taihei",33908,26,0,0.0,0.0,0.0,0.0,0.0,0.0,1995-01-01,-6.5,31,3.2,-0.8641666666666667,4.440892098500626e-16,0.0,0.0,0,2026-05-31,961,-0.8641666666666667,0.0,0.0,0.0,6.078125,0.0,0.0,0.0,0.0,0.0,0.0,0.0,0.0,0.0,0.0,0.0,,,,,,,,,,,,0.0,0.0,,-0.0,-0.03575,0.0,0.0,0.0,0.0,-0.899743430567877,2026-06-15 10:00,2026-06-15 10:00
Shinnecock Hills Golf Club,1,2026-06-21,2026-06-18,26,U.S. Open,2026-06-15 17:20:45 UTC,no,pga,-14400,0,RSA,26991,74.0,69.0,"schaper, jayden",57737,91,0,0.0,0.0,0.0,0.0,0.0,0.0,1995-01-01,-6.5,31,2.4767151627422344,0.2534428754964239,4.440892098500626e-16,1.0482163943439555,0.6488,euro,2026-06-07,961,0.2534428754964239,0.42,0.0,0.0,7.0,2.0,45.0,-0.03125,0.921875,0.257925496548872,0.0,0.0,0.0,0.257925496548872,0.0,0.0,0.0969331025751804,0.029392932149449,0.0670814020987395,0.0316724545211939,-0.013688109301848,,,0.0508831542967382,0.3447552914535347,-0.0215874106469851,0.0431834411073399,-5.900077910053224,0.0,0.0608843246537267,-0.0107859375,-0.03575,0.1225146108607141,0.0,-0.012980171402117,0.0,0.4077537934121317,2026-06-15 10:00,2026-06-15 10:00
Shinnecock Hills Golf Club,1,2026-06-21,2026-06-18,26,U.S. Open,2026-06-15 17:20:45 UTC,no,pga,-14400,0,USA,19895,6.0,12.0,"schauffele, xander",48081,689,14,0.0,0.0,0.0,0.0,0.0,0.0,1993-10-25,-2.5,32,2.507721366630871,1.6121297703006547,0.2638888888888893,2.6488158139020017,2.5268,pga,2026-06-07,1024,1.6121297703006547,0.2000000000000001,-0.0999999999999999,0.01,7.0,2.0,47.0,-0.03125,0.921875,0.2169885558057861,0.0092883158776483,0.0612170993364463,0.1348418050875776,0.0114838999481314,0.0001574355559823,0.0,0.8502930267330121,,0.1084618269204477,-0.0055889572281085,0.1678924757342967,0.5257728284146627,0.1774628395266413,,1.7616078913255442,-0.0260555805404811,-0.0346464972903199,80.58790964623243,0.2304654771868438,-0.001984070944607,-0.011984375,-0.016,0.1139189917980377,0.0,0.1772934012217113,0.0,2.024835909345293,2026-06-15 10:00,2026-06-15 10:00
Shinnecock Hills Golf Club,1,2026-06-21,2026-06-18,26,U.S. Open,2026-06-15 17:20:45 UTC,no,pga,-14400,0,USA,18417,1.0,1.0,"scheffler, scottie",46046,643,2,0.0,0.0,0.0,0.0,0.0,0.0,1996-06-21,-6.5,30,2.3419620319576504,2.92417997521847,-0.2361111111111107,3.411307856933354,3.2534,pga,2026-06-07,900,2.92417997521847,0.1099999999999998,0.08,-0.14,7.0,2.0,49.0,-0.03125,0.921875,0.3514033115427619,0.0184138724264825,0.0944897004876463,0.1119475786122857,0.1084433072719476,0.0181088527443996,0.0,1.5364267826101616,,0.2368901436643803,-0.0165856208834381,0.1416963551277859,0.6769626879706598,0.3136611724236557,,2.827682266630144,-0.0355667719135913,-0.0532773570396589,64.74845908564072,0.0138888533108015,0.0274748746701887,-0.011984375,-0.0416,0.18448673855995,0.0,0.1424466099884095,0.0,3.101031240178504,2026-06-15 10:00,2026-06-15 10:00
Shinnecock Hills Golf Club,1,2026-06-21,2026-06-18,26,U.S. Open,2026-06-15 17:20:45 UTC,no,pga,-14400,0,GER,20722,119.0,70.0,"schmid, matthias",48867,79,56,0.0,0.0,0.0,0.0,0.0,0.0,1997-11-18,-6.5,28,2.8182247836399514,0.0480940980500647,-0.4861111111111107,0.4168814153489268,0.174,pga,2026-06-08,784,0.0480940980500647,0.51,0.04,0.08,2.0,1.0,50.0,-1.03125,-4.078125,-0.0107708653079091,0.0057650761793243,-0.0113504125622401,0.0994387839705205,-0.1024172539354233,-0.0022070589600906,0.0,0.0144825592506714,0.011689839776412,-0.0065546897441473,0.0041292148059129,0.0134198498733193,,,0.0122696967807737,0.0770328854972153,0.0039192159745086,-0.0155744216509907,2.961588815988213,0.0433745990061171,0.039251620430755,0.0477140625,-0.03575,-0.0051161610212568,0.0,0.006515495395174,0.0,0.0903962823711325,2026-06-15 10:00,2026-06-15 10:00
Shinnecock Hills Golf Club,1,2026-06-21,2026-06-18,26,U.S. Open,2026-06-15 17:20:45 UTC,no,pga,-14400,1,USA,30039809,0.0,0.0,"schoenberger, jack",69864,58,0,0.0,0.0,0.0,0.0,0.0,0.0,1995-01-01,-6.5,31,3.0,-2.5,4.440892098500626e-16,0.0,0.0,0,2026-06-08,961,-2.5,0.0,0.0,0.0,6.078125,0.0,0.0,0.0,0.0,0.0,0.0,0.0,0.0,0.0,0.0,0.0,,,,,,,,,,,,0.0,0.0,,-0.0,-0.03575,0.0,0.0,0.0,0.0,-4.00482192118555,2026-06-15 10:00,2026-06-15 10:00
Shinnecock Hills Golf Club,1,2026-06-21,2026-06-18,26,U.S. Open,2026-06-15 17:20:45 UTC,no,pga,-14400,0,AUS,6430,21.0,50.0,"scott, adam",24502,307,25,0.0,0.0,0.0,0.0,0.0,0.0,1980-07-16,-4.5,45,2.541600114880654,1.077570986992363,0.2638888888888893,1.9368117432461112,1.74,pga,2026-06-07,2025,1.077570986992363,0.1199999999999998,-0.2,0.1599999999999999,7.0,2.0,47.0,-0.03125,0.921875,0.146778464282458,-0.0027651689329287,0.0575595264999348,0.1049889504519326,-0.0138646576260907,0.00085981388961,0.0,0.5527094526582406,,0.152961667876709,0.008576412665289,0.0921869849369247,0.3610578644392602,0.1049698036178683,,1.0092503136586657,-0.0169528415870831,-0.0243465287724961,1.3333632645074251,0.2587975041265653,-0.2219125021760468,-0.011984375,-0.0288,0.0770586937482904,0.0,0.0029333991819163,0.0,1.0484580315888723,2026-06-15 10:00,2026-06-15 10:00
Shinnecock Hills Golf Club,1,2026-06-21,2026-06-18,26,U.S. Open,2026-06-15 17:20:45 UTC,no,pga,-14400,0,USA,21901,0.0,0.0,"shah, manav",47687,25,0,0.0,0.0,0.0,0.0,0.0,0.0,1995-01-01,-6.5,31,3.1700765038087018,-2.8044,4.440892098500626e-16,0.0,0.0,0,2026-06-07,961,-2.8044,0.0,0.0,0.0,6.078125,0.0,0.0,0.0,0.0,-0.0618454746136864,0.0,0.0,0.0,-0.0618454746136864,0.0,0.0,,,,,,,,,,,,0.0,0.0,,-0.0,-0.03575,-0.029376600441501,0.0,0.0,0.0,-3.29978081637738,2026-06-15 10:00,2026-06-15 10:00
Shinnecock Hills Golf Club,1,2026-06-21,2026-06-18,26,U.S. Open,2026-06-15 17:20:45 UTC,no,pga,-14400,0,USA,32055,264.0,190.0,"shipley, neal",63807,54,182,0.0,0.0,0.0,0.0,0.0,0.0,2001-06-06,-6.5,25,2.3328833809060328,-0.3258225909848534,-0.3611111111111107,0.58,0.58,pga,2026-06-08,625,-0.3258225909848534,-0.0299999999999999,0.3099999999999999,0.04,0.0,2.0,36.0,-0.03125,-6.078125,0.1829932700803232,-0.0106787099036833,-0.0227538449744456,0.0934336209327402,0.1370076671366364,-0.0140154631109243,0.0,-0.1246607569657088,0.0162638746192225,-0.0092420082952105,0.0023187147588349,0.1174288452267084,,,-0.0700094463373562,-0.0450916489288463,0.0116714592836878,-0.048063354067783,0.0,0.0,0.0592010228487585,0.0711140625,-0.03575,0.0869218032881535,0.0,0.0,0.0,0.0771942168593072,2026-06-15 10:00,2026-06-15 10:00
Shinnecock Hills Golf Club,1,2026-06-21,2026-06-18,26,U.S. Open,2026-06-15 17:20:45 UTC,no,pga,-14400,0,CAN,17381,282.0,263.0,"silverman, ben",39327,35,145,0.0,0.0,0.0,0.0,0.0,0.0,1987-11-15,-6.5,38,2.410200544346385,-0.4713926500752358,0.3888888888888893,0.4122310555671526,0.1698,pga,2026-06-08,1444,-0.4713926500752358,0.44,0.23,-0.15,0.0,2.0,40.0,-0.03125,-6.078125,-0.0603880191706111,0.003924807383312,-0.0257500297621724,-0.0696014599225581,0.0320941037514313,-0.0010554406206239,0.0,-0.2108902773426278,0.0115594382791275,0.004062526840575,-0.0096550263342609,-0.033134461282004,,,-0.1051043878647164,-0.4494180588988413,0.0155578349304977,-0.0536450995182161,2.318976185223307,0.0,-0.0681686066072161,0.0711140625,-0.03575,-0.0286843091060402,0.0,0.0051017476074912,0.0,-0.4376365578973902,2026-06-15 10:00,2026-06-15 10:00
Shinnecock Hills Golf Club,1,2026-06-21,2026-06-18,26,U.S. Open,2026-06-15 17:20:45 UTC,no,pga,-14400,0,USA,18474,37.0,40.0,"smalley, alex",46340,191,15,0.0,0.0,0.0,0.0,0.0,0.0,1996-10-21,-6.5,29,2.761385623796808,1.018730972210714,0.5138888888888893,1.148572599983428,0.649,pga,2026-06-05,841,1.018730972210714,-0.44,0.1399999999999999,-0.36,9.0,0.0,57.0,-2.03125,2.921875,0.0356869927433084,0.0070522030973426,0.0403155897453467,-0.0184100110361748,0.0035799967344527,0.0031492142023411,0.0,0.573580679368871,,0.0356790046406829,-0.0214415342070327,0.0173899229503942,0.1321714819570182,0.0618249765963839,,0.7971687503607252,-0.014994315277646,-0.0184321600240109,17.345670148081798,0.0159657380945407,0.0313906943560646,-0.037984375,-0.0416,0.0187356711902369,0.0,0.0381604743257799,0.0,0.7744805208767421,2026-06-15 10:00,2026-06-15 10:00
Shinnecock Hills Golf Club,1,2026-06-21,2026-06-18,26,U.S. Open,2026-06-15 17:20:45 UTC,no,pga,-14400,0,AUS,15856,90.0,132.0,"smith, cameron",35891,314,0,0.0,0.0,0.0,0.0,0.0,0.0,1993-08-18,-4.5,32,2.3,0.5242097878023108,4.440892098500626e-16,2.008017802391065,1.7718,liv,2026-06-07,1024,0.5242097878023108,0.0999999999999999,-0.15,0.21,7.0,3.0,43.0,0.96875,0.921875,-0.2517528449587012,0.0168150588487819,-0.0052960557627509,-0.0608972802074584,-0.2228976267556176,0.0205230589183438,0.0,0.2656524429231525,,0.104258816996936,-0.0241341639422149,-0.1389154506048018,0.3686735386200329,0.0391134589342308,,0.5970068434681166,-0.004868937728807,-0.0095964516333051,47.522432838909126,0.2179204508482068,-0.0031764100971067,-0.011984375,-0.0288,-0.1321702436033181,0.0,0.1045493522456,0.0,0.5286015771103985,2026-06-15 10:00,2026-06-15 10:00
Shinnecock Hills Golf Club,1,2026-06-21,2026-06-18,26,U.S. Open,2026-06-15 17:20:45 UTC,no,pga,-14400,0,USA,30528,0.0,0.0,"sollon, jake",60879,16,0,0.0,0.0,0.0,0.0,0.0,0.0,1995-01-01,-6.5,31,2.3,-0.9485,4.440892098500626e-16,0.0,0.0,0,2026-06-07,961,-0.9485,0.0,0.0,0.0,6.078125,0.0,0.0,0.0,0.0,0.0,0.0,0.0,0.0,0.0,0.0,0.0,,,,,,,,,,,,0.0,0.0,,-0.0,-0.03575,0.0,0.0,0.0,0.0,-3.40044698132855,2026-06-15 10:00,2026-06-15 10:00
Shinnecock Hills Golf Club,1,2026-06-21,2026-06-18,26,U.S. Open,2026-06-15 17:20:45 UTC,no,pga,-14400,0,USA,17536,13.0,9.0,"spaun, j.j.",39324,399,21,0.0,0.0,0.0,0.0,0.0,0.0,1990-08-21,-6.5,35,2.5247411313126427,1.4902172032097325,0.7638888888888893,1.589178299847509,1.2997999999999998,pga,2026-06-07,1225,1.4902172032097325,0.3,-0.18,-0.0299999999999999,7.0,3.0,49.0,0.96875,0.921875,0.1714418521293732,-0.0075018755841408,0.07841726832996,-0.0167976363345583,0.1111695720862121,0.0061545236319001,0.0,0.7701872543113154,,0.1735844833765835,0.0089194825730688,0.0964139598118606,0.2704604726821982,0.1284694267810435,,1.3668698869368634,-0.0159225261509864,-0.02293256762597,8.699642456232514,-0.0374872163210623,-0.0423100988222506,-0.011984375,-0.0416,0.0900069723679209,0.0,0.0191392134037115,-0.0,1.422431697708496,2026-06-15 10:00,2026-06-15 10:00
Shinnecock Hills Golf Club,1,2026-06-21,2026-06-18,26,U.S. Open,2026-06-15 17:20:45 UTC,no,pga,-14400,0,USA,14636,41.0,51.0,"spieth, jordan",34046,293,47,0.0,0.0,0.0,0.0,0.0,0.0,1993-07-27,-4.5,32,2.5590714113349176,0.9776814770242062,-0.3611111111111107,1.6186046827160592,1.3466,pga,2026-06-05,1024,0.9776814770242062,0.0499999999999999,0.18,-0.1599999999999999,9.0,0.0,57.0,-2.03125,2.921875,0.1388256521121326,0.0094196757711869,0.0216718643022111,0.1030365796653953,-0.0002615409843004,0.0049590733576395,0.0,0.5266310819406392,,0.0421313803089897,-0.0099527126468901,0.1362550519444802,0.28019854786417,0.095246230107083,,1.0335054737647895,-0.0152726644815277,-0.0173554586587847,44.00811412364184,0.2887583480225081,-0.0043759826133702,-0.037984375,-0.0288,0.0728834673588696,0.0,0.096817851072012,0.0,1.1364224171956712,2026-06-15 10:00,2026-06-15 10:00
Shinnecock Hills Golf Club,1,2026-06-21,2026-06-18,26,U.S. Open,2026-06-15 17:20:45 UTC,no,pga,-14400,0,USA,23048,415.0,0.0,"stanger, jimmy",51600,107,119,0.0,0.0,0.0,0.0,0.0,0.0,1995-03-23,-6.5,31,2.635967094924655,-0.915190511676883,1.0138888888888893,0.05031508968481,-0.0725,pga,2026-06-08,961,-0.915190511676883,-0.43,0.08,-0.08,0.0,2.0,38.0,-0.03125,-6.078125,-0.0120205351067774,-0.0014875590083306,-0.0887408533688897,0.1162376669100891,-0.035265702577631,-0.0027640870620151,0.0,-0.3203062480515862,0.0014108936379508,0.0899729990481476,-0.0145872129105045,0.0647743343193482,,,-0.1162012459826221,-0.2892622248082063,0.028919222904178,-0.0387650164378233,0.0,0.0,0.0155200486647051,0.0711140625,-0.03575,-0.0057097541757192,0.0,0.0,0.0,-0.2596079164839255,2026-06-15 10:00,2026-06-15 10:00
Shinnecock Hills Golf Club,1,2026-06-21,2026-06-18,26,U.S. Open,2026-06-15 17:20:45 UTC,no,pga,-14400,0,USA,25569,95.0,53.0,"stevens, samuel",55893,76,60,0.0,0.0,0.0,0.0,0.0,0.0,1996-07-04,-6.5,29,2.3,0.2781765056515708,-0.9861111111111108,0.8122251858579677,0.6489999999999999,pga,2026-06-05,841,0.2781765056515708,-0.2799999999999999,-0.25,-0.12,9.0,0.0,61.0,-2.03125,2.921875,0.040497635575543,-0.0011757391217105,0.0088282991008765,0.0942631461068662,-0.0624149198828939,0.0009968493724047,0.0,0.1452659808190646,0.0227757389402909,-0.1198162145718065,0.0079549752495415,0.0001925965127898,,,0.0799334657923938,0.1865005554819664,-0.0126867576907862,0.0348779547350807,4.602775317262848,-0.0009199027229921,0.0280028156953978,-0.0341859375,-0.03575,0.0192363768983829,0.0,0.0101261056979782,-0.0,0.1459271005783275,2026-06-15 10:00,2026-06-15 10:00
Shinnecock Hills Golf Club,1,2026-06-21,2026-06-18,26,U.S. Open,2026-06-15 17:20:45 UTC,no,pga,-14400,1,USA,32089,170.0,0.0,"stout, preston",66416,45,0,0.0,0.0,0.0,0.0,0.0,0.0,1995-01-01,-6.5,31,2.915353427866852,-1.109125,4.440892098500626e-16,0.0,0.0,0,2026-06-05,961,-1.109125,0.0,0.0,0.0,6.078125,0.0,0.0,0.0,0.0,0.3724766066592826,0.0,0.0,0.0,0.3724766066592826,0.0,0.0,,,,,,,,,,,,0.0,0.0,,-0.0,-0.03575,0.1769263881631592,0.0,0.0,0.0,-0.126159201251683,2026-06-15 10:00,2026-06-15 10:00
Shinnecock Hills Golf Club,1,2026-06-21,2026-06-18,26,U.S. Open,2026-06-15 17:20:45 UTC,no,pga,-14400,0,AUT,17511,51.0,19.0,"straka, sepp",49960,203,23,0.0,0.0,0.0,0.0,0.0,0.0,1993-05-01,-6.5,33,3.2,0.8172788463403733,-0.7361111111111107,1.4266785904020924,1.2784,pga,2026-06-07,1089,0.8172788463403733,-0.0299999999999999,-0.08,0.3,7.0,3.0,52.0,0.96875,0.921875,0.0374294975428982,0.0056006309824295,0.0662513088914621,-0.0445294994828227,0.0083831045899754,0.0017239525618537,0.0,0.4327506289833274,,-0.0009009981362841,0.0017066387795219,-0.0414447470742071,0.266007592150271,0.1089539701105243,,0.7355068608485216,-0.00914583004826,-0.0156235661791827,-8.748803984472396,0.144136184912618,-0.0067968277371889,-0.011984375,-0.0416,0.0196504862100215,0.0,-0.0192473687658392,0.0,0.6823256032927038,2026-06-15 10:00,2026-06-15 10:00
Shinnecock Hills Golf Club,1,2026-06-21,2026-06-18,26,U.S. Open,2026-06-15 17:20:45 UTC,no,pga,-14400,0,USA,29279,190.0,167.0,"suber, jackson",60019,179,86,0.0,0.0,0.0,0.0,0.0,0.0,1999-10-18,-6.5,26,3.2,0.0333793446586708,0.5138888888888893,0.1102024127297444,-0.263,pga,2026-06-08,676,0.0333793446586708,-0.31,-0.19,0.0,0.0,2.0,42.0,-0.03125,-6.078125,0.1453295442290322,-0.0055021815848894,0.0285652386548958,0.0543087965869326,0.0713354121637845,-0.0033777215916914,0.0,0.0564621380878941,0.0034638529792922,0.1897351218382129,0.0084943439749812,0.0630478441511252,,,-0.0215621877250362,0.3409347350939354,-0.0045145883849983,-0.0060929901167267,-2.669924130970317,0.0,0.0519012002891909,0.0711140625,-0.03575,0.0690315335087902,0.0,-0.0058738330881346,0.0,0.4394564980145909,2026-06-15 10:00,2026-06-15 10:00
Shinnecock Hills Golf Club,1,2026-06-21,2026-06-18,26,U.S. Open,2026-06-15 17:20:45 UTC,no,pga,-14400,0,USA,30463,255.0,280.0,"surratt, caleb",64054,48,0,0.0,0.0,0.0,0.0,0.0,0.0,2004-05-05,-6.5,22,2.564561458987302,-0.3669196325385196,4.440892098500626e-16,0.1448113618627695,-0.0261999999999999,liv,2026-06-07,484,-0.3669196325385196,-0.47,-0.0399999999999999,0.06,7.0,4.0,41.0,1.96875,0.921875,0.2378003076414108,0.0092629724961737,-0.0264841105612403,0.2692889536821254,-0.0026651605984197,-0.0116023473772283,0.0,-0.144576589109263,0.0040606360434268,-0.2287045340284119,-0.0090905509391247,0.0207316389124472,,,-0.031576425538756,-0.3390251885137914,0.0036063223768127,-0.0280766445660094,0.0,0.0,0.0746009583350869,-0.0107859375,-0.03575,0.1129551461296701,0.0,0.0,0.0,-0.2726059798841213,2026-06-15 10:00,2026-06-15 10:00
Shinnecock Hills Golf Club,1,2026-06-21,2026-06-18,26,U.S. Open,2026-06-15 17:20:45 UTC,no,pga,-14400,0,CAN,13126,45.0,62.0,"taylor, nick",25493,123,55,0.0,0.0,0.0,0.0,0.0,0.0,1988-04-14,-6.5,38,2.7505880763452053,0.8308719104905028,-0.2361111111111107,1.0050617507740731,0.8690000000000001,pga,2026-06-08,1444,0.8308719104905028,-0.29,0.0499999999999999,0.09,0.0,3.0,63.0,0.96875,-6.078125,-0.0014043777403607,0.0032820169365294,0.0273336022957317,-0.1081795444793454,0.0628286636690993,0.0133308838376242,0.0,0.3924181664337775,,-0.0206730146065349,-0.0199962182088274,-0.0167688542735944,0.1808202421609711,0.0884923742450358,,0.5020607967840351,-0.0093500880103278,-0.0145775414351833,-16.322382598398,0.1062468302133675,-0.0783042695212813,0.0790156249999999,-0.0416,-0.0007372983136893,0.0,-0.0359092417164756,0.0,0.5028298817538702,2026-06-15 10:00,2026-06-15 10:00
Shinnecock Hills Golf Club,1,2026-06-21,2026-06-18,26,U.S. Open,2026-06-15 17:20:45 UTC,no,pga,-14400,0,USA,23014,70.0,83.0,"theegala, sahith",51634,135,43,0.0,0.0,0.0,0.0,0.0,0.0,1997-12-04,-6.5,28,2.96395633192008,0.4012250874996169,0.5138888888888893,1.3629450612009806,1.2166,pga,2026-06-08,784,0.4012250874996169,0.0899999999999999,0.05,-0.19,0.0,4.0,67.0,1.96875,-6.078125,-0.0544630623447862,0.0031377111418959,0.0067830618967168,0.0137017296444285,-0.0909914728118198,0.0129059077839921,0.0,0.2145819908428168,0.0382185648073472,0.0117159193785848,0.0050992699342501,0.0016370703587134,,,0.0776780068253398,0.4255656729006866,-0.0206936030300721,0.0580768333529512,6.21702672551687,-0.0492076143930069,0.039251620430755,0.0711140625,-0.03575,-0.0258699546137734,0.0,0.0136774587961371,-0.0,0.4487372395830503,2026-06-15 10:00,2026-06-15 10:00
Shinnecock Hills Golf Club,1,2026-06-21,2026-06-18,26,U.S. Open,2026-06-15 17:20:45 UTC,no,pga,-14400,0,USA,14139,19.0,16.0,"thomas, justin",33448,448,37,0.0,0.0,0.0,0.0,0.0,0.0,1993-04-29,-2.5,33,3.2,1.2888117062829592,-0.3611111111111107,2.2806007753143565,2.1792,pga,2026-06-07,1089,1.2888117062829592,0.0799999999999998,0.12,0.1699999999999999,7.0,3.0,39.0,0.96875,0.921875,0.1697115380026777,0.001510998123946,0.0287958999470063,0.0874556668999711,0.0390952104262031,0.012853762605551,0.0,0.6619980493856351,,0.2020255097106264,-0.0102002992307273,0.0977673333463795,0.4574890215151257,0.0954923938832293,,1.473097560404711,-0.0109537982786868,-0.0125025495821271,-56.18815556663059,-0.3702043581406758,-0.0080181003447439,-0.011984375,-0.016,0.0890985574514057,0.0,-0.1236139422465873,-0.0,1.4105978006095294,2026-06-15 10:00,2026-06-15 10:00
Shinnecock Hills Golf Club,1,2026-06-21,2026-06-18,26,U.S. Open,2026-06-15 17:20:45 UTC,no,pga,-14400,0,USA,27364,83.0,134.0,"thompson, davis",58168,88,89,0.0,0.0,0.0,0.0,0.0,0.0,1999-06-05,-6.5,27,2.384529735311736,0.2681987032897132,-0.1111111111111107,1.199266141697349,0.873,pga,2026-06-08,729,0.2681987032897132,-0.06,0.13,-0.07,0.0,2.0,46.0,-0.03125,-6.078125,0.0315067920081568,-0.0118872897224938,0.0187743881844235,0.053217315797742,-0.0293812458764784,0.0007836236249634,0.0,0.1398481941315954,0.033628817523525,0.0434885094223852,0.0055147360556537,0.0083848267532425,,,0.0634235061535585,0.3485831853489637,-0.0077079028844641,0.0120679073790919,-7.815318149472708,-0.0734899317106622,0.0499345908143754,0.0711140625,-0.03575,0.0149657262038744,0.0,-0.0171936999288399,-0.0,0.3817192741239982,2026-06-15 10:00,2026-06-15 10:00
Shinnecock Hills Golf Club,1,2026-06-21,2026-06-18,26,U.S. Open,2026-06-15 17:20:45 UTC,no,pga,-14400,0,USA,26650,0.0,0.0,"tibbits, spencer",57365,55,0,0.0,0.0,0.0,0.0,0.0,0.0,1995-01-01,-6.5,31,2.3,0.1474375,4.440892098500626e-16,0.0,0.0,0,2026-06-08,961,0.1474375,0.0,0.0,0.0,6.078125,0.0,0.0,0.0,0.0,-0.1275608510638299,0.0,0.0,0.0,-0.1275608510638299,0.0,0.0,,,,,,,,,,,,0.0,0.0,,-0.0,-0.03575,-0.0605914042553191,0.0,0.0,0.0,-3.53359445975972,2026-06-15 10:00,2026-06-15 10:00
Shinnecock Hills Golf Club,1,2026-06-21,2026-06-18,26,U.S. Open,2026-06-15 17:20:45 UTC,no,pga,-14400,0,ARG,17032,0.0,377.0,"tosti, alejandro",38991,57,181,0.0,0.0,0.0,0.0,0.0,0.0,1996-05-30,-6.5,30,2.6586981509875307,-1.2522206829812004,1.0138888888888893,0.6906195565309858,0.3833999999999999,pga,2026-06-08,900,-1.2522206829812004,0.01,-0.1099999999999999,0.09,0.0,2.0,32.0,-0.03125,-6.078125,-0.0210378298592324,-0.0221028730533776,-0.0574570359792138,0.1162711293500074,-0.0544044029593312,-0.0033446472173172,0.0,-0.5181013555742976,0.0188600591589752,-0.0768081129196659,0.021983199540493,0.0679315414397242,,,-0.2364623181059415,-0.7666311735740512,0.0437193376832709,-0.1140486367710106,-1.6136723871051308,0.0,0.026295111974401,0.0711140625,-0.03575,-0.0099929691831353,0.0,-0.0035500792516312,0.0,-0.7448101595088179,2026-06-15 10:00,2026-06-15 10:00
Shinnecock Hills Golf Club,1,2026-06-21,2026-06-18,26,U.S. Open,2026-06-15 17:20:45 UTC,no,pga,-14400,0,USA,11357,292.0,176.0,"uihlein, peter",29484,46,0,0.0,0.0,0.0,0.0,0.0,0.0,1989-08-29,-2.5,36,2.8633212820579037,-0.8776134555714629,4.440892098500626e-16,0.5490313998322607,0.2818,liv,2026-06-07,1296,-0.8776134555714629,0.1099999999999999,0.32,-0.06,7.0,3.0,37.0,0.96875,0.921875,-0.0942024260845037,-0.0004566642351909,-0.0161190081229509,0.1825648655854381,-0.2633631411557928,0.0031715218439928,0.0,-0.4054937535657221,0.0153989899003382,-0.1421045838266063,-0.0178945325157474,-0.1731167512105082,,,-0.1266665755897527,-0.9117284996881558,0.0197632422717502,-0.0361490018317542,0.0,0.0,-0.0454655333201532,-0.0107859375,-0.0137499999999999,-0.0447461523901392,0.0,0.0,0.0,-0.9810105895782952,2026-06-15 10:00,2026-06-15 10:00
Shinnecock Hills Golf Club,1,2026-06-21,2026-06-18,26,U.S. Open,2026-06-15 17:20:45 UTC,no,pga,-14400,0,USA,31955,477.0,0.0,"van paris, jackson",57864,35,0,0.0,0.0,0.0,0.0,0.0,0.0,1995-01-01,-6.5,31,3.1893996019140745,-1.5720236263336171,4.440892098500626e-16,-0.389990902682518,-0.6941463414634147,kft,2026-06-05,961,-1.5720236263336171,-1.16,0.0,0.0,9.0,0.0,31.0,-2.03125,2.921875,-0.2650937139994991,0.0,0.0,0.0,-0.2650937139994991,0.0,0.0,-0.6740498432327755,-0.0112618724405112,-0.3687141473376718,0.0356725347513072,-0.2063534065605232,,,-0.2037130539043175,-1.4366328451534571,0.0303270055506778,-0.065692173677541,0.0,0.0,0.0271521116978977,-0.0341859375,-0.03575,-0.125919514149762,0.0,0.0,0.0,-1.632488296803219,2026-06-15 10:00,2026-06-15 10:00
Shinnecock Hills Golf Club,1,2026-06-21,2026-06-18,26,U.S. Open,2026-06-15 17:20:45 UTC,no,pga,-14400,0,USA,12577,48.0,44.0,"woodland, gary",31323,206,30,0.0,0.0,0.0,0.0,0.0,0.0,1984-05-21,-2.5,42,2.857204554262428,0.8355147516834229,0.3888888888888893,1.4633114491137509,1.3612,pga,2026-06-07,1764,0.8355147516834229,0.29,-0.0999999999999999,0.26,7.0,3.0,51.0,0.96875,0.921875,0.2472540014615867,0.011701927779857,0.0311141968300273,0.1710461863884151,0.0437228158195966,-0.0103311253563094,0.0,0.4358450768122012,,0.0907586032950391,-0.0096679378210963,0.1756882780803955,0.3498691846514269,0.0529278650218238,,0.9243328006279274,-0.0105366474382107,-0.0148706376826684,-1.7693212816789283,-0.0908225790133593,-0.1456809842909836,-0.011984375,-0.016,0.129808350767333,0.0,-0.0038925068196936,-0.0,1.0222642695755668,2026-06-15 10:00,2026-06-15 10:00
Shinnecock Hills Golf Club,1,2026-06-21,2026-06-18,26,U.S. Open,2026-06-15 17:20:45 UTC,no,pga,-14400,0,USA,25213,0.0,0.0,"wu, brandon",52374,45,0,0.0,0.0,0.0,0.0,0.0,0.0,1997-02-17,-6.5,29,3.013177766749293,-1.4984371993466614,4.440892098500626e-16,0.4666399176212306,0.1761999999999999,kft,2026-06-07,841,-1.4984371993466614,0.06,0.0,0.0,7.0,2.0,33.0,-0.03125,0.921875,-0.3696168329673967,-0.0133410894685352,-0.0536191385625531,-0.1792695344524766,-0.1263896836060179,0.0030026131221863,0.0,-0.6807386666903031,0.0130851260560621,-0.2472965929698341,0.0356725347513072,-0.2063534065605232,,,-0.2782334181757817,-1.3886586388898254,0.0433519198563473,-0.1011209645915693,-7.489699688066473,0.1103123217195403,0.0329748294344695,-0.0107859375,-0.03575,-0.1755679956595134,0.0,-0.0164773393137462,0.0,-1.627239911363085,2026-06-15 10:00,2026-06-15 10:00
Shinnecock Hills Golf Club,1,2026-06-21,2026-06-18,26,U.S. Open,2026-06-15 17:20:45 UTC,no,pga,-14400,0,USA,25002,278.0,395.0,"wu, dylan",54783,42,158,0.0,0.0,0.0,0.0,0.0,0.0,1996-07-20,-6.5,29,2.3,-0.7709057948996823,-0.4861111111111107,0.2057607887524076,0.0462,pga,2026-06-08,841,-0.7709057948996823,-0.13,-0.23,-0.0899999999999999,0.0,2.0,37.0,-0.03125,-6.078125,-0.0655273792628803,-0.0137150091542879,-0.0010184755719931,-0.0510182998485588,0.0019303901252766,-0.001705984813317,0.0,-0.2985268327170162,0.0057697718445198,-0.0757031886992978,0.0136512845070794,-0.0615001936019212,,,-0.102578273821616,-0.5167822480051949,0.0078337571210831,-0.0337313883334237,4.6566378041599705,0.0,0.0280028156953978,0.0711140625,-0.03575,-0.0311255051498681,0.0,0.0102446031691519,0.0,-0.502299087485911,2026-06-15 10:00,2026-06-15 10:00
Shinnecock Hills Golf Club,1,2026-06-21,2026-06-18,26,U.S. Open,2026-06-15 17:20:45 UTC,no,pga,-14400,0,CAN,29925,98.0,110.0,"yellamaraju, sudarshan",60386,167,44,0.0,0.0,0.0,0.0,0.0,0.0,2001-08-01,-6.5,24,2.502735556881653,0.1122993760814428,1.5138888888888893,0.5266700007056462,0.1916,pga,2026-06-08,576,0.1122993760814428,-0.15,-0.17,0.0699999999999999,0.0,4.0,60.0,1.96875,-6.078125,0.1187909218168153,0.0051139530697695,0.014218944481266,0.0608498923160086,0.0388134169881472,-0.000205285038376,0.0,0.1195522750310195,0.0147684569614025,0.1661039657146673,0.0036885400932851,0.0857260835321267,,,0.0606267370344115,0.5359770898743164,-0.0271951967248162,0.0501952633074945,-6.290305132315743,0.0,0.0625109649247253,0.0711140625,-0.03575,0.0564256878629872,0.0,-0.0138386712910946,0.0,0.613928168946209,2026-06-15 10:00,2026-06-15 10:00
Shinnecock Hills Golf Club,1,2026-06-21,2026-06-18,26,U.S. Open,2026-06-15 17:20:45 UTC,no,pga,-14400,0,USA,26651,4.0,3.0,"young, cameron",57366,542,3,0.0,0.0,0.0,0.0,0.0,0.0,1997-05-07,-6.5,29,2.719309454218372,1.7425769059180514,0.3888888888888893,2.099826668570761,1.6934,pga,2026-06-07,841,1.7425769059180514,-0.7699999999999998,-0.3299999999999999,-0.1999999999999999,7.0,2.0,49.0,-0.03125,0.921875,0.2407895607282663,0.014298831914958,0.0442755411796749,0.1563457910538788,0.0120118875437784,0.0138575090359761,0.0,0.956825343783287,,0.0473645160513216,-0.0033378959875102,0.1102443249728351,0.352360181904935,0.1772198447626705,,1.6116230023196434,-0.0269313135354065,-0.0382447179112142,37.70819408781453,0.1664072302690759,0.0361227182787251,-0.011984375,-0.0416,0.1264145193823398,0.0,0.0829580269931919,0.0,1.7674111736951752,2026-06-15 10:00,2026-06-15 10:00
Shinnecock Hills Golf Club,1,2026-06-21,2026-06-18,26,U.S. Open,2026-06-15 17:20:45 UTC,no,pga,-14400,0,CHN,17266,386.0,0.0,"yuan, carl",55454,42,0,0.0,0.0,0.0,0.0,0.0,0.0,1997-03-21,-6.5,29,2.428379936682709,-0.9666738188393276,4.440892098500626e-16,0.3110148642835109,0.1788,kft,2026-06-07,841,-0.9666738188393276,0.51,0.0,0.0,7.0,2.0,23.0,-0.03125,0.921875,-0.0637185184220086,-0.0192775692306897,-0.082194965519785,0.1066542480772381,-0.0619383952229105,-0.0069618365258614,0.0,-0.4603946016931426,0.008721218448584,-0.0037516784725385,0.0356725347513072,-0.2063534065605232,,,-0.2037130539043174,-0.820789459423019,0.02376848101759,-0.0485204163599717,0.0,0.0,0.0337814633499933,-0.0107859375,-0.03575,-0.030266296250454,0.0,0.0,0.0,-0.897591693173473,2026-06-15 10:00,2026-06-15 10:00
