course_name,current_round,date_end,date_start,event_id,event_name,last_updated,multi_course,tour,tz_offset,am,country,dg_id,dg_rank,owgr_rank,player_name,player_num,pre_tourn_pageviews,tour_rank,r1_course,r2_course,r3_teetime,r3_course,r4_teetime,r4_course,Birthday,birthdate_source,c_exp,player_age,player_age_known,std_dev,skill_est,ema_8_great_shots,max_skill,sma_50_max_skill,tour_history,Date,age_squared,adj_skill_est,delta_adj_skill_est,delta_sg_putt,delta_sg_ott,dsle,consecutive_weeks_played,sample,relative_consecutive_weeks,relative_dsle,course_history_raw,course_history_weighted_rounds,course_history_rounds,course_history_events,course_history_sg_ott_raw,course_history_sg_ott_weighted_rounds,course_history_sg_ott_rounds,course_history_sg_app_raw,course_history_sg_app_weighted_rounds,course_history_sg_app_rounds,course_history_sg_arg_raw,course_history_sg_arg_weighted_rounds,course_history_sg_arg_rounds,course_history_sg_putt_raw,course_history_sg_putt_weighted_rounds,course_history_sg_putt_rounds,course_history_sg_ott_adjustment,course_history_sg_app_adjustment,course_history_sg_arg_adjustment,course_history_sg_putt_adjustment,course_history_as_of,course_adjustment,putt_adj,app_adj,dd_adj,acc_adj,arg_adj,comp_adj_skill_est,comp_max_skill,comp_ema_sg_adj,comp_putt,comp_ott,comp_max_skill_50,comp_6m_sg,comp_sma20_sg,pred_step2,comp_sma50_sg,comp_sma6m_sg,prior_rounds,neutral_skill_est,skill_source,tour_low_data_prior,tour_low_data_prior_n,cold_start_skill,observed_low_data_mean,low_data_weight,majors_history_raw,links_adj,comp_age,comp_skill_v2_delta,skill_model_source,uses_neutral_skill,comp_relative_dsle,comp_c_exp,comp_c_adj,comp_c_hist,comp_major,comp_links,pred,r1_teetime,r2_teetime
Black Desert Resort,1,2026-10-04,2026-10-01,554,Bank of Utah Championship,2026-09-30 18:51:33 UTC,no,pga,-21600,1,USA,32652,379.0,0.0,"akina, kihei",67118,110,0.0,0.0,0.0,0.0,0.0,0.0,0.0,,player_birthdates.csv:unknown,-2.5,,0,2.7,-1.091372170781893,0.3236882716049383,-0.987175925925926,-0.9175,pga,2026-08-09,,-1.091372170781893,0.0,0.0,0.0,30.0,0.0,6.0,-0.0265486725663716,17.831858407079643,0.0,2.7877951082792425,4.0,1.0,0.0,0.0,0.0,0.0,0.0,0.0,0.0,0.0,0.0,0.0,0.0,0.0,0.0,0.0,0.0,0.0,2026-10-01,-0.0697137441144059,-0.0,0.0,0.0,-0.0697137441144059,-0.0,-0.4782415927728261,0.0205725339351759,-0.2176766220946116,-0.0259983336895079,-0.1237207798085465,,,-0.250364644795864,-1.1527887026158377,-0.0018315684977653,-0.0274730238878147,20,-1.8779161877850168,pga_ridge_v2,-2.979727228068276,701,-2.979727228068276,-1.252005160927935,1.0,0.0,0.0,-0.048054671004077,0.0,weekly_pga_core,False,-0.2045265799586928,-0.0089447045208526,-0.0238180460827474,0.0,0.0,0.0,-1.3900780331781306,2026-10-01 09:03,2026-10-02 13:58
Black Desert Resort,1,2026-10-04,2026-10-01,554,Bank of Utah Championship,2026-09-30 18:51:33 UTC,no,pga,-21600,1,KOR,29351,0.0,0.0,"an, seonghyeon",62798,54,0.0,0.0,0.0,0.0,0.0,0.0,0.0,,none,-6.5,,0,3.0,-2.5,-4.440892098500626e-16,0.0,0.0,0,,,-2.5,0.0,0.0,0.0,12.168141592920351,0.0,0.0,0.0,-1.7763568394002505e-15,0.0,0.0,0.0,0.0,0.0,0.0,0.0,0.0,0.0,0.0,0.0,0.0,0.0,0.0,0.0,0.0,0.0,0.0,0.0,0.0,2026-10-01,0.0,0.0,0.0,0.0,0.0,0.0,,,,,,,,,0.0,,,0,-2.979727228068276,tour_cold_start_prior,-2.979727228068276,701,-2.979727228068276,,0.0,0.0,0.0,,-2.979727228068276,tour_cold_start_prior,True,0.0,0.0,0.0,0.0,0.0,0.0,-2.979727228068276,2026-10-01 09:14,2026-10-02 14:09
Black Desert Resort,1,2026-10-04,2026-10-01,554,Bank of Utah Championship,2026-09-30 18:51:33 UTC,no,pga,-21600,0,USA,19846,81.0,152.0,"bauchou, zach",48001,412,86.0,0.0,0.0,0.0,0.0,0.0,0.0,1995-12-12,player_birthdates.csv,-6.5,30.0,1,2.3,0.3354709082177752,1.0736882716049383,0.3970854062637493,0.1988,pga,2026-09-14,900.0,0.3354709082177752,0.26,0.39,-0.13,9.0,0.0,43.0,-0.0265486725663716,-3.168141592920355,0.0,0.0,0.0,0.0,0.0,0.0,0.0,0.0,0.0,0.0,0.0,0.0,0.0,0.0,0.0,0.0,0.0,0.0,0.0,0.0,2026-10-01,0.0129564055431854,-0.0015757038771105,0.0008451186249,0.0091649610089828,0.0044168154530114,0.0001052143334017,0.1796649471802485,-0.0082751744455902,0.1181665973149353,-0.0318555233491338,0.008277056418944,,,0.0635313717749161,0.3179685795100719,0.0006071493253041,0.0100740954749068,274,0.0487920778391781,pga_ridge_v2,-2.979727228068276,701,-2.979727228068276,0.7579225103334075,1.0,-2.844810546367845,0.0,-0.022221940184459,0.0,weekly_pga_core,False,0.0363377248760357,-0.0232562317542168,0.0044266201480718,0.0,-0.0,0.0,0.3354766927799626,2026-10-01 12:52,2026-10-02 07:57
Black Desert Resort,1,2026-10-04,2026-10-01,554,Bank of Utah Championship,2026-09-30 18:51:33 UTC,no,pga,-21600,0,RSA,18103,75.0,102.0,"bezuidenhout, christiaan",45522,368,99.0,0.0,0.0,0.0,0.0,0.0,0.0,1994-05-18,player_birthdates.csv,-2.5,32.0,1,2.3,0.5642227176132889,-0.4263117283950617,1.2534735352630575,1.075,pga,2026-09-14,1024.0,0.5642227176132889,0.07,-0.0399999999999999,0.0,11.0,0.0,49.0,-0.0265486725663716,-1.168141592920355,-1.5301510465987025,3.147296654682725,4.0,1.0,-1.7120327232378338,3.147296654682725,4.0,2.774178545369724,3.147296654682725,4.0,-0.0332631681589503,3.147296654682725,4.0,-3.646827384205598,3.147296654682725,4.0,-0.0428008180809458,0.0,-0.0,-0.0,2026-10-01,-0.1495918669420589,-0.0020888937584032,0.0017191979329629,-0.1079579613749358,-0.0385083822910923,-0.0027558274505904,0.2623313998834981,,0.0173490708823443,-0.0069567478178445,-0.0493714993867138,0.1436176449809249,0.1422666972963721,,0.4452210143296106,-0.0343053475868833,-0.0188631135988163,770,0.027779331965227,pga_ridge_v2,-2.979727228068276,701,-2.979727228068276,0.253343876617161,1.0,-0.6590173113791473,0.0395925926413704,-0.0108470903232709,0.0,weekly_pga_core,False,0.0106133312912064,-0.0205265138807981,-0.0917899496945843,-0.0076507552329935,-0.0,0.0,0.335867126812441,2026-10-01 12:52,2026-10-02 07:57
Black Desert Resort,1,2026-10-04,2026-10-01,554,Bank of Utah Championship,2026-09-30 18:51:33 UTC,no,pga,-21600,0,USA,17639,101.0,144.0,"blair, zac",40058,287,124.0,0.0,0.0,0.0,0.0,0.0,0.0,1990-08-20,player_birthdates.csv,1.5,36.0,1,2.446966879305951,0.3412577297124255,-1.1763117283950617,0.4905410904091863,0.2346,pga,2026-09-14,1296.0,0.3412577297124255,-0.16,0.0,0.0,9.0,0.0,65.0,-0.0265486725663716,-3.168141592920355,0.9181673157991064,5.579402924720988,8.0,1.0,0.2722269947249822,5.579402924720988,8.0,1.884167759071368,5.579402924720988,8.0,-0.4260693964725565,5.579402924720988,8.0,-1.274289881655895,5.579402924720988,8.0,0.0068056748681245,0.0,-0.0,-0.0,2026-10-01,-0.0407758105529552,-0.0022199950919142,0.0023983930457406,-0.1590228783175041,0.1218678668208297,-0.0037991970101072,0.1500816120411786,-0.0102227707990099,-0.0349383594783734,-0.0101499130625365,-0.0528161491594291,,,0.1104075847758585,0.0860261791425215,0.0005280002218916,0.0078157441405566,641,-0.2079469254730284,pga_ridge_v2,-2.979727228068276,701,-2.979727228068276,0.1682432597174206,1.0,9.97059130453686,0.0,-0.0746795695376147,0.0,weekly_pga_core,False,0.0363377248760357,0.0053668227125115,-0.0139312577046191,0.009181673157991,0.0,0.0,0.1229811421844407,2026-10-01 08:30,2026-10-02 13:25
Black Desert Resort,1,2026-10-04,2026-10-01,554,Bank of Utah Championship,2026-09-30 18:51:33 UTC,no,pga,-21600,0,USA,24956,259.0,130.0,"blanchet, chandler",54788,150,113.0,0.0,0.0,0.0,0.0,0.0,0.0,1995-02-01,player_birthdates.csv,-4.5,31.0,1,2.879784733399759,-0.2976718693782835,0.5736882716049383,0.4397645096997001,0.1546,pga,2026-09-14,961.0,-0.2976718693782835,-0.18,0.15,0.18,9.0,0.0,49.0,-0.0265486725663716,-3.168141592920355,0.0,1.2152364932258175,2.0,1.0,0.0,0.0,0.0,0.0,0.0,0.0,0.0,0.0,0.0,0.0,0.0,0.0,0.0,0.0,0.0,0.0,2026-10-01,0.0602278042645461,0.0026595893379179,-5.281105774009158e-05,-0.0525484698667069,0.096176872739078,0.0139926231119973,-0.1471707681126531,-0.0091645977800738,-0.1284387203130435,0.0256775190034633,0.013322660304664,,,-0.1228989538563388,-0.4138141283893056,-0.0009917443500781,-0.0149245259268092,371,-0.8626377007834045,pga_ridge_v2,-2.979727228068276,701,-2.979727228068276,-1.0348178274747055,1.0,2.7207708310231378,0.0,-0.0292249973584365,0.0,weekly_pga_core,False,0.0363377248760357,-0.0161004681375347,0.0205771277336863,0.0,0.0,0.0,-0.3729997439171182,2026-10-01 14:09,2026-10-02 09:14
Black Desert Resort,1,2026-10-04,2026-10-01,554,Bank of Utah Championship,2026-09-30 18:51:33 UTC,no,pga,-21600,1,USA,30037448,0.0,0.0,"bracken, boston",71475,98,0.0,0.0,0.0,0.0,0.0,0.0,0.0,,none,-6.5,,0,3.0,-2.5,-4.440892098500626e-16,0.0,0.0,0,,,-2.5,0.0,0.0,0.0,12.168141592920351,0.0,0.0,0.0,-1.7763568394002505e-15,0.0,0.0,0.0,0.0,0.0,0.0,0.0,0.0,0.0,0.0,0.0,0.0,0.0,0.0,0.0,0.0,0.0,0.0,0.0,0.0,2026-10-01,0.0,0.0,0.0,0.0,0.0,0.0,,,,,,,,,0.0,,,0,-2.979727228068276,tour_cold_start_prior,-2.979727228068276,701,-2.979727228068276,,0.0,0.0,0.0,,-2.979727228068276,tour_cold_start_prior,True,0.0,0.0,0.0,0.0,0.0,0.0,-2.979727228068276,2026-10-01 13:58,2026-10-02 09:03
Black Desert Resort,1,2026-10-04,2026-10-01,554,Bank of Utah Championship,2026-09-30 18:51:33 UTC,no,pga,-21600,0,USA,29197,34.0,33.0,"brennan, michael",61522,1057,46.0,0.0,0.0,0.0,0.0,0.0,0.0,2002-02-11,player_birthdates.csv,-2.5,24.0,1,2.691990934164227,1.033323906189455,-0.4263117283950617,1.045988687427346,0.5566,pga,2026-08-23,576.0,1.033323906189455,-0.4299999999999999,0.14,0.2099999999999999,30.0,0.0,57.0,-0.0265486725663716,17.831858407079643,0.0,3.147296654682725,4.0,1.0,0.0,0.0,0.0,0.0,0.0,0.0,0.0,0.0,0.0,0.0,0.0,0.0,0.0,0.0,0.0,0.0,2026-10-01,0.0679976056585478,-0.0029239729736992,0.001821026198345,0.1535414243690854,-0.093253447361797,0.0088125754266136,0.5154470438853643,,0.1636212379017675,-0.0352956707687377,0.1163681852352448,0.0742269428385133,0.1045750690068414,,0.9090660421011671,-0.0546140437377938,-0.0260420282484627,107,0.4348845643603802,pga_ridge_v2,-2.979727228068276,701,-2.979727228068276,1.966637829463386,1.0,-1.2800248025097112,-0.0155505324470834,0.0507793059884297,0.0,weekly_pga_core,False,-0.1620141102407651,-0.0205265138807981,0.0417235036258207,0.0,-0.0,-0.0,0.7682489216054247,2026-10-01 08:08,2026-10-02 13:03
Black Desert Resort,1,2026-10-04,2026-10-01,554,Bank of Utah Championship,2026-09-30 18:51:33 UTC,no,pga,-21600,0,PUR,12909,0.0,0.0,"campos, rafael",32070,108,166.0,0.0,0.0,0.0,0.0,0.0,0.0,1988-04-15,player_birthdates.csv,-2.5,38.0,1,2.425876313864537,-1.1382821266839505,0.6986882716049383,-0.3771239696435738,-0.5794,pga,2026-09-14,1444.0,-1.1382821266839505,0.43,0.0799999999999999,-0.05,11.0,0.0,29.0,-0.0265486725663716,-1.168141592920355,0.3245823022589276,2.7877951082792425,4.0,1.0,-0.1307365597402172,2.7877951082792425,4.0,-0.6185764330696722,2.7877951082792425,4.0,1.4781182492598943,2.7877951082792425,4.0,-0.0002852226248944,2.7877951082792425,4.0,-0.0032684139935054,-0.0,0.0,-0.0,2026-10-01,-0.0608126183424558,0.0033337726371106,-0.001020227131745,-0.0268053705981545,-0.0481029966792979,0.011782203429631,-0.5763305928061654,0.0078591824005266,-0.0974367700803536,0.0132227510033567,-0.0015600082763876,,,-0.3653389666549089,-1.1509288714518542,-0.0015557128922124,-0.0279013527898193,626,-1.154947285627289,pga_ridge_v2,-2.979727228068276,701,-2.979727228068276,-0.531561211322739,1.0,6.169975228906152,0.0,-0.1018874013558899,0.0,weekly_pga_core,False,0.0133982672727282,-0.0089447045208526,-0.0207769323609436,0.0032458230225892,0.0,0.0,-1.164006418038333,2026-10-01 07:46,2026-10-02 12:41
Black Desert Resort,1,2026-10-04,2026-10-01,554,Bank of Utah Championship,2026-09-30 18:51:33 UTC,no,pga,-21600,0,USA,30620,180.0,248.0,"chatfield, davis",59006,220,134.0,0.0,0.0,0.0,0.0,0.0,0.0,1999-06-01,player_birthdates.csv,-6.5,27.0,1,2.3,0.0414172755939532,0.8236882716049383,0.1738080467556972,-0.1263999999999999,pga,2026-09-14,729.0,0.0414172755939532,0.2,-0.07,-0.12,9.0,0.0,37.0,-0.0265486725663716,-3.168141592920355,0.0,0.0,0.0,0.0,0.0,0.0,0.0,0.0,0.0,0.0,0.0,0.0,0.0,0.0,0.0,0.0,0.0,0.0,0.0,0.0,2026-10-01,0.0219056827909056,-0.0011210256879522,0.0017909892137532,-0.1942487595204393,0.2146523384836953,0.0008321403018486,-0.0026915695677654,-0.0036221223048307,0.0461969119624005,-0.0114236430418232,-0.067612349223972,,,-0.0128943164701732,-0.0494830218830109,-0.0001941826980917,-0.0018326612802966,311,-0.4411878266553163,pga_ridge_v2,-2.979727228068276,701,-2.979727228068276,0.4104680228002366,1.0,0.0,0.0,0.0045909107415416,0.0,weekly_pga_core,False,0.0363377248760357,-0.0232562317542168,0.0074841850601454,0.0,0.0,0.0,-0.0289173437010465,2026-10-01 13:58,2026-10-02 09:03
Black Desert Resort,1,2026-10-04,2026-10-01,554,Bank of Utah Championship,2026-09-30 18:51:33 UTC,no,pga,-21600,0,USA,32330,274.0,340.0,"clanton, luke",66743,246,150.0,0.0,0.0,0.0,0.0,0.0,0.0,2003-11-05,player_birthdates.csv,-2.5,22.0,1,2.697587810851138,-0.2904571553858963,-0.6763117283950617,1.69,1.69,pga,2026-09-14,484.0,-0.2904571553858963,0.44,0.02,-0.0499999999999999,11.0,0.0,37.0,-0.0265486725663716,-1.168141592920355,-2.633499651357344,3.147296654682725,4.0,1.0,-3.183044704639968,3.147296654682725,4.0,1.2165883752403035,3.147296654682725,4.0,-0.9335318774687712,3.147296654682725,4.0,2.529855790638356,3.147296654682725,4.0,-0.0795761176159992,0.0,-0.0,0.0,2026-10-01,-0.0291614023208643,0.0021130890420617,0.0015475490964239,-0.0541505604347382,0.0166399798527326,0.0046885401226554,-0.1455326571033028,-0.0352192364474821,-0.1256698242303369,0.0180142666663026,-0.0459392323481401,,,-0.1050349529132863,-0.4232222366015864,-0.0008279402019967,-0.0124755918927976,141,-0.7941732071904244,pga_ridge_v2,-2.979727228068276,701,-2.979727228068276,-0.4429279517036461,1.0,0.0,0.0,0.0294629318694537,0.0,weekly_pga_core,False,0.0133982672727282,-0.0089447045208526,-0.0099631375869877,-0.0263349965135734,0.0,0.0,-0.4550668079502719,2026-10-01 13:58,2026-10-02 09:03
Black Desert Resort,1,2026-10-04,2026-10-01,554,Bank of Utah Championship,2026-09-30 18:51:33 UTC,no,pga,-21600,0,USA,21756,63.0,78.0,"cole, eric",47591,416,49.0,0.0,0.0,0.0,0.0,0.0,0.0,1988-06-12,player_birthdates.csv,-6.5,38.0,1,3.2,0.4283053931218257,0.1986882716049383,1.316784432183591,1.0412,pga,2026-09-14,1444.0,0.4283053931218257,-0.0199999999999999,0.16,0.1199999999999999,9.0,0.0,57.0,-0.0265486725663716,-3.168141592920355,0.0,0.0,0.0,0.0,0.0,0.0,0.0,0.0,0.0,0.0,0.0,0.0,0.0,0.0,0.0,0.0,0.0,0.0,0.0,0.0,2026-10-01,-0.0305267629182523,-0.0039386026052418,0.0003525701655504,-0.014970154838291,-0.0041686244011337,-0.0078019512391361,0.2849406951792824,,0.0079381939319061,-0.0209659456349468,-0.0860240775319798,0.139102039027106,0.1428626489085843,,0.3000765703601533,-0.0539839473925293,-0.0299744240997589,621,0.0492676486329174,pga_ridge_v2,-2.979727228068276,701,-2.979727228068276,0.4252704832800115,1.0,4.83080006386479,-0.0601680147259031,-0.0838186120275107,0.0,weekly_pga_core,False,0.0363377248760357,-0.0232562317542168,-0.0104296197999469,0.0,0.0,-0.0,0.3027284436820253,2026-10-01 13:14,2026-10-02 08:19
Black Desert Resort,1,2026-10-04,2026-10-01,554,Bank of Utah Championship,2026-09-30 18:51:33 UTC,no,pga,-21600,0,USA,28309,125.0,70.0,"coody, pierceson",59836,549,54.0,0.0,0.0,0.0,0.0,0.0,0.0,2000-01-07,player_birthdates.csv,-0.5,26.0,1,2.835108629971071,0.0020423718063752,-1.0513117283950617,1.34,1.34,pga,2026-09-14,676.0,0.0020423718063752,0.31,0.22,0.01,9.0,0.0,52.0,-0.0265486725663716,-3.168141592920355,3.6477886691244175,4.362533147908542,6.0,1.0,3.0507512618153285,4.362533147908542,6.0,-1.7753077146464469,4.362533147908542,6.0,0.1991945679972363,4.362533147908542,6.0,4.892082684961751,4.362533147908542,6.0,0.0762687815453832,-0.0,0.0,0.0,2026-10-01,0.0080315348929152,-0.0015535952070785,-0.0009996091298375,0.062047746485205,-0.0534418767333094,0.0019788694779358,0.0456590891066181,-0.0279253117394237,-0.053314565360444,0.0039398762530298,-0.0162101925450319,,,0.0674265298752809,0.0318733064768232,0.0002286655021718,0.0035071175446013,395,-0.2638278943095041,pga_ridge_v2,-2.979727228068276,701,-2.979727228068276,-0.6919458328508594,1.0,4.842363925958033,-0.0427780719111613,0.0085620978400206,0.0,weekly_pga_core,False,0.0363377248760357,-0.0017889409041705,0.0027440136894773,0.0364778866912441,0.0,-0.0,0.1056439908294099,2026-10-01 13:25,2026-10-02 08:30
Black Desert Resort,1,2026-10-04,2026-10-01,554,Bank of Utah Championship,2026-09-30 18:51:33 UTC,no,pga,-21600,0,USA,27780,221.0,261.0,"crowe, trace",52514,217,147.0,0.0,0.0,0.0,0.0,0.0,0.0,1996-10-09,player_birthdates.csv,-2.5,29.0,1,2.3,-0.4594728930660268,-0.6763117283950617,0.0268127623505029,-0.2114,pga,2026-09-14,841.0,-0.4594728930660268,0.31,0.1399999999999999,0.2299999999999999,9.0,0.0,39.0,-0.0265486725663716,-3.168141592920355,-1.5010008155410826,2.432106270038263,4.0,1.0,-2.0592650669481074,2.432106270038263,4.0,0.3258093947073675,2.432106270038263,4.0,0.1116111019872355,2.432106270038263,4.0,0.2995732367088233,2.432106270038263,4.0,-0.0514816266737026,0.0,0.0,0.0,2026-10-01,0.1239716882559708,0.0015411558761743,-0.0006541527786963,0.0756288071605445,0.0385825645676091,0.0088733134303392,-0.1821024615604535,-0.0005587721994275,0.037676303663442,0.0101747257120338,0.0262985312232394,,,-0.1044976897270291,-0.2343639263284034,-0.0003575061369181,-0.006264649327162,300,-0.5021946481691014,pga_ridge_v2,-2.979727228068276,701,-2.979727228068276,-0.3536774896665927,1.0,0.0,0.0,-0.0147324079761283,0.0,weekly_pga_core,False,0.0363377248760357,-0.0089447045208526,0.0423555415269475,-0.0150100081554108,0.0,0.0,-0.1796253726016835,2026-10-01 08:52,2026-10-02 13:47
Black Desert Resort,1,2026-10-04,2026-10-01,554,Bank of Utah Championship,2026-09-30 18:51:33 UTC,no,pga,-21600,0,USA,14509,184.0,243.0,"dahmen, joel",34076,245,123.0,0.0,0.0,0.0,0.0,0.0,0.0,1987-11-11,player_birthdates.csv,-0.5,38.0,1,2.3,0.0162977388006073,-0.4263117283950617,1.1056499276108362,0.6457999999999999,pga,2026-09-14,1444.0,0.0162977388006073,0.01,0.52,-0.09,11.0,0.0,41.0,-0.0265486725663716,-1.168141592920355,0.1781297703538273,4.004664885091688,6.0,1.0,1.565484195606526,4.004664885091688,6.0,1.7020997752737386,4.004664885091688,6.0,-0.9467495697905866,4.004664885091688,6.0,-0.5065318194577477,4.004664885091688,6.0,0.0391371048901631,0.0,-0.0,-0.0,2026-10-01,0.1969551009650526,0.0044452128462053,0.0022892576505879,-0.0595243502190886,0.2444894113573884,0.0052555693299596,0.0039822305576645,-0.0230415066337378,-0.0392728264909489,0.0244230555714361,0.0159219537528962,,,-0.0111482111148372,-0.14694652033743,-0.000623293563874,-0.0090299122954643,788,-0.4181517234528866,pga_ridge_v2,-2.979727228068276,701,-2.979727228068276,0.1971150435809367,1.0,-3.304360629393925,-0.0595679338127273,-0.1081580101205644,0.0,weekly_pga_core,False,0.0133982672727282,-0.0017889409041705,0.067290686085076,0.0017812977035382,-0.0,-0.0,-0.0662652101802579,2026-10-01 08:41,2026-10-02 13:36
Black Desert Resort,1,2026-10-04,2026-10-01,554,Bank of Utah Championship,2026-09-30 18:51:33 UTC,no,pga,-21600,0,AUS,17786,0.0,395.0,"davis, cameron",45157,179,190.0,0.0,0.0,0.0,0.0,0.0,0.0,1995-02-21,player_birthdates.csv,-6.5,31.0,1,3.167203374764335,-1.4265874947148571,0.5736882716049383,1.1015931706330155,0.8155999999999999,pga,2026-09-14,961.0,-1.4265874947148571,-0.7399999999999999,-0.06,-0.56,9.0,0.0,25.0,-0.0265486725663716,-3.168141592920355,0.0,0.0,0.0,0.0,0.0,0.0,0.0,0.0,0.0,0.0,0.0,0.0,0.0,0.0,0.0,0.0,0.0,0.0,0.0,0.0,2026-10-01,-0.1896827890016379,0.0012805315288511,-0.0015892174587589,-0.0121928384381739,-0.1835374863095938,0.0063562216760376,-0.6360135580371739,-0.022956964701453,-0.3526078424178233,0.0144875406835943,-0.0931059052365542,,,-0.3434454918149272,-1.4940244185909035,-0.0024566669843327,-0.028700532723797,685,-1.9476512447708736,pga_ridge_v2,-2.979727228068276,701,-2.979727228068276,-1.5742823585686234,1.0,-9.480454137505706,0.0160587256541561,-0.0292249973584365,0.0,weekly_pga_core,False,0.0363377248760357,-0.0232562317542168,-0.064806064671134,0.0,-0.0,0.0,-1.5457489901402188,2026-10-01 13:03,2026-10-02 08:08
Black Desert Resort,1,2026-10-04,2026-10-01,554,Bank of Utah Championship,2026-09-30 18:51:33 UTC,no,pga,-21600,0,CHN,16757,124.0,175.0,"dou, zecheng",37338,272,111.0,0.0,0.0,0.0,0.0,0.0,0.0,1997-01-22,player_birthdates.csv,-6.5,29.0,1,2.3803821449369305,-0.0134267019769994,0.5736882716049383,0.3407306682899633,0.1043999999999999,pga,2026-09-14,841.0,-0.0134267019769994,-0.42,-0.16,-0.01,9.0,0.0,35.0,-0.0265486725663716,-3.168141592920355,0.0,0.0,0.0,0.0,0.0,0.0,0.0,0.0,0.0,0.0,0.0,0.0,0.0,0.0,0.0,0.0,0.0,0.0,0.0,0.0,2026-10-01,0.0193019852715492,-0.0003890770382959,-0.0003989292243563,0.0247664417331887,-0.0032055296886751,-0.001470920510312,0.0508332912494154,-0.0071007538292383,0.1196268093432346,-0.0174591393591595,0.0202674576718806,,,0.0279376856853753,0.1863209782669727,0.0002181584870693,0.0051214577879184,668,-0.0960288097502454,pga_ridge_v2,-2.979727228068276,701,-2.979727228068276,0.412166812578335,1.0,0.0,0.0,-0.0131239887695233,0.0,weekly_pga_core,False,0.0363377248760357,-0.0232562317542168,0.00659461890229,0.0,0.0,0.0,0.2059970902910816,2026-10-01 14:09,2026-10-02 09:14
Black Desert Resort,1,2026-10-04,2026-10-01,554,Bank of Utah Championship,2026-09-30 18:51:33 UTC,no,pga,-21600,0,BEL,22002,209.0,210.0,"dumont de chassart, adrien",50497,174,126.0,0.0,0.0,0.0,0.0,0.0,0.0,2000-03-01,player_birthdates.csv,-4.5,26.0,1,2.3336845218122075,-0.0923970091861209,-0.4263117283950617,1.1425198456498318,1.0661538461538462,pga,2026-09-14,676.0,-0.0923970091861209,-0.31,-0.0899999999999999,0.0199999999999999,11.0,0.0,35.0,-0.0265486725663716,-1.168141592920355,-1.6362074563330808,1.2152364932258175,2.0,1.0,0.2260083573326144,1.2152364932258175,2.0,0.839786255752632,1.2152364932258175,2.0,0.0643424795683122,1.2152364932258175,2.0,-2.287435837186391,1.2152364932258175,2.0,0.0056502089333153,0.0,0.0,-0.0,2026-10-01,-0.2390289245725757,-0.0016083968949768,-0.0008096372680569,0.0308209811978052,-0.2597060530013274,-0.0077258186060197,-0.026115119992415,-0.023809867804664,-0.2565335262406965,-0.0278960318650768,-0.1046915144477281,,,0.0012088421690787,-0.4315155375069385,-1.9078148490063283e-05,-0.003504398024968,285,-0.946329995843304,pga_ridge_v2,-2.979727228068276,701,-2.979727228068276,-0.5761510232973084,1.0,1.1271000025424809,0.0,0.0098451568480214,0.0,weekly_pga_core,False,0.0133982672727282,-0.0161004681375347,-0.0816654163809674,-0.0163620745633308,0.0,0.0,-0.5322452293160432,2026-10-01 09:03,2026-10-02 13:58
Black Desert Resort,1,2026-10-04,2026-10-01,554,Bank of Utah Championship,2026-09-30 18:51:33 UTC,no,pga,-21600,0,USA,18187,278.0,396.0,"duncan, tyler",45609,166,172.0,0.0,0.0,0.0,0.0,0.0,0.0,1989-07-12,player_birthdates.csv,-2.5,37.0,1,2.9129927526403314,-0.6597118578640857,0.3236882716049383,0.3665178218396099,0.212,pga,2026-09-14,1369.0,-0.6597118578640857,-0.0899999999999999,0.0,0.0,9.0,0.0,57.0,-0.0265486725663716,-3.168141592920355,4.186367288038025,2.432106270038263,4.0,1.0,1.871904281546932,2.432106270038263,4.0,0.2502118053213893,2.432106270038263,4.0,-0.6278585387960977,2.432106270038263,4.0,5.35168830483244,2.432106270038263,4.0,0.0467976070386733,0.0,-0.0,0.0,2026-10-01,0.1402084798602172,0.0056819890860129,-0.0005291622286647,-0.0581388504218214,0.1887045356127617,0.0044899678119287,-0.2748759420987423,-0.0076381525618863,-0.0447046233310965,0.0283216969003218,0.0140498530071906,,,-0.1536572712695646,-0.5352626052939164,-0.0006585211286268,-0.0087431616743157,792,-0.6821873294372729,pga_ridge_v2,-2.979727228068276,701,-2.979727228068276,-0.1264955306095203,1.0,-2.522026295694268,0.0,-0.0873564831371966,0.0,weekly_pga_core,False,0.0363377248760357,-0.0089447045208526,0.047902921825892,0.0418636728803802,-0.0,0.0,-0.4181029902324611,2026-10-01 12:41,2026-10-02 07:46
Black Desert Resort,1,2026-10-04,2026-10-01,554,Bank of Utah Championship,2026-09-30 18:51:33 UTC,no,pga,-21600,0,USA,28270,0.0,454.0,"dunlap, nick",59866,166,167.0,0.0,0.0,0.0,0.0,0.0,0.0,2003-12-23,player_birthdates.csv,-4.5,22.0,1,3.2,-1.408690808418219,-0.6763117283950617,0.6560247873681919,0.3702,pga,2026-09-14,484.0,-1.408690808418219,-0.96,-0.36,-0.6,9.0,0.0,37.0,-0.0265486725663716,-3.168141592920355,0.5107406200996052,1.5725586150534248,2.0,1.0,-0.9504369314991248,1.5725586150534248,2.0,1.2602986555111644,1.5725586150534248,2.0,0.1979381221196546,1.5725586150534248,2.0,-0.65933529780754,1.5725586150534248,2.0,-0.0237609232874781,0.0,0.0,-0.0,2026-10-01,-0.2103045042204107,0.0012353201298017,-0.0001813921133002,-0.041312414032893,-0.166912549738349,-0.0031334684656701,-0.6433826734766465,-0.0136714154448103,-0.4913091035430113,0.0153537369795893,-0.1317188051478257,,,-0.267557066756095,-1.526690378994576,-0.0017843860259063,-0.022980291221482,213,-2.016758794142394,pga_ridge_v2,-2.979727228068276,701,-2.979727228068276,-1.8460563335738849,1.0,-14.753173974325884,0.0,0.0303596256416122,0.0,weekly_pga_core,False,0.0363377248760357,-0.0161004681375347,-0.0718515758486713,0.005107406200996,-0.0,0.0,-1.5731972919037502,2026-10-01 13:25,2026-10-02 08:30
Black Desert Resort,1,2026-10-04,2026-10-01,554,Bank of Utah Championship,2026-09-30 18:51:33 UTC,no,pga,-21600,0,CAN,21883,197.0,198.0,"ewart, a.j.",50286,199,108.0,0.0,0.0,0.0,0.0,0.0,0.0,1999-07-13,player_birthdates.csv,-6.5,27.0,1,2.3,0.0115886779298818,0.0736882716049383,0.6923062771490627,0.67625,pga,2026-09-14,729.0,0.0115886779298818,-0.36,-0.35,0.07,11.0,0.0,41.0,-0.0265486725663716,-1.168141592920355,0.0,0.0,0.0,0.0,0.0,0.0,0.0,0.0,0.0,0.0,0.0,0.0,0.0,0.0,0.0,0.0,0.0,0.0,0.0,0.0,2026-10-01,-0.1814053851122039,-0.0032152255531547,0.0005862400375221,-0.0417720205315442,-0.1369661099478406,-3.82691171865329e-05,-0.0023319272447301,-0.0144275138869757,-0.1172339100940036,-0.0177225942916715,-0.0610861411448667,,,0.0341162123273334,-0.1700057674733203,5.551634286523696e-06,0.0034090705865947,74,-0.7512466427867637,pga_ridge_v2,-2.979727228068276,701,-2.979727228068276,-0.5369089525234141,1.0,0.0,0.0,0.0052654846407127,0.0,weekly_pga_core,False,0.0133982672727282,-0.0232562317542168,-0.0619780486208052,0.0,0.0,0.0,-0.2418417805756141,2026-10-01 13:47,2026-10-02 08:52
Black Desert Resort,1,2026-10-04,2026-10-01,554,Bank of Utah Championship,2026-09-30 18:51:33 UTC,no,pga,-21600,0,USA,11676,219.0,151.0,"finau, tony",29725,369,100.0,0.0,0.0,0.0,0.0,0.0,0.0,1989-09-14,player_birthdates.csv,-6.5,37.0,1,3.0891943695758126,-0.1000333899836083,0.5736882716049383,2.069706818217949,1.9794,pga,2026-09-14,1369.0,-0.1000333899836083,-0.27,-0.44,-0.35,11.0,0.0,47.0,-0.0265486725663716,-1.168141592920355,0.0,0.0,0.0,0.0,0.0,0.0,0.0,0.0,0.0,0.0,0.0,0.0,0.0,0.0,0.0,0.0,0.0,0.0,0.0,0.0,2026-10-01,-0.0701206277116448,0.0020147005223215,-0.0001339982969868,0.0904971778963095,-0.1566621053562785,-0.0058364024770104,-0.0765266983705802,-0.0431322448566768,-0.2975354684315894,0.0353215826351244,-0.0235260274970454,,,0.0085962109801155,-0.486442809061524,-0.0003776599817858,-0.0042566675615601,839,-0.7069509762421232,pga_ridge_v2,-2.979727228068276,701,-2.979727228068276,-1.065427890753345,1.0,-1.410527430299506,0.0181155799150338,-0.0850058359775258,0.0,weekly_pga_core,False,0.0133982672727282,-0.0232562317542168,-0.0239570598797033,0.0,-0.0,0.0,-0.5202578334227158,2026-10-01 13:14,2026-10-02 08:19
Black Desert Resort,1,2026-10-04,2026-10-01,554,Bank of Utah Championship,2026-09-30 18:51:33 UTC,no,pga,-21600,0,USA,25094,172.0,256.0,"fishburn, patrick",54576,232,146.0,0.0,0.0,0.0,0.0,0.0,0.0,1992-07-21,player_birthdates.csv,-2.5,34.0,1,2.778578126486824,0.023334616539447,-0.9263117283950616,0.7262985422429652,0.489,pga,2026-09-14,1156.0,0.023334616539447,-0.31,-0.32,-0.07,11.0,0.0,43.0,-0.0265486725663716,-1.168141592920355,-5.100122212830478,2.7877951082792425,4.0,1.0,-0.4991156751047737,2.7877951082792425,4.0,-2.738887676554769,2.7877951082792425,4.0,-3.0143889635286385,2.7877951082792425,4.0,0.4839493424479232,2.7877951082792425,4.0,-0.0124778918776193,-0.0,-0.0,0.0,2026-10-01,0.1068063581696453,0.000686076472842,-0.0005082290786698,0.0620458205371003,0.0418838771239092,0.0026988131144635,-0.0116206158661603,-0.0151359053791222,0.0011799881222713,0.0044370249207962,0.0423886480687822,,,-0.0296837910407113,-0.0643740130686199,-0.0002196030571296,-0.0014878067918725,528,-0.3886188991863515,pga_ridge_v2,-2.979727228068276,701,-2.979727228068276,0.0891983641503316,1.0,-0.983511392008842,0.0,-0.0542319520454736,0.0,weekly_pga_core,False,0.0133982672727282,-0.0089447045208526,0.0364909214550328,-0.0510012221283047,-0.0,0.0,-0.0744307509900161,2026-10-01 08:52,2026-10-02 13:47
Black Desert Resort,1,2026-10-04,2026-10-01,554,Bank of Utah Championship,2026-09-30 18:51:33 UTC,no,pga,-21600,0,USA,26657,162.0,82.0,"fisk, steven",57123,242,70.0,0.0,0.0,0.0,0.0,0.0,0.0,1997-04-17,player_birthdates.csv,-4.5,29.0,1,2.733940308107995,-0.2903036923973,-0.5513117283950617,0.3485432343516008,0.1222,pga,2026-09-14,841.0,-0.2903036923973,-0.66,-0.48,-0.25,9.0,0.0,43.0,-0.0265486725663716,-3.168141592920355,-4.527461912351812,1.5725586150534248,2.0,1.0,-2.618171800087433,1.5725586150534248,2.0,-1.369303085438054,1.5725586150534248,2.0,1.1843750358725489,1.5725586150534248,2.0,-2.254540250964656,1.5725586150534248,2.0,-0.0654542950021858,-0.0,0.0,-0.0,2026-10-01,0.0619133739744973,-0.0007033867917663,-0.001471975338027,0.0712987899521475,-0.0074673467998415,0.0002572929519847,-0.0623506005099942,-0.0072635660253249,-0.0450685568501968,0.0218602562394273,0.0328446030853535,,,0.0177296851464882,-0.0505093392311736,8.254382116275379e-05,0.0024057839698001,371,-0.3292460018826319,pga_ridge_v2,-2.979727228068276,701,-2.979727228068276,-0.6232668682608302,1.0,-3.11279245286258,0.0,-0.0107494881078896,0.0,weekly_pga_core,False,0.0363377248760357,-0.0161004681375347,0.0211530109764715,-0.0452746191235181,-0.0,0.0,-0.0543936906397191,2026-10-01 08:30,2026-10-02 13:25
Black Desert Resort,1,2026-10-04,2026-10-01,554,Bank of Utah Championship,2026-09-30 18:51:33 UTC,no,pga,-21600,0,USA,31343,232.0,373.0,"ford, david",65256,357,158.0,0.0,0.0,0.0,0.0,0.0,0.0,,player_birthdates.csv:unknown,-2.5,,0,2.7,-0.1933115947085955,0.1986882716049383,0.1228139931145617,-0.2442,pga,2026-09-14,,-0.1933115947085955,-0.33,0.07,-0.01,11.0,0.0,7.0,-0.0265486725663716,-1.168141592920355,0.0,3.147296654682725,4.0,1.0,1.168594983370808,3.147296654682725,4.0,4.94364845039707,3.147296654682725,4.0,-0.6030243169292406,3.147296654682725,4.0,5.213254091341317,3.147296654682725,4.0,0.0292148745842702,0.0,-0.0,0.0,2026-10-01,0.148304347085096,0.0016166775771011,-0.0002825519532214,0.0277623115791554,0.1124694903822074,0.0067384194998535,-0.080691267658802,-0.0025594171967817,-0.1389989820308207,-0.0078533561231824,0.0527597294802844,,,-0.0284301769394445,-0.2693338238544752,0.000124699272716,-0.0156303816543671,78,-0.5353386730600432,pga_ridge_v2,-2.979727228068276,701,-2.979727228068276,-0.1364978390915054,1.0,0.0,0.0,-0.048054671004077,0.0,weekly_pga_core,False,0.0133982672727282,-0.0089447045208526,0.0506689149753278,0.0,0.0,0.0,-0.2142113461272716,2026-10-01 09:03,2026-10-02 13:58
Black Desert Resort,1,2026-10-04,2026-10-01,554,Bank of Utah Championship,2026-09-30 18:51:33 UTC,no,pga,-21600,0,USA,11451,317.0,311.0,"garnett, brice",29535,129,137.0,0.0,0.0,0.0,0.0,0.0,0.0,1983-09-06,player_birthdates.csv,-2.5,43.0,1,2.9427549734532046,-0.7091269358444822,-0.4263117283950617,0.4366181243279755,0.2478,pga,2026-09-14,1849.0,-0.7091269358444822,0.1099999999999999,-0.03,0.03,9.0,0.0,33.0,-0.0265486725663716,-3.168141592920355,-5.506236554080939,2.7877951082792425,4.0,1.0,1.4858443976595488,2.7877951082792425,4.0,-2.7962819253291675,2.7877951082792425,4.0,-3.1542323137864723,2.7877951082792425,4.0,-0.8459671280716385,2.7877951082792425,4.0,0.0371461099414887,-0.0,-0.0,-0.0,2026-10-01,0.0127780140162464,0.0002739813103174,-0.0008211441286654,-0.1035178515220805,0.1109927809039845,0.0058502474526905,-0.2906185562933411,-0.0090990282055296,-0.1795936458021612,-0.0027956483947929,-0.0194998754507337,,,-0.1243764276185461,-0.8053336440952084,-0.0011269275233432,-0.013852553639556,704,-1.1809426558608298,pga_ridge_v2,-2.979727228068276,701,-2.979727228068276,-0.5858038055205701,1.0,5.819128871983861,0.0,-0.1643709811672042,0.0,weekly_pga_core,False,0.0363377248760357,-0.0089447045208526,0.0043656717990284,-0.0550623655408093,0.0,0.0,-0.828637317481806,2026-10-01 13:36,2026-10-02 08:41
Black Desert Resort,1,2026-10-04,2026-10-01,554,Bank of Utah Championship,2026-09-30 18:51:33 UTC,no,pga,-21600,0,USA,24550,53.0,156.0,"ghim, doug",52375,530,89.0,0.0,0.0,0.0,0.0,0.0,0.0,1996-04-16,player_birthdates.csv,1.5,30.0,1,2.3,0.8474886353691458,1.3236882716049383,0.8474886353691458,0.5334,pga,2026-09-14,900.0,0.8474886353691458,0.28,0.01,-0.2699999999999999,9.0,0.0,41.0,-0.0265486725663716,-3.168141592920355,-6.16634892664291,5.579402924720988,8.0,1.0,-0.2551957612664675,5.579402924720988,8.0,0.9634736669018678,5.579402924720988,8.0,-2.0810172469124515,5.579402924720988,8.0,-3.062090896009162,5.579402924720988,8.0,-0.0063798940316616,0.0,-0.0,-0.0,2026-10-01,0.1273925471455783,0.0004321909437486,0.0012746222708331,0.0552730798255837,0.0753009186429136,-0.0048882645375009,0.3670820125033818,,0.1308443561780751,-0.0046338920284153,0.1004545924341152,0.0676004914979981,0.1293593055048083,,0.7018356691379576,-0.0620295706579748,-0.0344674660565505,667,0.7203129281494128,pga_ridge_v2,-2.979727228068276,701,-2.979727228068276,1.3324750884659555,1.0,-4.911569189027757,-0.0095675744160364,0.0076258397625197,0.0,weekly_pga_core,False,0.0287846409261508,0.0123159083284788,0.0781683906551334,-0.0308317446332145,-0.0,-0.0,0.7902728644145061,2026-10-01 07:35,2026-10-02 12:30
Black Desert Resort,1,2026-10-04,2026-10-01,554,Bank of Utah Championship,2026-09-30 18:51:33 UTC,no,pga,-21600,0,USA,7399,222.0,124.0,"glover, lucas",25900,353,103.0,0.0,0.0,0.0,0.0,0.0,0.0,1979-11-12,player_birthdates.csv,-2.5,46.0,1,2.9441308986618946,-0.2124877974460695,0.0736882716049383,1.1176106295077075,1.0539999999999998,pga,2026-09-14,2116.0,-0.2124877974460695,-0.54,-0.01,0.02,9.0,0.0,50.0,-0.0265486725663716,-3.168141592920355,4.387759817573984,2.432106270038263,4.0,1.0,0.0913793956349552,2.432106270038263,4.0,6.266358758714238,2.432106270038263,4.0,0.342581268215432,2.432106270038263,4.0,-2.799883728330008,2.432106270038263,4.0,0.0022844848908738,0.0,0.0,-0.0,2026-10-01,0.0173725353872784,0.0048752855912686,0.0023178470606708,-0.0865861006682972,0.0946911924053703,0.0020743109982659,-0.0934300906514485,-0.0260649129433311,-0.2138876852993032,0.0279031180520218,-0.0069233137566779,,,0.0222964222296745,-0.5249708027160243,-0.0004183082627664,-0.0086735211779886,809,-0.6625134322774804,pga_ridge_v2,-2.979727228068276,701,-2.979727228068276,-0.0813165079910596,1.0,-2.762256786868112,-0.1240452374928833,-0.2257725109062047,0.0,weekly_pga_core,False,0.0363377248760357,-0.0089447045208526,0.0059354127896116,0.0438775981757398,-0.0,-0.0,-0.4477647713954896,2026-10-01 13:14,2026-10-02 08:19
Black Desert Resort,1,2026-10-04,2026-10-01,554,Bank of Utah Championship,2026-09-30 18:51:33 UTC,no,pga,-21600,0,USA,26660,429.0,399.0,"gordon, will",56762,113,177.0,0.0,0.0,0.0,0.0,0.0,0.0,1996-07-28,player_birthdates.csv,-0.5,30.0,1,2.5784301783720283,-0.9468140411470384,-0.1763117283950617,0.5004572997278209,0.1912,pga,2026-09-14,900.0,-0.9468140411470384,-0.24,0.0,0.0,9.0,0.0,53.0,-0.0265486725663716,-3.168141592920355,-1.136013945487772,4.004664885091688,6.0,1.0,-0.5068517670259263,4.004664885091688,6.0,-1.262433206006186,4.004664885091688,6.0,-0.6449896117592724,4.004664885091688,6.0,3.4774511438526585,4.004664885091688,6.0,-0.0126712941756481,-0.0,-0.0,0.0,2026-10-01,0.0064646256963958,0.0018999300280419,0.0007353957114103,0.0170033562970069,-0.0210785093594654,0.007904453019402,-0.4241353062704688,-0.010429422468037,-0.2460186507120947,0.0083611547472872,-0.0046602706338603,,,-0.2174572746376094,-0.9336633677449624,-0.0012256625010191,-0.021736773074014,523,-1.396320950697605,pga_ridge_v2,-2.979727228068276,701,-2.979727228068276,-1.3383562575318757,1.0,0.0,0.0,-0.0163611621951461,0.0,weekly_pga_core,False,0.0363377248760357,-0.0017889409041705,0.0022086713990254,-0.0113601394548777,0.0,0.0,-0.9082660518289492,2026-10-01 08:30,2026-10-02 13:25
Black Desert Resort,1,2026-10-04,2026-10-01,554,Bank of Utah Championship,2026-09-30 18:51:33 UTC,no,pga,-21600,0,USA,23465,96.0,87.0,"greyserman, max",51977,520,97.0,0.0,0.0,0.0,0.0,0.0,0.0,1995-05-31,player_birthdates.csv,-6.5,31.0,1,2.780825234074352,0.1814811258339665,0.3236882716049383,1.3071986584749005,0.9678,pga,2026-09-14,961.0,0.1814811258339665,-0.32,-0.02,-0.03,9.0,0.0,51.0,-0.0265486725663716,-3.168141592920355,0.0,0.0,0.0,0.0,0.0,0.0,0.0,0.0,0.0,0.0,0.0,0.0,0.0,0.0,0.0,0.0,0.0,0.0,0.0,0.0,2026-10-01,-0.0281762732800367,-0.0027975155464053,-0.001345163177881,0.1141486277071434,-0.1384173173458763,0.0002350950829825,0.1579814124760873,-0.0272417388382597,0.0655558632350304,-0.034631417789486,0.0188914830396501,,,0.0847532676320763,0.2403740645483315,0.0002436014677936,0.0013823160953603,549,-0.1121015886922132,pga_ridge_v2,-2.979727228068276,701,-2.979727228068276,0.3469554708947622,1.0,13.581159838329434,0.0346996265092104,-0.026560722769921,0.0,weekly_pga_core,False,0.0363377248760357,-0.0232562317542168,-0.0096265633692355,0.0,0.0,0.0,0.2438289943009148,2026-10-01 07:57,2026-10-02 12:52
Black Desert Resort,1,2026-10-04,2026-10-01,554,Bank of Utah Championship,2026-09-30 18:51:33 UTC,no,pga,-21600,0,ARG,12808,103.0,113.0,"grillo, emiliano",31646,361,112.0,0.0,0.0,0.0,0.0,0.0,0.0,1992-09-14,player_birthdates.csv,-5.5,34.0,1,2.592648173957387,0.535780070544567,0.6986882716049383,1.077257635299886,0.8415384615384615,pga,2026-09-14,1156.0,0.535780070544567,-0.17,-0.08,0.0199999999999999,11.0,0.0,39.0,-0.0265486725663716,-1.168141592920355,0.0,0.7860070900534524,1.0,1.0,0.537906155068634,0.7860070900534524,1.0,-1.354675004922262,0.7860070900534524,1.0,0.2421828676238637,0.7860070900534524,1.0,1.4590379315847408,0.7860070900534524,1.0,0.0134476538767158,-0.0,0.0,0.0,2026-10-01,0.0750921153248763,-0.0010852044658749,0.0015467979933959,-0.0689667296724524,0.1435325789290393,6.467254076834913e-05,0.2710273720117089,,-0.0031446891875378,-0.0183303583085833,0.0350042752271573,0.1616533492343433,0.0262735906038775,,0.4147931067394902,-0.0101398325899438,-0.0182853934732345,836,-0.059275621217674,pga_ridge_v2,-2.979727228068276,701,-2.979727228068276,1.0384326575418572,1.0,-10.892581267419414,0.0187822307655857,-0.0292652067782974,0.0,weekly_pga_core,False,0.0106133312912064,-0.0451583305377559,0.0460767127854621,0.0,-0.0,0.0,0.4263248202784029,2026-10-01 13:25,2026-10-02 08:30
Black Desert Resort,1,2026-10-04,2026-10-01,554,Bank of Utah Championship,2026-09-30 18:51:33 UTC,no,pga,-21600,0,ENG,27194,77.0,69.0,"hall, harry",57975,524,56.0,0.0,0.0,0.0,0.0,0.0,0.0,1997-08-06,player_birthdates.csv,-2.5,29.0,1,2.627902653161947,0.7580851391000419,-4.440892098500626e-16,1.3672105236138752,1.182,euro,2026-09-13,841.0,0.7580851391000419,-0.29,0.0,0.0,16.0,0.0,59.0,-0.0265486725663716,3.831858407079645,0.8257511581522481,2.432106270038263,4.0,1.0,1.920236406468172,2.432106270038263,4.0,-1.5306030831461723,2.432106270038263,4.0,-1.78860521315416,2.432106270038263,4.0,0.5026817197008193,2.432106270038263,4.0,0.0480059101617042,-0.0,-0.0,0.0,2026-10-01,-0.1349165368349714,-0.0032651139537129,0.0011869540829259,-0.0226303589361582,-0.103133231114554,-0.0070747869134722,0.4029509781355763,,-0.0743426883320364,-0.0157583666187968,-0.0920184766904429,0.1579126105743751,0.1794714138452895,,0.5445299541413096,-0.0204165952763174,-0.0122496288946275,580,-0.0022096564038879,pga_ridge_v2,-2.979727228068276,701,-2.979727228068276,0.8027962043031304,1.0,-15.008367265188427,0.0410537792902792,0.0189807073982898,0.0,weekly_pga_core,False,-0.0348149427961544,-0.0205265138807981,-0.0827851298483107,0.0041287557907612,-0.0,0.0,0.4105321234068074,2026-10-01 08:19,2026-10-02 13:14
Black Desert Resort,1,2026-10-04,2026-10-01,554,Bank of Utah Championship,2026-09-30 18:51:33 UTC,no,pga,-21600,0,RSA,24342,267.0,134.0,"higgo, garrick",54421,208,171.0,0.0,0.0,0.0,0.0,0.0,0.0,1999-05-12,player_birthdates.csv,-4.5,27.0,1,2.4555357277809127,-0.371250559743233,0.0736882716049383,1.000141300301426,0.275,pga,2026-07-31,729.0,-0.371250559743233,-0.5299999999999999,0.24,-0.0399999999999999,30.0,0.0,33.0,-0.0265486725663716,17.831858407079643,-2.838585809267111,1.2152364932258175,2.0,1.0,0.151646601058058,1.2152364932258175,2.0,0.6699550891244006,1.2152364932258175,2.0,-1.3279899343459365,1.2152364932258175,2.0,-1.88352845087711,1.2152364932258175,2.0,0.0037911650264514,0.0,-0.0,-0.0,2026-10-01,0.036157111527284,-0.0008590251867883,-0.0025598549098625,0.0503199812836048,-0.0144352575506863,0.0036912678910163,-0.1488990194198355,-0.0208427295480521,-0.2074465324255931,-0.0279556614846038,0.0110640150516399,,,-0.0424437917143203,-0.4514010012071344,-0.0011427074867042,-0.0190000588203777,485,-1.151674675637411,pga_ridge_v2,-2.979727228068276,701,-2.979727228068276,-0.4254141943751167,1.0,-13.942665006690572,-0.1097074045824565,0.0052654846407127,0.0,weekly_pga_core,False,-0.2045265799586928,-0.0161004681375347,0.0123532562985371,-0.0283858580926711,-0.0,-0.0,-0.6880606510974959,2026-10-01 08:08,2026-10-02 13:03
Black Desert Resort,1,2026-10-04,2026-10-01,554,Bank of Utah Championship,2026-09-30 18:51:33 UTC,no,pga,-21600,0,USA,14140,385.0,383.0,"higgs, harry",33597,50,185.0,0.0,0.0,0.0,0.0,0.0,0.0,1991-12-04,player_birthdates.csv,-2.5,34.0,1,2.3,-0.8963804601462266,0.3236882716049383,0.7530421226204387,0.4866,pga,2026-09-14,1156.0,-0.8963804601462266,-0.1899999999999999,0.0,0.0,9.0,0.0,51.0,-0.0265486725663716,-3.168141592920355,-10.664511955799233,3.147296654682725,4.0,1.0,-1.948160592769021,3.147296654682725,4.0,-6.613438783587085,3.147296654682725,4.0,-1.8922676899859032,3.147296654682725,4.0,-0.900174730672906,3.147296654682725,4.0,-0.0487040148192255,-0.0,-0.0,-0.0,2026-10-01,0.0126641638014245,0.0021019519488198,-0.0013184321405299,0.0392588938642311,-0.0306785316941943,0.0033002818230979,-0.3967668560350969,-0.0156932357967363,-0.2266166199622586,0.0090284211015893,0.0061539912807303,,,-0.2059061161330792,-0.905899025256625,-0.0009446420464917,-0.0146631396248933,651,-0.960042458492324,pga_ridge_v2,-2.979727228068276,701,-2.979727228068276,-1.2392219774751854,1.0,20.56153005404625,0.0,-0.0604908280403884,0.0,weekly_pga_core,False,0.0363377248760357,-0.0089447045208526,0.0043267743090484,-0.1,0.0,0.0,-0.9741792305923932,2026-10-01 12:30,2026-10-02 07:35
Black Desert Resort,1,2026-10-04,2026-10-01,554,Bank of Utah Championship,2026-09-30 18:51:33 UTC,no,pga,-21600,0,USA,28469,350.0,247.0,"highsmith, joe",60067,175,152.0,0.0,0.0,0.0,0.0,0.0,0.0,2000-04-19,player_birthdates.csv,-0.5,26.0,1,2.8647959958348723,-0.594445272548501,0.0736882716049383,0.6891537677351174,0.3674,pga,2026-08-09,676.0,-0.594445272548501,-0.03,0.35,-0.0799999999999999,30.0,0.0,41.0,-0.0265486725663716,17.831858407079643,3.656479083991065,4.004664885091688,6.0,1.0,-1.070132801764734,4.004664885091688,6.0,0.0487811237256139,4.004664885091688,6.0,-0.369392862309094,4.004664885091688,6.0,6.618699954892761,4.004664885091688,6.0,-0.0267533200441183,0.0,-0.0,0.0,2026-10-01,-0.0356306950915749,0.002021846802278,-0.0004964737445103,-0.0177429435462381,-0.0211179961863655,0.001704871583261,-0.2814956818721706,-0.0143618162689563,-0.1077713123342419,0.0066830627860528,-0.0137697097043029,,,-0.2200092747723311,-0.6376495890089169,-0.0010389702559858,-0.0169937674305902,308,-1.019270546700782,pga_ridge_v2,-2.979727228068276,701,-2.979727228068276,-0.2799087808593089,1.0,1.5167897893418825,-0.0652719745396271,0.0111078808436095,0.0,weekly_pga_core,False,-0.2045265799586928,-0.0017889409041705,-0.0121734035150765,0.0365647908399106,0.0,-0.0,-0.8195737225469462,2026-10-01 08:30,2026-10-02 13:25
Black Desert Resort,1,2026-10-04,2026-10-01,554,Bank of Utah Championship,2026-09-30 18:51:33 UTC,no,pga,-21600,0,JPN,20954,0.0,391.0,"hirata, kensei",49120,117,175.0,0.0,0.0,0.0,0.0,0.0,0.0,2000-12-11,player_birthdates.csv,-6.5,25.0,1,3.050033008491772,-1.269410876799265,-0.0513117283950617,0.1408888185593949,0.0269230769230769,pga,2026-09-14,625.0,-1.269410876799265,0.48,0.43,0.33,11.0,0.0,33.0,-0.0265486725663716,-1.168141592920355,0.0,0.0,0.0,0.0,0.0,0.0,0.0,0.0,0.0,0.0,0.0,0.0,0.0,0.0,0.0,0.0,0.0,0.0,0.0,0.0,2026-10-01,-0.0747443287865609,0.0029217363564203,-0.0035173705754604,-0.1063852182940452,0.032338070620578,-0.0001015468940536,-0.6036456615246533,-0.0029360926707986,-0.3606869348290569,0.025890467820297,-0.0333034872942835,,,-0.3094635952841581,-1.2969950935651051,-0.0016082651052459,-0.0254172498304799,153,-1.7089112748029145,pga_ridge_v2,-2.979727228068276,701,-2.979727228068276,-2.166548148582479,1.0,0.0,0.0,0.0141757251532737,0.0,weekly_pga_core,False,0.0133982672727282,-0.0232562317542168,-0.0255367702606932,0.0,0.0,0.0,-1.332389828307287,2026-10-01 08:52,2026-10-02 13:47
Black Desert Resort,1,2026-10-04,2026-10-01,554,Bank of Utah Championship,2026-09-30 18:51:33 UTC,no,pga,-21600,0,USA,25157,134.0,142.0,"hodges, lee",54628,255,109.0,0.0,0.0,0.0,0.0,0.0,0.0,1995-06-14,player_birthdates.csv,-0.5,31.0,1,2.31456856037788,0.2971689107994879,-0.4263117283950617,0.6946758513156019,0.4639999999999999,pga,2026-08-09,961.0,0.2971689107994879,-0.42,-0.23,-0.09,30.0,0.0,31.0,-0.0265486725663716,17.831858407079643,2.890834236169347,4.004664885091688,6.0,1.0,2.785096828609351,4.004664885091688,6.0,2.698369039170985,4.004664885091688,6.0,-1.0967269918811111,4.004664885091688,6.0,1.0645584905809076,4.004664885091688,6.0,0.0696274207152337,0.0,-0.0,0.0,2026-10-01,0.1172015165189932,-0.0015935628869279,0.0008368262414644,-0.0624249774182301,0.1742432957924638,0.006139934790223,0.1658962393531404,-0.0144768953028639,-0.0420040065898101,-0.0161907954997037,0.0368488766360436,,,0.0689040036374883,0.1753558412615849,-2.90272147462835e-05,0.0020902449886588,659,-0.3647370225532836,pga_ridge_v2,-2.979727228068276,701,-2.979727228068276,0.3822694518311944,1.0,-10.546071236255148,-0.0200448632545073,-0.0256827987466221,0.0,weekly_pga_core,False,-0.2045265799586928,-0.0017889409041705,0.0400424788092886,0.0289083423616934,-0.0,-0.0,0.0379911415697036,2026-10-01 13:25,2026-10-02 08:30
Black Desert Resort,1,2026-10-04,2026-10-01,554,Bank of Utah Championship,2026-09-30 18:51:33 UTC,no,pga,-21600,0,PHI,23504,122.0,110.0,"hoey, rico",51696,554,114.0,0.0,0.0,0.0,0.0,0.0,0.0,1995-09-19,player_birthdates.csv,1.5,31.0,1,2.300247283687189,0.3462891248620193,0.5736882716049383,0.72699350665552,0.5048,pga,2026-09-14,961.0,0.3462891248620193,0.27,0.3199999999999999,0.1099999999999999,9.0,0.0,49.0,-0.0265486725663716,-3.168141592920355,7.789653683973384,5.579402924720988,8.0,1.0,3.2849339784324405,5.579402924720988,8.0,2.3993505010380605,5.579402924720988,8.0,0.8553838731980683,5.579402924720988,8.0,5.9348909510786365,5.579402924720988,8.0,0.082123349460811,0.0,0.0,0.0,2026-10-01,0.0943558802747441,0.0024755062431513,0.0006162801403731,0.1045719565602741,-0.0133590355781727,5.117290911837978e-05,0.1602558426779913,-0.0151503882879792,0.044101314275347,0.0135860302794956,0.0433752630565905,,,0.0380113704276982,0.2636657206497209,0.0001628117355843,0.003265678444327,571,-0.0310688181564165,pga_ridge_v2,-2.979727228068276,701,-2.979727228068276,0.1525513433696312,1.0,-8.514758279822766,0.0,-0.0239422019593341,0.0,weekly_pga_core,False,0.0363377248760357,0.0053668227125115,0.0322371539946834,0.0778965368397338,-0.0,0.0,0.4155039590726855,2026-10-01 08:41,2026-10-02 13:36
Black Desert Resort,1,2026-10-04,2026-10-01,554,Bank of Utah Championship,2026-09-30 18:51:33 UTC,no,pga,-21600,0,USA,15575,174.0,141.0,"hoge, tom",35532,221,84.0,0.0,0.0,0.0,0.0,0.0,0.0,1989-05-25,player_birthdates.csv,-2.5,37.0,1,2.845571253106513,-0.0949439574062184,0.4486882716049383,1.1538122678561842,0.9614,pga,2026-09-14,1369.0,-0.0949439574062184,0.0799999999999999,0.41,-0.0399999999999999,11.0,0.0,55.0,-0.0265486725663716,-1.168141592920355,3.0126200436186705,3.147296654682725,4.0,1.0,1.344723324005184,3.147296654682725,4.0,4.164748099525296,3.147296654682725,4.0,-0.4963400963122185,3.147296654682725,4.0,1.0935418866271274,3.147296654682725,4.0,0.0336180831001296,0.0,-0.0,0.0,2026-10-01,-0.0641664887699857,0.0013448081385282,0.0027497280356569,-0.0593156304440838,-0.0113034822300492,0.002358087729962,-0.0556531259408667,-0.0240451994542204,-0.0228447528107376,-0.0030614494841487,-0.0378694584889481,,,-0.0282063172785039,-0.266778780408726,-0.0002863756067555,-0.0062726689978576,875,-0.4632182988894935,pga_ridge_v2,-2.979727228068276,701,-2.979727228068276,0.3775887886772606,1.0,-5.766372128864285,-0.1438045318606889,-0.0885394323466869,0.0,weekly_pga_core,False,0.0133982672727282,-0.0089447045208526,-0.0219227988097084,0.0301262004361867,-0.0,-0.0,-0.254121816030372,2026-10-01 07:46,2026-10-02 12:41
Black Desert Resort,1,2026-10-04,2026-10-01,554,Bank of Utah Championship,2026-09-30 18:51:33 UTC,no,pga,-21600,0,DEN,23838,89.0,75.0,"hojgaard, rasmus",52686,397,110.0,0.0,0.0,0.0,0.0,0.0,0.0,2001-03-12,player_birthdates.csv,-6.5,25.0,1,2.968093746768252,0.6821321678956846,-1.9263117283950617,1.0781367123279988,0.8814,pga,2026-09-14,625.0,0.6821321678956846,0.01,0.0,0.0,12.0,0.0,48.0,-0.0265486725663716,-0.1681415929203549,0.0,0.0,0.0,0.0,0.0,0.0,0.0,0.0,0.0,0.0,0.0,0.0,0.0,0.0,0.0,0.0,0.0,0.0,0.0,0.0,2026-10-01,-0.0522296739348808,-0.0031091996567289,-0.0006709428484919,0.1368027998846828,-0.1874337998775196,0.0021814685631768,0.3422677340955627,,-0.0738005946375462,-0.0105155312365031,-0.0150314677166928,0.1177531091034299,0.0983425950377063,,0.4926380311350213,-0.0081381600312794,-0.0032178120121628,575,-0.304860109762486,pga_ridge_v2,-2.979727228068276,701,-2.979727228068276,0.913753659439581,1.0,-26.06723006538264,0.0476189961286587,0.0449781585325067,0.0,weekly_pga_core,False,0.0015276764737342,-0.0533689360900751,-0.0320482606511232,0.0,-0.0,0.0,0.4087485108675571,2026-10-01 07:57,2026-10-02 12:52
Black Desert Resort,1,2026-10-04,2026-10-01,554,Bank of Utah Championship,2026-09-30 18:51:33 UTC,no,pga,-21600,0,USA,17538,70.0,74.0,"homa, max",39977,732,53.0,0.0,0.0,0.0,0.0,0.0,0.0,1990-11-19,player_birthdates.csv,-2.5,35.0,1,2.426314513815368,0.4293795734020312,0.0736882716049383,1.899264979669311,1.6570000000000005,pga,2026-08-16,1225.0,0.4293795734020312,-0.05,-0.07,-0.0399999999999999,30.0,0.0,47.0,-0.0265486725663716,17.831858407079643,5.475974934385361,3.147296654682725,4.0,1.0,1.0789512963892425,3.147296654682725,4.0,-0.6503145331618225,3.147296654682725,4.0,0.4497858690839051,3.147296654682725,4.0,3.4572797598612675,3.147296654682725,4.0,0.026973782409731,-0.0,0.0,0.0,2026-10-01,-0.0712093337526953,-0.0033097471066953,3.1898031971244545e-05,0.0546761766044638,-0.1214901274483105,-0.0011175338341245,0.2010764225131056,-0.0395802736067431,0.1272062839240761,-0.0116104327400109,0.016336632556477,,,0.1476130604241709,0.3818930076258194,0.0005634979246915,0.0105101119972784,730,0.0535416063218399,pga_ridge_v2,-2.979727228068276,701,-2.979727228068276,0.8785822356833204,1.0,-17.797359532893818,0.0065941199758402,-0.0702222953672261,0.0,weekly_pga_core,False,-0.2045265799586928,-0.0089447045208526,-0.0243290216927677,0.0547597493438536,-0.0,0.0,0.1988524507973597,2026-10-01 13:03,2026-10-02 08:08
Black Desert Resort,1,2026-10-04,2026-10-01,554,Bank of Utah Championship,2026-09-30 18:51:33 UTC,no,pga,-21600,0,USA,11276,104.0,164.0,"horschel, billy",29420,513,101.0,0.0,0.0,0.0,0.0,0.0,0.0,1986-12-07,player_birthdates.csv,-2.5,39.0,1,2.5712021373933207,0.4131821495817558,0.1986882716049383,1.386380155858866,1.212,pga,2026-09-14,1521.0,0.4131821495817558,0.27,0.14,0.21,9.0,0.0,47.0,-0.0265486725663716,-3.168141592920355,5.13482016477388,3.147296654682725,4.0,1.0,-1.9986398691208869,3.147296654682725,4.0,-0.7143775937794262,3.147296654682725,4.0,2.5464274324549825,3.147296654682725,4.0,2.667678045674548,3.147296654682725,4.0,-0.0499659967280221,-0.0,0.0,0.0,2026-10-01,0.0461220664833986,-3.537358427553273e-05,0.0023864760731311,-0.0133173530170345,0.0504047009122881,0.0066836160992894,0.1992193983194879,-0.0291756988322337,0.0699312432966523,0.0007793370330458,0.0364876933719678,,,0.0733364249241103,0.2318419296840522,-1.9273622890434988e-05,0.0010481875363916,788,-0.0814403803261048,pga_ridge_v2,-2.979727228068276,701,-2.979727228068276,0.7251119756464621,1.0,-3.6122411239363337,0.0712019479267639,-0.1197653823424795,0.0,weekly_pga_core,False,0.0363377248760357,-0.0089447045208526,0.0157578325319945,0.0513482016477388,-0.0,0.0,0.3263409842189687,2026-10-01 13:03,2026-10-02 08:08
Black Desert Resort,1,2026-10-04,2026-10-01,554,Bank of Utah Championship,2026-09-30 18:51:33 UTC,no,pga,-21600,0,USA,15470,99.0,98.0,"hossler, beau",35461,293,75.0,0.0,0.0,0.0,0.0,0.0,0.0,1995-03-16,player_birthdates.csv,-0.5,31.0,1,2.338588224680247,0.4299079195464985,0.8236882716049383,0.9062818577127572,0.7547999999999999,pga,2026-09-14,961.0,0.4299079195464985,0.71,0.57,0.09,11.0,0.0,43.0,-0.0265486725663716,-1.168141592920355,-2.5561278533318736,4.004664885091688,6.0,1.0,2.653241372894517,4.004664885091688,6.0,-2.9563251413059763,4.004664885091688,6.0,2.8555839813920105,4.004664885091688,6.0,-5.075432430528319,4.004664885091688,6.0,0.0663310343223629,-0.0,0.0,-0.0,2026-10-01,0.034769189117656,-0.0021335655152095,-0.0013698982066447,0.0174733389492331,0.0246701646635519,-0.0038708507732748,0.1759078967175038,-0.0188867189555319,0.1413901626358804,-0.0117817265282469,0.0343663867990733,,,0.0585616873020368,0.360507612602253,0.0004414475427257,0.0088402991646397,827,0.247411815463696,pga_ridge_v2,-2.979727228068276,701,-2.979727228068276,0.6533438766171606,1.0,6.12701784658304,0.0,-0.0283318220758281,0.0,weekly_pga_core,False,0.0133982672727282,-0.0017889409041705,0.0118790657306406,-0.0255612785333187,0.0,0.0,0.3584347261681327,2026-10-01 13:36,2026-10-02 08:41
Black Desert Resort,1,2026-10-04,2026-10-01,554,Bank of Utah Championship,2026-09-30 18:51:33 UTC,no,pga,-21600,0,USA,16333,242.0,160.0,"hubbard, mark",36801,184,122.0,0.0,0.0,0.0,0.0,0.0,0.0,1989-05-24,player_birthdates.csv,-2.5,37.0,1,2.65039790904713,-0.2728159354804407,-0.0513117283950617,0.7715967974591318,0.5392,pga,2026-09-14,1369.0,-0.2728159354804407,-0.1599999999999999,-0.21,-0.12,11.0,0.0,41.0,-0.0265486725663716,-1.168141592920355,-4.348736494257164,2.7877951082792425,4.0,1.0,-2.2979567215091703,2.7877951082792425,4.0,2.9112899175657763,2.7877951082792425,4.0,-0.8352062937403243,2.7877951082792425,4.0,-4.159392341522049,2.7877951082792425,4.0,-0.0574489180377292,0.0,-0.0,-0.0,2026-10-01,0.0024160982737349,0.0051613116210014,0.0007713294230772,-0.0430821655129539,0.0414380489564852,-0.0018724262138749,-0.1477372092043039,-0.016079911273274,-0.1258928118017079,0.0346515485494929,0.0197685890724698,,,-0.0889170573255697,-0.4198355952341611,-0.0005307740386962,-0.0065585368658851,874,-0.677942111736555,pga_ridge_v2,-2.979727228068276,701,-2.979727228068276,-0.6788361666409651,1.0,-6.489276523617228,-0.0512568069042154,-0.0885394323466869,0.0,weekly_pga_core,False,0.0133982672727282,-0.0089447045208526,0.0008254719461032,-0.0434873649425716,-0.0,-0.0,-0.4580439254787538,2026-10-01 07:57,2026-10-02 12:52
Black Desert Resort,1,2026-10-04,2026-10-01,554,Bank of Utah Championship,2026-09-30 18:51:33 UTC,no,pga,-21600,0,CAN,15556,106.0,161.0,"hughes, mackenzie",35506,314,116.0,0.0,0.0,0.0,0.0,0.0,0.0,1990-11-23,player_birthdates.csv,-6.5,35.0,1,2.388503809672869,0.260772572796354,0.5736882716049383,0.9436176169887016,0.662,pga,2026-09-14,1225.0,0.260772572796354,0.1399999999999999,0.22,0.07,9.0,0.0,43.0,-0.0265486725663716,-3.168141592920355,0.0,0.0,0.0,0.0,0.0,0.0,0.0,0.0,0.0,0.0,0.0,0.0,0.0,0.0,0.0,0.0,0.0,0.0,0.0,0.0,2026-10-01,-0.0048613404443745,-0.0036149886274314,-0.001848764792549,0.0535672828907157,-0.042470173720704,-0.0104946961944058,0.1649735304271979,-0.0196647881471803,0.086479802006367,-0.022191478158733,0.0142335060744419,,,0.0777688462107324,0.2355392406728543,0.0002196458047203,0.0050491647354764,789,-0.0903769340047153,pga_ridge_v2,-2.979727228068276,701,-2.979727228068276,0.5604680228002367,1.0,-17.85770190330949,0.0749781940241991,-0.0713289882801685,0.0,weekly_pga_core,False,0.0363377248760357,-0.0232562317542168,-0.0016609010489813,0.0,-0.0,0.0,0.2469598327456918,2026-10-01 12:30,2026-10-02 07:35
Black Desert Resort,1,2026-10-04,2026-10-01,554,Bank of Utah Championship,2026-09-30 18:51:33 UTC,no,pga,-21600,0,GER,16394,155.0,128.0,"jaeger, stephan",36799,485,83.0,0.0,0.0,0.0,0.0,0.0,0.0,1989-05-30,player_birthdates.csv,1.5,37.0,1,3.2,0.0265745872946271,-1.1763117283950617,0.8697100722614584,0.7928000000000001,pga,2026-09-14,1369.0,0.0265745872946271,-0.27,0.32,-0.02,9.0,0.0,40.0,-0.0265486725663716,-3.168141592920355,12.252066991217974,5.579402924720988,8.0,1.0,0.8548315486375132,5.579402924720988,8.0,3.1648711135259995,5.579402924720988,8.0,6.043792858402544,5.579402924720988,8.0,1.8705488795817664,5.579402924720988,8.0,0.0213707887159378,0.0,0.0,0.0,2026-10-01,-0.1111523633906064,-0.0007982413724613,0.0001685205739331,0.0617474196061897,-0.1664319048280303,-0.0058381573702376,0.0087506932213049,-0.0181245708140432,-0.0679940161951894,-0.0166180699602198,-0.0513991777226322,,,0.0208189484674672,-0.2133582615428394,6.814521088646841e-05,-0.0003207814037264,803,-0.208726639368035,pga_ridge_v2,-2.979727228068276,701,-2.979727228068276,0.1038119647753935,1.0,-19.6054152435983,-0.0485530060620034,-0.0885394323466869,0.0,weekly_pga_core,False,0.0363377248760357,0.0053668227125115,-0.0379757556716378,0.1,-0.0,-0.0,-0.1096294696259298,2026-10-01 08:19,2026-10-02 13:14
Black Desert Resort,1,2026-10-04,2026-10-01,554,Bank of Utah Championship,2026-09-30 18:51:33 UTC,no,pga,-21600,0,USA,29827,45.0,92.0,"james, ben",57869,949,66.0,0.0,0.0,0.0,0.0,0.0,0.0,,player_birthdates.csv:unknown,-6.5,,0,2.7,1.0271817256252809,1.3236882716049383,1.0271817256252809,0.36,pga,2026-09-14,,1.0271817256252809,0.89,0.15,0.21,9.0,0.0,35.0,-0.0265486725663716,-3.168141592920355,0.0,0.0,0.0,0.0,0.0,0.0,0.0,0.0,0.0,0.0,0.0,0.0,0.0,0.0,0.0,0.0,0.0,0.0,0.0,0.0,2026-10-01,0.1769086932044001,0.0004481934718509,0.001946991100677,-0.0003196382550017,0.1757032422191954,-0.0008700953323215,0.4994489160880411,,0.2320835012116827,-0.014359139370828,0.0989065889200072,0.0459446124612828,0.1055537547477457,,0.8355520107785315,-0.0636035069616617,-0.0426797743585592,56,0.8387507356001943,pga_ridge_v2,-2.979727228068276,701,-2.979727228068276,1.7941964955666905,1.0,6.508606554186927,0.0,-0.0257429419591793,0.0,weekly_pga_core,False,0.0287846409261508,-0.0533689360900751,0.1085516237059608,0.0,0.0,0.0,0.25,2026-10-01 08:08,2026-10-02 13:03
Black Desert Resort,1,2026-10-04,2026-10-01,554,Bank of Utah Championship,2026-09-30 18:51:33 UTC,no,pga,-21600,0,USA,17619,0.0,0.0,"johnson, zach j.",29747,120,0.0,0.0,0.0,0.0,0.0,0.0,0.0,,player_birthdates.csv:unknown,-6.5,,0,3.2,-5.71225,-4.440892098500626e-16,0.0,0.0,0,,,-5.71225,0.0,0.0,0.0,12.168141592920351,0.0,0.0,0.0,-1.7763568394002505e-15,0.0,0.0,0.0,0.0,0.0,0.0,0.0,0.0,0.0,0.0,0.0,0.0,0.0,0.0,0.0,0.0,0.0,0.0,0.0,0.0,2026-10-01,-0.4477813268373555,-0.0,0.0,0.0,-0.4477813268373555,-0.0,,,,,,,,,0.0,,,4,-3.5262317824546208,tour_prior_shrunk_partial,-2.979727228068276,701,-2.979727228068276,-5.71225,0.2,0.0,0.0,,-3.5262317824546208,tour_prior_shrunk_partial,True,0.0,0.0,0.0,0.0,0.0,0.0,-3.5262317824546208,2026-10-01 14:09,2026-10-02 09:14
Black Desert Resort,1,2026-10-04,2026-10-01,554,Bank of Utah Championship,2026-09-30 18:51:33 UTC,no,pga,-21600,0,JPN,19729,195.0,188.0,"kanaya, takumi",47917,208,142.0,0.0,0.0,0.0,0.0,0.0,0.0,1998-05-23,player_birthdates.csv,-2.5,28.0,1,2.3,-0.2765297603625898,-0.4263117283950617,0.4587228990885119,0.3755555555555555,pga,2026-09-14,784.0,-0.2765297603625898,-0.16,-0.13,0.08,9.0,0.0,37.0,-0.0265486725663716,-3.168141592920355,-0.5122704039321673,3.147296654682725,4.0,1.0,-2.060328210167002,3.147296654682725,4.0,1.6821853574693224,3.147296654682725,4.0,1.7496540210468725,3.147296654682725,4.0,-0.5521998653131188,3.147296654682725,4.0,-0.051508205254175,0.0,0.0,-0.0,2026-10-01,0.0237478282964614,-0.0017298031832921,-0.0032057932823398,-0.1075350379638589,0.1445749069321047,-0.0083564442061522,-0.1167221553832078,-0.0095596865366111,-0.0313765998379668,-0.0051658630185581,-0.0037432432077437,,,-0.0368025282586195,-0.2124020836534025,-0.0005748355266997,-0.0060227372131501,267,-0.6137107673050347,pga_ridge_v2,-2.979727228068276,701,-2.979727228068276,-0.1522082930537403,1.0,-19.62988924324853,-0.0404558557374703,-0.0024344346708455,0.0,weekly_pga_core,False,0.0363377248760357,-0.0089447045208526,0.0081135631992746,-0.0051227040393216,-0.0,-0.0,-0.1820182041382664,2026-10-01 13:25,2026-10-02 08:30
Black Desert Resort,1,2026-10-04,2026-10-01,554,Bank of Utah Championship,2026-09-30 18:51:33 UTC,no,pga,-21600,0,USA,21889,393.0,318.0,"kang, jeffrey",47393,119,170.0,0.0,0.0,0.0,0.0,0.0,0.0,1991-06-24,player_birthdates.csv,-6.5,35.0,1,2.3,-0.9704553893596464,-1.0513117283950617,-0.2536593266673497,-0.6883999999999999,pga,2026-09-14,1225.0,-0.9704553893596464,-0.44,-0.25,0.18,11.0,0.0,33.0,-0.0265486725663716,-1.168141592920355,0.0,0.0,0.0,0.0,0.0,0.0,0.0,0.0,0.0,0.0,0.0,0.0,0.0,0.0,0.0,0.0,0.0,0.0,0.0,0.0,2026-10-01,-0.1083620583436787,0.004553734199205,-0.0013482844364867,-0.0118312970453958,-0.0979131982707087,-0.0018230127902925,-0.4585282536279851,0.0052862058005955,-0.200772162697965,0.0368927741193184,0.0009440499354987,,,-0.2138307481303731,-0.9118068662174514,-0.0013987556972483,-0.0156348888202302,215,-1.3358707778425298,pga_ridge_v2,-2.979727228068276,701,-2.979727228068276,-1.1131132896922913,1.0,0.0,0.0,-0.0647650870990621,0.0,weekly_pga_core,False,0.0133982672727282,-0.0232562317542168,-0.0370224341274157,0.0,0.0,0.0,-0.9586872648263558,2026-10-01 08:52,2026-10-02 13:47
Black Desert Resort,1,2026-10-04,2026-10-01,554,Bank of Utah Championship,2026-09-30 18:51:33 UTC,no,pga,-21600,0,USA,32457,80.0,66.0,"keefer, johnny",63454,671,73.0,0.0,0.0,0.0,0.0,0.0,0.0,2001-01-11,player_birthdates.csv,-6.5,25.0,1,2.7390146703893987,0.2183992319408702,0.1986882716049383,1.0166666666666666,1.03,pga,2026-09-14,625.0,0.2183992319408702,-0.2,-0.12,-0.0099999999999999,9.0,0.0,55.0,-0.0265486725663716,-3.168141592920355,0.0,0.0,0.0,0.0,0.0,0.0,0.0,0.0,0.0,0.0,0.0,0.0,0.0,0.0,0.0,0.0,0.0,0.0,0.0,0.0,2026-10-01,0.0379981719002581,0.0002461324907451,0.0012987337046883,0.0943798190172972,-0.0629312537917038,0.0050047404792311,0.1604552255951139,-0.0211871146281697,0.1545797147872652,-0.0275729366368524,0.0050897661569529,,,0.1134968480968375,0.4088742690086845,0.0006330489617677,0.0086056739198722,172,0.1381537027354896,pga_ridge_v2,-2.979727228068276,701,-2.979727228068276,0.9114553423709212,1.0,-22.43321604787795,0.1105096868275246,0.0147740427558969,0.0,weekly_pga_core,False,0.0363377248760357,-0.0232562317542168,0.0129822636967433,0.0,-0.0,0.0,0.4349380258272468,2026-10-01 07:35,2026-10-02 12:30
Black Desert Resort,1,2026-10-04,2026-10-01,554,Bank of Utah Championship,2026-09-30 18:51:33 UTC,no,pga,-21600,0,USA,12423,87.0,106.0,"kirk, chris",30926,437,118.0,0.0,0.0,0.0,0.0,0.0,0.0,1985-05-08,player_birthdates.csv,-2.5,41.0,1,2.4997602847838025,0.3599464449056718,-0.3013117283950617,1.1149745703968796,0.9262,pga,2026-09-14,1681.0,0.3599464449056718,-0.29,-0.05,-0.0199999999999999,9.0,0.0,39.0,-0.0265486725663716,-3.168141592920355,0.5411799397836365,2.432106270038263,4.0,1.0,-0.7488194450604629,2.432106270038263,4.0,3.131382405120271,2.432106270038263,4.0,-0.7679485143152205,2.432106270038263,4.0,-1.4103344577675443,2.432106270038263,4.0,-0.0187204861265115,0.0,-0.0,-0.0,2026-10-01,0.0146689290586639,0.0034227757949547,0.0026229042351432,-0.0051294124549451,0.0180528251399207,-0.0043001636564095,0.2067494577403612,-0.0232358301939275,0.1462743552392822,0.0168873409304122,-0.0014581008144188,,,0.0775002146176038,0.2875215758274253,0.0004274169243096,0.005794182741436,709,0.083192523292936,pga_ridge_v2,-2.979727228068276,701,-2.979727228068276,0.778905470894762,1.0,18.49236030780911,-0.0872795014938819,-0.1414174613576334,0.0,weekly_pga_core,False,0.0363377248760357,-0.0089447045208526,0.0050117122920616,0.0054117993978363,0.0,-0.0,0.3253381078725065,2026-10-01 13:03,2026-10-02 08:08
Black Desert Resort,1,2026-10-04,2026-10-01,554,Bank of Utah Championship,2026-09-30 18:51:33 UTC,no,pga,-21600,0,USA,13470,496.0,0.0,"kizzire, patton",32757,125,163.0,0.0,0.0,0.0,0.0,0.0,0.0,1986-03-03,player_birthdates.csv,1.5,40.0,1,2.549988925741162,-1.2250603535681983,-0.3013117283950617,0.7683732888774387,0.4812,pga,2026-09-14,1600.0,-1.2250603535681983,0.3900000000000001,0.3,0.28,9.0,0.0,28.0,-0.0265486725663716,-3.168141592920355,4.228490251704685,5.579402924720988,8.0,1.0,1.478797918468316,5.579402924720988,8.0,0.37377347432251,5.579402924720988,8.0,-1.915435910821224,5.579402924720988,8.0,2.1401777522841616,5.579402924720988,8.0,0.0369699479617079,0.0,-0.0,0.0,2026-10-01,-0.1593342590615429,0.0024886614032631,-0.0014414091204146,-0.0713811048998114,-0.0837453141414708,-0.005255092303109,-0.5428763973862157,-0.0160127340478722,-0.1695856094931268,0.0097003680106267,-0.0643481873740287,,,-0.3468033867290349,-1.2970586849336208,-0.0015044264963133,-0.035199569666901,723,-1.5884038974092651,pga_ridge_v2,-2.979727228068276,701,-2.979727228068276,-1.6918928721564792,1.0,-7.544494873514309,0.0,-0.1304287417507543,0.0,weekly_pga_core,False,0.0363377248760357,0.0053668227125115,-0.0544373390512536,0.0422849025170468,-0.0,0.0,-1.26750657387928,2026-10-01 07:35,2026-10-02 12:30
Black Desert Resort,1,2026-10-04,2026-10-01,554,Bank of Utah Championship,2026-09-30 18:51:33 UTC,no,pga,-21600,0,USA,16395,67.0,95.0,"kohles, ben",36884,662,90.0,0.0,0.0,0.0,0.0,0.0,0.0,1990-02-24,player_birthdates.csv,1.5,36.0,1,2.733488251728061,0.2935375953613051,0.5736882716049383,0.6283193009118039,0.3822,pga,2026-09-14,1296.0,0.2935375953613051,0.08,0.0,0.0,9.0,0.0,69.0,-0.0265486725663716,-3.168141592920355,2.3100105973614227,5.579402924720988,8.0,1.0,0.0973983763673147,5.579402924720988,8.0,-0.8148120295453052,5.579402924720988,8.0,0.5170308254024231,5.579402924720988,8.0,2.7887557444761883,5.579402924720988,8.0,0.0024349594091828,-0.0,0.0,0.0,2026-10-01,0.1453675602169309,-0.0019679606316627,0.0028020908136981,-0.126893861545982,0.2733670218101998,-0.0019397302293221,0.2189517965900209,-0.0130940390670588,0.0607355958050778,-0.025044977619656,0.0318953216870449,,,0.1144370586727876,0.3187831890078806,0.0012430853644781,0.0100248942706083,726,0.3599313551935593,pga_ridge_v2,-2.979727228068276,701,-2.979727228068276,0.3126313357043172,1.0,12.023183873851776,0.0,-0.0803655466954223,0.0,weekly_pga_core,False,0.0363377248760357,0.0053668227125115,0.0496655471911162,0.0231001059736142,0.0,0.0,0.4332533897611584,2026-10-01 13:25,2026-10-02 08:30
Black Desert Resort,1,2026-10-04,2026-10-01,554,Bank of Utah Championship,2026-09-30 18:51:33 UTC,no,pga,-21600,0,USA,32319,22.0,58.0,"koivun, jackson",66701,1108,62.0,0.0,0.0,0.0,0.0,0.0,0.0,2005-05-23,player_birthdates.csv,-6.5,21.0,1,2.3,1.3458460036822748,-0.6763117283950617,1.5478600508476292,1.1075000000000002,pga,2026-09-14,441.0,1.3458460036822748,0.06,0.08,-0.0199999999999999,9.0,0.0,31.0,-0.0265486725663716,-3.168141592920355,0.0,0.0,0.0,0.0,0.0,0.0,0.0,0.0,0.0,0.0,0.0,0.0,0.0,0.0,0.0,0.0,0.0,0.0,0.0,0.0,2026-10-01,0.1925400836284906,-0.0025951202835708,0.0026980317196804,-0.0043022792638823,0.1992394229595361,-0.0024999715032726,0.7002314957594575,,0.1687355979317012,-0.0057708709353951,0.1205284919072573,0.1486630941613532,0.3197826982357776,,1.3486861746195775,-0.1153531615514443,-0.0533242076292373,62,1.215161123330696,pga_ridge_v2,-2.979727228068276,701,-2.979727228068276,1.9960908086826856,1.0,1.87072694232588,0.0,0.0651930367401072,0.0,weekly_pga_core,False,0.0287846409261508,-0.0533689360900751,0.118143084592263,0.0,0.0,0.0,1.4422449640479162,2026-10-01 08:08,2026-10-02 13:03
Black Desert Resort,1,2026-10-04,2026-10-01,554,Bank of Utah Championship,2026-09-30 18:51:33 UTC,no,pga,-21600,0,RSA,24343,0.0,360.0,"lamprecht, christo",54422,153,198.0,0.0,0.0,0.0,0.0,0.0,0.0,2001-01-30,player_birthdates.csv,-6.5,25.0,1,3.2,-1.8825035218850632,0.3236882716049383,0.0318407935239409,-0.3734,pga,2026-09-14,625.0,-1.8825035218850632,-0.0599999999999998,-0.18,0.09,11.0,0.0,31.0,-0.0265486725663716,-1.168141592920355,0.0,0.0,0.0,0.0,0.0,0.0,0.0,0.0,0.0,0.0,0.0,0.0,0.0,0.0,0.0,0.0,0.0,0.0,0.0,0.0,2026-10-01,-0.0120443644816806,0.0019706597106257,-0.0085317891357729,0.1849299127015791,-0.1937935201097614,0.0033803723516488,-0.8864536761424021,-0.0006635552874527,-0.3974931056035224,0.0085068469356243,-0.0283718451237779,,,-0.427930127853875,-1.7595760104440097,-0.0025737790354109,-0.0399640449386097,191,-2.355776385917956,pga_ridge_v2,-2.979727228068276,701,-2.979727228068276,-2.892554487533171,1.0,2.189988805433613,0.0,0.0153672766054171,0.0,weekly_pga_core,False,0.0133982672727282,-0.0232562317542168,-0.0041150168005794,0.0,0.0,0.0,-1.7735489917260778,2026-10-01 14:09,2026-10-02 09:14
Black Desert Resort,1,2026-10-04,2026-10-01,554,Bank of Utah Championship,2026-09-30 18:51:33 UTC,no,pga,-21600,0,USA,21943,273.0,281.0,"lebioda, hank",49766,120,140.0,0.0,0.0,0.0,0.0,0.0,0.0,1994-01-14,player_birthdates.csv,-6.5,32.0,1,2.5468468100610147,-0.4171276330174809,0.3236882716049383,0.6449509271788738,0.2852,pga,2026-09-14,1024.0,-0.4171276330174809,-0.2199999999999999,0.1799999999999999,-0.0799999999999999,9.0,0.0,39.0,-0.0265486725663716,-3.168141592920355,0.0,0.0,0.0,0.0,0.0,0.0,0.0,0.0,0.0,0.0,0.0,0.0,0.0,0.0,0.0,0.0,0.0,0.0,0.0,0.0,2026-10-01,-0.1052547881686349,0.0041615013010484,0.0002312786348823,-0.0303355461106909,-0.0790607714978378,-0.0002512504960369,-0.2308217061304039,-0.0134406385806719,-0.0790005687890205,0.0191813203523635,-0.040185420772358,,,-0.1591642189287011,-0.55652611413617,-0.0008562478640488,-0.01285318025139,651,-0.854928232746609,pga_ridge_v2,-2.979727228068276,701,-2.979727228068276,-0.6300572927877596,1.0,-13.490237471788337,0.0,-0.039385453171939,0.0,weekly_pga_core,False,0.0363377248760357,-0.0232562317542168,-0.0359608198767267,0.0,-0.0,0.0,-0.5794054408910778,2026-10-01 12:30,2026-10-02 07:35
Black Desert Resort,1,2026-10-04,2026-10-01,554,Bank of Utah Championship,2026-09-30 18:51:33 UTC,no,pga,-21600,0,CHN,15310,146.0,116.0,"li, haotong",35296,439,121.0,0.0,0.0,0.0,0.0,0.0,0.0,1995-08-03,player_birthdates.csv,-6.5,31.0,1,3.159358169416669,0.0473412902245576,1.0736882716049383,0.7333736480625745,0.5917241379310345,pga,2026-09-14,961.0,0.0473412902245576,0.21,0.0,0.0,9.0,0.0,53.0,-0.0265486725663716,-3.168141592920355,0.0,0.0,0.0,0.0,0.0,0.0,0.0,0.0,0.0,0.0,0.0,0.0,0.0,0.0,0.0,0.0,0.0,0.0,0.0,0.0,2026-10-01,0.0648663204530826,0.00130891177879,-0.0001194720678728,0.1148795947198604,-0.0743262279383845,0.0231235139606896,0.0369732863354785,-0.0178452893014366,0.1767057901271159,-0.0013622284599203,0.0213964093842733,,,-0.0548008449982363,0.1320962876516801,-0.0002260690094838,-0.0039348079496841,656,-0.2268091710291242,pga_ridge_v2,-2.979727228068276,701,-2.979727228068276,0.2320905473650393,1.0,18.29719052016172,0.0462969215578725,-0.0248099584764265,0.0,weekly_pga_core,False,0.0363377248760357,-0.0232562317542168,0.0221618997716481,0.0,0.0,0.0,0.1673396805451471,2026-10-01 08:52,2026-10-02 13:47
Black Desert Resort,1,2026-10-04,2026-10-01,554,Bank of Utah Championship,2026-09-30 18:51:33 UTC,no,pga,-21600,0,SWE,14815,0.0,0.0,"lingmerth, david",34409,124,0.0,0.0,0.0,0.0,0.0,0.0,0.0,1987-07-22,player_birthdates.csv,-6.5,39.0,1,2.7,-1.984710747664982,-4.440892098500626e-16,-0.0453057866541323,-0.3683999999999999,kft,2026-08-21,1521.0,-1.984710747664982,-0.8899999999999999,0.0,0.0,30.0,0.0,15.0,-0.0265486725663716,17.831858407079643,0.0,0.0,0.0,0.0,0.0,0.0,0.0,0.0,0.0,0.0,0.0,0.0,0.0,0.0,0.0,0.0,0.0,0.0,0.0,0.0,2026-10-01,-0.018800476509402,-0.0009986896057761,-0.0014105843782133,-0.1785049320485788,0.1576697144982984,0.0044440150248679,-0.9266355040297984,0.0009441628476988,-0.4083130501766031,-0.0,0.0,,,-0.4658839343687598,-1.953130349376952,-0.0018426287857912,-0.0406975549655414,484,-2.3564250670953832,pga_ridge_v2,-2.979727228068276,701,-2.979727228068276,-2.141525928320656,1.0,-5.7832486215516425,0.1373996230935667,-0.1107018398981566,0.0,weekly_pga_core,False,-0.2045265799586928,-0.0232562317542168,-0.0064232759489102,0.0,-0.0,0.0,-2.187336437038772,2026-10-01 13:47,2026-10-02 08:52
Black Desert Resort,1,2026-10-04,2026-10-01,554,Bank of Utah Championship,2026-09-30 18:51:33 UTC,no,pga,-21600,0,USA,15980,241.0,136.0,"lipsky, david",36326,159,88.0,0.0,0.0,0.0,0.0,0.0,0.0,1988-07-14,player_birthdates.csv,-0.5,38.0,1,2.4593677387220083,-0.3953594621812357,-0.3013117283950617,0.3938268826525428,0.407,pga,2026-09-14,1444.0,-0.3953594621812357,-0.25,0.06,-0.2199999999999999,11.0,0.0,37.0,-0.0265486725663716,-1.168141592920355,2.090205014363471,4.362533147908542,6.0,1.0,-0.2980131516161133,4.362533147908542,6.0,1.3912425095451308,4.362533147908542,6.0,1.2511971730576563,4.362533147908542,6.0,-1.1307365704734746,4.362533147908542,6.0,-0.0074503287904028,0.0,0.0,-0.0,2026-10-01,-0.0415817979374791,-0.0007126094268571,-0.0005684531709582,-0.1087648784647956,0.0732688599610969,-0.0048047168359649,-0.1732649333529001,-0.0081631139925933,-0.2153210005814518,-0.0056689798772654,-0.0344447709186643,,,-0.0746795828897534,-0.6206767042619915,-0.0004339644743529,-0.0092856140532674,771,-0.833953481050141,pga_ridge_v2,-2.979727228068276,701,-2.979727228068276,-0.480391014443906,1.0,-4.35844226845631,-0.010629473937386,-0.0994147441217425,0.0,weekly_pga_core,False,0.0133982672727282,-0.0017889409041705,-0.0142066272879139,0.0209020501436347,-0.0,-0.0,-0.602371955037713,2026-10-01 07:57,2026-10-02 12:52
Black Desert Resort,1,2026-10-04,2026-10-01,554,Bank of Utah Championship,2026-09-30 18:51:33 UTC,no,pga,-21600,0,USA,17723,301.0,349.0,"lower, justin",40162,225,173.0,0.0,0.0,0.0,0.0,0.0,0.0,1989-04-04,player_birthdates.csv,-0.5,37.0,1,2.4194048581515584,-0.6394994049791813,-0.4263117283950617,0.4819740162737113,0.2938,pga,2026-09-14,1369.0,-0.6394994049791813,-0.08,0.16,-0.17,9.0,0.0,37.0,-0.0265486725663716,-3.168141592920355,9.00732857475597,4.362533147908542,6.0,1.0,4.220169906991938,4.362533147908542,6.0,1.690929078541227,4.362533147908542,6.0,0.810757569079181,4.362533147908542,6.0,3.1923143370218643,4.362533147908542,6.0,0.1,0.0,0.0,0.0,2026-10-01,-0.0200339908526327,0.0015442201862355,-0.0010505007404315,-0.1056395094490828,0.0830530304248708,0.0020587687257752,-0.3087781531562052,-0.0100442348169742,0.0030844858532303,0.00977422523894,-0.0328922789913627,,,-0.1973099051529637,-0.6451352020424355,-0.0008719449031502,-0.0171768140889726,704,-0.838642886770708,pga_ridge_v2,-2.979727228068276,701,-2.979727228068276,-0.5558035044333096,1.0,-13.180098448827252,0.0,-0.0909205820249768,0.0,weekly_pga_core,False,0.0363377248760357,-0.0017889409041705,-0.0068447122358866,0.0900732857475597,-0.0,0.0,-0.5273578445588971,2026-10-01 13:36,2026-10-02 08:41
Black Desert Resort,1,2026-10-04,2026-10-01,554,Bank of Utah Championship,2026-09-30 18:51:33 UTC,no,pga,-21600,0,USA,30049,0.0,0.0,"lundell, carson",60014,66,0.0,0.0,0.0,0.0,0.0,0.0,0.0,1998-04-12,player_birthdates.csv,-4.5,28.0,1,2.7,-2.3801851851851854,-4.440892098500626e-16,-2.2100000000000004,-2.1500000000000004,kft,2026-07-31,784.0,-2.3801851851851854,0.0,0.0,0.0,30.0,0.0,5.0,-0.0265486725663716,17.831858407079643,0.0,1.5725586150534248,2.0,1.0,0.0,0.0,0.0,0.0,0.0,0.0,0.0,0.0,0.0,0.0,0.0,0.0,0.0,0.0,0.0,0.0,2026-10-01,-0.2995971802098179,-0.0,0.0,0.0,-0.2995971802098179,-0.0,-1.1293165639195877,0.0460559245851689,-0.2701638524945002,-0.0,0.0,,,-0.6393431916460907,-2.0463243774929003,-0.003195196115429,-0.0479270632316162,20,-2.626801949196101,pga_ridge_v2,-2.979727228068276,701,-2.979727228068276,-2.0129711356193623,1.0,0.0,0.0,-0.0024344346708455,0.0,weekly_pga_core,False,-0.2045265799586928,-0.0161004681375347,-0.1023588610129472,0.0,0.0,0.0,-2.3693102866020754,2026-10-01 14:09,2026-10-02 09:14
Black Desert Resort,1,2026-10-04,2026-10-01,554,Bank of Utah Championship,2026-09-30 18:51:33 UTC,no,pga,-21600,0,USA,14926,347.0,0.0,"malnati, peter",34466,178,156.0,0.0,0.0,0.0,0.0,0.0,0.0,1987-06-13,player_birthdates.csv,-4.5,39.0,1,3.2,-1.073136391385856,1.3236882716049383,0.5628214593579426,0.4054999999999999,pga,2026-09-14,1521.0,-1.073136391385856,0.1599999999999999,-0.23,0.2999999999999999,9.0,0.0,39.0,-0.0265486725663716,-3.168141592920355,-0.3856292952288174,1.2152364932258175,2.0,1.0,-1.828050290572816,1.2152364932258175,2.0,1.2233664067615184,1.2152364932258175,2.0,-0.1963533934940873,1.2152364932258175,2.0,0.8526873292646573,1.2152364932258175,2.0,-0.0457012572643204,0.0,-0.0,0.0,2026-10-01,-0.0978513887843286,-0.0022892764181639,-0.0026467046422908,-0.0311427791325564,-0.0590497572608634,-0.0027228713304539,-0.4816482373297923,-0.0117375699173653,-0.0104021137718073,-0.0097743829705218,-0.0718445204062875,,,-0.2734669618049244,-0.9876068130511788,-0.000919692513997,-0.0145473296483211,761,-1.1260220073040283,pga_ridge_v2,-2.979727228068276,701,-2.979727228068276,-0.9199490169001392,1.0,-3.490589292310861,0.0,-0.1132660046881615,0.0,weekly_pga_core,False,0.0363377248760357,-0.0161004681375347,-0.0334314117959469,-0.0038562929522881,-0.0,0.0,-1.0046572610609128,2026-10-01 07:35,2026-10-02 12:30
Black Desert Resort,1,2026-10-04,2026-10-01,554,Bank of Utah Championship,2026-09-30 18:51:33 UTC,no,pga,-21600,0,USA,14007,363.0,469.0,"martin, ben",33413,172,159.0,0.0,0.0,0.0,0.0,0.0,0.0,1987-08-26,player_birthdates.csv,-4.5,39.0,1,2.3874846735168003,-0.7413009445644136,-1.1763117283950617,0.4101596987087383,0.1097999999999999,pga,2026-09-14,1521.0,-0.7413009445644136,0.5799999999999998,0.0,0.0,9.0,0.0,47.0,-0.0265486725663716,-3.168141592920355,-0.5556183637145711,1.5725586150534248,2.0,1.0,1.5145237760351338,1.5725586150534248,2.0,0.3132581325165146,1.5725586150534248,2.0,-1.11103023880176,1.5725586150534248,2.0,-1.5175964210248396,1.5725586150534248,2.0,0.0378630944008783,0.0,-0.0,-0.0,2026-10-01,0.065142798850734,0.005980007453467,0.000533006997935,-0.0420026436206495,0.0996899894322231,0.0009424385877584,-0.3542121148984913,-0.0085476398876042,0.0638242986759146,0.0513988470629407,-0.0134988282883346,,,-0.2381419073085123,-0.6363172099792688,-0.0017073574850086,-0.0247306679520162,607,-1.0079591898295095,pga_ridge_v2,-2.979727228068276,701,-2.979727228068276,-0.5491312743846977,1.0,0.0,0.0,-0.1107018398981566,0.0,weekly_pga_core,False,0.0363377248760357,-0.0161004681375347,0.0222563599860548,-0.0055561836371457,0.0,0.0,-0.5993797768918585,2026-10-01 12:41,2026-10-02 07:46
Black Desert Resort,1,2026-10-04,2026-10-01,554,Bank of Utah Championship,2026-09-30 18:51:33 UTC,no,pga,-21600,1,USA,32986,0.0,0.0,"mauss, bowen",67803,57,0.0,0.0,0.0,0.0,0.0,0.0,0.0,,player_birthdates.csv:unknown,-4.5,,0,2.3,-4.484999999999999,-4.440892098500626e-16,0.0,0.0,0,,,-4.484999999999999,0.0,0.0,0.0,12.168141592920351,0.0,0.0,0.0,-1.7763568394002505e-15,0.0,1.2152364932258175,2.0,1.0,0.0,0.0,0.0,0.0,0.0,0.0,0.0,0.0,0.0,0.0,0.0,0.0,0.0,0.0,0.0,0.0,2026-10-01,-0.12714352978528,-0.0,0.0,0.0,-0.12714352978528,-0.0,,,,,,,,,0.0,,,2,-3.130254505261448,tour_prior_shrunk_partial,-2.979727228068276,701,-2.979727228068276,-4.484999999999999,0.1,0.0,0.0,,-3.130254505261448,tour_prior_shrunk_partial,True,0.0,0.0,0.0,0.0,0.0,0.0,-3.130254505261448,2026-10-01 09:14,2026-10-02 14:09
Black Desert Resort,1,2026-10-04,2026-10-01,554,Bank of Utah Championship,2026-09-30 18:51:33 UTC,no,pga,-21600,0,USA,19870,92.0,97.0,"mccarthy, denny",47993,320,92.0,0.0,0.0,0.0,0.0,0.0,0.0,1993-03-04,player_birthdates.csv,-6.5,33.0,1,2.3,0.591976599540481,0.1986882716049383,1.522906047503665,1.097,pga,2026-09-14,1089.0,0.591976599540481,-0.24,0.0799999999999999,-0.01,11.0,0.0,49.0,-0.0265486725663716,-1.168141592920355,0.0,0.0,0.0,0.0,0.0,0.0,0.0,0.0,0.0,0.0,0.0,0.0,0.0,0.0,0.0,0.0,0.0,0.0,0.0,0.0,2026-10-01,-0.1792069362783036,-0.0052607433021021,0.0008475987894566,-0.1114815716615258,-0.0624054818596302,-0.000906738244502,0.2790719433022948,,-0.0504767820801151,-0.0195402180377228,-0.0747853873512947,0.1465567967851857,0.1219972897993578,,0.3400761018510926,-0.0239337171832188,-0.015150974908108,811,-0.205296527455535,pga_ridge_v2,-2.979727228068276,701,-2.979727228068276,0.3515045088939914,1.0,-2.8177629402108777,-0.2733850045265101,-0.0236628484752863,0.0,weekly_pga_core,False,0.0106133312912064,-0.0533689360900751,-0.1099618314963432,0.0,-0.0,-0.0,0.1873586655558806,2026-10-01 07:46,2026-10-02 12:41
Black Desert Resort,1,2026-10-04,2026-10-01,554,Bank of Utah Championship,2026-09-30 18:51:33 UTC,no,pga,-21600,0,USA,28635,90.0,76.0,"mccarty, matt",59141,764,50.0,0.0,0.0,0.0,0.0,0.0,0.0,1997-12-11,player_birthdates.csv,1.5,28.0,1,3.105173277247569,0.3356277417432421,0.6986882716049383,0.9901153040601204,0.7092,pga,2026-08-23,784.0,0.3356277417432421,-0.24,0.44,-0.17,30.0,0.0,55.0,-0.0265486725663716,17.831858407079643,4.142475777049226,5.579402924720988,8.0,1.0,1.643681646856531,3.147296654682725,4.0,-0.8829623831091976,3.147296654682725,4.0,-0.3473446714497799,3.147296654682725,4.0,4.584604123609327,3.147296654682725,4.0,0.0410920411714132,-0.0,-0.0,0.0,2026-10-01,-0.0351463150678875,-0.004331549625374,0.0003207658897916,-0.0660153260601987,0.0290376527441103,0.0058421419837832,0.1698429491734434,-0.020633789943174,0.023385951881354,-0.0519946834791236,-0.0431874291555742,,,0.1035574791510789,0.1813121261455556,0.0005439457656293,0.0051846206746112,442,-0.2985010537349441,pga_ridge_v2,-2.979727228068276,701,-2.979727228068276,0.1443874691936151,1.0,-18.701926022662967,0.0450724359330586,-0.0053869179226896,0.0,weekly_pga_core,False,-0.2045265799586928,0.0053668227125115,-0.0120079126800581,0.0414247577704922,-0.0,0.0,0.0115692139898084,2026-10-01 08:19,2026-10-02 13:14
Black Desert Resort,1,2026-10-04,2026-10-01,554,Bank of Utah Championship,2026-09-30 18:51:33 UTC,no,pga,-21600,0,USA,23505,160.0,131.0,"mcgreevy, max",51950,288,125.0,0.0,0.0,0.0,0.0,0.0,0.0,1995-05-03,player_birthdates.csv,1.5,31.0,1,2.453499665056981,0.1100214731891401,0.1986882716049383,0.6531022547857214,0.4873999999999999,pga,2026-09-14,961.0,0.1100214731891401,-0.53,0.0,-0.13,11.0,0.0,39.0,-0.0265486725663716,-1.168141592920355,6.455124654912115,5.579402924720988,8.0,1.0,4.579428976365206,5.579402924720988,8.0,-0.5835943123461433,5.579402924720988,8.0,-0.9356196734779672,5.579402924720988,8.0,5.839859589409288,5.579402924720988,8.0,0.1,-0.0,-0.0,0.0,2026-10-01,0.0499604913598524,0.0019318844558433,0.0008134342978598,-0.0633298283788785,0.113621895591135,-0.0030768946061073,0.0626387032256647,-0.0136105104944864,-0.2363636169256555,0.0120611742569402,-0.0269434323287939,,,0.0714560037722101,-0.1616398915666146,-0.000183680100917,-0.0032508024252537,593,-0.6340332633615776,pga_ridge_v2,-2.979727228068276,701,-2.979727228068276,-0.5162360010771918,1.0,-1.5267409858991408,-0.006222879071968,-0.0274437305463229,0.0,weekly_pga_core,False,0.0133982672727282,0.0053668227125115,0.0170692494090239,0.0645512465491211,-0.0,-0.0,-0.0612543056232296,2026-10-01 08:30,2026-10-02 13:25
Black Desert Resort,1,2026-10-04,2026-10-01,554,Bank of Utah Championship,2026-09-30 18:51:33 UTC,no,pga,-21600,0,USA,18634,19.0,48.0,"mcnealy, maverick",46442,604,42.0,0.0,0.0,0.0,0.0,0.0,0.0,1995-11-07,player_birthdates.csv,-4.5,30.0,1,2.687940911376957,1.2458278523040214,-0.1763117283950617,1.4666957121312003,1.3074,pga,2026-08-23,900.0,1.2458278523040214,0.3499999999999998,0.3400000000000001,-0.07,30.0,0.0,55.0,-0.0265486725663716,17.831858407079643,-3.9079428647566,1.5725586150534248,2.0,1.0,-1.873476134726955,1.5725586150534248,2.0,-0.0676626368802169,1.5725586150534248,2.0,0.1458550929374458,1.5725586150534248,2.0,-3.082020260193949,1.5725586150534248,2.0,-0.0468369033681738,-0.0,0.0,-0.0,2026-10-01,-0.0548770533024476,-0.0060663878980147,-0.0005283706383835,0.0660593013481064,-0.1070262449297407,-0.0073153511844151,0.5967588248626308,,0.1695871462911707,-0.0311694749469713,0.0117698867199941,0.1746657758586616,0.2852172772216084,,1.0773582159598585,-0.0853256263678165,-0.0480676607571447,730,0.5732800763302117,pga_ridge_v2,-2.979727228068276,701,-2.979727228068276,0.8203089964271622,1.0,-0.776710800191224,0.0686877363121825,0.003922067077725,0.0,weekly_pga_core,False,-0.1620141102407651,-0.0369477249854366,-0.0336726993585134,-0.019539714323783,-0.0,0.0,0.8251839670513604,2026-10-01 13:03,2026-10-02 08:08
Black Desert Resort,1,2026-10-04,2026-10-01,554,Bank of Utah Championship,2026-09-30 18:51:33 UTC,no,pga,-21600,0,USA,28159,68.0,88.0,"meissner, mac",59143,337,78.0,0.0,0.0,0.0,0.0,0.0,0.0,1999-02-08,player_birthdates.csv,1.5,27.0,1,2.313432560532096,0.6685165546028362,-0.1763117283950617,0.7358073021598326,0.5688,pga,2026-09-14,729.0,0.6685165546028362,-0.0999999999999999,-0.16,0.4,11.0,0.0,45.0,-0.0265486725663716,-1.168141592920355,1.8640449820176443,5.579402924720988,8.0,1.0,1.440690374375153,5.579402924720988,8.0,3.755586651185752,5.579402924720988,8.0,-1.6439508746229587,5.579402924720988,8.0,-2.4527724479174857,5.579402924720988,8.0,0.0360172593593788,0.0,-0.0,-0.0,2026-10-01,0.0267693750483191,-0.0031880404833842,0.0008785863662503,-0.020014837885294,0.0551194894195223,-0.0060258223687752,0.3245522056015715,,-0.0434075832174985,-0.010980502907363,0.0463702637640371,0.0752690057509331,0.1316159963181148,,0.4840031628639942,-0.0442692789535371,-0.0259325646434949,395,0.0978687079782544,pga_ridge_v2,-2.979727228068276,701,-2.979727228068276,0.6727781353013407,1.0,-3.696113096598414,0.0,0.0307856211512313,0.0,weekly_pga_core,False,0.0106133312912064,0.0123159083284788,0.0164257565552838,0.0093202249100882,-0.0,0.0,0.5326783839490516,2026-10-01 07:46,2026-10-02 12:41
Black Desert Resort,1,2026-10-04,2026-10-01,554,Bank of Utah Championship,2026-09-30 18:51:33 UTC,no,pga,-21600,0,USA,21944,192.0,185.0,"moore, taylor",49947,215,106.0,0.0,0.0,0.0,0.0,0.0,0.0,1993-07-28,player_birthdates.csv,-2.5,33.0,1,2.608063941200772,-0.100577404545496,-0.5513117283950617,1.00562633120041,0.727,pga,2026-09-14,1089.0,-0.100577404545496,-0.64,-0.19,-0.1199999999999999,11.0,0.0,29.0,-0.0265486725663716,-1.168141592920355,-5.582281161306304,3.147296654682725,4.0,1.0,-2.330985099061716,3.147296654682725,4.0,-2.142276250731925,3.147296654682725,4.0,-1.7800744170081677,3.147296654682725,4.0,1.158904701287068,3.147296654682725,4.0,-0.0582746274765428,-0.0,-0.0,0.0,2026-10-01,0.0059513060907356,-0.0007176558476075,-0.0017118756226304,0.0968053410542336,-0.0860749894128308,-0.002349514080429,-0.0193816315776319,-0.020957036412048,-0.2129840729553955,0.0067920742963111,0.0173299507142115,,,0.0552037923879292,-0.2214496464414803,0.0002479329030973,-0.0044679788280094,688,-0.3963199684425358,pga_ridge_v2,-2.979727228068276,701,-2.979727228068276,-0.3008815138019322,1.0,-2.32996293979388,-0.1290629683037436,-0.0432326769699447,0.0,weekly_pga_core,False,0.0133982672727282,-0.0089447045208526,0.002033293212441,-0.055822811613063,-0.0,-0.0,-0.2707856020902266,2026-10-01 12:30,2026-10-02 07:35
Black Desert Resort,1,2026-10-04,2026-10-01,554,Bank of Utah Championship,2026-09-30 18:51:33 UTC,no,pga,-21600,0,USA,29770,161.0,147.0,"mouw, william",63121,231,119.0,0.0,0.0,0.0,0.0,0.0,0.0,2000-10-01,player_birthdates.csv,-4.5,26.0,1,2.8026736146808977,-0.0960074062975367,-0.3013117283950617,0.4440618016786576,0.358,pga,2026-09-14,676.0,-0.0960074062975367,-0.49,0.0499999999999999,-0.35,9.0,0.0,43.0,-0.0265486725663716,-3.168141592920355,-5.922875848407316,1.5725586150534248,2.0,1.0,-0.5544009121267026,1.5725586150534248,2.0,-2.277402614506307,1.5725586150534248,2.0,-0.257100877464134,1.5725586150534248,2.0,-3.2288432381911267,1.5725586150534248,2.0,-0.0138600228031675,-0.0,-0.0,-0.0,2026-10-01,0.0014559387330444,0.0033781923708314,0.0023203357616472,0.0006363450080355,-0.0089904819827469,0.0041115475752771,-0.0371225675200624,-0.0092541524204825,-0.1105248935119241,0.0243186246000572,-0.0130432040041152,,,0.0138345270461233,-0.1215038450971994,2.847540435957552e-05,-0.0027044933798728,256,-0.3740203905126605,pga_ridge_v2,-2.979727228068276,701,-2.979727228068276,-0.0975880352246062,1.0,-6.922185924814047,0.0,0.0129638386887176,0.0,weekly_pga_core,False,0.0363377248760357,-0.0161004681375347,0.0004974286817876,-0.0592287584840731,-0.0,0.0,-0.1599979181609839,2026-10-01 08:30,2026-10-02 13:25
Black Desert Resort,1,2026-10-04,2026-10-01,554,Bank of Utah Championship,2026-09-30 18:51:33 UTC,no,pga,-21600,0,DEN,23841,105.0,72.0,"neergaard-petersen, rasmus",52689,436,102.0,0.0,0.0,0.0,0.0,0.0,0.0,1999-07-03,player_birthdates.csv,-6.5,27.0,1,2.432367014801739,0.2179410012975257,-4.440892098500626e-16,0.8861175863261636,0.8028,euro,2026-09-14,729.0,0.2179410012975257,0.53,0.0,0.0,9.0,0.0,53.0,-0.0265486725663716,-3.168141592920355,0.0,0.0,0.0,0.0,0.0,0.0,0.0,0.0,0.0,0.0,0.0,0.0,0.0,0.0,0.0,0.0,0.0,0.0,0.0,0.0,2026-10-01,0.167309853285645,0.0012858416405813,0.0002496250201673,0.0393003132126086,0.1271010811953647,-0.000627007783077,0.136144431220323,-0.01846649987757,0.1055627830015938,0.0064736386041308,0.0706823381988956,,,0.0914690574602915,0.4005036119521712,0.0003767022383177,0.0029956764654759,234,0.2593395043825238,pga_ridge_v2,-2.979727228068276,701,-2.979727228068276,0.0967044781576862,1.0,8.16032369305957,0.010047902855665,0.0052654846407127,0.0,weekly_pga_core,False,0.0363377248760357,-0.0232562317542168,0.0571622403340654,0.0,0.0,0.0,0.4707473454080556,2026-10-01 12:52,2026-10-02 07:57
Black Desert Resort,1,2026-10-04,2026-10-01,554,Bank of Utah Championship,2026-09-30 18:51:33 UTC,no,pga,-21600,0,SWE,25475,288.0,284.0,"nyholm, pontus",55851,161,136.0,0.0,0.0,0.0,0.0,0.0,0.0,1998-02-10,player_birthdates.csv,-6.5,28.0,1,2.6063916389944484,-0.6589439691717198,0.1986882716049383,0.0707618438042889,-0.211,pga,2026-09-14,784.0,-0.6589439691717198,0.05,0.05,-0.0999999999999999,9.0,0.0,39.0,-0.0265486725663716,-3.168141592920355,0.0,0.0,0.0,0.0,0.0,0.0,0.0,0.0,0.0,0.0,0.0,0.0,0.0,0.0,0.0,0.0,0.0,0.0,0.0,0.0,2026-10-01,0.0218068017387431,0.0004825609259768,-0.002481067637302,0.1475817877264456,-0.1279419906981031,0.0041655114217259,-0.2606293797177819,-0.0014746616026053,-0.0906779246954375,0.0095959967550835,0.0556265810155578,,,-0.1511052711348428,-0.4514510037152799,-0.0003986781705081,-0.0077464946846717,392,-0.6205802450452822,pga_ridge_v2,-2.979727228068276,701,-2.979727228068276,-0.7895319771997631,1.0,0.0,0.0,-0.0046411714800738,0.0,weekly_pga_core,False,0.0363377248760357,-0.0232562317542168,0.0074504018587547,0.0,0.0,0.0,-0.4309191087347062,2026-10-01 09:14,2026-10-02 14:09
Black Desert Resort,1,2026-10-04,2026-10-01,554,Bank of Utah Championship,2026-09-30 18:51:33 UTC,no,pga,-21600,0,TPE,15475,352.0,0.0,"pan, c.t.",29908,142,0.0,0.0,0.0,0.0,0.0,0.0,0.0,1991-11-12,player_birthdates.csv,-4.5,34.0,1,2.7,-0.6624863883007535,0.4070216049382713,0.5851656082258473,0.4705882352941176,pga,2026-08-07,1156.0,-0.6624863883007535,-0.75,-0.03,0.06,30.0,0.0,8.0,-0.0265486725663716,17.831858407079643,-1.637262869680525,1.2152364932258175,2.0,1.0,-0.7177240175002212,1.2152364932258175,2.0,-1.6765077155734185,1.2152364932258175,2.0,0.4034729257362609,1.2152364932258175,2.0,0.6726376313721498,1.2152364932258175,2.0,-0.0179431004375055,-0.0,0.0,0.0,2026-10-01,0.0349038362091938,0.0027054594674319,-0.0006083158667685,-0.0857723889496563,0.1264084124289361,-0.0078293308707493,-0.3016632661833715,-0.0143852403964485,-0.2938941315472331,0.0684127351736887,0.0571719220214392,,,-0.1964848224026401,-0.77499150579911,-0.0004758810406234,-0.0342378487654433,587,-1.1934061167512633,pga_ridge_v2,-2.979727228068276,701,-2.979727228068276,-1.5414813535674114,1.0,-23.196383005862195,-0.1478843283731437,-0.0594349726584781,0.0,weekly_pga_core,False,-0.2045265799586928,-0.0161004681375347,0.0119250685765915,-0.0163726286968052,-0.0,-0.0,-1.0000661140155511,2026-10-01 12:52,2026-10-02 07:57
Black Desert Resort,1,2026-10-04,2026-10-01,554,Bank of Utah Championship,2026-09-30 18:51:33 UTC,no,pga,-21600,0,ENG,13764,109.0,101.0,"parry, john",28723,307,91.0,0.0,0.0,0.0,0.0,0.0,0.0,1986-12-12,player_birthdates.csv,-6.5,39.0,1,2.376339838854308,0.2467386022226186,0.2403549382716048,0.7246522690122577,0.5066,pga,2026-09-14,1521.0,0.2467386022226186,-0.1599999999999999,0.16,0.04,9.0,0.0,47.0,-0.0265486725663716,-3.168141592920355,0.0,0.0,0.0,0.0,0.0,0.0,0.0,0.0,0.0,0.0,0.0,0.0,0.0,0.0,0.0,0.0,0.0,0.0,0.0,0.0,2026-10-01,0.017072185647247,0.0016244368972424,0.0012322321663009,-0.0462531313262292,0.0669442583585883,-0.0064756104486554,0.1534008785777731,-0.0151015973991403,0.0790239198905747,-0.004293712025067,0.0006329810425249,,,0.078037477803861,0.175801038048579,0.0002943636664311,0.0035721088341008,314,-0.1670679987480735,pga_ridge_v2,-2.979727228068276,701,-2.979727228068276,0.7079708435497825,1.0,15.925438799867266,0.0423502829530205,-0.1197653823424795,0.0,weekly_pga_core,False,0.0363377248760357,-0.0232562317542168,0.0058327968128069,0.0,0.0,0.0,0.1947153279832049,2026-10-01 12:52,2026-10-02 07:57
Black Desert Resort,1,2026-10-04,2026-10-01,554,Bank of Utah Championship,2026-09-30 18:51:33 UTC,no,pga,-21600,0,FRA,19960,215.0,258.0,"pavon, matthieu",48153,384,130.0,0.0,0.0,0.0,0.0,0.0,0.0,1992-11-02,player_birthdates.csv,-6.5,33.0,1,2.8574487432534,-0.3165894855517659,-1.9263117283950617,1.0138664623257545,0.6232,euro,2026-09-14,1089.0,-0.3165894855517659,-0.0499999999999999,0.0,0.0,2.0,3.0,39.0,2.9734513274336285,-10.168141592920357,0.0,0.0,0.0,0.0,0.0,0.0,0.0,0.0,0.0,0.0,0.0,0.0,0.0,0.0,0.0,0.0,0.0,0.0,0.0,0.0,2026-10-01,0.0324361311597344,0.0027970538316042,-0.0033966178000097,0.0199240207641712,0.0117415497394393,0.0013701246245293,-0.2538618248711963,-0.0211287589720846,0.0654326789579692,0.031951010060255,0.0565512807492771,,,-0.1351216913436905,-0.316430107296943,-0.0003592278023644,-0.0087224293601992,797,-0.4797756744934359,pga_ridge_v2,-2.979727228068276,701,-2.979727228068276,-0.2769020213098219,1.0,1.052459354899678,-0.0185464954657738,-0.0511711447149091,0.0,weekly_pga_core,False,0.1166258264876119,-0.0232562317542168,0.0110819649198693,0.0,0.0,-0.0,-0.2119785476436785,2026-10-01 12:41,2026-10-02 07:46
Black Desert Resort,1,2026-10-04,2026-10-01,554,Bank of Utah Championship,2026-09-30 18:51:33 UTC,no,pga,-21600,0,ENG,22465,64.0,53.0,"penge, marco",51003,785,105.0,0.0,0.0,0.0,0.0,0.0,0.0,1998-05-13,player_birthdates.csv,-6.5,28.0,1,2.9401311569998096,0.585389038123026,1.3236882716049383,0.682908463993312,0.5732,pga,2026-09-14,784.0,0.585389038123026,0.0,0.0,0.0,9.0,0.0,45.0,-0.0265486725663716,-3.168141592920355,0.0,0.0,0.0,0.0,0.0,0.0,0.0,0.0,0.0,0.0,0.0,0.0,0.0,0.0,0.0,0.0,0.0,0.0,0.0,0.0,2026-10-01,0.2116349652408066,0.0022209612939739,-6.791724746527979e-05,0.1905468970850714,0.0176897130621213,0.0012453110471052,0.3017677981524327,,0.1159141669989235,0.0119792755518175,0.1138051919141068,0.076578264281922,0.0895795628710275,,0.6780113172126885,-0.0405512048626495,-0.0157243190573578,265,0.4969743157807479,pga_ridge_v2,-2.979727228068276,701,-2.979727228068276,1.0185749927632184,1.0,-0.8240680737963126,0.1061974276131942,0.0246625813624657,0.0,weekly_pga_core,False,0.0287846409261508,-0.0533689360900751,0.1298597524729935,0.0,-0.0,0.0,0.7832867745217577,2026-10-01 13:47,2026-10-02 08:52
Black Desert Resort,1,2026-10-04,2026-10-01,554,Bank of Utah Championship,2026-09-30 18:51:33 UTC,no,pga,-21600,0,USA,16341,233.0,296.0,"peterson, paul",36824,138,155.0,0.0,0.0,0.0,0.0,0.0,0.0,1988-07-12,player_birthdates.csv,-2.5,38.0,1,2.3,-0.3821229663197735,-0.6763117283950617,-0.0779174348552978,-0.4088,pga,2026-09-14,1444.0,-0.3821229663197735,0.0999999999999999,0.0,0.0,9.0,0.0,51.0,-0.0265486725663716,-3.168141592920355,0.3391701061584081,3.147296654682725,4.0,1.0,-7.644583039489674,3.147296654682725,4.0,6.715826585022807,3.147296654682725,4.0,1.115567382036812,3.147296654682725,4.0,0.5310462132136615,3.147296654682725,4.0,-0.1,0.0,0.0,0.0,2026-10-01,-0.0341198144898363,0.0018175984240042,0.0001751993517139,-0.2158458294188049,0.1819207214180153,-0.002187504264765,-0.1617185224781503,0.0016237825807988,-0.0388910174672589,0.0224454000834448,-0.0520218784710194,,,-0.1145713744693519,-0.4461786879981758,-0.0003159897955313,-0.0033143438593649,476,-0.5325480360964263,pga_ridge_v2,-2.979727228068276,701,-2.979727228068276,-0.1058810219909506,1.0,0.0,0.0,-0.0994147441217425,0.0,weekly_pga_core,False,0.0363377248760357,-0.0089447045208526,-0.0116572036716327,0.003391701061584,0.0,0.0,-0.4270511702530412,2026-10-01 09:03,2026-10-02 13:58
Black Desert Resort,1,2026-10-04,2026-10-01,554,Bank of Utah Championship,2026-09-30 18:51:33 UTC,no,pga,-21600,0,USA,27164,137.0,138.0,"phillips, chandler",57900,202,96.0,0.0,0.0,0.0,0.0,0.0,0.0,1996-12-02,player_birthdates.csv,-2.5,29.0,1,2.427884859457221,0.2465072855466526,0.6986882716049383,0.3290862340317609,0.1484,pga,2026-09-14,841.0,0.2465072855466526,0.09,0.01,0.11,9.0,0.0,39.0,-0.0265486725663716,-3.168141592920355,-3.788779434486268,2.7877951082792425,4.0,1.0,-0.2205037839630844,2.7877951082792425,4.0,0.4419531681325284,2.7877951082792425,4.0,-0.6875842695421771,2.7877951082792425,4.0,-3.242693502958481,2.7877951082792425,4.0,-0.0055125945990771,0.0,-0.0,-0.0,2026-10-01,0.0504631439079582,-0.0021994003751346,-0.0014565534330649,-0.0395092556033751,0.1023964556744051,-0.0087681023548721,0.1053791652363117,-0.0068580863242461,0.0555853164944358,-0.0073114590489015,0.0222259920428956,,,0.0459360024249922,0.2038866746834343,-0.0001759791985299,0.0030313795527508,357,-0.1523539608600813,pga_ridge_v2,-2.979727228068276,701,-2.979727228068276,0.9996921281663316,1.0,-2.77408451412206,0.0,-0.0139256564962743,0.0,weekly_pga_core,False,0.0363377248760357,-0.0089447045208526,0.0172409831425435,-0.0378877943448626,-0.0,0.0,0.2106328838362983,2026-10-01 08:41,2026-10-02 13:36
Black Desert Resort,1,2026-10-04,2026-10-01,554,Bank of Utah Championship,2026-09-30 18:51:33 UTC,no,pga,-21600,0,RSA,27900,231.0,91.0,"potgieter, aldrich",63343,356,71.0,0.0,0.0,0.0,0.0,0.0,0.0,2004-09-13,player_birthdates.csv,-5.5,22.0,1,3.2,-0.4591486079123686,0.9486882716049384,0.2707935243220974,-0.0758,pga,2026-08-16,484.0,-0.4591486079123686,-0.75,-0.0799999999999999,-0.0699999999999999,30.0,0.0,41.0,-0.0265486725663716,17.831858407079643,0.0,0.7860070900534524,1.0,1.0,-1.425451351838889,0.7860070900534524,1.0,0.7314297487893997,0.7860070900534524,1.0,-1.5071583268364006,0.7860070900534524,1.0,1.440992035990258,0.7860070900534524,1.0,-0.0356362837959722,0.0,-0.0,0.0,2026-10-01,0.0971461188325786,-0.0010705861792165,-0.0015126259723307,0.2062554548683829,-0.1168042510619519,0.010278127177695,-0.1941630883011903,-0.0056432787938147,-0.2256498857180655,-0.0113331975236486,0.0165894530806478,,,-0.018535579925874,-0.4073043416197247,-0.0002720357901357,-0.0020397792537611,235,-0.9410285976979714,pga_ridge_v2,-2.979727228068276,701,-2.979727228068276,-0.9875479168365496,1.0,-16.652122191629594,-0.0682468991645997,0.0337430506061178,0.0,weekly_pga_core,False,-0.2045265799586928,-0.0196783499458757,0.0331904528225773,0.0,-0.0,-0.0,-0.5983188187017159,2026-10-01 13:14,2026-10-02 08:19
Black Desert Resort,1,2026-10-04,2026-10-01,554,Bank of Utah Championship,2026-09-30 18:51:33 UTC,no,pga,-21600,0,IRL,10104,141.0,190.0,"power, seamus",28252,294,104.0,0.0,0.0,0.0,0.0,0.0,0.0,1987-03-04,player_birthdates.csv,1.5,39.0,1,2.6856941510877066,-0.1877430904704249,-0.0929783950617286,1.2057365993310496,1.0026,pga,2026-09-14,1521.0,-0.1877430904704249,-0.53,-0.1699999999999999,-0.07,9.0,0.0,36.0,-0.0265486725663716,-3.168141592920355,-1.6513643124572006,5.579402924720988,8.0,1.0,-0.841407677432515,5.579402924720988,8.0,4.57381963297367,5.579402924720988,8.0,-3.077321078146152,5.579402924720988,8.0,-2.8389912393774006,5.579402924720988,8.0,-0.0210351919358128,0.0,-0.0,-0.0,2026-10-01,-0.0046769328879983,-0.0026959227659052,-0.0004483765282747,-0.036322253733872,0.0383695499012801,-0.0035799297612263,-0.015569147523944,-0.0251272913522031,0.0638950964577537,-0.0192109784014925,-0.0521486012134427,,,-0.003089263320979,-0.1705190073275247,-0.0002398395724824,-0.0031784779101554,729,-0.4964386659355731,pga_ridge_v2,-2.979727228068276,701,-2.979727228068276,0.0513138741760164,1.0,0.5284135763400644,-0.0610450705715525,-0.1158505044905791,0.0,weekly_pga_core,False,0.0363377248760357,0.0053668227125115,-0.0015978972936735,-0.016513643124572,0.0,-0.0,-0.1469260001572229,2026-10-01 08:41,2026-10-02 13:36
Black Desert Resort,1,2026-10-04,2026-10-01,554,Bank of Utah Championship,2026-09-30 18:51:33 UTC,no,pga,-21600,0,USA,14704,133.0,109.0,"putnam, andrew",34256,237,80.0,0.0,0.0,0.0,0.0,0.0,0.0,1989-01-25,player_birthdates.csv,-4.5,37.0,1,2.531874102128312,0.1103000150250569,-0.0513117283950617,0.9700220876922304,0.8128,pga,2026-09-14,1369.0,0.1103000150250569,-0.0099999999999999,-0.0499999999999999,-0.08,9.0,0.0,51.0,-0.0265486725663716,-3.168141592920355,-3.771574258087816,1.5725586150534248,2.0,1.0,-1.418446465131505,1.5725586150534248,2.0,0.3014818738301694,1.5725586150534248,2.0,0.4135903661606095,1.5725586150534248,2.0,-3.163555453705601,1.5725586150534248,2.0,-0.0354611616282876,0.0,0.0,-0.0,2026-10-01,-0.1982599785776295,-0.0030364153689473,0.0012383897432936,-0.2466901858843302,0.0572131807518521,-0.0069849478194977,0.0455650416895287,-0.0209528618455445,-0.0877464710245357,-0.0127422794964764,-0.0945632456630894,,,0.0415035811383701,-0.2146834545616656,0.0004561757603413,0.0071186715954199,782,-0.3337245455566001,pga_ridge_v2,-2.979727228068276,701,-2.979727228068276,-0.2996390823581924,1.0,1.8522080221016983,0.0241263419541751,-0.0933220667156797,0.0,weekly_pga_core,False,0.0363377248760357,-0.0161004681375347,-0.0677365039866034,-0.0377157425808781,0.0,0.0,-0.2998984443906461,2026-10-01 08:41,2026-10-02 13:36
Black Desert Resort,1,2026-10-04,2026-10-01,554,Bank of Utah Championship,2026-09-30 18:51:33 UTC,no,pga,-21600,0,USA,19840,220.0,200.0,"ramey, chad",47983,171,129.0,0.0,0.0,0.0,0.0,0.0,0.0,1992-08-03,player_birthdates.csv,1.5,34.0,1,2.3,-0.4259338215236181,-0.0513117283950617,0.742155096725174,0.6002000000000001,pga,2026-09-14,1156.0,-0.4259338215236181,0.2700000000000001,0.05,-0.0199999999999999,9.0,0.0,37.0,-0.0265486725663716,-3.168141592920355,5.527622269025657,5.579402924720988,8.0,1.0,0.1390838597878462,5.579402924720988,8.0,1.3866404492318385,5.579402924720988,8.0,2.4955263652321897,5.579402924720988,8.0,1.7209314614440494,5.579402924720988,8.0,0.0034770964946961,0.0,0.0,0.0,2026-10-01,-0.0214781966077819,-0.0006098639122624,-0.0021350253770246,-0.0133072891412702,-0.0026682517580857,-0.0027577664191388,-0.1551944499028409,-0.0154663525634721,-0.0323303174171052,0.0010069547616894,-0.0420242758384452,,,-0.1126909533174516,-0.4215339045304489,-0.0005719564158904,-0.0110559546547504,726,-0.6936184263951419,pga_ridge_v2,-2.979727228068276,701,-2.979727228068276,-0.3620323374695336,1.0,-4.768521156226595,0.0,-0.0532065991821823,0.0,weekly_pga_core,False,0.0363377248760357,0.0053668227125115,-0.0073381322876437,0.0552762226902565,-0.0,0.0,-0.3318912665392888,2026-10-01 13:36,2026-10-02 08:41
Black Desert Resort,1,2026-10-04,2026-10-01,554,Bank of Utah Championship,2026-09-30 18:51:33 UTC,no,pga,-21600,0,USA,25083,0.0,0.0,"rasmussen, rhett",55416,64,0.0,0.0,0.0,0.0,0.0,0.0,0.0,1998-06-12,player_birthdates.csv,-6.5,28.0,1,2.3,-2.093625,-4.440892098500626e-16,0.0,0.0,0,,784.0,-2.093625,0.0,0.0,0.0,12.168141592920351,0.0,0.0,0.0,-1.7763568394002505e-15,0.0,0.0,0.0,0.0,0.0,0.0,0.0,0.0,0.0,0.0,0.0,0.0,0.0,0.0,0.0,0.0,0.0,0.0,0.0,0.0,2026-10-01,-0.108023717065207,-0.0,0.0,0.0,-0.108023717065207,-0.0,,,,,,,,,0.0,,,4,-2.802506782454621,tour_prior_shrunk_partial,-2.979727228068276,701,-2.979727228068276,-2.093625,0.2,0.0,0.0,,-2.802506782454621,tour_prior_shrunk_partial,True,0.0,0.0,0.0,0.0,0.0,0.0,-2.802506782454621,2026-10-01 13:47,2026-10-02 08:52
Black Desert Resort,1,2026-10-04,2026-10-01,554,Bank of Utah Championship,2026-09-30 18:51:33 UTC,no,pga,-21600,0,USA,19872,394.0,132.0,"riley, davis",47995,183,115.0,0.0,0.0,0.0,0.0,0.0,0.0,1996-12-17,player_birthdates.csv,-6.5,29.0,1,3.2,-0.7559230591056654,0.0736882716049383,0.9715258950271092,0.5726,pga,2026-09-14,841.0,-0.7559230591056654,0.4199999999999999,0.0,-0.0299999999999999,11.0,0.0,39.0,-0.0265486725663716,-1.168141592920355,0.0,0.0,0.0,0.0,0.0,0.0,0.0,0.0,0.0,0.0,0.0,0.0,0.0,0.0,0.0,0.0,0.0,0.0,0.0,0.0,2026-10-01,-0.0650398677645436,-0.0023403107886617,-0.0018135085631714,0.038945062934938,-0.1071930901402163,0.0073619787925679,-0.3616056055545214,-0.0202463906578766,-0.157097664530332,-0.014918515662744,-0.0569790626747868,,,-0.2471410656783207,-0.8936192076674827,-0.0016860632121057,-0.020019183200521,640,-1.3708077243047558,pga_ridge_v2,-2.979727228068276,701,-2.979727228068276,-0.7816113300117136,1.0,-7.492418497491358,-0.0904096768715689,-0.0139256564962743,0.0,weekly_pga_core,False,0.0133982672727282,-0.0232562317542168,-0.0222211930704721,0.0,-0.0,-0.0,-0.9256983652194434,2026-10-01 08:19,2026-10-02 13:14
Black Desert Resort,1,2026-10-04,2026-10-01,554,Bank of Utah Championship,2026-09-30 18:51:33 UTC,no,pga,-21600,0,USA,16283,201.0,107.0,"rodgers, patrick",36699,260,67.0,0.0,0.0,0.0,0.0,0.0,0.0,1992-06-30,player_birthdates.csv,1.5,34.0,1,3.123717650779541,-0.3766897373059214,0.1986882716049383,0.8274674039069612,0.6567999999999999,pga,2026-08-16,1156.0,-0.3766897373059214,0.43,0.06,0.15,30.0,0.0,42.0,-0.0265486725663716,17.831858407079643,4.999984160858132,5.579402924720988,8.0,1.0,1.7980653486734055,5.579402924720988,8.0,-1.141471495661449,5.579402924720988,8.0,4.12146087437128,5.579402924720988,8.0,0.5560679474046335,5.579402924720988,8.0,0.0449516337168351,-0.0,0.0,0.0,2026-10-01,-0.0567938196264385,-0.001933054760622,-0.0021710321525826,0.0364569587265153,-0.0901250145154615,0.0009783230757123,-0.209197912544731,-0.0172442426927712,-0.0390762640840063,-0.0129088374982748,-0.034153808270018,,,-0.0495625289322284,-0.4205479510308837,-0.0005519860356266,-0.0046457717910447,876,-0.9176164654063684,pga_ridge_v2,-2.979727228068276,701,-2.979727228068276,-0.9710747992191118,1.0,-14.351244495861057,-0.0396519877007456,-0.0532065991821823,0.0,weekly_pga_core,False,-0.2045265799586928,0.0053668227125115,-0.0194038898679411,0.0499998416085813,-0.0,-0.0,-0.5891117565364249,2026-10-01 07:46,2026-10-02 12:41
Black Desert Resort,1,2026-10-04,2026-10-01,554,Bank of Utah Championship,2026-09-30 18:51:33 UTC,no,pga,-21600,0,USA,18424,110.0,115.0,"roy, kevin",39335,320,87.0,0.0,0.0,0.0,0.0,0.0,0.0,1990-03-13,player_birthdates.csv,-2.5,36.0,1,3.083540300993557,0.4023792283266987,0.9486882716049384,0.6591097622850605,0.3468,pga,2026-09-14,1296.0,0.4023792283266987,0.2,0.0999999999999999,0.1699999999999999,9.0,0.0,47.0,-0.0265486725663716,-3.168141592920355,-5.070649131372325,3.147296654682725,4.0,1.0,0.0770405401678616,3.147296654682725,4.0,-0.5914037330900952,3.147296654682725,4.0,-2.5345650592250206,3.147296654682725,4.0,-1.2584968529721845,3.147296654682725,4.0,0.0019260135041965,-0.0,-0.0,-0.0,2026-10-01,0.0970297636295401,0.0007373979857999,8.996437971553677e-05,0.0129301285744927,0.086213647117147,-0.0029413744276151,0.1819671826197493,-0.0137357056584386,0.1464757323093057,0.0085031304759064,0.0433501214901783,,,0.0651431613336878,0.3541758418163475,0.0001891661871444,0.0015012368164685,577,0.0194491212501173,pga_ridge_v2,-2.979727228068276,701,-2.979727228068276,0.7525513433696316,1.0,-2.846142502532209,0.0,-0.0792181837576544,0.0,weekly_pga_core,False,0.0363377248760357,-0.0089447045208526,0.0331506994909618,-0.0507064913137232,-0.0,0.0,0.3640130703487693,2026-10-01 12:41,2026-10-02 07:46
Black Desert Resort,1,2026-10-04,2026-10-01,554,Bank of Utah Championship,2026-09-30 18:51:33 UTC,no,pga,-21600,0,COL,16591,0.0,0.0,"rozo, marcelo",37076,86,202.0,0.0,0.0,0.0,0.0,0.0,0.0,1989-09-11,player_birthdates.csv,-6.5,37.0,1,3.0078785014282934,-1.4196356789311078,0.0736882716049383,-0.4701292353989504,-0.6542,pga,2026-09-14,1369.0,-1.4196356789311078,0.09,0.45,-0.29,11.0,0.0,31.0,-0.0265486725663716,-1.168141592920355,0.0,0.0,0.0,0.0,0.0,0.0,0.0,0.0,0.0,0.0,0.0,0.0,0.0,0.0,0.0,0.0,0.0,0.0,0.0,0.0,2026-10-01,0.0402653984886017,0.0072898787989628,-0.0019843637042996,-0.0640840576675102,0.0867894319172879,0.0122545091441609,-0.6811175236762601,0.0097973921315915,-0.341557048313011,0.0228002881837247,0.0194450673893843,,,-0.3513701238122212,-1.437655230941374,-0.0019352241434675,-0.0287122227235889,456,-1.8582194554965503,pga_ridge_v2,-2.979727228068276,701,-2.979727228068276,-2.093221166963776,1.0,-0.4727706670437805,0.0,-0.0850058359775258,0.0,weekly_pga_core,False,0.0133982672727282,-0.0232562317542168,0.013756872893928,0.0,-0.0,0.0,-1.4337563225289345,2026-10-01 13:58,2026-10-02 09:03
Black Desert Resort,1,2026-10-04,2026-10-01,554,Bank of Utah Championship,2026-09-30 18:51:33 UTC,no,pga,-21600,0,USA,27183,327.0,389.0,"salinda, isaiah",56781,229,193.0,0.0,0.0,0.0,0.0,0.0,0.0,1997-03-13,player_birthdates.csv,-2.5,29.0,1,2.7,-0.5718171162677639,-0.3013117283950617,0.2550912782295494,0.0099999999999999,pga,2026-09-14,841.0,-0.5718171162677639,0.0699999999999999,-0.04,0.0099999999999999,9.0,0.0,5.0,-0.0265486725663716,-3.168141592920355,0.9341082618425202,3.147296654682725,4.0,1.0,1.3807571490460055,3.147296654682725,4.0,3.9403529089482654,3.147296654682725,4.0,0.771770256397379,3.147296654682725,4.0,-2.506562934921563,3.147296654682725,4.0,0.0345189287261501,0.0,0.0,-0.0,2026-10-01,0.1145471158957912,0.0061054373143588,-0.0002844056018067,0.12781980495209,-0.0303480443725508,0.0112543236036998,-0.2753377843114822,-0.0053160473631106,-0.0874990385480904,0.0485548867858568,0.0461752714117389,,,-0.1386810599526446,-0.4411974421411202,-0.0009310999518837,-0.0166266656361731,278,-0.7470578753866016,pga_ridge_v2,-2.979727228068276,701,-2.979727228068276,-0.6480094993442767,1.0,-0.4052056566342823,0.0,-0.0115359045753309,0.0,weekly_pga_core,False,0.0363377248760357,-0.0089447045208526,0.0391355896847891,0.0093410826184252,-0.0,0.0,-0.3653277494827228,2026-10-01 13:47,2026-10-02 08:52
Black Desert Resort,1,2026-10-04,2026-10-01,554,Bank of Utah Championship,2026-09-30 18:51:33 UTC,no,pga,-21600,0,USA,30814,391.0,331.0,"sargent, gordon",64442,343,132.0,0.0,0.0,0.0,0.0,0.0,0.0,,player_birthdates.csv:unknown,-5.5,,0,3.1901302704456365,-0.6713892194507037,-0.0513117283950617,-0.6713892194507037,-0.984,pga,2026-09-14,,-0.6713892194507037,-0.27,-0.0999999999999999,0.08,9.0,0.0,31.0,-0.0265486725663716,-3.168141592920355,0.0,0.7860070900534524,1.0,1.0,-2.699029331435266,0.7860070900534524,1.0,2.3640755561181503,0.7860070900534524,1.0,-0.1493452145130929,0.7860070900534524,1.0,0.2310557156833831,0.7860070900534524,1.0,-0.0674757332858816,0.0,-0.0,0.0,2026-10-01,0.1436137613235993,0.0005110409514159,-0.0062097380303268,0.1554000886030201,-0.000272008697469,-0.0058156215030407,-0.2653994484099324,0.0114221399906471,-0.0074671843358049,0.0144758833824591,0.06265332629558,,,-0.245932223509242,-0.4925096783279604,-0.0010988070756727,-0.0131086936619174,94,-0.7804113237770554,pga_ridge_v2,-2.979727228068276,701,-2.979727228068276,-0.30397301300449,1.0,0.0,0.0,-0.048054671004077,0.0,weekly_pga_core,False,0.0363377248760357,-0.0196783499458757,0.0490663531097785,0.0,0.0,0.0,-0.4267839502880219,2026-10-01 14:09,2026-10-02 09:14
Black Desert Resort,1,2026-10-04,2026-10-01,554,Bank of Utah Championship,2026-09-30 18:51:33 UTC,no,pga,-21600,0,USA,19477,419.0,218.0,"schenk, adam",47347,120,160.0,0.0,0.0,0.0,0.0,0.0,0.0,1992-01-26,player_birthdates.csv,-2.5,34.0,1,2.959442455559615,-0.952916636962902,0.0736882716049383,0.9011626289131348,0.6742,pga,2026-09-14,1156.0,-0.952916636962902,0.0599999999999999,-0.0199999999999999,-0.18,9.0,0.0,36.0,-0.0265486725663716,-3.168141592920355,1.1403169283904369,3.147296654682725,4.0,1.0,-0.780819368298004,3.147296654682725,4.0,0.8593200102336828,3.147296654682725,4.0,0.2498434320134503,3.147296654682725,4.0,0.4503529379623238,3.147296654682725,4.0,-0.0195204842074501,0.0,0.0,0.0,2026-10-01,-0.1102380595745379,0.0018912668205475,-0.0013496182458863,-0.0116103009071243,-0.1038344220997371,0.0046650148576623,-0.435850357899639,-0.0187800353285954,-0.106595287612277,-0.0041060549222934,-0.0536961984646302,,,-0.2742728565843103,-0.9740948005154726,-0.0016327278552101,-0.0197263091900388,844,-1.3645271885370147,pga_ridge_v2,-2.979727228068276,701,-2.979727228068276,-1.1219423723934838,1.0,-5.684769342167312,-0.0774879963152277,-0.0594349726584781,0.0,weekly_pga_core,False,0.0363377248760357,-0.0089447045208526,-0.0376633792428375,0.0114031692839043,-0.0,-0.0,-0.9729619901192226,2026-10-01 13:14,2026-10-02 08:19
Black Desert Resort,1,2026-10-04,2026-10-01,554,Bank of Utah Championship,2026-09-30 18:51:33 UTC,no,pga,-21600,1,USA,31437,0.0,0.0,"shelley, tyson",65546,58,0.0,0.0,0.0,0.0,0.0,0.0,0.0,,player_birthdates.csv:unknown,-6.5,,0,2.3,-0.4191604243024382,-4.440892098500626e-16,0.0,0.0,0,,,-0.4191604243024382,0.0,0.0,0.0,12.168141592920351,0.0,0.0,0.0,-1.7763568394002505e-15,0.0,0.0,0.0,0.0,0.0,0.0,0.0,0.0,0.0,0.0,0.0,0.0,0.0,0.0,0.0,0.0,0.0,0.0,0.0,0.0,2026-10-01,0.0,-0.0,0.0,0.0,0.0,-0.0,,,,,,,,,0.0,,,6,-2.2115571869385247,tour_prior_shrunk_partial,-2.979727228068276,701,-2.979727228068276,-0.4191604243024382,0.3,0.0,0.0,,-2.2115571869385247,tour_prior_shrunk_partial,True,0.0,0.0,0.0,0.0,0.0,0.0,-2.2115571869385247,2026-10-01 13:58,2026-10-02 09:03
Black Desert Resort,1,2026-10-04,2026-10-01,554,Bank of Utah Championship,2026-09-30 18:51:33 UTC,no,pga,-21600,0,USA,32055,170.0,166.0,"shipley, neal",63807,448,135.0,0.0,0.0,0.0,0.0,0.0,0.0,2000-12-11,player_birthdates.csv,-6.5,25.0,1,2.37621327050344,-0.2068715481354895,-0.1763117283950617,0.5596358031246019,0.437,pga,2026-09-14,625.0,-0.2068715481354895,-0.09,0.16,-0.0999999999999999,9.0,0.0,41.0,-0.0265486725663716,-3.168141592920355,0.0,0.0,0.0,0.0,0.0,0.0,0.0,0.0,0.0,0.0,0.0,0.0,0.0,0.0,0.0,0.0,0.0,0.0,0.0,0.0,2026-10-01,0.2224884559513582,0.0033583177494152,-0.0004688086557062,0.0823450134589447,0.1279961760716436,0.0092577573270607,0.0107535585722959,-0.0116626897483561,0.1527114809615049,0.0063700101457351,0.0891648832450542,,,-0.0456673708318636,0.2157208911695055,-0.0003114383091738,0.0001867319810351,171,-0.0153111230162363,pga_ridge_v2,-2.979727228068276,701,-2.979727228068276,0.3947908086826857,1.0,-2.860573715241184,0.0,0.0141757251532737,0.0,weekly_pga_core,False,0.0363377248760357,-0.0232562317542168,0.0760142833245665,0.0,-0.0,0.0,0.3048166676158909,2026-10-01 08:19,2026-10-02 13:14
Black Desert Resort,1,2026-10-04,2026-10-01,554,Bank of Utah Championship,2026-09-30 18:51:33 UTC,no,pga,-21600,0,CAN,17381,260.0,265.0,"silverman, ben",39327,234,138.0,0.0,0.0,0.0,0.0,0.0,0.0,1987-11-15,player_birthdates.csv,-2.5,38.0,1,2.3,-0.4161011665696138,-0.4263117283950617,0.4842180596491213,0.2378,pga,2026-09-14,1444.0,-0.4161011665696138,-0.19,-0.24,-0.0699999999999999,9.0,0.0,37.0,-0.0265486725663716,-3.168141592920355,8.464292048704639,3.147296654682725,4.0,1.0,2.778359060045996,3.147296654682725,4.0,2.598575610202124,3.147296654682725,4.0,-1.1374905860392888,3.147296654682725,4.0,4.913931360160456,3.147296654682725,4.0,0.0694589765011499,0.0,-0.0,0.0,2026-10-01,-0.0420351954475763,-0.0017338255653079,-0.0010416460577164,-0.0782426741748533,0.0364631936551126,0.0025197566951888,-0.156680841995814,-0.0100910001981795,-0.0517827417597201,0.0002565960377228,-0.0155536089823683,,,-0.1008711632197928,-0.4516340590615364,-0.0006025335980121,-0.009415044483949,596,-0.7556195021193308,pga_ridge_v2,-2.979727228068276,701,-2.979727228068276,-0.3025015083138707,1.0,0.3689396265623359,0.0,-0.1068937208614231,0.0,weekly_pga_core,False,0.0363377248760357,-0.0089447045208526,-0.0143615327936572,0.0846429204870463,0.0,0.0,-0.3539596510129641,2026-10-01 12:41,2026-10-02 07:46
Black Desert Resort,1,2026-10-04,2026-10-01,554,Bank of Utah Championship,2026-09-30 18:51:33 UTC,no,pga,-21600,0,ENG,10873,271.0,302.0,"skinns, david",27139,114,139.0,0.0,0.0,0.0,0.0,0.0,0.0,1982-02-01,player_birthdates.csv,-2.5,44.0,1,3.0617580814651792,-0.2406199632448385,0.0736882716049383,0.0756177557001216,-0.2694,pga,2026-09-14,1936.0,-0.2406199632448385,0.46,0.1099999999999999,-0.15,9.0,0.0,34.0,-0.0265486725663716,-3.168141592920355,-1.779084109166666,2.7877951082792425,4.0,1.0,1.0949367820188771,2.7877951082792425,4.0,-2.9565018345210548,2.7877951082792425,4.0,0.4535977863665646,2.7877951082792425,4.0,-0.6341049929961938,2.7877951082792425,4.0,0.0273734195504719,-0.0,0.0,-0.0,2026-10-01,-0.1238343506735942,0.0021858310779389,0.0007647468778911,-0.0259439969936527,-0.0986424928197541,-0.0021984388160174,-0.1324949417196835,-0.0015758577620441,-0.2505117796118475,0.0274315441371299,-0.0481861896143683,,,-0.0783061093969896,-0.6824293774823336,-0.0006013831031943,-0.0095587186401442,600,-0.9149985780337516,pga_ridge_v2,-2.979727228068276,701,-2.979727228068276,-0.7078932098833232,1.0,0.0,0.0,-0.1886259417711918,0.0,weekly_pga_core,False,0.0363377248760357,-0.0089447045208526,-0.0423086194614712,-0.0177908410916666,0.0,0.0,-0.7151358176802882,2026-10-01 07:57,2026-10-02 12:52
Black Desert Resort,1,2026-10-04,2026-10-01,554,Bank of Utah Championship,2026-09-30 18:51:33 UTC,no,pga,-21600,0,ENG,18586,76.0,73.0,"smith, jordan",46464,509,69.0,0.0,0.0,0.0,0.0,0.0,0.0,1992-11-09,player_birthdates.csv,-6.5,33.0,1,2.791786443969147,0.3129171825947855,-1.4263117283950617,0.9391807450159726,0.6709999999999999,euro,2026-09-14,1089.0,0.3129171825947855,-0.53,-0.0499999999999999,0.14,9.0,0.0,53.0,-0.0265486725663716,-3.168141592920355,0.0,0.0,0.0,0.0,0.0,0.0,0.0,0.0,0.0,0.0,0.0,0.0,0.0,0.0,0.0,0.0,0.0,0.0,0.0,0.0,2026-10-01,0.2139318846830619,-0.0005235119498714,0.0016248709231251,0.0056969426396371,0.1990947666574208,0.0080388164127502,0.2090869158813604,-0.0195723246897278,0.0101418493472491,-0.016206147019328,0.0731407729171397,,,0.1535229554730003,0.3689899560960656,0.0005704880856872,0.0094765908155938,848,0.2126929458401489,pga_ridge_v2,-2.979727228068276,701,-2.979727228068276,0.434588923555865,1.0,-2.128828143549818,0.1172762223549252,-0.0511711447149091,0.0,weekly_pga_core,False,0.0363377248760357,-0.0232562317542168,0.0730908883560773,0.0,-0.0,0.0,0.4551623375739618,2026-10-01 12:30,2026-10-02 07:35
Black Desert Resort,1,2026-10-04,2026-10-01,554,Bank of Utah Championship,2026-09-30 18:51:33 UTC,no,pga,-21600,0,USA,22985,199.0,121.0,"smotherman, austin",50095,342,79.0,0.0,0.0,0.0,0.0,0.0,0.0,1994-05-19,player_birthdates.csv,-5.5,32.0,1,2.8666410310438115,-0.4679734742458399,-0.0513117283950617,0.5463810363606464,0.2123999999999999,pga,2026-09-14,1024.0,-0.4679734742458399,0.02,-0.0999999999999999,0.21,9.0,0.0,45.0,-0.0265486725663716,-3.168141592920355,0.0,0.6074142398555722,1.0,1.0,0.4752314562337525,0.6074142398555722,1.0,0.6478756799088707,0.6074142398555722,1.0,0.1859197402246376,0.6074142398555722,1.0,-1.985355411882047,0.6074142398555722,1.0,0.0118807864058438,0.0,0.0,-0.0,2026-10-01,0.1223430677962295,0.0047087309437432,0.0026516322973754,-0.0467762047079039,0.1499880142832626,0.0117708949797521,-0.1475956053535039,-0.0113864632603585,-0.0123795911008673,0.0402299098953728,-0.0034565306196476,,,-0.0538606344222862,-0.2323482049510107,-0.0003903888574479,-0.0078893318086876,619,-0.430772852579024,pga_ridge_v2,-2.979727228068276,701,-2.979727228068276,-0.651253384300498,1.0,-2.2392616077929173,0.0,-0.0356195694235842,0.0,weekly_pga_core,False,0.0363377248760357,-0.0196783499458757,0.0417991152776592,0.0,-0.0,0.0,-0.1738897147431914,2026-10-01 13:36,2026-10-02 08:41
Black Desert Resort,1,2026-10-04,2026-10-01,554,Bank of Utah Championship,2026-09-30 18:51:33 UTC,no,pga,-21600,0,USA,27286,0.0,0.0,"snyder, matt",46123,58,0.0,0.0,0.0,0.0,0.0,0.0,0.0,,player_birthdates.csv:unknown,-6.5,,0,3.2,-4.025009644062559,-4.440892098500626e-16,0.0,0.0,0,,,-4.025009644062559,0.0,0.0,0.0,12.168141592920351,0.0,0.0,0.0,-1.7763568394002505e-15,0.0,0.0,0.0,0.0,0.0,0.0,0.0,0.0,0.0,0.0,0.0,0.0,0.0,0.0,0.0,0.0,0.0,0.0,0.0,0.0,2026-10-01,0.0,-0.0,0.0,0.0,0.0,-0.0,,,,,,,,,0.0,,,4,-3.188783711267132,tour_prior_shrunk_partial,-2.979727228068276,701,-2.979727228068276,-4.025009644062559,0.2,0.0,0.0,,-3.188783711267132,tour_prior_shrunk_partial,True,0.0,0.0,0.0,0.0,0.0,0.0,-3.188783711267132,2026-10-01 09:03,2026-10-02 13:58
Black Desert Resort,1,2026-10-04,2026-10-01,554,Bank of Utah Championship,2026-09-30 18:51:33 UTC,no,pga,-21600,0,USA,21995,179.0,280.0,"springer, hayden",50484,223,133.0,0.0,0.0,0.0,0.0,0.0,0.0,1997-01-09,player_birthdates.csv,-0.5,29.0,1,2.56512090387878,0.0307704740969846,-0.9263117283950616,0.2460367147008108,0.021,pga,2026-09-14,841.0,0.0307704740969846,0.42,0.0,0.0,9.0,0.0,45.0,-0.0265486725663716,-3.168141592920355,3.458651003837391,4.362533147908542,6.0,1.0,-1.3484213388719215,4.362533147908542,6.0,2.2372827613821205,4.362533147908542,6.0,1.4234207828628394,4.362533147908542,6.0,1.219073110336077,4.362533147908542,6.0,-0.033710533471798,0.0,0.0,0.0,2026-10-01,-0.019704540098912,-0.0025549555834154,-0.0018359791153687,0.0503058715503888,-0.0696774218699024,0.0040579449193856,-0.0237141528341,-0.0051273522069879,0.0903055935037191,-0.026913771300957,-0.0480453968424597,,,-0.0651431613336878,-0.0958076632363999,-0.000299812093834,-0.0037456213585691,255,-0.5056773183157897,pga_ridge_v2,-2.979727228068276,701,-2.979727228068276,0.5762662745805681,1.0,0.0,0.0,-0.0131239887695233,0.0,weekly_pga_core,False,0.0363377248760357,-0.0017889409041705,-0.0067321537535702,0.0345865100383739,0.0,0.0,-0.0334045229797309,2026-10-01 13:58,2026-10-02 09:03
Black Desert Resort,1,2026-10-04,2026-10-01,554,Bank of Utah Championship,2026-09-30 18:51:33 UTC,no,pga,-21600,0,USA,23048,470.0,363.0,"stanger, jimmy",51600,124,141.0,0.0,0.0,0.0,0.0,0.0,0.0,1995-03-23,player_birthdates.csv,-6.5,31.0,1,2.591271878566189,-0.9407284620548204,0.0736882716049383,0.1452225373480076,-0.0424999999999999,pga,2026-09-14,961.0,-0.9407284620548204,0.1899999999999999,0.1099999999999999,-0.12,11.0,0.0,32.0,-0.0265486725663716,-1.168141592920355,0.0,0.0,0.0,0.0,0.0,0.0,0.0,0.0,0.0,0.0,0.0,0.0,0.0,0.0,0.0,0.0,0.0,0.0,0.0,0.0,2026-10-01,-0.0174120981852171,0.0007176495728408,-0.0045656323592554,0.0976674051525539,-0.1137262999180129,0.0024947793666564,-0.4635022601102718,-0.0030264064380844,-0.3451540474724106,0.0077816151445681,0.0141847425527938,,,-0.2056374845399506,-1.0394087277303607,-0.0007887766427433,-0.0149342881484338,482,-1.298589163033489,pga_ridge_v2,-2.979727228068276,701,-2.979727228068276,-1.3250564244700993,1.0,-0.9264622025337164,0.0,-0.0283318220758281,0.0,weekly_pga_core,False,0.0133982672727282,-0.0232562317542168,-0.0059489296155465,0.0,-0.0,0.0,-1.055215621827396,2026-10-01 09:03,2026-10-02 13:58
Black Desert Resort,1,2026-10-04,2026-10-01,554,Bank of Utah Championship,2026-09-30 18:51:33 UTC,no,pga,-21600,0,USA,8480,266.0,433.0,"streelman, kevin",27214,207,151.0,0.0,0.0,0.0,0.0,0.0,0.0,1978-11-04,player_birthdates.csv,-0.5,47.0,1,2.3411148951116214,-0.3445629461820731,0.4486882716049383,1.113387595431899,0.865,pga,2026-09-14,2209.0,-0.3445629461820731,-0.14,0.27,0.2,11.0,0.0,31.0,-0.0265486725663716,-1.168141592920355,2.4708366416263727,4.004664885091688,6.0,1.0,1.0569108420034337,4.004664885091688,6.0,0.1259944893532847,4.004664885091688,6.0,-4.821494323333029,4.004664885091688,6.0,6.299933515969511,4.004664885091688,6.0,0.0264227710500858,0.0,-0.0,0.0,2026-10-01,0.0211801421895382,0.0006588226572935,-8.809971224799986e-05,-0.0643302064068407,0.0804623708030971,0.0044772548482362,-0.1732594254306265,-0.0232352000875793,-0.0249492772061345,0.0026387643406349,0.0262514222415658,,,-0.1074526372514438,-0.5479009842773082,-0.0003881842313183,-0.0047444342515606,710,-0.6055667997939166,pga_ridge_v2,-2.979727228068276,701,-2.979727228068276,-0.0757196757550165,1.0,13.989441120251204,-0.0062323826916568,-0.2427620124008457,0.0,weekly_pga_core,False,0.0133982672727282,-0.0017889409041705,0.0072363005189003,0.0247083664162637,0.0,-0.0,-0.5043469909735862,2026-10-01 13:14,2026-10-02 08:19
Black Desert Resort,1,2026-10-04,2026-10-01,554,Bank of Utah Championship,2026-09-30 18:51:33 UTC,no,pga,-21600,0,USA,29279,71.0,94.0,"suber, jackson",60019,744,74.0,0.0,0.0,0.0,0.0,0.0,0.0,1999-10-18,player_birthdates.csv,-2.5,26.0,1,2.758782861925219,0.3688187392573805,1.0736882716049383,0.5786624964014359,0.1872,pga,2026-09-14,676.0,0.3688187392573805,0.41,-0.0799999999999999,0.31,9.0,0.0,47.0,-0.0265486725663716,-3.168141592920355,6.295849413118201,3.147296654682725,4.0,1.0,1.6397482928273188,3.147296654682725,4.0,2.6020976487633125,3.147296654682725,4.0,-0.5461594232930194,3.147296654682725,4.0,3.523424912713536,3.147296654682725,4.0,0.0409937073206829,0.0,-0.0,0.0,2026-10-01,0.0422708809958334,0.0004891911372855,0.002033633605127,0.0535494791809023,-0.0083986697279044,-0.005402753199577,0.2096287158754695,-0.0120592019432263,0.1533446025409368,0.0095808702655363,0.0096490104994127,,,0.1218244274838244,0.518169486855076,0.0011839177390329,0.0177584405744825,304,0.4816019364351981,pga_ridge_v2,-2.979727228068276,701,-2.979727228068276,0.8569339563692757,1.0,0.3585080888439709,0.0,0.0072587038196069,0.0,weekly_pga_core,False,0.0363377248760357,-0.0089447045208526,0.0144420559289548,0.062958494131182,0.0,0.0,0.6229630572703961,2026-10-01 07:57,2026-10-02 12:52
Black Desert Resort,1,2026-10-04,2026-10-01,554,Bank of Utah Championship,2026-09-30 18:51:33 UTC,no,pga,-21600,0,CAN,13997,340.0,0.0,"svensson, adam",40115,142,176.0,0.0,0.0,0.0,0.0,0.0,0.0,1993-12-31,player_birthdates.csv,1.5,32.0,1,2.537612961322356,-1.0237060427313691,0.5736882716049383,0.7367838536424471,0.6128,pga,2026-09-14,1024.0,-1.0237060427313691,-0.1400000000000001,0.0499999999999999,-0.1,9.0,0.0,39.0,-0.0265486725663716,-3.168141592920355,1.096097041339553,5.579402924720988,8.0,1.0,-0.7007434632855156,5.579402924720988,8.0,3.871989323165697,5.579402924720988,8.0,1.8842835786899952,5.579402924720988,8.0,-3.442989291333795,5.579402924720988,8.0,-0.0175185865821378,0.0,0.0,-0.0,2026-10-01,-0.1399126769602871,0.00296187178001,-3.639394233631898e-05,-0.1058060238634879,-0.0391744802259705,0.0021423492914976,-0.4627096930707802,-0.015354417013089,-0.1179304042111448,0.0090122558301429,-0.0811624607656,,,-0.2290084331421396,-0.9542801033151326,-0.0011491664857733,-0.0165923312848092,781,-1.2155647202188853,pga_ridge_v2,-2.979727228068276,701,-2.979727228068276,-1.4431726752776464,1.0,-13.234361086624922,0.0,-0.039385453171939,0.0,weekly_pga_core,False,0.0363377248760357,0.0053668227125115,-0.0478018592995359,0.0109609704133955,-0.0,0.0,-0.9494164446127256,2026-10-01 13:36,2026-10-02 08:41
Black Desert Resort,1,2026-10-04,2026-10-01,554,Bank of Utah Championship,2026-09-30 18:51:33 UTC,no,pga,-21600,0,SWE,26850,286.0,193.0,"svensson, jesper",57586,256,128.0,0.0,0.0,0.0,0.0,0.0,0.0,1996-03-14,player_birthdates.csv,-2.5,30.0,1,3.2,-0.4885444323174965,-0.0929783950617286,0.5496131343343333,0.28,pga,2026-09-14,900.0,-0.4885444323174965,-0.48,-0.33,-0.2,11.0,0.0,37.0,-0.0265486725663716,-1.168141592920355,3.8701351759072224,3.147296654682725,4.0,1.0,1.049389892888741,3.147296654682725,4.0,2.178079614992403,3.147296654682725,4.0,2.080869540494166,3.147296654682725,4.0,-1.5855642419652418,3.147296654682725,4.0,0.0262347473222185,0.0,0.0,-0.0,2026-10-01,0.0651462160810463,0.0033061595687763,-0.001833655965106,0.1890996964580272,-0.1242828579039359,-0.0011431260767152,-0.241427321726409,-0.0114538194868418,-0.3016457099177286,0.0338894756665694,0.0343678596730527,,,-0.0372054756483124,-0.5597368337632468,-0.0008116656972866,-0.0157705009558703,273,-0.9744164995219916,pga_ridge_v2,-2.979727228068276,701,-2.979727228068276,-1.2014261096148326,1.0,-1.6022968270962257,0.1222688139320062,-0.01967967567042,0.0,weekly_pga_core,False,0.0133982672727282,-0.0089447045208526,0.0222575274997221,0.0387013517590722,-0.0,0.0,-0.4943243917525766,2026-10-01 09:14,2026-10-02 14:09
Black Desert Resort,1,2026-10-04,2026-10-01,554,Bank of Utah Championship,2026-09-30 18:51:33 UTC,no,pga,-21600,0,CAN,13126,73.0,85.0,"taylor, nick",25493,484,65.0,0.0,0.0,0.0,0.0,0.0,0.0,1988-04-14,player_birthdates.csv,-2.5,38.0,1,2.7418243860644744,0.5607026939639935,-0.8013117283950617,1.0494419653956284,0.9094,pga,2026-09-14,1444.0,0.5607026939639935,0.11,-0.2199999999999999,0.19,9.0,0.0,63.0,-0.0265486725663716,-3.168141592920355,2.973250492278363,2.432106270038263,4.0,1.0,1.270192826639555,2.432106270038263,4.0,-0.8660052642778295,2.432106270038263,4.0,0.4179349863050792,2.432106270038263,4.0,2.114530728195475,2.432106270038263,4.0,0.0317548206659888,-0.0,0.0,0.0,2026-10-01,-0.069465864013861,-0.0051181559838308,-0.0001142903460067,-0.0836158717066445,0.0216217977275232,-0.0022393437049021,0.272604458915152,,-0.0211047467812996,-0.0156341088171071,-0.0676544553480561,0.1214938477633982,0.1783077213480705,,0.3257545130214598,-0.0367343155886497,-0.0203007314323301,828,-0.1535432749808434,pga_ridge_v2,-2.979727228068276,701,-2.979727228068276,-0.0297506836837641,1.0,-17.977373096869027,0.1054915315742128,-0.0852231570377182,0.0,weekly_pga_core,False,0.0287846409261508,-0.0205265138807981,-0.0426244306837406,0.0148662524613918,-0.0,0.0,0.3062544618444637,2026-10-01 13:03,2026-10-02 08:08
Black Desert Resort,1,2026-10-04,2026-10-01,554,Bank of Utah Championship,2026-09-30 18:51:33 UTC,no,pga,-21600,0,USA,27364,66.0,123.0,"thompson, davis",58168,487,82.0,0.0,0.0,0.0,0.0,0.0,0.0,1999-06-05,player_birthdates.csv,-4.5,27.0,1,2.4671335583572955,0.9064872934833832,0.1986882716049383,1.2794646556044886,0.9280000000000002,pga,2026-09-14,729.0,0.9064872934833832,0.25,-0.13,-0.16,11.0,0.0,41.0,-0.0265486725663716,-1.168141592920355,-6.070733343661447,1.5725586150534248,2.0,1.0,-3.802567122156682,1.5725586150534248,2.0,0.8543001427531018,1.5725586150534248,2.0,-2.426750396202098,1.5725586150534248,2.0,-0.7746015246050296,1.5725586150534248,2.0,-0.095064178053917,0.0,-0.0,-0.0,2026-10-01,0.0507216147834838,0.0012147560325309,0.0028647362881466,0.0419065296183568,0.0026210703998932,0.0021145224445562,0.4289723703808367,,0.0082736985628295,0.0038606955850539,0.0818261787752915,0.1239787670160914,0.1138349860612884,,0.7409503847632884,-0.0373774826162097,-0.0153986941985103,459,0.3560132008483925,pga_ridge_v2,-2.979727228068276,701,-2.979727228068276,1.130022469516426,1.0,-14.5049865994645,-0.0536092107063607,0.0329798651966166,0.0,weekly_pga_core,False,0.0106133312912064,-0.0369477249854366,0.0311229117235856,-0.0303536667183072,-0.0,-0.0,0.7153852360743367,2026-10-01 08:19,2026-10-02 13:14
Black Desert Resort,1,2026-10-04,2026-10-01,554,Bank of Utah Championship,2026-09-30 18:51:33 UTC,no,pga,-21600,0,USA,12946,0.0,0.0,"thompson, michael",32150,119,215.0,0.0,0.0,0.0,0.0,0.0,0.0,1985-04-06,player_birthdates.csv,-6.5,41.0,1,3.091560411822366,-1.062816741730122,0.0736882716049383,0.5659916671429661,0.5788888888888889,pga,2026-09-14,1681.0,-1.062816741730122,0.06,0.0,0.0,9.0,0.0,21.0,-0.0265486725663716,-3.168141592920355,0.0,0.0,0.0,0.0,0.0,0.0,0.0,0.0,0.0,0.0,0.0,0.0,0.0,0.0,0.0,0.0,0.0,0.0,0.0,0.0,2026-10-01,-0.0079612609331959,-0.0010973447655311,9.007917324766483e-05,-0.1060460729020093,0.0992362086034209,-0.000144131042324,-0.502642041872336,-0.0186368403462371,-0.3101823641408813,-0.0006826616408945,-0.0540490398640792,,,-0.1729987459748246,-1.2382892628104598,-0.0008437151571824,-0.0354399256165669,456,-1.5094647446237826,pga_ridge_v2,-2.979727228068276,701,-2.979727228068276,-1.9231606222199271,1.0,0.0228008169268458,0.0,-0.1428139281974577,0.0,weekly_pga_core,False,0.0363377248760357,-0.0232562317542168,-0.0027200042429574,0.0,0.0,0.0,-1.2279277739315986,2026-10-01 08:52,2026-10-02 13:47
Black Desert Resort,1,2026-10-04,2026-10-01,554,Bank of Utah Championship,2026-09-30 18:51:33 UTC,no,pga,-21600,0,USA,12425,0.0,0.0,"todd, brendon",30927,116,218.0,0.0,0.0,0.0,0.0,0.0,0.0,1985-07-22,player_birthdates.csv,-6.5,41.0,1,2.7,-2.22059383572362,-1.259645061728395,0.9603606128754284,0.8136,pga,2026-09-14,1681.0,-2.22059383572362,-0.8300000000000001,-0.49,0.0899999999999999,11.0,0.0,17.0,-0.0265486725663716,-1.168141592920355,0.0,0.0,0.0,0.0,0.0,0.0,0.0,0.0,0.0,0.0,0.0,0.0,0.0,0.0,0.0,0.0,0.0,0.0,0.0,0.0,2026-10-01,-0.1903111774241599,-0.0026987030043923,-0.0079391476294132,-0.2164417267339425,0.0400982287377136,-0.0033298287941254,-1.054472490071414,-0.0200137085788861,-0.3688879625166101,-0.0164225102742345,-0.0578293100417191,,,-0.532024870191211,-2.232562537413023,-0.0031648250419274,-0.0411070817597257,577,-2.618823077222786,pga_ridge_v2,-2.979727228068276,701,-2.979727228068276,-2.2097169662280125,1.0,-2.013656723957921,0.0055128327342931,-0.1386397789372946,0.0,weekly_pga_core,False,0.0133982672727282,-0.0232562317542168,-0.065020756689123,0.0,-0.0,0.0,-2.3074412585836344,2026-10-01 12:30,2026-10-02 07:35
Black Desert Resort,1,2026-10-04,2026-10-01,554,Bank of Utah Championship,2026-09-30 18:51:33 UTC,no,pga,-21600,0,ARG,17032,0.0,493.0,"tosti, alejandro",38991,120,188.0,0.0,0.0,0.0,0.0,0.0,0.0,1996-05-30,player_birthdates.csv,-2.5,30.0,1,2.8431633731387635,-1.484431085007098,0.1986882716049383,0.7371237747206789,0.438,pga,2026-09-14,900.0,-1.484431085007098,-0.73,-0.31,-0.1,11.0,0.0,33.0,-0.0265486725663716,-1.168141592920355,2.2839512461571467,2.432106270038263,4.0,1.0,3.335600636456651,2.432106270038263,4.0,0.5893786961939866,2.432106270038263,4.0,-0.0361875604770086,2.432106270038263,4.0,0.5744675291746489,2.432106270038263,4.0,0.0833900159114162,0.0,-0.0,0.0,2026-10-01,-0.0119090727766149,0.0063476181994931,-0.0038511399035196,0.1083253743070336,-0.1238249397775622,0.0010940143979401,-0.7054788234602044,-0.0153615008952355,-0.3252597272889125,0.0379809799148818,0.0126775050756437,,,-0.3105381216566726,-1.3493881323720336,-0.0022828765731674,-0.0231153160617898,290,-1.863787411850275,pga_ridge_v2,-2.979727228068276,701,-2.979727228068276,-1.9594939528462247,1.0,-2.977933738702267,0.0,-0.0180102514265766,0.0,weekly_pga_core,False,0.0133982672727282,-0.0089447045208526,-0.0040687937192229,0.0228395124615714,-0.0,0.0,-1.3261638508778095,2026-10-01 09:14,2026-10-02 14:09
Black Desert Resort,1,2026-10-04,2026-10-01,554,Bank of Utah Championship,2026-09-30 18:51:33 UTC,no,pga,-21600,0,RSA,17550,248.0,226.0,"van rooyen, erik",40006,187,148.0,0.0,0.0,0.0,0.0,0.0,0.0,1990-02-21,player_birthdates.csv,-2.5,36.0,1,2.804835389977219,-0.2565452037427296,0.0736882716049383,1.0614931504478544,0.795,pga,2026-09-14,1296.0,-0.2565452037427296,0.0099999999999999,0.0,0.0,11.0,0.0,47.0,-0.0265486725663716,-1.168141592920355,-0.018621558909726,2.432106270038263,4.0,1.0,-1.7281881718463836,2.432106270038263,4.0,-1.2114635498071262,2.432106270038263,4.0,1.6988414185974938,2.432106270038263,4.0,0.9353795991200746,2.432106270038263,4.0,-0.0432047042961595,-0.0,0.0,0.0,2026-10-01,-0.1295236943585543,-0.0026048367942135,-0.0014446753798604,0.0031295902832513,-0.1254282980036812,-0.0031754744640503,-0.1322838165912158,-0.0221212889071039,-0.2758411151704055,-0.0091479528857107,-0.0309294267008126,,,-0.0543978976085434,-0.6098132028360648,-0.0002059205860215,-0.0045202376908288,717,-0.8090865521040429,pga_ridge_v2,-2.979727228068276,701,-2.979727228068276,-0.8130568194923053,1.0,-25.251382931643345,0.0279958812556276,-0.0803655466954223,0.0,weekly_pga_core,False,0.0133982672727282,-0.0089447045208526,-0.0442524119200513,-0.0001862155890972,-0.0,0.0,-0.6497982675933377,2026-10-01 12:52,2026-10-02 07:57
Black Desert Resort,1,2026-10-04,2026-10-01,554,Bank of Utah Championship,2026-09-30 18:51:33 UTC,no,pga,-21600,0,USA,25319,287.0,293.0,"vanderlaan, john",55573,191,149.0,0.0,0.0,0.0,0.0,0.0,0.0,1996-06-28,player_birthdates.csv,-6.5,30.0,1,2.7200977467684,-0.7239527225920829,0.1986882716049383,0.28,0.28,pga,2026-09-14,900.0,-0.7239527225920829,-0.35,-0.18,-0.09,9.0,0.0,35.0,-0.0265486725663716,-3.168141592920355,0.0,0.0,0.0,0.0,0.0,0.0,0.0,0.0,0.0,0.0,0.0,0.0,0.0,0.0,0.0,0.0,0.0,0.0,0.0,0.0,2026-10-01,0.0485033938224305,0.0022740797639835,-0.00330878350215,0.0258679784704031,0.0235848108595441,8.530823064961829e-05,-0.2867197597180599,-0.0058351397664467,0.050084380895631,0.0209208595960177,0.0486844082554804,,,-0.2130248533509873,-0.419508145765684,-0.0007468382354192,-0.0156880385075901,540,-0.5333484555475777,pga_ridge_v2,-2.979727228068276,701,-2.979727228068276,-0.3346861258239836,1.0,0.0,0.0,-0.0171831649343099,0.0,weekly_pga_core,False,0.0363377248760357,-0.0232562317542168,0.0165714248159793,0.0,0.0,0.0,-0.3898552278278858,2026-10-01 09:14,2026-10-02 14:09
Black Desert Resort,1,2026-10-04,2026-10-01,554,Bank of Utah Championship,2026-09-30 18:51:33 UTC,no,pga,-21600,0,NOR,15651,131.0,195.0,"ventura, kristoffer",35658,589,107.0,0.0,0.0,0.0,0.0,0.0,0.0,1995-02-24,player_birthdates.csv,-2.5,31.0,1,2.307954937726832,0.3102842270808955,0.0736882716049383,0.5206293517767552,0.1962,pga,2026-09-14,961.0,0.3102842270808955,0.1099999999999999,-0.18,0.29,11.0,0.0,35.0,-0.0265486725663716,-1.168141592920355,5.811270908431926,3.147296654682725,4.0,1.0,2.80696586552824,3.147296654682725,4.0,-0.8354474305432,3.147296654682725,4.0,0.4873292054997362,3.147296654682725,4.0,3.675703346970996,3.147296654682725,4.0,0.070174146638206,-0.0,0.0,0.0,2026-10-01,0.1418291750786258,-0.0001689549213553,-0.0005713507776435,0.0951523544999076,0.0426536579169919,0.0047634683607252,0.1284574538375537,-0.0108498036933283,0.0362838831176426,0.0250477957795698,0.0777104472937792,,,0.0389515810036483,0.2639235667358052,0.000162535894713,-0.002615329139337,535,0.0203685460469943,pga_ridge_v2,-2.979727228068276,701,-2.979727228068276,0.803343876617161,1.0,0.0,0.0,-0.0292249973584365,0.0,weekly_pga_core,False,0.0133982672727282,-0.0089447045208526,0.0484566403772123,0.0581127090843192,0.0,0.0,0.3749464789492124,2026-10-01 13:47,2026-10-02 08:52
Black Desert Resort,1,2026-10-04,2026-10-01,554,Bank of Utah Championship,2026-09-30 18:51:33 UTC,no,pga,-21600,0,USA,25003,483.0,323.0,"walker, danny",54607,112,162.0,0.0,0.0,0.0,0.0,0.0,0.0,1995-10-04,player_birthdates.csv,-2.5,31.0,1,3.2,-1.1441000661770495,0.3236882716049383,0.1607822646673122,-0.1772,pga,2026-09-14,961.0,-1.1441000661770495,0.4099999999999999,0.1899999999999999,0.0399999999999999,11.0,0.0,33.0,-0.0265486725663716,-1.168141592920355,-3.3238823502044488,3.147296654682725,4.0,1.0,-1.9888436027642311,3.147296654682725,4.0,-3.552789046781501,3.147296654682725,4.0,-0.5967605391026036,3.147296654682725,4.0,1.9866573253162536,3.147296654682725,4.0,-0.0497210900691057,-0.0,-0.0,0.0,2026-10-01,-0.0429015516031149,0.0041006483571683,-0.0019229077992784,0.0873207097625674,-0.1385162501943972,0.0061162482708248,-0.5805451519993569,-0.0033506678082128,-0.132594294985706,0.027632854993783,-0.0069309435861979,,,-0.3309541227344469,-1.0738035795694971,-0.0013383960446975,-0.0217806554453275,334,-1.3755274440606668,pga_ridge_v2,-2.979727228068276,701,-2.979727228068276,-1.94959585137578,1.0,0.0,0.0,-0.0239422019593341,0.0,weekly_pga_core,False,0.0133982672727282,-0.0089447045208526,-0.0146575276666743,-0.0332388235020444,0.0,0.0,-1.1172463679863402,2026-10-01 12:41,2026-10-02 07:46
Black Desert Resort,1,2026-10-04,2026-10-01,554,Bank of Utah Championship,2026-09-30 18:51:33 UTC,no,pga,-21600,0,ENG,20706,31.0,54.0,"wallace, matt",48887,541,76.0,0.0,0.0,0.0,0.0,0.0,0.0,1990-04-12,player_birthdates.csv,-4.5,36.0,1,2.3,0.9711315461429988,-4.440892098500626e-16,1.017700504325606,1.0,euro,2026-09-14,1296.0,0.9711315461429988,0.03,0.0,0.0,9.0,0.0,61.0,-0.0265486725663716,-3.168141592920355,-4.424319843158918,1.5725586150534248,2.0,1.0,2.75837356201778,1.5725586150534248,2.0,-4.142485306828116,1.5725586150534248,2.0,-1.460847278898713,1.5725586150534248,2.0,-1.7543115467976576,1.5725586150534248,2.0,0.0689593390504444,-0.0,-0.0,-0.0,2026-10-01,-0.000326910039877,-9.946530935051738e-05,0.002896169737242,-0.0167099593256657,0.0228757941541151,-0.009289449296218,0.493809560218622,,0.1419469787784888,0.0033977037127406,0.0129080420744461,0.1121420011134775,0.1574744493159725,,0.7315201199257004,-0.0889841765162028,-0.042868835494254,891,0.9565422190471152,pga_ridge_v2,-2.979727228068276,701,-2.979727228068276,1.6027972983956098,1.0,24.70075254306872,0.0060851526518599,-0.0583056032775904,0.0,weekly_pga_core,False,0.0287846409261508,-0.0369477249854366,-0.0002005928312037,-0.0221215992157945,0.0,0.0,0.7010348438194163,2026-10-01 08:41,2026-10-02 13:36
Black Desert Resort,1,2026-10-04,2026-10-01,554,Bank of Utah Championship,2026-09-30 18:51:33 UTC,no,pga,-21600,0,USA,25908,280.0,220.0,"whaley, vince",51894,167,174.0,0.0,0.0,0.0,0.0,0.0,0.0,1995-03-14,player_birthdates.csv,1.5,31.0,1,2.3,-0.7766860474541164,-0.9263117283950616,0.5780404544467891,0.4182,pga,2026-09-14,961.0,-0.7766860474541164,-0.14,0.0,0.0,9.0,0.0,37.0,-0.0265486725663716,-3.168141592920355,-4.986960178708007,5.579402924720988,8.0,1.0,-4.420048516151788,5.579402924720988,8.0,-3.89338923402982,5.579402924720988,8.0,-1.8107975769226925,5.579402924720988,8.0,2.824377523996092,5.579402924720988,8.0,-0.1,-0.0,-0.0,0.0,2026-10-01,-0.2038021308819773,-0.0029488401570181,-0.0032646297940601,-0.0027046072004409,-0.19083117863763,-0.0040528750928278,-0.3416629993155615,-0.012046238722705,-0.1145661483488249,-0.0080259015019184,-0.1058852847343451,,,-0.1625221138428087,-0.7911970765958242,-0.0010725821455518,-0.0170839859082804,636,-1.2025180352200715,pga_ridge_v2,-2.979727228068276,701,-2.979727228068276,-1.1869855733188035,1.0,0.0,0.0,-0.0283318220758281,0.0,weekly_pga_core,False,0.0363377248760357,0.0053668227125115,-0.069630007780718,-0.04986960178708,0.0,0.0,-0.868992138575075,2026-10-01 07:35,2026-10-02 12:30
Black Desert Resort,1,2026-10-04,2026-10-01,554,Bank of Utah Championship,2026-09-30 18:51:33 UTC,no,pga,-21600,0,USA,22051,444.0,480.0,"wise, aaron",49964,198,154.0,0.0,0.0,0.0,0.0,0.0,0.0,1996-06-21,player_birthdates.csv,-6.5,30.0,1,3.2,-0.6574899340060747,0.0736882716049383,1.3526934385129628,1.2372,pga,2026-09-14,900.0,-0.6574899340060747,-0.7999999999999999,-0.76,-0.02,11.0,0.0,24.0,-0.0265486725663716,-1.168141592920355,0.0,0.0,0.0,0.0,0.0,0.0,0.0,0.0,0.0,0.0,0.0,0.0,0.0,0.0,0.0,0.0,0.0,0.0,0.0,0.0,2026-10-01,-0.0114309481104152,0.0022197146830912,-0.0008274089095978,0.0005234143420804,-0.010473537717197,-0.002873130508792,-0.3040864434579252,-0.0285505052858287,-0.1783659587103861,0.0246053019377833,-0.0158826176445084,,,-0.1611789558771657,-0.6923175744191862,-0.0012956763381665,-0.0103795541086787,489,-0.9504056665975744,pga_ridge_v2,-2.979727228068276,701,-2.979727228068276,-0.1744593127931844,1.0,1.1430509506800044,0.0063802531397636,-0.0171831649343099,0.0,weekly_pga_core,False,0.0133982672727282,-0.0232562317542168,-0.0039054400580832,0.0,0.0,0.0,-0.706080978958758,2026-10-01 08:08,2026-10-02 13:03
Black Desert Resort,1,2026-10-04,2026-10-01,554,Bank of Utah Championship,2026-09-30 18:51:33 UTC,no,pga,-21600,0,USA,25002,328.0,442.0,"wu, dylan",54783,119,164.0,0.0,0.0,0.0,0.0,0.0,0.0,1996-07-20,player_birthdates.csv,-0.5,30.0,1,2.3,-0.8301706631837973,-0.3013117283950617,0.2784409834224228,0.1182,pga,2026-09-14,900.0,-0.8301706631837973,-0.4499999999999999,-0.09,-0.2199999999999999,9.0,0.0,37.0,-0.0265486725663716,-3.168141592920355,-9.239561151204876,4.004664885091688,6.0,1.0,6.947292880443964,4.004664885091688,6.0,-7.14131418364192,4.004664885091688,6.0,-0.4814248220917458,4.004664885091688,6.0,-5.059218009378201,4.004664885091688,6.0,0.1,-0.0,-0.0,-0.0,2026-10-01,-0.0508085798638675,0.0018139900063624,-0.0003880330746978,-0.071551037972409,0.0162253431627051,0.0030911580141716,-0.3730909189066159,-0.0058026501963454,-0.1569216028042767,-0.0010223860409868,-0.0538235214489276,,,-0.1891166415625411,-0.8187147584801537,-0.0012365726368107,-0.0205172999493396,576,-1.2159050907334712,pga_ridge_v2,-2.979727228068276,701,-2.979727228068276,-0.9431726752776464,1.0,-1.0501709948951594,0.0,-0.0171831649343099,0.0,weekly_pga_core,False,0.0363377248760357,-0.0017889409041705,-0.0173590030483885,-0.0923956115120487,-0.0,0.0,-0.8939205890687257,2026-10-01 07:35,2026-10-02 12:30
Black Desert Resort,1,2026-10-04,2026-10-01,554,Bank of Utah Championship,2026-09-30 18:51:33 UTC,no,pga,-21600,0,CAN,29925,144.0,108.0,"yellamaraju, sudarshan",60386,338,59.0,0.0,0.0,0.0,0.0,0.0,0.0,2001-08-01,player_birthdates.csv,-6.5,25.0,1,2.877983501083589,0.1167423829462109,0.4070216049382713,0.5977270453455795,0.4164,euro,2026-09-04,625.0,0.1167423829462109,-0.14,-0.6,0.06,25.0,0.0,47.0,-0.0265486725663716,12.831858407079643,0.0,0.0,0.0,0.0,0.0,0.0,0.0,0.0,0.0,0.0,0.0,0.0,0.0,0.0,0.0,0.0,0.0,0.0,0.0,0.0,2026-10-01,0.0742773465699273,-0.0003091390603448,0.0006666521153059,0.0376592760734508,0.0394806601503407,-0.0032201027088253,0.0784881864125847,-0.0124565030420596,-0.2148975326844569,0.0125128092590147,0.0040238147302077,,,0.081529688514533,-0.0214449959399914,0.0004666617033439,0.0106306896103709,220,-0.3457815816720254,pga_ridge_v2,-2.979727228068276,701,-2.979727228068276,-0.2730921225277936,1.0,-6.242560010159886,0.0,0.0182571895564698,0.0,weekly_pga_core,False,-0.1471779359504241,-0.0232562317542168,0.0253772234726545,0.0,-0.0,0.0,-0.1665019401719778,2026-10-01 07:46,2026-10-02 12:41
Black Desert Resort,1,2026-10-04,2026-10-01,554,Bank of Utah Championship,2026-09-30 18:51:33 UTC,no,pga,-21600,0,TPE,17881,62.0,105.0,"yu, kevin",45242,636,93.0,0.0,0.0,0.0,0.0,0.0,0.0,1998-08-11,player_birthdates.csv,-2.5,28.0,1,2.32480886998317,0.7919685967711605,0.1986882716049383,0.8356053354147873,0.74,pga,2026-09-14,784.0,0.7919685967711605,0.3,0.42,0.01,9.0,0.0,45.0,-0.0265486725663716,-3.168141592920355,1.152230452848498,3.147296654682725,4.0,1.0,-1.1419054892730638,3.147296654682725,4.0,-1.0368236029174678,3.147296654682725,4.0,0.0113058050148956,3.147296654682725,4.0,3.895954433603187,3.147296654682725,4.0,-0.0285476372318265,-0.0,0.0,0.0,2026-10-01,0.0784939643476026,-0.0003448893357742,0.0008257125734346,0.0719889206466545,0.0084058526616894,-0.0023816321984017,0.374887185600701,,0.1162718145152858,-0.0086511600297087,0.0703364596914966,0.0988623788705901,0.0941848140302346,,0.6869700284154835,-0.0572012170073086,-0.0287252848460608,432,0.5627378372326886,pga_ridge_v2,-2.979727228068276,701,-2.979727228068276,1.3525513433696317,1.0,-6.408492989684533,-0.0863656244988684,0.0270050375902536,0.0,weekly_pga_core,False,0.0287846409261508,-0.0205265138807981,0.0481640959904967,0.0057611522642424,-0.0,-0.0,0.7491534037155754,2026-10-01 08:08,2026-10-02 13:03
