event_id,event_start,feature_scope,player_name,dg_id,source_player_name,source_player_id,app_shot_pooled_var50_raw,arg_shot_pooled_var50_raw,ott_shot_pooled_var50_raw,putt_shot_pooled_var50_raw,app_shot_pooled_var50_shrunk,arg_shot_pooled_var50_shrunk,ott_shot_pooled_var50_shrunk,putt_shot_pooled_var50_shrunk,app_shot_exp_n50,arg_shot_exp_n50,ott_shot_exp_n50,putt_shot_exp_n50,app_shot_indep_var50_raw,arg_shot_indep_var50_raw,ott_shot_indep_var50_raw,putt_shot_indep_var50_raw,app_shot_indep_var50_shrunk,arg_shot_indep_var50_shrunk,ott_shot_indep_var50_shrunk,putt_shot_indep_var50_shrunk,app_shot_history_neff50,arg_shot_history_neff50,ott_shot_history_neff50,putt_shot_history_neff50,app_shot_round_neff50,arg_shot_round_neff50,ott_shot_round_neff50,putt_shot_round_neff50,app_shot_history_rounds,arg_shot_history_rounds,ott_shot_history_rounds,putt_shot_history_rounds,app_shot_history_n,arg_shot_history_n,ott_shot_history_n,putt_shot_history_n,app_shot_variance_reliability,arg_shot_variance_reliability,ott_shot_variance_reliability,putt_shot_variance_reliability,app_shot_history_last_date,arg_shot_history_last_date,ott_shot_history_last_date,putt_shot_history_last_date,app_shot_history_last_event,arg_shot_history_last_event,ott_shot_history_last_event,putt_shot_history_last_event,app_shot_history_fallback,arg_shot_history_fallback,ott_shot_history_fallback,putt_shot_history_fallback
554,2026-10-01,pre_event_frozen_one_round_variance,"akina, kihei",32652,"akina, kihei",67118,0.12489928703541685,0.1556460996254187,0.09093063179691606,0.11533592835951376,0.12876452765776164,0.15510412300925208,0.07795812081119455,0.11225522803547575,18.85861544635795,7.662774312153603,14.54116534379356,30.253729900164853,2.355427623725207,1.192680933996559,1.3222373517745685,3.4893420243734927,2.428320710229649,1.1885278895044096,1.1336019246070137,3.396139348866696,140.8520946409733,53.502727053630174,107.08592594665807,232.07609576056146,7.933465280344032,7.933465280344032,7.933465280344032,7.933465280344032,8.0,8.0,8.0,8.0,150.0,62.0,116.0,242.0,0.7380170225846413,0.5169209408937372,0.681702866130868,0.822742867079236,2026-08-09,2026-08-09,2026-08-09,2026-08-09,pga:R2026013,pga:R2026013,pga:R2026013,pga:R2026013,0.0,0.0,0.0,0.0
554,2026-10-01,pre_event_frozen_one_round_variance,"an, seonghyeon",29351,"an, seonghyeon",62798,0.13965307241673455,0.15452417846996785,0.0501746537960109,0.09795608996725504,0.13965307241673455,0.15452417846996785,0.0501746537960109,0.09795608996725504,19.427085736581326,7.277777538736338,13.967443167629689,29.07356325653548,2.713052211216903,1.1245925952604172,0.7008116253512775,2.8479325780258695,2.713052211216903,1.1245925952604172,0.7008116253512775,2.8479325780258695,0.0,0.0,0.0,0.0,0.0,0.0,0.0,0.0,0.0,0.0,0.0,0.0,0.0,0.0,0.0,0.0,0.0,0.0,0.0,0.0,,,,,,,,,1.0,1.0,1.0,1.0
554,2026-10-01,pre_event_frozen_one_round_variance,"bauchou, zach",19846,"bauchou, zach",48001,0.1336399218279229,0.1438798313673702,0.04266782907171009,0.10523250344771397,0.1339870097317632,0.14550238592614387,0.043270233126374694,0.10494596765241826,19.299607175699016,7.259763983868064,13.840401103810903,28.296847254437534,2.5791979942700363,1.0445336177658446,0.5905398685813112,2.977748076262033,2.585896654469591,1.0563129809134908,0.5988773823244314,2.9696400166296217,816.2287740771479,278.0119933422376,573.07222753342,1219.7215496146537,44.26959998384483,44.26959998384483,44.26959998384483,44.26959998384483,70.0,70.0,70.0,70.0,1356.0,529.0,977.0,2006.0,0.9422785279174449,0.8475665493492137,0.9197524816698428,0.9606212873876367,2026-09-20,2026-09-20,2026-09-20,2026-09-20,pga:R2026557,pga:R2026557,pga:R2026557,pga:R2026557,0.0,0.0,0.0,0.0
554,2026-10-01,pre_event_frozen_one_round_variance,"bezuidenhout, christiaan",18103,"bezuidenhout, christiaan",45522,0.12991232550488108,0.12077345933251235,0.03994106889498347,0.09097336303231558,0.13040633169917373,0.1257317988803501,0.040669524119002626,0.09121890533005253,19.48176190254352,6.769797387248867,13.988765652723343,28.648640964822135,2.5309209936918253,0.8176118494382494,0.5587262526912015,2.606263214875232,2.5405451047474163,0.8511788035542942,0.5689164421085074,2.6132976680047753,935.8931957118876,290.342959692762,652.4168791435791,1371.898996485721,49.99998390361443,49.999981110314,49.99998390361443,49.99998572401491,391.0,387.0,391.0,394.0,7904.0,2522.0,5483.0,11391.0,0.9492845673167505,0.8530893659585715,0.9288172003198977,0.96483575828974,2026-09-20,2026-09-20,2026-09-20,2026-09-20,pga:R2026557,pga:R2026557,pga:R2026557,pga:R2026557,0.0,0.0,0.0,0.0
554,2026-10-01,pre_event_frozen_one_round_variance,"blair, zac",17639,"blair, zac",40058,0.12328265746834545,0.15149360872541365,0.0352700930796462,0.09051185296098346,0.12412129698448542,0.1519498885742445,0.03633142226295298,0.09076888071581604,19.374872479639848,6.657849669587263,13.931643299803318,28.822633057540074,2.388585767400312,1.0086216727970774,0.49137035593649236,2.6087899252524482,2.404834301081911,1.0116595154378552,0.506156415541994,2.616198141915591,926.0102304585914,282.09550589618203,652.1648396554291,1398.1387450006225,49.99751198075041,49.99741043157405,49.99751198075041,49.997609547800394,265.0,264.0,265.0,266.0,5292.0,1718.0,3710.0,7897.0,0.9487710287867507,0.8494409014507087,0.928791649515609,0.9654729215880634,2026-09-20,2026-09-20,2026-09-20,2026-09-20,pga:R2026557,pga:R2026557,pga:R2026557,pga:R2026557,0.0,0.0,0.0,0.0
554,2026-10-01,pre_event_frozen_one_round_variance,"blanchet, chandler",24956,"blanchet, chandler",54788,0.13995766551626437,0.1711000150765993,0.03770990834282519,0.09174832831306688,0.13993990541037843,0.16856950035387747,0.0387257657905017,0.09198860955361214,19.412930661277375,7.344359715317131,13.917841807038542,29.532331200671354,2.716988456181492,1.2566200580187297,0.5248405388733639,2.709542018849424,2.7166436804773912,1.2380350476301545,0.5389790821286276,2.7166380840265147,807.5205054689535,277.5190706814458,563.5085922584567,1241.7699359510784,43.341385067340966,43.341385067340966,43.341385067340966,43.341385067340966,66.0,66.0,66.0,66.0,1299.0,508.0,921.0,1955.0,0.9416923564146651,0.8473371339996522,0.918501548909137,0.9612934171879554,2026-09-20,2026-09-20,2026-09-20,2026-09-20,pga:R2026557,pga:R2026557,pga:R2026557,pga:R2026557,0.0,0.0,0.0,0.0
554,2026-10-01,pre_event_frozen_one_round_variance,"bracken, boston",30037448,"bracken, boston",71475,0.13965307241673455,0.15452417846996785,0.0501746537960109,0.09795608996725504,0.13965307241673455,0.15452417846996785,0.0501746537960109,0.09795608996725504,19.427085736581326,7.277777538736338,13.967443167629689,29.07356325653548,2.713052211216903,1.1245925952604172,0.7008116253512775,2.8479325780258695,2.713052211216903,1.1245925952604172,0.7008116253512775,2.8479325780258695,0.0,0.0,0.0,0.0,0.0,0.0,0.0,0.0,0.0,0.0,0.0,0.0,0.0,0.0,0.0,0.0,0.0,0.0,0.0,0.0,,,,,,,,,1.0,1.0,1.0,1.0
554,2026-10-01,pre_event_frozen_one_round_variance,"brennan, michael",29197,"brennan, michael",61522,0.14911425681388724,0.13703100978099272,0.06201478402267578,0.11111008034739259,0.14857116378581117,0.13968159164059943,0.06110298856235624,0.1106197732020157,18.89653729685519,6.852049952095168,14.042267719117483,28.899301972228063,2.817743115376463,0.9389433240054037,0.8708281997896627,3.2110037641178213,2.807480537715762,0.9571052433095462,0.8580245238307799,3.196834229864433,821.0463869025864,279.9873313773225,599.2755635411604,1291.4030882648433,45.93173971590307,45.93173971590307,45.93173971590307,45.93173971590307,79.0,79.0,79.0,79.0,1485.0,584.0,1115.0,2298.0,0.9425977757880399,0.8484790316303757,0.9229910952950406,0.9627255964762412,2026-08-23,2026-08-23,2026-08-23,2026-08-23,pga:R2026028,pga:R2026028,pga:R2026028,pga:R2026028,0.0,0.0,0.0,0.0
554,2026-10-01,pre_event_frozen_one_round_variance,"campos, rafael",12909,"campos, rafael",32070,0.1346437999309773,0.15064871095636453,0.050313961405092304,0.09624686015576335,0.1348990410917311,0.15114546567172832,0.050304066343381665,0.0963044132172192,19.48645930067803,7.565288325123713,13.986563320445669,29.653838580898704,2.6237309274436242,1.1397009341931212,0.703719407094783,2.8540888549773373,2.628704673934511,1.143459026841713,0.7035810091876075,2.8557955241715858,931.2822647733151,340.07858342775535,653.924913027917,1434.916499882883,49.981613905500645,49.981613905500645,49.981613905500645,49.982334801444146,215.0,215.0,215.0,216.0,4223.0,1689.0,3038.0,6412.0,0.9490462614123059,0.8718206994071996,0.9289696968034188,0.9663280729900008,2026-09-20,2026-09-20,2026-09-20,2026-09-20,pga:R2026557,pga:R2026557,pga:R2026557,pga:R2026557,0.0,0.0,0.0,0.0
554,2026-10-01,pre_event_frozen_one_round_variance,"chatfield, davis",30620,"chatfield, davis",59006,0.1251256978549253,0.14721029161160806,0.027806146116859016,0.10180421066087246,0.1260487294803748,0.1485432965844885,0.0298532984380163,0.10163185976207466,19.931710722515387,6.781383485350694,13.827071483790167,28.778745481799746,2.4939692135972353,0.9982894404086187,0.384477570046524,2.929797467584773,2.512366812943428,1.0073290583176004,0.4127836915293727,2.9248374249347115,736.9380723945993,224.33831857939447,496.3322745448336,1066.3622355494474,38.49609684775613,37.656123870078105,38.49609684775613,38.49609684775613,51.0,49.0,51.0,51.0,1029.0,351.0,706.0,1466.0,0.9364625988321376,0.8177432877079844,0.9084806036003336,0.9552116701839245,2026-09-20,2026-09-20,2026-09-20,2026-09-20,pga:R2026557,pga:R2026557,pga:R2026557,pga:R2026557,0.0,0.0,0.0,0.0
554,2026-10-01,pre_event_frozen_one_round_variance,"clanton, luke",32330,"clanton, luke",66743,0.11706415300191965,0.1499718747372882,0.05710222681890582,0.09428199192749083,0.11823460297781946,0.1506288792457684,0.056602392884046,0.09440959728961251,19.577043556816374,6.934836798803159,14.044491274568783,29.27905230582172,2.291770022260397,1.0400304757136443,0.8019717263165703,2.760487373142065,2.3146839724196626,1.0445866947560323,0.7949518129796982,2.764223537214129,914.967315132337,296.44387320949966,642.9874644103344,1389.6330916959305,49.24651339150655,49.24651339150655,49.24651339150655,49.27584790991713,122.0,122.0,122.0,123.0,2357.0,842.0,1711.0,3607.0,0.948184773498631,0.8556764778756406,0.9278486227127569,0.9652689283898729,2026-09-20,2026-09-20,2026-09-20,2026-09-20,pga:R2026557,pga:R2026557,pga:R2026557,pga:R2026557,0.0,0.0,0.0,0.0
554,2026-10-01,pre_event_frozen_one_round_variance,"cole, eric",21756,"cole, eric",47591,0.14299992645784354,0.14523996225336733,0.05115909421292743,0.0992210145013745,0.14282905466423693,0.1464241370846816,0.05108900322630557,0.09917549853902599,19.53255320324532,7.834956461553393,13.998785247505237,27.77286381834358,2.793153671597997,1.1379487807327913,0.716165173343659,2.7556517236645672,2.789816109198442,1.1472267389790058,0.7151839846741539,2.7543876150407014,929.3465528941215,342.0120564586018,652.2589239809618,1339.5394811542308,49.99994209724078,49.99993973386431,49.99994209724078,49.99994654958438,359.0,358.0,359.0,361.0,7069.0,2688.0,5077.0,10185.0,0.9489455496093367,0.8724529024650541,0.9288011895718459,0.9640168554559766,2026-09-20,2026-09-20,2026-09-20,2026-09-20,pga:R2026557,pga:R2026557,pga:R2026557,pga:R2026557,0.0,0.0,0.0,0.0
554,2026-10-01,pre_event_frozen_one_round_variance,"coody, pierceson",28309,"coody, pierceson",59836,0.15222491326553272,0.15806967336816172,0.05381699253580893,0.09034627264919184,0.1515754447456643,0.15762092660262572,0.05355664607488277,0.09060838225016063,19.49191665258362,7.836050181962716,13.88560985943369,28.987866231944267,2.9671553218185345,1.2386418927593708,0.7472817621602977,2.6189456661095383,2.9544959355607823,1.2351254905856373,0.7436666927755928,2.6265436641605295,917.8560595474002,345.044061650116,649.5176210271228,1401.647953744701,49.96068969491724,49.96068969491724,49.96068969491724,49.96371130505842,196.0,196.0,196.0,198.0,3775.0,1467.0,2752.0,5747.0,0.9483394255718339,0.8734318400050165,0.9285221722841185,0.9655563872280335,2026-09-20,2026-09-20,2026-09-20,2026-09-20,pga:R2026557,pga:R2026557,pga:R2026557,pga:R2026557,0.0,0.0,0.0,0.0
554,2026-10-01,pre_event_frozen_one_round_variance,"crowe, trace",27780,"crowe, trace",52514,0.1570002723006373,0.15290611279579347,0.06375671863448017,0.09754456619508839,0.15606693686784195,0.15313108219962174,0.06277277439015705,0.0975591403064046,18.962125914852123,7.377630432844144,14.04664923851291,28.949735796268136,2.9770589320307543,1.1280847911301453,0.8955682632571027,2.823889419709397,2.9593609080332963,1.1297445322502875,0.8817471435868421,2.824311336381467,879.3121890780328,309.6190518888415,640.184678493281,1361.831442885136,48.523411927342295,48.523411927342295,48.523411927342295,48.58049537191596,105.0,105.0,105.0,106.0,2019.0,790.0,1484.0,3044.0,0.9461967672568625,0.8609639847016364,0.9275556216212256,0.9645850074724055,2026-09-20,2026-09-20,2026-09-20,2026-09-20,pga:R2026557,pga:R2026557,pga:R2026557,pga:R2026557,0.0,0.0,0.0,0.0
554,2026-10-01,pre_event_frozen_one_round_variance,"dahmen, joel",14509,"dahmen, joel",34076,0.13307486934837812,0.14692036634477804,0.03271703570647252,0.10126164176134385,0.13340636879836346,0.14806262822092375,0.033964717070424574,0.1011497554637939,19.566745006850734,6.7174785730128015,13.957021407438686,29.383474583815254,2.6038420353596914,0.9869344128602376,0.45663236774317284,2.975418877009852,2.610328400567466,0.9946075325380158,0.474046283249514,2.972131268829516,942.1891376663135,282.8401430522642,649.6024222979879,1427.1924116146208,49.9999974442404,49.99999675088878,49.9999974442404,49.99999790757682,437.0,431.0,437.0,442.0,8619.0,2778.0,6133.0,13281.0,0.9496063823903547,0.849777735517471,0.9285308363630808,0.9661520059222696,2026-09-20,2026-09-20,2026-09-20,2026-09-20,pga:R2026557,pga:R2026557,pga:R2026557,pga:R2026557,0.0,0.0,0.0,0.0
554,2026-10-01,pre_event_frozen_one_round_variance,"davis, cameron",17786,"davis, cam",45157,0.17270243047197142,0.16747580416918087,0.09141856005532632,0.0982770426046915,0.17104238357339624,0.16597203299146698,0.08854412242800512,0.09826588715233843,19.913748134759604,8.356083201433213,14.256466279366226,28.853098573252517,3.4391527026796713,1.3994417538646107,1.303305618736976,2.835597197760901,3.406094946849556,1.3868761167877164,1.2623262956309298,2.8352753283945287,945.4344688575633,380.63818123256254,667.4256603673825,1388.5460458175185,49.99999782217181,49.99999723134915,49.99999782217181,49.99999790757682,441.0,435.0,441.0,442.0,8479.0,3074.0,6276.0,13146.0,0.9497706764591105,0.8838932491845215,0.9303063679456408,0.9652426836489719,2026-09-20,2026-09-20,2026-09-20,2026-09-20,pga:R2026557,pga:R2026557,pga:R2026557,pga:R2026557,0.0,0.0,0.0,0.0
554,2026-10-01,pre_event_frozen_one_round_variance,"dou, zecheng",16757,"dou, zecheng",37338,0.13749274544702303,0.15025480162786048,0.04774558084472711,0.08956543655346412,0.13760577702951593,0.15089792197395427,0.04791984695148743,0.08985285999290454,19.22420600237245,6.649510362892221,13.906787534782447,29.112048007845765,2.6431888623053275,0.9991208604987732,0.6639876485323986,2.6074332887881115,2.6453618047319454,1.0033972959047108,0.6664111302536281,2.615800773755681,905.6297992409723,281.92674341894116,646.9435986266346,1409.6327686646744,49.58510022122713,49.55069492235167,49.56823865380253,49.631850050677066,137.0,135.0,136.0,140.0,2632.0,923.0,1904.0,4107.0,0.9476784838232195,0.8493643522513866,0.9282581831606923,0.9657448085070454,2026-09-20,2026-09-20,2026-09-20,2026-09-20,pga:R2026557,pga:R2026557,pga:R2026557,pga:R2026557,0.0,0.0,0.0,0.0
554,2026-10-01,pre_event_frozen_one_round_variance,"dumont de chassart, adrien",22002,"dumont de chassart, adrien",50497,0.14000303502018974,0.1868618758386994,0.07435547497710261,0.08773804476434265,0.13998516225294846,0.18261724560007883,0.0726190041928817,0.08810263864830545,19.99682206682798,7.877954322359325,14.178444964542663,28.117859899817823,2.7996157801146206,1.4720893224476534,1.0542450097752785,2.4670060505677314,2.7992583815682552,1.4386503193124955,1.029624554328666,2.477257650317328,929.0386646081159,330.92478673997147,646.2634039345695,1351.2913617545955,49.27584790991713,49.24651339150655,49.27584790991713,49.331158071953375,123.0,122.0,123.0,125.0,2445.0,923.0,1738.0,3597.0,0.9489294939949959,0.8687404922428132,0.9281880970370537,0.964318626829046,2026-09-20,2026-09-20,2026-09-20,2026-09-20,pga:R2026557,pga:R2026557,pga:R2026557,pga:R2026557,0.0,0.0,0.0,0.0
554,2026-10-01,pre_event_frozen_one_round_variance,"duncan, tyler",18187,"duncan, tyler",45609,0.14716831438884675,0.19910348317198256,0.042549030594636085,0.09529261655074711,0.14677715930117297,0.19299517627478985,0.04309114103960403,0.09538193917561308,19.17894726917287,7.512909857471448,13.950630758991863,29.280497219552444,2.822533341356747,1.4958465213796883,0.593585814978816,2.790215193958028,2.8150313985561826,1.4499553622793084,0.6011485976271566,2.792830604827059,910.6473504928406,314.90721121512877,653.3274558863894,1440.928765530785,49.999920257116955,49.99990259924196,49.999920257116955,49.999923384286454,351.0,346.0,351.0,352.0,6809.0,2321.0,4919.0,10692.0,0.9479517640116859,0.8629788656861516,0.9289093585334501,0.9664638571902532,2026-09-20,2026-09-20,2026-09-20,2026-09-20,pga:R2026557,pga:R2026557,pga:R2026557,pga:R2026557,0.0,0.0,0.0,0.0
554,2026-10-01,pre_event_frozen_one_round_variance,"dunlap, nick",28270,"dunlap, nick",59866,0.15493107854314447,0.16104643536486793,0.07050342728271398,0.0973681322594933,0.1541669981773195,0.16018942076948678,0.06907631549808568,0.0973885539679346,20.105530025479553,7.681049742851838,14.241077688565142,28.925687510574484,3.1149714515291222,1.237005680946524,1.004044785243233,2.8164401672263897,3.0996092107921487,1.2304229092090513,0.9837211754480745,2.817030879183195,949.7643448090759,330.52192635059527,662.2347984813917,1389.5409410815473,49.93897228544292,49.93389212130882,49.93897228544292,49.941364125851656,185.0,183.0,185.0,186.0,3681.0,1426.0,2654.0,5332.0,0.9499882144631309,0.868601527172097,0.9297984314911196,0.9652667051189011,2026-09-20,2026-09-20,2026-09-20,2026-09-20,pga:R2026557,pga:R2026557,pga:R2026557,pga:R2026557,0.0,0.0,0.0,0.0
554,2026-10-01,pre_event_frozen_one_round_variance,"ewart, a.j.",21883,"ewart, a.j.",50286,0.14332461959505471,0.13898795008160061,0.046819981522615205,0.09468957681024946,0.14311762857600216,0.14162293358033282,0.04709171113398511,0.09481986127734789,20.103084791636846,6.4172982479116225,13.980611046308015,28.954330964514824,2.8812669804484807,0.8919271285394836,0.6545719508630112,2.741673345853811,2.8771058224413597,0.9088366035291738,0.6583708968693384,2.745445645433714,836.8856231362261,244.80693893988936,567.2813217675006,1203.6080584871434,43.5857582152375,43.5857582152375,43.5857582152375,43.5857582152375,67.0,67.0,67.0,67.0,1361.0,451.0,935.0,1927.0,0.9436229444974101,0.8303974791780768,0.9189996550408623,0.9601151255677631,2026-09-20,2026-09-20,2026-09-20,2026-09-20,pga:R2026557,pga:R2026557,pga:R2026557,pga:R2026557,0.0,0.0,0.0,0.0
554,2026-10-01,pre_event_frozen_one_round_variance,"finau, tony",11676,"finau, tony",29725,0.148407690170553,0.1684902354588272,0.0779354931322118,0.1074335933235074,0.1479606254216687,0.16671979591669847,0.07598026726182193,0.10710204860676531,19.63228306549069,7.816718077827893,14.209521999995612,28.827023364396318,2.9135817825239365,1.3170406694484929,1.1074261042426705,3.0969907048578,2.904804880825238,1.303201642673834,1.079643279222405,3.087433257561934,929.1219029980158,344.4234371332172,659.9138712466303,1379.2948850735393,49.999998597481614,49.999998540235964,49.999998597481614,49.99999875609768,452.0,451.0,452.0,455.0,8738.0,3031.0,6373.0,13304.0,0.9489338356675477,0.873232685249603,0.9295689209281142,0.9650177157127184,2026-09-20,2026-09-20,2026-09-20,2026-09-20,pga:R2026557,pga:R2026557,pga:R2026557,pga:R2026557,0.0,0.0,0.0,0.0
554,2026-10-01,pre_event_frozen_one_round_variance,"fishburn, patrick",25094,"fishburn, patrick",54576,0.12090798535384689,0.12416399420823915,0.05554912169630669,0.10309168507618963,0.12188688830372912,0.12887215958177195,0.055166296564987026,0.10291917124957965,19.030039649532423,6.575955925206446,13.979318145578299,29.78925430275293,2.3008837552287917,0.8164969534109691,0.7765388449001174,3.071024423233932,2.319512317178095,0.847457641395904,0.771187210595277,3.0658853649823063,907.4538040335211,272.42053807625405,651.94815603785,1438.4589861151517,49.943662276441145,49.93897228544292,49.943662276441145,49.945870403036274,187.0,185.0,187.0,188.0,3536.0,1275.0,2617.0,5572.0,0.9477781593332628,0.8449230303431391,0.9287696682868642,0.966408211132173,2026-09-20,2026-09-20,2026-09-20,2026-09-20,pga:R2026557,pga:R2026557,pga:R2026557,pga:R2026557,0.0,0.0,0.0,0.0
554,2026-10-01,pre_event_frozen_one_round_variance,"fisk, steven",26657,"fisk, steven",57123,0.1301020157766127,0.15218562537386046,0.05200499509916933,0.09709013985716289,0.13059965297992898,0.1524963242004544,0.05187342142298989,0.09712069205354622,19.32620104130518,7.23043565608126,13.936644762717773,28.880034662893866,2.5143777127778755,1.1003683720461856,0.7247751425840017,2.8039666045000775,2.5239951494147985,1.102614859920293,0.7229414469989639,2.8048489529906555,909.6405349593003,326.33761313875624,645.5575599568136,1367.1650692919802,49.451748367628724,49.451748367628724,49.451748367628724,49.451748367628724,130.0,130.0,130.0,130.0,2525.0,943.0,1822.0,3803.0,0.9478971571348634,0.8671405720438448,0.9281152231267468,0.9647182949372439,2026-09-20,2026-09-20,2026-09-20,2026-09-20,pga:R2026557,pga:R2026557,pga:R2026557,pga:R2026557,0.0,0.0,0.0,0.0
554,2026-10-01,pre_event_frozen_one_round_variance,"ford, david",31343,"ford, david",65256,0.13380931772334753,0.20046623664661672,0.039584401664029406,0.09451925035905273,0.13417340975551403,0.1936204593946393,0.04049317713864658,0.09466181761662176,19.358044496550914,8.694119314431834,13.871645660241233,28.620880997534574,2.5902867265416805,1.7428773799208133,0.5491007935560793,2.7052242165026255,2.597334836301199,1.6833593756920981,0.5617070049246863,2.709304617015653,752.5106535034748,285.55034355944315,532.6660395100706,1155.339734664583,41.054514594671815,41.054514594671815,41.054514594671815,41.054514594671815,58.0,58.0,58.0,58.0,1124.0,459.0,810.0,1698.0,0.9376955311661996,0.8509910630112574,0.9141875506558748,0.9585179194196948,2026-09-20,2026-09-20,2026-09-20,2026-09-20,pga:R2026557,pga:R2026557,pga:R2026557,pga:R2026557,0.0,0.0,0.0,0.0
554,2026-10-01,pre_event_frozen_one_round_variance,"garnett, brice",11451,"garnett, brice",29535,0.14912805174702254,0.13947863015597625,0.037645360863754244,0.08991517483075796,0.1486539096076052,0.14170471514924918,0.03853819669320071,0.09018855249929549,20.048707015205487,6.745235144758488,13.919667316849342,29.30194072609817,2.989824617224458,0.940816158070862,0.5240108992461993,2.634689123267624,2.9803186803877164,0.9558316248027061,0.5364388769606573,2.642699619506949,949.1707699648256,287.93741837032786,651.6571534782869,1420.660566298818,49.999973985380606,49.99996947091126,49.999973985380606,49.9999750055615,379.0,375.0,379.0,380.0,7492.0,2335.0,5321.0,11463.0,0.9499585040885852,0.8520436113848523,0.9287401264960562,0.9660016722105809,2026-09-20,2026-09-20,2026-09-20,2026-09-20,pga:R2026557,pga:R2026557,pga:R2026557,pga:R2026557,0.0,0.0,0.0,0.0
554,2026-10-01,pre_event_frozen_one_round_variance,"ghim, doug",24550,"ghim, doug",52375,0.13390030482467308,0.14053808022816228,0.047202517489723705,0.08873987199582872,0.1341994677485932,0.1426660577972164,0.04741579106556681,0.08905514851388832,19.152708887221312,6.002331741377937,13.896529345635313,29.230346116468766,2.564553558217159,0.8435561798258174,0.6559511694838096,2.5938971727692075,2.570283338608851,0.8563290071334912,0.6589149319891618,2.6031128145144846,911.477364353725,278.62419334670034,646.7896267828555,1411.6086900713008,49.99999733992368,49.99999675088878,49.99999733992368,49.9999974442404,436.0,431.0,436.0,437.0,8507.0,2658.0,6094.0,13165.0,0.9479966956542878,0.8478505204050825,0.928242330140799,0.9657911174586948,2026-09-20,2026-09-20,2026-09-20,2026-09-20,pga:R2026557,pga:R2026557,pga:R2026557,pga:R2026557,0.0,0.0,0.0,0.0
554,2026-10-01,pre_event_frozen_one_round_variance,"glover, lucas",7399,"glover, lucas",25900,0.14123189557354882,0.21635911454990103,0.03336807424593402,0.0960688918970631,0.1411529525400827,0.20767394839530345,0.03456954109204704,0.09613340931104318,19.731362489976398,7.168918129306227,13.860385901942456,29.283867093588185,2.786697726708185,1.5510607787374282,0.46249438585331304,2.8132686621418865,2.7851400730988063,1.4887975336356967,0.47914717998882916,2.8151579815181016,949.9762407737849,305.9801561608592,649.4191976436741,1412.5493752543673,49.9999995776372,49.9999992895248,49.9999995776372,49.99999961011415,482.0,469.0,482.0,484.0,9555.0,3021.0,6785.0,14475.0,0.9499988120104635,0.8595427325521872,0.9285121138103605,0.9658131199903566,2026-09-20,2026-09-20,2026-09-20,2026-09-20,pga:R2026557,pga:R2026557,pga:R2026557,pga:R2026557,0.0,0.0,0.0,0.0
554,2026-10-01,pre_event_frozen_one_round_variance,"gordon, will",26660,"gordon, will",56762,0.15075717412759057,0.16293924569824517,0.05638687844598659,0.09462100664017958,0.15018192010342968,0.16174290587615894,0.055946665897645145,0.09473355641135162,19.295216371049854,7.0910394686617,14.045594082111444,29.403590076741487,2.908892294279899,1.1554086222402227,0.7919872062096865,2.7821972918964746,2.8977926434153973,1.1469253293438775,0.7858041594458308,2.785506659231248,915.147677763151,301.7005399687704,655.5937720745409,1431.6037795305122,49.99770328887091,49.997609547800394,49.99770328887091,49.99787988728968,267.0,266.0,267.0,269.0,5094.0,1751.0,3777.0,8217.0,0.9481944565044376,0.8578335989918019,0.92913769653466,0.9662527858724524,2026-09-20,2026-09-20,2026-09-20,2026-09-20,pga:R2026557,pga:R2026557,pga:R2026557,pga:R2026557,0.0,0.0,0.0,0.0
554,2026-10-01,pre_event_frozen_one_round_variance,"greyserman, max",23465,"greyserman, max",51977,0.13970107409663146,0.129041530043716,0.06097343990662411,0.10498512191306968,0.13969857851265138,0.13222906454570152,0.060204159266499864,0.10473777896605396,19.058834332485954,8.032702454424385,13.927164330226837,28.15128405270595,2.662539627278044,1.0365522151048354,0.849187117358765,2.9554659882827883,2.662492064356405,1.0621567313224969,0.8384732194676924,2.9485029667229155,911.7324097322801,349.7234917830478,651.875593078039,1370.9081016100986,49.98008267414028,49.98008267414028,49.98008267414028,49.980863596273615,213.0,213.0,213.0,214.0,4124.0,1676.0,3001.0,6071.0,0.9480104866031097,0.8749135314090126,0.9287623041845242,0.964811235896718,2026-09-20,2026-09-20,2026-09-20,2026-09-20,pga:R2026557,pga:R2026557,pga:R2026557,pga:R2026557,0.0,0.0,0.0,0.0
554,2026-10-01,pre_event_frozen_one_round_variance,"grillo, emiliano",12808,"grillo, emiliano",31646,0.1280310127924884,0.16905515807717136,0.03332661308821475,0.10017462533114192,0.12863151965383804,0.16705959247174929,0.0345304271403801,0.10009826655372214,18.989406858382615,7.336464587398723,13.933777172674743,29.06871210040354,2.431232992407352,1.240267180550261,0.46436560069113003,2.9119473435167564,2.4426362615187704,1.225626784154251,0.4811392774513366,2.909727692199602,917.6874963697695,314.08173120748035,649.7775394584786,1402.7048748375746,49.999999418327626,49.99999919892863,49.999999418327626,49.99999946305444,474.0,466.0,474.0,476.0,9277.0,3023.0,6639.0,14252.0,0.9483304267260118,0.8626681986097612,0.9285487212997828,0.9655814468127324,2026-09-20,2026-09-20,2026-09-20,2026-09-20,pga:R2026557,pga:R2026557,pga:R2026557,pga:R2026557,0.0,0.0,0.0,0.0
554,2026-10-01,pre_event_frozen_one_round_variance,"hall, harry",27194,"hall, harry",57975,0.1368448422862266,0.1360367373055083,0.05699021975657626,0.0986541968555527,0.13698688326974728,0.13838182075174107,0.05650571175464436,0.09862943965296814,19.82313606350194,7.662515985001004,14.034990254285066,28.20362290822042,2.712693928228334,1.0423836741508399,0.799857178873112,2.782405766427353,2.7155096259712583,1.0603529135437597,0.7930571137878747,2.7817075236213955,938.5281208641899,344.1744843698097,653.3491638310759,1359.906644164355,49.99908481653437,49.99896811821411,49.99908481653437,49.999120705766465,290.0,287.0,290.0,291.0,5674.0,2153.0,4069.0,8206.0,0.9494197494793684,0.8731526215352625,0.9289115526523771,0.9645366590710446,2026-08-16,2026-08-16,2026-08-16,2026-08-16,pga:R2026027,pga:R2026027,pga:R2026027,pga:R2026027,0.0,0.0,0.0,0.0
554,2026-10-01,pre_event_frozen_one_round_variance,"higgo, garrick",24342,"higgo, garrick",54421,0.14390268967111455,0.13513829169832894,0.054151140374926236,0.1009173853367272,0.1436856599727661,0.13745567095057354,0.0538702531166326,0.1008133292860634,19.72307675221401,8.347008990524806,14.190389016898278,28.314563148387673,2.8382037932334265,1.1280005357701155,0.7684257476288702,2.8574316798869344,2.8339232998353903,1.1473437212230568,0.7644398481637935,2.854485378269443,929.0404923195205,368.2717773291091,657.8438878060966,1372.9328090876973,49.998926001042534,49.998739626002845,49.998926001042534,49.99900858376534,286.0,282.0,286.0,288.0,5520.0,2074.0,4070.0,8501.0,0.9489295893354307,0.8804604979105285,0.929362955785391,0.9648613063943215,2026-08-02,2026-08-02,2026-08-02,2026-08-02,pga:R2026524,pga:R2026524,pga:R2026524,pga:R2026524,0.0,0.0,0.0,0.0
554,2026-10-01,pre_event_frozen_one_round_variance,"higgs, harry",14140,"higgs, harry",33597,0.144926764144374,0.14019296160480507,0.06173586270755397,0.1088678257894555,0.14465509352650838,0.1420653073682048,0.06092071015512541,0.10849673020347761,19.21539660574595,8.084391477341509,14.022572674119669,28.985334259262704,2.784825251821548,1.1333747839811514,0.8656956214161498,3.1555703205865484,2.779604993153132,1.1485115601134168,0.8542650855092262,3.1448139909848423,920.6039926349625,332.7075411312051,659.1438821542704,1420.2055527616615,49.999920257116955,49.99991361465014,49.999920257116955,49.999920257116955,351.0,349.0,351.0,351.0,6926.0,2428.0,4985.0,10527.0,0.9484856848113083,0.869351934241457,0.9294924467963995,0.9659911500768862,2026-09-20,2026-09-20,2026-09-20,2026-09-20,pga:R2026557,pga:R2026557,pga:R2026557,pga:R2026557,0.0,0.0,0.0,0.0
554,2026-10-01,pre_event_frozen_one_round_variance,"highsmith, joe",28469,"highsmith, joe",60067,0.1539003596177804,0.12990445805542628,0.05504874603561845,0.09138064931275351,0.15318288096652707,0.1329266355829419,0.05470269169206053,0.09160940010179774,19.58433561407856,7.880841347793745,14.067306472818283,28.85249674563754,3.0140362938819947,1.0237564243059416,0.7743875814273852,2.636559886910466,2.999984951179913,1.0475737259251598,0.7695195289203061,2.6431599183069268,942.8718559192341,357.3175746690863,654.2379802974223,1387.249830257444,49.96907581439785,49.96781400899596,49.96907581439785,49.97028816723941,202.0,201.0,202.0,203.0,3975.0,1616.0,2846.0,5864.0,0.949641034034842,0.8772456601200646,0.929001273150756,0.9652113369941787,2026-08-09,2026-08-09,2026-08-09,2026-08-09,pga:R2026013,pga:R2026013,pga:R2026013,pga:R2026013,0.0,0.0,0.0,0.0
554,2026-10-01,pre_event_frozen_one_round_variance,"hirata, kensei",20954,"hirata, kensei",49120,0.12141933477064916,0.13286047460739525,0.04123730117115461,0.09116634972586628,0.1225137346151626,0.13609328713635868,0.041984566098043484,0.09143811574968146,19.47282729171242,7.820290909903606,13.938211056466589,29.641356698802614,2.3643777358634637,1.039007561857692,0.5747742071226297,2.7022942911521883,2.385688795023751,1.0642890962913671,0.585189743388702,2.7103498048027093,783.0473426826807,285.0596990775523,548.0042889250552,1199.1885751705286,42.27513771595349,42.27513771595349,42.27513771595349,42.27513771595349,62.0,62.0,62.0,62.0,1210.0,467.0,862.0,1829.0,0.9399794016040146,0.8507728618581876,0.916388559537127,0.9599740175392059,2026-09-20,2026-09-20,2026-09-20,2026-09-20,pga:R2026557,pga:R2026557,pga:R2026557,pga:R2026557,0.0,0.0,0.0,0.0
554,2026-10-01,pre_event_frozen_one_round_variance,"hodges, lee",25157,"hodges, lee",54628,0.13078549472183937,0.1429495224280198,0.04216069573926698,0.09180220279447317,0.13124314799609083,0.1445991902121218,0.042733822357139496,0.09201362338500035,19.42803917680291,6.231734305576861,13.99482392226562,29.54614276634421,2.5409057152134453,0.89082344288052,0.5900315133112557,2.7124009900303876,2.5497970209549945,0.9011037342035133,0.5980523194135452,2.718647652981849,918.8095982050153,300.81778748103034,649.1437674359206,1405.366092166539,49.9999544535286,49.99994654958438,49.9999544535286,49.99995795575483,365.0,361.0,365.0,367.0,7064.0,2419.0,5101.0,10947.0,0.9483902718422292,0.857475869855363,0.9284839508998659,0.9656443830393443,2026-08-09,2026-08-09,2026-08-09,2026-08-09,pga:R2026013,pga:R2026013,pga:R2026013,pga:R2026013,0.0,0.0,0.0,0.0
554,2026-10-01,pre_event_frozen_one_round_variance,"hoey, rico",23504,"hoey, rico",51696,0.1513242995266684,0.18472417566511612,0.05014765009563756,0.10102890817535343,0.15070217923689186,0.18069410662441515,0.050149572358772994,0.1009238564291507,18.765261552533723,7.264693980759795,13.943572441097741,29.20576371253328,2.8396400598718876,1.341964607055184,0.6992373918593444,2.950626420304594,2.827965809917093,1.3126873887531574,0.6992641950746241,2.947558303827408,888.0201306507817,324.6833725445971,652.3934412403868,1412.52600226584,49.99068529174947,49.99030513643509,49.99068529174947,49.9923738365308,232.0,231.0,232.0,237.0,4354.0,1674.0,3245.0,6954.0,0.9466962399140508,0.8665539928808859,0.928814825047764,0.9658125736414007,2026-09-20,2026-09-20,2026-09-20,2026-09-20,pga:R2026557,pga:R2026557,pga:R2026557,pga:R2026557,0.0,0.0,0.0,0.0
554,2026-10-01,pre_event_frozen_one_round_variance,"hoge, tom",15575,"hoge, tom",35532,0.14394747033975322,0.17983574005055994,0.04702624435317956,0.10716521337202291,0.14373437449951926,0.17635129789315848,0.0472482471907716,0.10684416182173202,19.85785008785454,7.153581331894337,14.117895567869786,28.63624100806967,2.8584872865327076,1.2864695928330883,0.6639116067273152,3.0688088778024585,2.854255661282996,1.2615433524638355,0.6670458196042104,3.0596151682323143,957.6212464550596,313.2082330140962,659.0921622850994,1384.2125737166066,49.99999991126484,49.99999988719185,49.99999991126484,49.99999992130022,521.0,515.0,521.0,524.0,10332.0,3600.0,7359.0,15328.0,0.9503781801188628,0.8623379222847641,0.9294873041060396,0.9651376644464702,2026-09-20,2026-09-20,2026-09-20,2026-09-20,pga:R2026557,pga:R2026557,pga:R2026557,pga:R2026557,0.0,0.0,0.0,0.0
554,2026-10-01,pre_event_frozen_one_round_variance,"hojgaard, rasmus",23838,"hojgaard, rasmus",52686,0.13520983017760535,0.15789613249480033,0.06982880613405444,0.10672657999255487,0.13544143988186544,0.15741581228208756,0.06840958082987506,0.10642570044488425,19.380377247809065,6.78165439342881,13.959127451257217,29.448456941088907,2.6204175164541903,1.0707970006387801,0.9747492045943977,3.142933095380433,2.624906199897004,1.067539634957984,0.9549380576913084,3.1340726569764006,909.208996299037,301.0110480036148,642.4253774282762,1407.4752742750743,49.66006215896875,49.631850050677066,49.66006215896875,49.66006215896875,142.0,140.0,142.0,142.0,2745.0,994.0,1998.0,4218.0,0.9478737165801014,0.8575543411400399,0.9277900527191767,0.9656941006941822,2026-09-20,2026-09-20,2026-09-20,2026-09-20,pga:R2026557,pga:R2026557,pga:R2026557,pga:R2026557,0.0,0.0,0.0,0.0
554,2026-10-01,pre_event_frozen_one_round_variance,"homa, max",17538,"homa, max",39977,0.15331821327781608,0.14884707604289998,0.059238719104349004,0.09311908259702972,0.15260407322506742,0.1495241528773677,0.058600052759664935,0.09329016580273504,19.016261500934785,8.429310220735907,14.176000967155806,28.040673059775248,2.9155392365470423,1.2546781794150716,0.8397681393163227,2.6111217507295175,2.9019589625556823,1.260385470096074,0.8307144045963913,2.6159190389667186,906.7549676345283,369.2362031948006,659.608810905937,1363.6417862536232,49.99999723134915,49.99999675088878,49.99999723134915,49.9999974442404,435.0,431.0,435.0,437.0,8424.0,3106.0,6170.0,12759.0,0.9477400152688839,0.8807354908307687,0.929538642655569,0.9646303607560244,2026-08-16,2026-08-16,2026-08-16,2026-08-16,pga:R2026027,pga:R2026027,pga:R2026027,pga:R2026027,0.0,0.0,0.0,0.0
554,2026-10-01,pre_event_frozen_one_round_variance,"horschel, billy",11276,"horschel, billy",29420,0.13100114036927613,0.1917854728627138,0.04961675133532535,0.10018386154264533,0.13144318414887168,0.1869206411287187,0.04965659503939039,0.10010664285784983,19.32026095201588,7.135391544925701,13.85876009692933,29.025389212496208,2.5309762169460766,1.3684644415041856,0.6876266535452721,2.9078755740861113,2.539516618120078,1.3337519622819507,0.6881788378812825,2.905634271705445,928.6284127077084,332.965911568604,650.1136989859333,1392.5081062243823,49.999979536829464,49.999975985735325,49.999979536829464,49.99998033930657,385.0,381.0,385.0,386.0,7523.0,2546.0,5439.0,11411.0,0.9489080846716293,0.8694400768068281,0.9285830286246054,0.965338149723907,2026-09-20,2026-09-20,2026-09-20,2026-09-20,pga:R2026557,pga:R2026557,pga:R2026557,pga:R2026557,0.0,0.0,0.0,0.0
554,2026-10-01,pre_event_frozen_one_round_variance,"hossler, beau",15470,"hossler, beau",35461,0.12704572603555755,0.12469454609475845,0.04907241921909238,0.092582728142051,0.12770298066317312,0.12873673866092963,0.049150741981799834,0.09277184842191462,19.072224199341395,7.004324166162561,13.977302160732771,28.618529627288694,2.423044570518258,0.873401022600188,0.6859000311834043,2.6495815483085012,2.4355798781321965,0.9017138496757034,0.6869947721038298,2.6549938926408996,909.0914884019093,318.97836863156107,653.6489385822234,1370.620207700311,49.99999919892863,49.99999905991397,49.99999916623184,49.999999344155725,466.0,462.0,465.0,471.0,9034.0,3220.0,6595.0,13848.0,0.9478673300674237,0.8644907012152604,0.928941838382156,0.9648041047642567,2026-09-20,2026-09-20,2026-09-20,2026-09-20,pga:R2026557,pga:R2026557,pga:R2026557,pga:R2026557,0.0,0.0,0.0,0.0
554,2026-10-01,pre_event_frozen_one_round_variance,"hubbard, mark",16333,"hubbard, mark",36801,0.1484252701544955,0.15772979263617604,0.03727511327986641,0.09329335149056416,0.14797340991395017,0.15729897437107107,0.03819396229732763,0.09345230525668999,19.289764243489365,7.4730768185672805,13.942644659932544,29.384349808971177,2.8630884690564367,1.1787268569468312,0.5197136591199101,2.7413644750500397,2.854372191545311,1.17550731895686,0.5325248444665001,2.7460352281173344,920.6759912284344,322.03786675886886,651.9401594282543,1416.6964458708453,49.999999882587446,49.99999985073461,49.999999882587446,49.99999990764299,514.0,508.0,514.0,520.0,10025.0,3362.0,7203.0,15423.0,0.9484895058167425,0.8656050782260646,0.9287688568200371,0.9659097830769524,2026-09-20,2026-09-20,2026-09-20,2026-09-20,pga:R2026557,pga:R2026557,pga:R2026557,pga:R2026557,0.0,0.0,0.0,0.0
554,2026-10-01,pre_event_frozen_one_round_variance,"hughes, mackenzie",15556,"hughes, mackenzie",35506,0.12798386018902774,0.14199051467763682,0.045208829142049496,0.10004646556085504,0.12858644985294984,0.14366487547702278,0.045561483643516726,0.09997258120070031,19.21195991874382,7.153495529484558,13.981442929652053,28.38391801542903,2.458820792197714,1.0157285119756865,0.6320846645659556,2.8397106762127535,2.4703977206684344,1.0277060444688382,0.6370152833521046,2.837613548591499,918.2552594542384,324.28204831740794,654.0636987903223,1364.626579442538,49.9999992303432,49.99999916623184,49.9999992303432,49.999999317386575,467.0,465.0,467.0,470.0,9147.0,3272.0,6604.0,13710.0,0.9483607246004708,0.8664109052924768,0.9289836983700384,0.9646549833527774,2026-09-20,2026-09-20,2026-09-20,2026-09-20,pga:R2026557,pga:R2026557,pga:R2026557,pga:R2026557,0.0,0.0,0.0,0.0
554,2026-10-01,pre_event_frozen_one_round_variance,"jaeger, stephan",16394,"jaeger, stephan",36799,0.1390722840467646,0.1283487771377785,0.07286568353801025,0.09321628773953576,0.13910230916408425,0.13177185334425356,0.07126319721639934,0.09338213601012176,19.213598733383343,7.691396467412621,14.059238411518809,28.47661638726229,2.672079060609645,0.9871813310742393,1.0244360168791675,2.654484467003421,2.6726559511657473,1.0135095673164058,1.0019062796324418,2.6592072645833893,917.1708586297257,332.3374028699126,657.9944906858622,1378.9573870659594,49.99997870159819,49.999975985735325,49.999977832275825,49.99998256280787,384.0,381.0,383.0,389.0,7389.0,2665.0,5422.0,11357.0,0.9483028261719555,0.869225454730067,0.9293779815269988,0.9650094534290742,2026-09-20,2026-09-20,2026-09-20,2026-09-20,pga:R2026557,pga:R2026557,pga:R2026557,pga:R2026557,0.0,0.0,0.0,0.0
554,2026-10-01,pre_event_frozen_one_round_variance,"james, ben",29827,"james, ben",57869,0.13040931958257257,0.15601987726780495,0.036730858952756344,0.09745990647752235,0.1310137151951291,0.1557487740902367,0.037916987649225374,0.09748093211008424,18.82648537357594,6.528452933771601,13.888526002591398,29.14260379960475,2.4551491476992933,1.0185684254756864,0.5101374896628735,2.8402354408209667,2.466527792858942,1.016798541140736,0.5266110689062035,2.8408481825003538,714.7104514096173,225.85416210414186,516.7089449599861,1129.9490176381344,39.66262520344582,38.897141595767515,39.66262520344582,39.66262520344582,54.0,52.0,54.0,54.0,1031.0,355.0,757.0,1602.0,0.9346157752809141,0.81874480479608,0.9117712885164881,0.9576252878280425,2026-09-20,2026-09-20,2026-09-20,2026-09-20,pga:R2026557,pga:R2026557,pga:R2026557,pga:R2026557,0.0,0.0,0.0,0.0
554,2026-10-01,pre_event_frozen_one_round_variance,"johnson, zach j.",17619,"johnson, zach j.",29747,0.13965307241673455,0.15452417846996785,0.0501746537960109,0.09795608996725504,0.13965307241673455,0.15452417846996785,0.0501746537960109,0.09795608996725504,19.427085736581326,7.277777538736338,13.967443167629689,29.07356325653548,2.713052211216903,1.1245925952604172,0.7008116253512775,2.8479325780258695,2.713052211216903,1.1245925952604172,0.7008116253512775,2.8479325780258695,0.0,0.0,0.0,0.0,0.0,0.0,0.0,0.0,0.0,0.0,0.0,0.0,0.0,0.0,0.0,0.0,0.0,0.0,0.0,0.0,,,,,,,,,1.0,1.0,1.0,1.0
554,2026-10-01,pre_event_frozen_one_round_variance,"kanaya, takumi",19729,"kanaya, takumi",47917,0.11987765099958574,0.12984061157996352,0.028484446769001494,0.09477654459124117,0.12088688142578995,0.13303923613195273,0.03005120516181353,0.09488883977659537,19.426132296359743,7.658859615033664,13.830964775197218,28.588927816087295,2.328759107694794,0.9944310164210548,0.39396737990303987,2.709559791977173,2.348364551471749,1.0189288328259403,0.41563716004526774,2.712770190925358,929.727766013045,335.8465801285389,642.2001224477124,1365.7086815363791,49.69839105356039,49.68611912484044,49.69839105356039,49.69839105356039,145.0,144.0,145.0,145.0,2868.0,1088.0,2014.0,4177.0,0.9489654149504483,0.8704148162118134,0.9277665542398442,0.9646819994451555,2026-09-20,2026-09-20,2026-09-20,2026-09-20,pga:R2026557,pga:R2026557,pga:R2026557,pga:R2026557,0.0,0.0,0.0,0.0
554,2026-10-01,pre_event_frozen_one_round_variance,"kang, jeffrey",21889,"kang, jeffrey",47393,0.14381661218769012,0.17378740950197158,0.05098118118468756,0.09711769498263761,0.14355280591595243,0.17083377127542046,0.05091037641776443,0.09715362153391545,19.493716221470628,7.993608693305379,13.985576147897238,29.161765822427167,2.8035202259201255,1.3891885473819818,0.7130011915681937,2.832123478297588,2.7983776613214264,1.3655783191773438,0.7120109461087561,2.8331711599727596,739.1282765056902,276.09327132281976,519.5431421674332,1116.8180701980154,39.66262520344582,39.66262520344582,39.66262520344582,39.66262520344582,54.0,54.0,54.0,54.0,1059.0,435.0,765.0,1583.0,0.9366389451643995,0.8466696359689619,0.9122103379039527,0.9571484181835522,2026-09-20,2026-09-20,2026-09-20,2026-09-20,pga:R2026557,pga:R2026557,pga:R2026557,pga:R2026557,0.0,0.0,0.0,0.0
554,2026-10-01,pre_event_frozen_one_round_variance,"keefer, johnny",32457,"keefer, johnny",63454,0.1464010854109213,0.1417742820176082,0.061797111938095554,0.10049683370743503,0.14602882675831325,0.1437665388902672,0.06091135337834733,0.10040612914614076,19.048133691597712,6.839568801158974,13.870726029467587,29.343954379216864,2.7886674475022444,0.9696749560943467,0.8571708091056641,2.9489745035667174,2.781576614919512,0.9833011340444797,0.8448846947951407,2.9463128730581114,856.3607987228659,269.9862584823892,606.0737129872219,1350.5600732342598,46.894532353402816,46.771870348314074,46.894532353402816,46.894532353402816,86.0,85.0,86.0,86.0,1659.0,598.0,1201.0,2562.0,0.9448343307980067,0.8437432899864611,0.9237890514278632,0.9642999961547262,2026-09-20,2026-09-20,2026-09-20,2026-09-20,pga:R2026557,pga:R2026557,pga:R2026557,pga:R2026557,0.0,0.0,0.0,0.0
554,2026-10-01,pre_event_frozen_one_round_variance,"kirk, chris",12423,"kirk, chris",30926,0.1565781448024649,0.1204874462079768,0.044739670643540286,0.0916107707455243,0.15570955807451412,0.12515911731994536,0.045128409759578346,0.09182948198896582,19.27654789126951,7.029184728697812,13.861145537203798,28.918906026862626,3.0182861070108467,0.8469285168849097,0.6201430860766762,2.649283270238273,3.001542753351782,0.8797665561226578,0.6255314555400837,2.6556081601343764,924.2879922688214,314.2886179935778,649.0527745011472,1400.6156889522972,49.99999407925978,49.9999921657997,49.99999407925978,49.99999453452621,416.0,409.0,416.0,418.0,8170.0,2636.0,5862.0,12393.0,0.9486804718966462,0.8627461920842077,0.9284746419386138,0.9655318769948557,2026-09-20,2026-09-20,2026-09-20,2026-09-20,pga:R2026557,pga:R2026557,pga:R2026557,pga:R2026557,0.0,0.0,0.0,0.0
554,2026-10-01,pre_event_frozen_one_round_variance,"kizzire, patton",13470,"kizzire, patton",32757,0.14101663077930374,0.1648201190388665,0.05995815982463869,0.09026704279525798,0.14094833849261118,0.1634322225906688,0.05927484701477772,0.09053092741345596,19.821370446349142,7.260393940657388,14.13948127308388,29.308990396790023,2.7951428777726197,1.1966589935682157,0.847777278009049,2.64563589043285,2.7937892310594585,1.1865823186054614,0.8381155893303616,2.6533700821734754,948.3253077376498,320.9189032895349,665.887796002121,1406.8956736668333,49.999997989632625,49.99999754446625,49.999997989632625,49.999997989632625,443.0,438.0,443.0,443.0,8710.0,2887.0,6307.0,13194.0,0.9499161249219382,0.8651996445676682,0.9301566526497236,0.9656804526887255,2026-09-20,2026-09-20,2026-09-20,2026-09-20,pga:R2026557,pga:R2026557,pga:R2026557,pga:R2026557,0.0,0.0,0.0,0.0
554,2026-10-01,pre_event_frozen_one_round_variance,"kohles, ben",16395,"kohles, ben",36884,0.1313812695592044,0.13416029398610532,0.02658680945082689,0.0949416075409237,0.1318096740531328,0.13769443308807436,0.028272343795514708,0.09504350170846554,19.195602500395303,5.899940012996055,13.864205849354054,29.218838591657047,2.521942626455773,0.7915376866439368,0.3686049991038158,2.7740835063706992,2.5301661088306058,0.8123888953431379,0.39197359422472383,2.7770607356055352,915.4197113666361,238.10247554371585,649.7141416763228,1429.2222651476661,49.985536881264046,49.983692918928014,49.985536881264046,49.986648852639945,221.0,218.0,221.0,223.0,4335.0,1346.0,3094.0,6659.0,0.948209054143694,0.8264506408504875,0.9285422474380556,0.9661984536211611,2026-09-20,2026-09-20,2026-09-20,2026-09-20,pga:R2026557,pga:R2026557,pga:R2026557,pga:R2026557,0.0,0.0,0.0,0.0
554,2026-10-01,pre_event_frozen_one_round_variance,"koivun, jackson",32319,"koivun, jackson",66701,0.1311366125655693,0.17276445111323008,0.037149325727146146,0.08777911195046492,0.13166322399692265,0.16958636232839033,0.0382369918715964,0.08819291185402779,19.023158998585515,6.317026110506086,13.960730576017463,28.981330283148484,2.494632631370732,1.0913575486495266,0.5186317275574014,2.54395543539789,2.5046504443598394,1.0712814788141876,0.533816341556727,2.5559479070741804,758.6094740935126,236.96921134288024,548.774179711564,1179.697968651631,41.985108208568064,41.685170770769425,41.985108208568064,41.985108208568064,61.0,60.0,61.0,61.0,1177.0,429.0,857.0,1767.0,0.9381654536560405,0.825765280651455,0.9164960653044767,0.9593396091766947,2026-09-20,2026-09-20,2026-09-20,2026-09-20,pga:R2026557,pga:R2026557,pga:R2026557,pga:R2026557,0.0,0.0,0.0,0.0
554,2026-10-01,pre_event_frozen_one_round_variance,"lamprecht, christo",24343,"lamprecht, christo",54422,0.19223262486817633,0.1616695886763505,0.07944883607324035,0.10432502774999816,0.18873725347796816,0.16065251021277044,0.07676318400720421,0.10403588147542164,19.797430438548986,8.934232464634194,14.07090788507157,28.97084922300033,3.805712018847403,1.4443936876963073,1.1179172539627162,3.022384649130522,3.736512646892862,1.43530687226791,1.0801276911301696,3.0140078360063733,702.1311268773369,301.2713356072379,495.0107005193027,1051.3349198551582,37.656123870078105,37.656123870078105,37.656123870078105,37.656123870078105,49.0,49.0,49.0,49.0,959.0,442.0,694.0,1420.0,0.9335222300829542,0.8576598915662569,0.9082586819811823,0.9546005496615183,2026-09-20,2026-09-20,2026-09-20,2026-09-20,pga:R2026557,pga:R2026557,pga:R2026557,pga:R2026557,0.0,0.0,0.0,0.0
554,2026-10-01,pre_event_frozen_one_round_variance,"lebioda, hank",21943,"lebioda, hank",49766,0.13465028984909522,0.14114242858260412,0.049502031141580354,0.09840691018710442,0.13490240930397554,0.14320058160529928,0.04954996326345437,0.09839192844056231,19.640390502963324,6.7234729511773725,13.955757536163713,29.697928245059796,2.6445842739734284,0.9489673008386228,0.6908383441595208,2.9224813575546706,2.6495359985206726,0.9628052370160977,0.6915072732305885,2.922036430720878,942.1452848638882,275.0912283927341,651.6408080143207,1454.564967049316,49.99546626332228,49.99467953905196,49.99546626332228,49.99546626332228,250.0,246.0,250.0,250.0,4964.0,1522.0,3511.0,7635.0,0.9496041549934298,0.8461970190730698,0.9287384664220107,0.9667678025907663,2026-09-20,2026-09-20,2026-09-20,2026-09-20,pga:R2026557,pga:R2026557,pga:R2026557,pga:R2026557,0.0,0.0,0.0,0.0
554,2026-10-01,pre_event_frozen_one_round_variance,"li, haotong",15310,"li, haotong",35296,0.1333827185165896,0.19245873687824863,0.058708673174874944,0.10421841152280104,0.1337396340207412,0.18700387587180095,0.05803955275803621,0.10398557002050994,19.11784365313627,7.921315403276821,13.889311769018928,29.105593572643738,2.549989958630444,1.5245263569288716,0.8154230652712764,3.033338728569178,2.5568134134361946,1.4813166824157635,0.8061294431907873,3.0265617384366497,828.4087308072741,297.71333644837017,587.7043028505334,1294.7605976439775,45.259219855197934,44.88452043783786,45.259219855197934,45.259219855197934,75.0,73.0,75.0,75.0,1449.0,543.0,1047.0,2222.0,0.9430788899900289,0.8562033872191607,0.9215937546971216,0.9628186607433322,2026-09-20,2026-09-20,2026-09-20,2026-09-20,pga:R2026557,pga:R2026557,pga:R2026557,pga:R2026557,0.0,0.0,0.0,0.0
554,2026-10-01,pre_event_frozen_one_round_variance,"lingmerth, david",14815,"lingmerth, david",34409,0.12115038369297236,0.16919705830757925,0.040793656353264936,0.11681447569527138,0.12208198796811842,0.16694198063278406,0.04147901440199182,0.11617148740361696,20.15961322194034,6.554837769216085,13.978331351696923,29.743579714622253,2.442344876939991,1.1090592682347766,0.5702272455531936,3.474480669664108,2.4611256588028416,1.0942775999195131,0.5798074074528505,3.4553558961557163,943.0551639461542,275.3298101792437,634.3866107775291,1416.4641621617325,48.923469143769644,48.83484044288884,48.923469143769644,48.923469143769644,113.0,111.0,113.0,113.0,2314.0,691.0,1584.0,3434.0,0.9496503297950615,0.8463098110423635,0.9269418787384003,0.9659043832845567,2024-01-21,2024-01-21,2024-01-21,2024-01-21,pga:R2024002,pga:R2024002,pga:R2024002,pga:R2024002,0.0,0.0,0.0,0.0
554,2026-10-01,pre_event_frozen_one_round_variance,"lipsky, david",15980,"lipsky, david",36326,0.13097409856031447,0.17443078040881482,0.04770477012126526,0.09533240773308074,0.1314180327178821,0.17188730001476632,0.04788083395877956,0.0954240740027144,19.33590992962108,7.766393455421121,14.045481445291456,28.954123527315463,2.5325033728755546,1.3546980713910182,0.6700364635901255,2.760266309660024,2.541087243760965,1.3349444019046879,0.6725093649531193,2.7629204261542846,927.5068789449681,341.32603470085047,651.4170853072217,1381.1055989623453,49.99976514930296,49.99971314520886,49.99974558661246,49.999791709395375,324.0,319.0,322.0,327.0,6313.0,2185.0,4514.0,9709.0,0.9488494648201704,0.8722293035314592,0.9287157369739576,0.9650619772319712,2026-09-20,2026-09-20,2026-09-20,2026-09-20,pga:R2026557,pga:R2026557,pga:R2026557,pga:R2026557,0.0,0.0,0.0,0.0
554,2026-10-01,pre_event_frozen_one_round_variance,"lower, justin",17723,"lower, justin",40162,0.12702116341031866,0.14885524081812374,0.03561009085169674,0.10369263064794908,0.12765644220158942,0.14961394662037467,0.0366511072341132,0.10349516110889506,19.6429081949363,7.171196959320518,13.925361360914364,29.04310559305433,2.495065051682891,1.0674702503338525,0.4958833832048678,3.011556021129967,2.507543774658013,1.072911079075973,0.5103799125126489,3.005820892455809,944.2020086289991,323.5926122500647,649.5357225073701,1402.5128048040226,49.999663365768576,49.999604947870935,49.999663365768576,49.9996765670683,315.0,311.0,315.0,316.0,6337.0,2096.0,4409.0,9336.0,0.9497084097939514,0.8661643770232468,0.928524021874418,0.9655768955463727,2026-09-20,2026-09-20,2026-09-20,2026-09-20,pga:R2026557,pga:R2026557,pga:R2026557,pga:R2026557,0.0,0.0,0.0,0.0
554,2026-10-01,pre_event_frozen_one_round_variance,"lundell, carson",30049,"lundell, carson",60014,0.28867955976264426,0.2727292658556175,0.20889798689415026,0.13577486062051555,0.20100251323840626,0.1789092086384453,0.10842543130108584,0.11858076038350328,18.51,7.55,15.49,30.999999999999996,5.343458651206546,2.0591059572099124,3.2358298169903876,4.209020679235982,3.7205565200429,1.350764525220262,1.6795099308538197,3.676003571888601,34.98603297769154,12.995638081967712,28.988402435488553,59.976009596161546,1.9992003198720516,1.9992003198720516,1.9992003198720516,1.9992003198720516,2.0,2.0,2.0,2.0,37.0,15.0,31.0,62.0,0.4116680324033388,0.20629425270775484,0.36699567963998225,0.5453553899291038,2025-10-26,2025-10-26,2025-10-26,2025-10-26,pga:R2025554,pga:R2025554,pga:R2025554,pga:R2025554,0.0,0.0,0.0,0.0
554,2026-10-01,pre_event_frozen_one_round_variance,"malnati, peter",14926,"malnati, peter",34466,0.16317800315839698,0.15527796919731218,0.06456411499992983,0.10153298276470481,0.16201721791352539,0.15518386527904302,0.06354906893407357,0.10140645450642134,20.074995771511176,7.574894297200036,14.07292034155956,28.480980877304166,3.2757977234084565,1.1762142033535228,0.9086056473173031,2.891758940537211,3.252494964526027,1.1755013761196815,0.8943209848894946,2.888155291632601,963.3196836192188,350.5097456134595,658.8082840743064,1363.475869333654,49.99999790757682,49.9999976407617,49.99999790757682,49.99999814421681,442.0,439.0,442.0,445.0,8891.0,3157.0,6271.0,12930.0,0.9506572300841747,0.875159092762112,0.929459063722288,0.9646262089896369,2026-09-20,2026-09-20,2026-09-20,2026-09-20,pga:R2026557,pga:R2026557,pga:R2026557,pga:R2026557,0.0,0.0,0.0,0.0
554,2026-10-01,pre_event_frozen_one_round_variance,"martin, ben",14007,"martin, ben",33413,0.13759381789895378,0.16923372528432493,0.04550072654451657,0.09537309196298187,0.1376994756670496,0.16712677763136302,0.04583372081070233,0.09545999636112251,19.471684379534075,6.806504991031412,13.930443611112645,29.667315446450868,2.6791833947035144,1.1518901957985965,0.6338453053930444,2.8294636043691512,2.681240729416122,1.1375492460828693,0.638484063240969,2.8320418245624737,924.492720645453,299.07243171606206,651.8029627103118,1436.1146613621554,49.99613666098654,49.99581486362482,49.99613666098654,49.9962881588537,254.0,252.0,254.0,255.0,4995.0,1711.0,3555.0,7629.0,0.9486912534688996,0.8567632518151123,0.9287549317162987,0.9663552205627454,2026-09-20,2026-09-20,2026-09-20,2026-09-20,pga:R2026557,pga:R2026557,pga:R2026557,pga:R2026557,0.0,0.0,0.0,0.0
554,2026-10-01,pre_event_frozen_one_round_variance,"mauss, bowen",32986,"mauss, bowen",67803,0.07113200232179247,0.10282408395425394,0.05437196387051686,0.08986384659693215,0.11241632039228078,0.14141015432449006,0.05161019788884378,0.09347725317451275,17.49,9.49,14.0,32.019999999999996,1.2440987206081502,0.9758005567258698,0.7612074941872361,2.877440368033767,1.9661614436609907,1.3419823645394107,0.7225427704438129,2.993141646647898,32.98680140235099,16.993210269467436,25.989604158336668,61.975267612165254,1.9992003198720516,1.9992003198720516,1.9992003198720516,1.9992003198720516,2.0,2.0,2.0,2.0,35.0,19.0,28.0,64.0,0.397494551481972,0.25365570930420384,0.34201525914233094,0.553472824256346,2024-10-13,2024-10-13,2024-10-13,2024-10-13,pga:R2024554,pga:R2024554,pga:R2024554,pga:R2024554,0.0,0.0,0.0,0.0
554,2026-10-01,pre_event_frozen_one_round_variance,"mccarthy, denny",19870,"mccarthy, denny",47993,0.11826356653306305,0.15233426312771264,0.04136423751696301,0.09227969817951574,0.1193490445875904,0.15263040361400848,0.041993032465740356,0.09247829612877594,19.462642105704216,6.9967991857622325,13.978668444625267,28.96557924034923,2.301721469577145,1.0658522482156696,0.5782169617143554,2.672934909894274,2.3228477404660066,1.0679242837290555,0.5870066778229691,2.6786874145305406,935.2574077596197,319.7426464119749,650.5794413726824,1379.1164155734311,49.99999987280715,49.99999983830101,49.99999987280715,49.99999987779511,512.0,506.0,512.0,513.0,10187.0,3327.0,7204.0,15061.0,0.949251840578702,0.8647708061669225,0.9286305063391065,0.9650133470897557,2026-09-20,2026-09-20,2026-09-20,2026-09-20,pga:R2026557,pga:R2026557,pga:R2026557,pga:R2026557,0.0,0.0,0.0,0.0
554,2026-10-01,pre_event_frozen_one_round_variance,"mccarty, matt",28635,"mccarty, matt",59141,0.14930564258279033,0.15477444890871003,0.0475531958831422,0.10267961267701853,0.1488249100239081,0.15474081651981605,0.04774019625704429,0.10251391481254943,20.33113169109023,7.353504962001521,14.111712287530693,28.304320689798534,3.03555268157356,1.1381346780412502,0.6710570186554917,2.9062766855146354,3.02577884461073,1.1378873621026344,0.6736959141296587,2.901586720021087,953.9438756238201,322.06759164674054,650.923174153979,1375.3420600494885,49.84698591975744,49.84698591975744,49.84698591975744,49.84698591975744,162.0,162.0,162.0,162.0,3197.0,1235.0,2283.0,4599.0,0.9501964191285778,0.8656158151837301,0.9286655059445702,0.9649207012117049,2026-08-23,2026-08-23,2026-08-23,2026-08-23,pga:R2026028,pga:R2026028,pga:R2026028,pga:R2026028,0.0,0.0,0.0,0.0
554,2026-10-01,pre_event_frozen_one_round_variance,"mcgreevy, max",23505,"mcgreevy, max",51950,0.1413601133914124,0.1244418677358949,0.03802597275844259,0.10806894210766058,0.14127145044585537,0.12861053374451886,0.03889864394352702,0.10772692759661538,19.44865889358361,7.184288942433892,13.887807025516054,29.6313311256119,2.7492646265078804,0.8940263343508107,0.528097371626781,3.2022266079866735,2.747540251123241,0.9239752354612678,0.540216860641962,3.192092262760129,912.6574912175273,310.81459478691653,646.0629183827742,1428.424425545637,49.996961062111595,49.99683702775371,49.996961062111595,49.997080232666825,260.0,259.0,260.0,261.0,5045.0,1857.0,3642.0,7784.0,0.9480604467776361,0.8614246742720368,0.9281674132042984,0.9661802124369349,2026-09-20,2026-09-20,2026-09-20,2026-09-20,pga:R2026557,pga:R2026557,pga:R2026557,pga:R2026557,0.0,0.0,0.0,0.0
554,2026-10-01,pre_event_frozen_one_round_variance,"mcnealy, maverick",18634,"mcnealy, maverick",46442,0.13476411037287264,0.1710045439289902,0.0671152366138195,0.09521810925828093,0.1350181119556384,0.16882035435134032,0.06592781500505468,0.0953139828539477,19.312907231747452,7.046491741922268,14.308926750266224,28.433849611427615,2.602686761800264,1.2049821066268132,0.960347004533929,2.7074173989344437,2.607592270804936,1.1895912328051106,0.9433562757124299,2.710143454335339,912.3881061345303,327.26499630940236,663.3347874404271,1377.9117675375933,49.99999889677528,49.999998851745694,49.99999889677528,49.999999021543104,458.0,457.0,458.0,461.0,8903.0,3124.0,6474.0,13504.0,0.9480459082138629,0.8674671636936229,0.9299066849390467,0.9649838308383549,2026-08-23,2026-08-23,2026-08-23,2026-08-23,pga:R2026028,pga:R2026028,pga:R2026028,pga:R2026028,0.0,0.0,0.0,0.0
554,2026-10-01,pre_event_frozen_one_round_variance,"meissner, mac",28159,"meissner, mac",59143,0.1265402420364632,0.16450417198834008,0.045268398097133795,0.10238017624887139,0.12721541229618813,0.1632031510499969,0.04561928280860853,0.10222221894735745,19.16540429059676,7.844651889819649,13.90590299704681,28.23716946217746,2.4251948976587845,1.2904779636715487,0.629497952770441,2.890926386306977,2.4381348086514,1.2802719073088797,0.6343773215313554,2.88646611921634,921.0758280151136,333.5446926427403,649.1264564159179,1350.4057549773875,49.982334801444146,49.982334801444146,49.982334801444146,49.983027436750774,216.0,216.0,216.0,217.0,4220.0,1556.0,3025.0,6211.0,0.9485107150672256,0.8696370958610202,0.9284821800961077,0.9642960621789166,2026-09-20,2026-09-20,2026-09-20,2026-09-20,pga:R2026557,pga:R2026557,pga:R2026557,pga:R2026557,0.0,0.0,0.0,0.0
554,2026-10-01,pre_event_frozen_one_round_variance,"moore, taylor",21944,"moore, taylor",49947,0.14000266904532135,0.16911571352673635,0.06394842678634573,0.09074757171382662,0.13998442905789327,0.16738399400337836,0.06296855720848628,0.09100209855439774,19.142239656028003,8.465955515708021,13.992313155842826,28.54839140116975,2.6799646433491144,1.4317261077245713,0.8947864134180371,2.590697195992043,2.679615489138443,1.4170654472741393,0.8810757714327442,2.5979635278587705,908.3247520462832,371.30191581122756,652.8370561531297,1366.0624940878004,49.999923384286454,49.99991008872067,49.999923384286454,49.99992927553285,352.0,348.0,352.0,354.0,6813.0,2474.0,4961.0,10430.0,0.9478256197669565,0.881320264343627,0.9288597555261708,0.964690823880475,2026-09-20,2026-09-20,2026-09-20,2026-09-20,pga:R2026557,pga:R2026557,pga:R2026557,pga:R2026557,0.0,0.0,0.0,0.0
554,2026-10-01,pre_event_frozen_one_round_variance,"mouw, william",29770,"mouw, william",63121,0.13459271811699247,0.13147240788371406,0.04505672971284518,0.09528969619643286,0.13486355126698546,0.13482545538546883,0.0454256436037734,0.09538035616020288,18.89564289642547,6.819189383708459,13.965770940722086,29.92078438954203,2.5432159379979447,0.8965352480912113,0.6292519665076226,2.8511424544384307,2.548333504484726,0.9194003140182476,0.6344041334051767,2.853855071667157,884.2198877562008,293.74357318513927,643.6475162657312,1420.5464573017823,49.27584790991713,49.21599995178738,49.27584790991713,49.27584790991713,123.0,121.0,123.0,123.0,2347.0,889.0,1726.0,3637.0,0.9464794095530449,0.8545427350489833,0.9279172795583898,0.9659990340653759,2026-09-20,2026-09-20,2026-09-20,2026-09-20,pga:R2026557,pga:R2026557,pga:R2026557,pga:R2026557,0.0,0.0,0.0,0.0
554,2026-10-01,pre_event_frozen_one_round_variance,"neergaard-petersen, rasmus",23841,"neergaard-petersen, rasmus",52689,0.12293541433660993,0.16346503080488523,0.052434891926899235,0.09753146703244701,0.12399149772150406,0.1620750434482716,0.05224038369617875,0.09754876230566867,18.775083370292784,7.150130385760261,13.889597123528583,29.694373830485674,2.308122653331338,1.168796283767247,0.7282995240803918,2.896135842297171,2.327950706928706,1.158857692932901,0.7255978831184738,2.896649414605715,741.4932816503136,271.6163187519771,531.0134929807472,1177.5693172524718,41.37506137031855,41.37506137031855,41.37506137031855,41.37506137031855,59.0,59.0,59.0,59.0,1119.0,444.0,816.0,1750.0,0.9368282698549926,0.8445352518366495,0.913943478759009,0.9592691025286383,2026-08-09,2026-08-09,2026-08-09,2026-08-09,pga:R2026013,pga:R2026013,pga:R2026013,pga:R2026013,0.0,0.0,0.0,0.0
554,2026-10-01,pre_event_frozen_one_round_variance,"nyholm, pontus",25475,"nyholm, pontus",55851,0.1326359130342925,0.12968348992706308,0.058109429309181164,0.1090517135910139,0.13308706036497456,0.13367883870470199,0.05740957476566606,0.1085715568235163,19.190795795704698,7.538119459336824,13.93568046174304,28.905504263907883,2.5453887222179548,0.9775696389739051,0.8097944386669943,3.1521947721915136,2.554046598514851,1.0076870553414625,0.8000414893788688,3.138315598701267,727.7015295461591,260.87008826279117,516.8874758829857,1105.416769567262,39.66262520344582,39.66262520344582,39.66262520344582,39.66262520344582,54.0,54.0,54.0,54.0,1048.0,414.0,757.0,1562.0,0.9357079829466475,0.839161109776078,0.9117990745480488,0.9567255718309104,2026-09-20,2026-09-20,2026-09-20,2026-09-20,pga:R2026557,pga:R2026557,pga:R2026557,pga:R2026557,0.0,0.0,0.0,0.0
554,2026-10-01,pre_event_frozen_one_round_variance,"pan, c.t.",15475,"pan, c.t.",29908,0.13970158022625082,0.14266774779210764,0.05284052429247421,0.10021769829690405,0.1396991078555407,0.1443864008648433,0.052648755689074546,0.1001406890340272,19.851321402923325,7.071206110426832,13.767923984147227,29.485008972219923,2.7732609695675827,1.0088330499483857,0.7275043217412699,2.954919733459445,2.7732118897419893,1.020986000058018,0.7248640661871172,2.9526491146525773,930.9979004807193,294.93379920438844,645.0748060951769,1418.4001931466446,49.9992507298944,49.99915518760196,49.9992507298944,49.9992507298944,295.0,292.0,295.0,295.0,5825.0,1815.0,4142.0,8967.0,0.949031491325824,0.855044648812821,0.9280652966248449,0.9659493370857881,2026-08-09,2026-08-09,2026-08-09,2026-08-09,pga:R2026013,pga:R2026013,pga:R2026013,pga:R2026013,0.0,0.0,0.0,0.0
554,2026-10-01,pre_event_frozen_one_round_variance,"parry, john",13764,"parry, john",28723,0.13091865963553814,0.11277787622034799,0.050120411744742785,0.10133952161128557,0.13140813168077603,0.11966358191914361,0.05012472318410594,0.10121311239685922,19.669786776770007,6.302271229145418,13.832343473647672,29.59363045114201,2.575142120131561,0.7107567645876224,0.6932827502939269,2.999004352659904,2.58476993089458,0.7541523495055047,0.693342387604064,2.9952634450825517,842.2279490906659,253.13742756186667,579.0480591199907,1288.2852110049903,44.88452043783786,44.686819014379004,44.88452043783786,44.88452043783786,73.0,72.0,73.0,73.0,1435.0,495.0,1012.0,2167.0,0.9439605091378738,0.8350583086946741,0.9205148171509381,0.9626387562316016,2026-09-20,2026-09-20,2026-09-20,2026-09-20,pga:R2026557,pga:R2026557,pga:R2026557,pga:R2026557,0.0,0.0,0.0,0.0
554,2026-10-01,pre_event_frozen_one_round_variance,"pavon, matthieu",19960,"pavon, matthieu",48153,0.1603401254938307,0.17391262024981294,0.04929619258143054,0.10112778194144054,0.15927401324035265,0.1714618382598598,0.0493594510429378,0.10101869322690986,19.43754563732105,7.696981495119758,13.861261932264723,29.54432483060329,3.1166185067801186,1.3386022198305998,0.6833074376345738,2.987752039076337,3.095895901198632,1.3197385962053578,0.684184279738958,2.9845290866588896,920.2098915760179,345.5562318339032,644.3428544175994,1403.7213990606485,49.93389212130882,49.93119569707921,49.93119569707921,49.9364829404818,183.0,182.0,182.0,184.0,3589.0,1426.0,2553.0,5368.0,0.9484647596008534,0.873595721730418,0.9279894656049439,0.9656055142117956,2026-09-20,2026-09-20,2026-09-20,2026-09-20,pga:R2026557,pga:R2026557,pga:R2026557,pga:R2026557,0.0,0.0,0.0,0.0
554,2026-10-01,pre_event_frozen_one_round_variance,"penge, marco",22465,"penge, marco",51003,0.15565034529709504,0.1876961144213237,0.05777766573935614,0.09610542112893129,0.1546034316118831,0.18295866303281347,0.057105103024599986,0.09618432109530228,18.870762724899972,7.919693626622608,13.785033575010832,28.94657655629293,2.937240734150231,1.486495721124385,0.7964670621027774,2.7819229301833817,2.9174846744031457,1.448976557556366,0.7871957624985634,2.7842068141002283,714.0206211041286,300.10318028600807,515.2269875012199,1122.7944405081935,40.02758555399503,40.02758555399503,40.02758555399503,40.02758555399503,55.0,55.0,55.0,55.0,1032.0,472.0,763.0,1593.0,0.9345567401993127,0.8571849591336081,0.9115399634029469,0.957366782896469,2026-09-20,2026-09-20,2026-09-20,2026-09-20,pga:R2026557,pga:R2026557,pga:R2026557,pga:R2026557,0.0,0.0,0.0,0.0
554,2026-10-01,pre_event_frozen_one_round_variance,"peterson, paul",16341,"peterson, paul",36824,0.14297103332343358,0.1557458881075625,0.024910824059653464,0.08760510813580355,0.14279756500721769,0.15554521935486626,0.026844745661409007,0.08799260355480075,20.352001202682697,6.694875148347805,13.87424118992924,28.638841529797954,2.9097466421473084,1.0426992757486782,0.3456187812435244,2.5089088091020915,2.906216214767055,1.041355823503202,0.37245047598869513,2.5200062290002747,906.3593453485869,254.40953590917886,603.1761606422882,1285.626348595143,46.37515684074028,46.37515684074028,46.37515684074028,46.37515684074028,82.0,82.0,82.0,82.0,1677.0,558.0,1143.0,2344.0,0.9477183966014623,0.8357475896717059,0.9234509723214126,0.9625643803354197,2026-09-20,2026-09-20,2026-09-20,2026-09-20,pga:R2026557,pga:R2026557,pga:R2026557,pga:R2026557,0.0,0.0,0.0,0.0
554,2026-10-01,pre_event_frozen_one_round_variance,"phillips, chandler",27164,"phillips, chandler",57900,0.1385457310306661,0.1820123945750602,0.04467333560716626,0.09964629302870825,0.1386016888957971,0.17853691722924925,0.045065895658600176,0.09958583381813536,19.522655310268217,7.502275621974732,13.871390288051327,28.090655891566005,2.704780551620826,1.36550715071772,0.6196812736761036,2.799129728339596,2.705872997733677,1.3394331617515172,0.625126627361041,2.797431389459917,939.4421306779586,345.4595782105227,650.697659982201,1347.8044415709685,49.982334801444146,49.982334801444146,49.982334801444146,49.983027436750774,216.0,216.0,216.0,217.0,4273.0,1682.0,3031.0,6155.0,0.9494664736322271,0.8735648274692123,0.9286425474843599,0.9642296171674731,2026-09-20,2026-09-20,2026-09-20,2026-09-20,pga:R2026557,pga:R2026557,pga:R2026557,pga:R2026557,0.0,0.0,0.0,0.0
554,2026-10-01,pre_event_frozen_one_round_variance,"potgieter, aldrich",27900,"potgieter, aldrich",63343,0.17020605989044876,0.17630251760471197,0.08470305892596558,0.10649464985702602,0.16852805882318753,0.17369556531329694,0.08219436023777238,0.10619020907679877,18.89936486451121,8.714922233284154,14.212377507587378,28.749785916127895,3.216786428020438,1.5364627304572753,1.2038318495032416,3.061698384602498,3.1850732736072285,1.5137433439717114,1.1681772766938505,3.052945777346826,860.3983325702284,367.6973089699875,638.1736195035546,1352.335108226539,48.58049537191596,48.58049537191596,48.58049537191596,48.58049537191596,106.0,106.0,106.0,106.0,2004.0,914.0,1498.0,3053.0,0.9450789855262142,0.8802960925860487,0.9273439164435425,0.9643451841812387,2026-08-16,2026-08-16,2026-08-16,2026-08-16,pga:R2026027,pga:R2026027,pga:R2026027,pga:R2026027,0.0,0.0,0.0,0.0
554,2026-10-01,pre_event_frozen_one_round_variance,"power, seamus",10104,"power, seamus",28252,0.14083918380861157,0.14190011425717652,0.05667833417272066,0.10095557746808291,0.14077953690270495,0.1436285053050497,0.056216219636701543,0.10085031237779565,19.9107614043253,6.834447349351828,14.01562079015707,28.409657166003367,2.80421538519318,0.9698088597576817,0.7943820387826537,2.86811334486413,2.803027769881167,0.981621457373462,0.7879052166841903,2.86512279973752,944.2773844245498,315.1969913962902,653.6870591364253,1374.730408078675,49.999975985735325,49.999968224826404,49.999975985735325,49.999977832275825,381.0,374.0,381.0,383.0,7459.0,2490.0,5389.0,11269.0,0.9497122223805401,0.8630875905936942,0.928945687787181,0.964905641294322,2026-09-20,2026-09-20,2026-09-20,2026-09-20,pga:R2026557,pga:R2026557,pga:R2026557,pga:R2026557,0.0,0.0,0.0,0.0
554,2026-10-01,pre_event_frozen_one_round_variance,"putnam, andrew",14704,"putnam, andrew",34256,0.12945049442976803,0.1368858226731074,0.039657282923027316,0.09615881124562896,0.1299675586630355,0.13920272144589793,0.04041368408153058,0.09622093051931094,19.528847813640084,7.516861682032399,13.795440174565737,29.199284033384934,2.528019005119403,1.0289517952649627,0.5470896740504508,2.8077684418737694,2.53811667384076,1.0463676028712998,0.5575245609805548,2.809582280189957,936.587094072808,330.6458012754765,645.2244027359135,1396.6353315939361,49.9999992303432,49.999999096780094,49.9999992303432,49.99999926052581,467.0,463.0,467.0,468.0,9330.0,2922.0,6537.0,13915.0,0.9493202371079161,0.8686442886471915,0.9280807753536336,0.9654370393781901,2026-09-20,2026-09-20,2026-09-20,2026-09-20,pga:R2026557,pga:R2026557,pga:R2026557,pga:R2026557,0.0,0.0,0.0,0.0
554,2026-10-01,pre_event_frozen_one_round_variance,"ramey, chad",19840,"ramey, chad",47983,0.12970953783392092,0.18402560765017975,0.05722078107641543,0.085694264945383,0.1302134107441462,0.18016750337220616,0.056718819914714114,0.08612321765623603,19.70057288820136,7.247413501528099,14.001176927880376,28.66866897425239,2.555352204392071,1.3337096735108254,0.8011582798024017,2.4567405147110657,2.5652787893863542,1.3057483964763363,0.7941302327664973,2.4690380179841194,936.7105753282439,332.33063513393364,651.8598068945086,1379.2746859540669,49.99983615797866,49.999799877638054,49.99982947056062,49.9998603859845,333.0,328.0,332.0,337.0,6585.0,2320.0,4659.0,9826.0,0.9493265793939963,0.8692231398551555,0.9287607019110654,0.9650172213281564,2026-09-20,2026-09-20,2026-09-20,2026-09-20,pga:R2026557,pga:R2026557,pga:R2026557,pga:R2026557,0.0,0.0,0.0,0.0
554,2026-10-01,pre_event_frozen_one_round_variance,"rasmussen, rhett",25083,"rasmussen, rhett",55416,0.13965307241673455,0.15452417846996785,0.0501746537960109,0.09795608996725504,0.13965307241673455,0.15452417846996785,0.0501746537960109,0.09795608996725504,19.427085736581326,7.277777538736338,13.967443167629689,29.07356325653548,2.713052211216903,1.1245925952604172,0.7008116253512775,2.8479325780258695,2.713052211216903,1.1245925952604172,0.7008116253512775,2.8479325780258695,0.0,0.0,0.0,0.0,0.0,0.0,0.0,0.0,0.0,0.0,0.0,0.0,0.0,0.0,0.0,0.0,0.0,0.0,0.0,0.0,,,,,,,,,1.0,1.0,1.0,1.0
554,2026-10-01,pre_event_frozen_one_round_variance,"riley, davis",19872,"riley, davis",47995,0.1631549622571052,0.1473723050307534,0.08249268909710934,0.09231292079929455,0.16199202746040653,0.1482902753451284,0.08021759168306726,0.09251045228459273,20.146783814162664,7.783871959919824,14.088132041985412,28.48937256741407,3.2870477528017674,1.1471271527976328,1.1621678964985267,2.6299371934372897,3.263618356862712,1.154272516187735,1.1301160237211223,2.6355647415157444,960.4560422083678,339.5481873008033,660.2560774239586,1378.4227042190378,49.999923384286454,49.999917002308116,49.999923384286454,49.99992927553285,352.0,350.0,352.0,354.0,6918.0,2510.0,5000.0,10351.0,0.9505173922353671,0.8716461746454214,0.9296028550979163,0.9649963558739872,2026-09-20,2026-09-20,2026-09-20,2026-09-20,pga:R2026557,pga:R2026557,pga:R2026557,pga:R2026557,0.0,0.0,0.0,0.0
554,2026-10-01,pre_event_frozen_one_round_variance,"rodgers, patrick",16283,"rodgers, patrick",36699,0.15383550234286925,0.1650717834784764,0.05180298933309477,0.10240161965710441,0.1531215967794067,0.16382474083440784,0.05168725755855961,0.10224637468343722,20.07804527410352,8.381797496894945,14.115904368156173,28.649550714574364,3.0887161808045867,1.383598261567878,0.7312460434105801,2.933760395620768,3.0743823525799514,1.3731458026553027,0.7296123847488847,2.929312696874507,943.2987394962976,372.90474422335876,653.4954504172074,1381.7789442186827,49.99999995130503,49.99999993556781,49.99999995130503,49.99999996169638,536.0,529.0,536.0,542.0,10402.0,3744.0,7554.0,15987.0,0.949662676482047,0.8817700659948324,0.9289263349601656,0.9650784080867422,2026-08-16,2026-08-16,2026-08-16,2026-08-16,pga:R2026027,pga:R2026027,pga:R2026027,pga:R2026027,0.0,0.0,0.0,0.0
554,2026-10-01,pre_event_frozen_one_round_variance,"roy, kevin",18424,"roy, kevin",39335,0.12338377025459332,0.14071653667941014,0.038556925031336814,0.09383939702066284,0.1242170366935558,0.14267317202172228,0.0393889939410162,0.09398109876020955,19.1585380729249,6.628000765524376,13.846913106439406,29.29598794829028,2.363852660003645,0.9326693128330693,0.5338943905604193,2.749117844192165,2.379816826799398,0.9456378933797662,0.5454159764513196,2.7532691366461775,926.2364953998631,302.8414695362036,648.1229937524424,1402.5908290756151,49.95003053749955,49.94799202834053,49.95003053749955,49.95908584913745,190.0,189.0,190.0,195.0,3725.0,1258.0,2660.0,5664.0,0.9487829022623047,0.8582933007684073,0.9283793823617702,0.9655787445444506,2026-09-20,2026-09-20,2026-09-20,2026-09-20,pga:R2026557,pga:R2026557,pga:R2026557,pga:R2026557,0.0,0.0,0.0,0.0
554,2026-10-01,pre_event_frozen_one_round_variance,"rozo, marcelo",16591,"rozo, marcelo",37076,0.1439433733318114,0.17782424741969052,0.03531571170012113,0.10344020267205414,0.14364110240328343,0.1736922458383146,0.036771640033274634,0.10318849647620253,19.66247263237712,7.87558601409002,14.01247394875651,30.02667279865324,2.830282638748784,1.400470155944598,0.49486049017974276,3.1059651198601466,2.82433924488904,1.367928222080116,0.5152616480193127,3.098407220275916,659.6780586824076,231.94651539755722,460.29098608534105,1039.3877058218845,35.323905515945064,35.323905515945064,35.323905515945064,35.323905515945064,44.0,44.0,44.0,44.0,869.0,338.0,618.0,1336.0,0.9295455180158306,0.82266140111894,0.9020166897644593,0.9541026580961113,2026-09-20,2026-09-20,2026-09-20,2026-09-20,pga:R2026557,pga:R2026557,pga:R2026557,pga:R2026557,0.0,0.0,0.0,0.0
554,2026-10-01,pre_event_frozen_one_round_variance,"salinda, isaiah",27183,"salinda, isaiah",56781,0.15492052711465085,0.18055028858751282,0.059898064579098166,0.10972868680743195,0.15409997572898784,0.17693272543533325,0.059184078915030226,0.10931435305857656,19.251021877266883,7.391197943027775,13.800153506075539,29.348771487656627,2.982378456721861,1.3344829216210958,0.8266024859083806,3.220402154751963,2.9665820040450406,1.3077447962919333,0.8167493741431058,3.2082419682371817,880.3167945771263,309.71880825168824,630.9247911007101,1370.6659332843747,48.46406871532172,48.46406871532172,48.46406871532172,48.523411927342295,104.0,104.0,104.0,105.0,1994.0,756.0,1455.0,3110.0,0.9462548668459464,0.861002541838135,0.9265704514603216,0.9648052375800923,2026-09-20,2026-09-20,2026-09-20,2026-09-20,pga:R2026557,pga:R2026557,pga:R2026557,pga:R2026557,0.0,0.0,0.0,0.0
554,2026-10-01,pre_event_frozen_one_round_variance,"sargent, gordon",30814,"sargent, gordon",64442,0.14633720646015258,0.14909940622662693,0.048510837859994174,0.09824338274772315,0.14595571718056025,0.149823854938657,0.0486427152096167,0.09823228640309642,19.198493977518417,7.739503866518352,13.86740890523859,29.132405072816503,2.8094539769121085,1.1539554309865696,0.6727196249402685,2.8620660219304233,2.8021299572753673,1.1595623045944206,0.6745484220728232,2.86174275872393,826.0579131556465,324.4069216535351,580.8194473042819,1244.5379317786185,44.686819014379004,44.48192123992311,44.686819014379004,44.686819014379004,72.0,71.0,72.0,72.0,1401.0,571.0,1008.0,2091.0,0.9429261476334423,0.8664554603339611,0.9207380174887316,0.961376180046495,2026-09-20,2026-09-20,2026-09-20,2026-09-20,pga:R2026557,pga:R2026557,pga:R2026557,pga:R2026557,0.0,0.0,0.0,0.0
554,2026-10-01,pre_event_frozen_one_round_variance,"schenk, adam",19477,"schenk, adam",47347,0.150941396187897,0.15640495246520536,0.05664161156681759,0.1031995399642348,0.1503737418676381,0.15615846817157808,0.05618499818876448,0.1030216322761388,19.765043905427692,7.715259284786459,14.007973390715055,29.07841441266742,2.9833633228003404,1.2067047616937605,0.7934341876351988,3.0008789902766524,2.9721436102373175,1.2048030714587985,0.7870379595855864,2.9957057167949976,944.2955922553474,331.52004891668696,658.1437033645781,1423.6434532695814,49.9999995603979,49.999999317386575,49.9999995603979,49.99999959420044,481.0,470.0,481.0,483.0,9436.0,3181.0,6775.0,14493.0,0.9497131432649866,0.8689452883486116,0.9293928622644856,0.9660704901928179,2026-09-20,2026-09-20,2026-09-20,2026-09-20,pga:R2026557,pga:R2026557,pga:R2026557,pga:R2026557,0.0,0.0,0.0,0.0
554,2026-10-01,pre_event_frozen_one_round_variance,"shelley, tyson",31437,"shelley, tyson",65546,0.13965307241673455,0.15452417846996785,0.0501746537960109,0.09795608996725504,0.13965307241673455,0.15452417846996785,0.0501746537960109,0.09795608996725504,19.427085736581326,7.277777538736338,13.967443167629689,29.07356325653548,2.713052211216903,1.1245925952604172,0.7008116253512775,2.8479325780258695,2.713052211216903,1.1245925952604172,0.7008116253512775,2.8479325780258695,0.0,0.0,0.0,0.0,0.0,0.0,0.0,0.0,0.0,0.0,0.0,0.0,0.0,0.0,0.0,0.0,0.0,0.0,0.0,0.0,,,,,,,,,1.0,1.0,1.0,1.0
554,2026-10-01,pre_event_frozen_one_round_variance,"shipley, neal",32055,"shipley, neal",63807,0.1296914889670768,0.1542739080312257,0.03910377655801301,0.09766879718678692,0.13025251453839884,0.15430941988651847,0.039947193855139417,0.0976791079894644,18.653659768796302,7.225056379885646,13.82150596871172,29.46866719954015,2.4192209101004503,1.1146376834708986,0.5404730810957463,2.878169280076807,2.429686090229486,1.1148942586275432,0.5521303783020937,2.8784731256894696,837.8011947105824,302.37589908890976,606.3107773410238,1343.1639924397837,46.894532353402816,46.894532353402816,46.894532353402816,46.894532353402816,86.0,86.0,86.0,86.0,1622.0,634.0,1200.0,2544.0,0.9436810850245593,0.8581060732891262,0.9238165793915957,0.9641104706471509,2026-09-20,2026-09-20,2026-09-20,2026-09-20,pga:R2026557,pga:R2026557,pga:R2026557,pga:R2026557,0.0,0.0,0.0,0.0
554,2026-10-01,pre_event_frozen_one_round_variance,"silverman, ben",17381,"silverman, ben",39327,0.12728457799540388,0.17203063018078288,0.03598243162161116,0.09367309510320707,0.12791399363811065,0.16941465918712706,0.03699621596253385,0.09381944717897372,19.553814512993945,6.7386105001240315,13.87438252222086,29.266280168397365,2.488899028486838,1.1592474108791777,0.49923402039788906,2.7414630455313893,2.501206505215903,1.1416194012733085,0.5132996521388881,2.7457462263840027,932.5378956376451,284.6071449811795,649.962585804134,1413.2504669345226,49.945870403036274,49.941364125851656,49.945870403036274,49.95003053749955,188.0,186.0,188.0,190.0,3715.0,1250.0,2621.0,5531.0,0.9491113775641691,0.8505710330757811,0.9285676105922737,0.9658295000549366,2026-09-20,2026-09-20,2026-09-20,2026-09-20,pga:R2026557,pga:R2026557,pga:R2026557,pga:R2026557,0.0,0.0,0.0,0.0
554,2026-10-01,pre_event_frozen_one_round_variance,"skinns, david",10873,"skinns, david",27139,0.1485230273658387,0.21602722966300406,0.052298451281153624,0.09859275184675607,0.1480758497552604,0.20666933094213905,0.052146828414557284,0.09857098837120518,20.05258362745494,6.44962115917076,14.006504571621232,29.18048584820107,2.978270426856259,1.3932937913915522,0.7325184969581885,2.8769843999994653,2.969303360423812,1.332938889796084,0.7303947905840446,2.876349331209145,941.7709137577037,278.61571292658215,650.3552738508835,1412.684298774754,49.981613905500645,49.980863596273615,49.981613905500645,49.982334801444146,215.0,214.0,215.0,216.0,4255.0,1445.0,3025.0,6380.0,0.9495851317008724,0.8478465939601288,0.9286076626151804,0.9658162735172016,2026-09-20,2026-09-20,2026-09-20,2026-09-20,pga:R2026557,pga:R2026557,pga:R2026557,pga:R2026557,0.0,0.0,0.0,0.0
554,2026-10-01,pre_event_frozen_one_round_variance,"smith, jordan",18586,"smith, jordan",46464,0.15149843769751062,0.14163274300340561,0.04305019575837974,0.09419670468597863,0.15083161359194175,0.1436101504079772,0.04359259535507069,0.0943302470042617,18.753580755949883,6.825237048354332,13.945050302827589,29.789560031456105,2.8411381857605074,0.9666770448068918,0.6003371453971804,2.8060783890083028,2.8286328460467076,0.980173319084264,0.6079009350572692,2.810056555915536,838.1926419464837,275.9681195882661,606.753626025511,1357.5632839127688,47.0126773458763,47.0126773458763,47.0126773458763,47.0126773458763,87.0,87.0,87.0,87.0,1654.0,607.0,1204.0,2610.0,0.9437059060853911,0.8466107665278569,0.9238679498389891,0.9644776184691255,2026-08-16,2026-08-16,2026-08-16,2026-08-16,pga:R2026027,pga:R2026027,pga:R2026027,pga:R2026027,0.0,0.0,0.0,0.0
554,2026-10-01,pre_event_frozen_one_round_variance,"smotherman, austin",22985,"smotherman, austin",50095,0.12660419191141684,0.13446666096485504,0.05126578024823774,0.09132017561085266,0.12727996106289416,0.13728992587921873,0.05118812133029529,0.09154100093311633,19.187766494255865,6.668095534920648,13.939360882909922,30.225608449298345,2.4292516715902233,0.8966365415754386,0.7146122118241413,2.760207871534797,2.4422181722727916,0.9154623417448052,0.7135296961411651,2.7668824512612287,915.4835883519696,305.2184813240148,652.5120109421241,1452.5256814703355,49.98990946764729,49.98906903204878,49.98990946764729,49.98990946764729,230.0,228.0,230.0,230.0,4460.0,1501.0,3230.0,6954.0,0.9482124806643815,0.8592415580021802,0.9288268396536793,0.9667226985757267,2026-09-20,2026-09-20,2026-09-20,2026-09-20,pga:R2026557,pga:R2026557,pga:R2026557,pga:R2026557,0.0,0.0,0.0,0.0
554,2026-10-01,pre_event_frozen_one_round_variance,"snyder, matt",27286,"snyder, matt",46123,0.13965307241673455,0.15452417846996785,0.0501746537960109,0.09795608996725504,0.13965307241673455,0.15452417846996785,0.0501746537960109,0.09795608996725504,19.427085736581326,7.277777538736338,13.967443167629689,29.07356325653548,2.713052211216903,1.1245925952604172,0.7008116253512775,2.8479325780258695,2.713052211216903,1.1245925952604172,0.7008116253512775,2.8479325780258695,0.0,0.0,0.0,0.0,0.0,0.0,0.0,0.0,0.0,0.0,0.0,0.0,0.0,0.0,0.0,0.0,0.0,0.0,0.0,0.0,,,,,,,,,1.0,1.0,1.0,1.0
554,2026-10-01,pre_event_frozen_one_round_variance,"springer, hayden",21995,"springer, hayden",50484,0.14709463050645646,0.14634409428469675,0.06434889238580065,0.1024911525553674,0.1467056702023837,0.14743768719103728,0.06334237456550167,0.10233275837658765,19.235803594895405,7.325356584484654,14.077019304667793,28.674024665034217,2.8294834222859064,1.0720226746688464,0.905840600348906,2.9388338363203896,2.822001458270552,1.0800336326660536,0.8916718295620651,2.934292037731261,906.5960860018411,324.00042272786396,654.1225850119268,1381.5748921612278,49.73240986731706,49.73240986731706,49.73240986731706,49.742876616175046,148.0,148.0,148.0,149.0,2842.0,1153.0,2081.0,4288.0,0.947731335375855,0.8663103115357124,0.9289896375087116,0.9650734304759175,2026-09-20,2026-09-20,2026-09-20,2026-09-20,pga:R2026557,pga:R2026557,pga:R2026557,pga:R2026557,0.0,0.0,0.0,0.0
554,2026-10-01,pre_event_frozen_one_round_variance,"stanger, jimmy",23048,"stanger, jimmy",51600,0.16102450022415135,0.1630365182539008,0.0572485571747239,0.09588348865725267,0.1597982707818309,0.16189293586997877,0.0566847430870224,0.09596276287571998,19.286562265302344,8.266187365071861,13.93855187306057,29.223431339433375,3.105609049812286,1.3476904072357028,0.797961983837763,2.802044547360562,3.0819592993214258,1.3382373409828077,0.7901032319295732,2.804361212040929,821.4285870910995,322.1786861886954,577.3258803758505,1257.235410247199,44.686819014379004,44.686819014379004,44.686819014379004,44.88452043783786,72.0,72.0,72.0,73.0,1399.0,589.0,1001.0,2116.0,0.9426229518509324,0.8656559285755286,0.920296608885252,0.9617513421010031,2026-09-20,2026-09-20,2026-09-20,2026-09-20,pga:R2026557,pga:R2026557,pga:R2026557,pga:R2026557,0.0,0.0,0.0,0.0
554,2026-10-01,pre_event_frozen_one_round_variance,"streelman, kevin",8480,"streelman, kevin",27214,0.1270775286294612,0.20096248880343376,0.03591365839165704,0.09664174993025892,0.12770758066123802,0.19469592624182294,0.03693414991218222,0.09668717365604201,19.81005002315012,7.024488083066011,13.870230090518886,29.06003967107154,2.517412198967918,1.411658607743007,0.4981307052845776,2.8084130868550994,2.529893561234604,1.3676392137071842,0.5122851574796853,2.809733102128364,947.9766077262609,320.5245888547304,648.7316953410211,1396.7549879904723,49.99998256280787,49.99997692747097,49.99998256280787,49.99998390361443,389.0,382.0,389.0,391.0,7709.0,2400.0,5449.0,11746.0,0.9498986252654584,0.8650561892409164,0.9284417748137257,0.9654398979681768,2026-09-20,2026-09-20,2026-09-20,2026-09-20,pga:R2026557,pga:R2026557,pga:R2026557,pga:R2026557,0.0,0.0,0.0,0.0
554,2026-10-01,pre_event_frozen_one_round_variance,"suber, jackson",29279,"suber, jackson",60019,0.13223969671019795,0.1551719225589927,0.05546360632619637,0.10306640174759947,0.13263361386951503,0.1550719348640072,0.05508321647967476,0.10288928231957466,18.819309678293997,6.374684638263654,13.995436783437885,29.317756497132564,2.488659804152891,0.9891720710266481,0.7762373961197668,3.0216756694717595,2.4960730531616733,0.9885346810034086,0.770913674069712,3.0164829252100165,890.9815656912392,273.9119019188877,645.2015910189504,1392.617514445887,49.21599995178738,49.18426098631994,49.21599995178738,49.21599995178738,121.0,120.0,121.0,121.0,2335.0,850.0,1706.0,3541.0,0.9468639962534544,0.8456370398747474,0.9280784154611679,0.9653407784812559,2026-09-20,2026-09-20,2026-09-20,2026-09-20,pga:R2026557,pga:R2026557,pga:R2026557,pga:R2026557,0.0,0.0,0.0,0.0
554,2026-10-01,pre_event_frozen_one_round_variance,"svensson, adam",13997,"svensson, adam",40115,0.12945687540646728,0.158256632978821,0.0573375124534767,0.10564526122489931,0.12997217857920582,0.15773151933443957,0.0568300266737104,0.10538392711490761,19.62641187498583,7.497956892755975,14.007511700481864,29.030877229743144,2.5407739567760506,1.1866014120679036,0.8031558765685994,3.0669746085241956,2.550887509084704,1.1826641325985336,0.7960472635706948,3.0593878500610825,939.3396305014363,305.39492724950196,655.7201347360201,1421.138087922865,49.9999718183992,49.99996692788098,49.9999718183992,49.999973985380606,377.0,373.0,377.0,379.0,7319.0,2514.0,5300.0,11271.0,0.9494612381244062,0.8593114415364237,0.929150384778659,0.9660127078413174,2026-09-20,2026-09-20,2026-09-20,2026-09-20,pga:R2026557,pga:R2026557,pga:R2026557,pga:R2026557,0.0,0.0,0.0,0.0
554,2026-10-01,pre_event_frozen_one_round_variance,"svensson, jesper",26850,"svensson, jesper",57586,0.15038484064458138,0.18049574232497276,0.07512707571498262,0.10849019775089036,0.14981395932654185,0.17697662065218406,0.07331245125224993,0.1081211272321698,18.989364801684886,7.580009830802793,13.968662686476305,29.357462311607634,2.8557125996432045,1.3681595012413412,1.049424779283958,3.184996891650623,2.8448719260364848,1.3414845243658118,1.0240769022614167,3.1741619178069587,889.9298846124983,319.0063355272385,637.5367998014112,1377.1131463105683,49.151248112303506,49.151248112303506,49.151248112303506,49.151248112303506,119.0,119.0,119.0,119.0,2270.0,929.0,1661.0,3428.0,0.9468045427445757,0.8645009714303151,0.927276619935919,0.9649642355763718,2026-09-20,2026-09-20,2026-09-20,2026-09-20,pga:R2026557,pga:R2026557,pga:R2026557,pga:R2026557,0.0,0.0,0.0,0.0
554,2026-10-01,pre_event_frozen_one_round_variance,"taylor, nick",13126,"taylor, nick",25493,0.13401575071243235,0.1539397756575584,0.05020165749638424,0.09624442914893427,0.13429924889424813,0.154015766041464,0.05019972809757127,0.09630490390358108,19.718632904065934,7.742368503022794,13.898426890220787,28.266055412149736,2.6426073916612665,1.1918584704134751,0.6977240664814007,2.7204503674344953,2.6481975882374615,1.1924468159683586,0.6976972508730565,2.7221597502003783,944.2430085786635,334.5241873862933,649.7957133549365,1365.1862445059417,49.99999971689685,49.9999997053416,49.99999971689685,49.99999972799895,492.0,491.0,492.0,493.0,9682.0,3356.0,6912.0,14541.0,0.9497104836859971,0.8699691680259116,0.9285505769100932,0.9646689612804599,2026-09-20,2026-09-20,2026-09-20,2026-09-20,pga:R2026557,pga:R2026557,pga:R2026557,pga:R2026557,0.0,0.0,0.0,0.0
554,2026-10-01,pre_event_frozen_one_round_variance,"thompson, davis",27364,"thompson, davis",58168,0.1427022306237979,0.1523520342644524,0.049972728486710465,0.09869806002888015,0.1425446593766762,0.15266527831133048,0.0499871208288362,0.09867260843198905,19.220587228760962,6.7137490676263925,14.028908624948528,29.213910422338042,2.742820671443471,1.0228533279939516,0.7010628416794235,2.8833562845422476,2.7397920595434244,1.0249563699216186,0.7012647505320043,2.8826127438705655,917.5490493226184,296.71755571477985,651.5026030383059,1407.610036807258,49.99964962564401,49.99957204071239,49.99964962564401,49.9996765670683,314.0,309.0,314.0,316.0,6056.0,2133.0,4410.0,9293.0,0.9483230333025442,0.8557904000652004,0.9287244269893754,0.9656972724271852,2026-09-20,2026-09-20,2026-09-20,2026-09-20,pga:R2026557,pga:R2026557,pga:R2026557,pga:R2026557,0.0,0.0,0.0,0.0
554,2026-10-01,pre_event_frozen_one_round_variance,"thompson, michael",12946,"thompson, michael",32150,0.13951492569230814,0.17616412133453818,0.037898931029432634,0.1037191334260098,0.1395219594510684,0.1728707477953612,0.03877947327952653,0.10352846295843635,19.598888371313585,6.831253943404498,13.902607231783074,30.146890485955712,2.7343374547756567,1.2034218485529524,0.5268939526066381,3.1268093566921458,2.73447530862843,1.1809239775763456,0.539135785660684,3.121061234987303,932.0263186078547,278.53763181048316,647.0547276561268,1461.2574936479834,49.9894976524387,49.98767534259589,49.9894976524387,49.9894976524387,229.0,225.0,229.0,229.0,4568.0,1416.0,3220.0,6935.0,0.9490848676327929,0.847810432782195,0.9282696207109492,0.9669149696791204,2026-09-20,2026-09-20,2026-09-20,2026-09-20,pga:R2026557,pga:R2026557,pga:R2026557,pga:R2026557,0.0,0.0,0.0,0.0
554,2026-10-01,pre_event_frozen_one_round_variance,"todd, brendon",12425,"todd, brendon",30927,0.16054359022808581,0.19020410733131826,0.04661348253403434,0.10287788390825889,0.159545983780737,0.18604309174901582,0.04686701735726687,0.10270220903235296,20.86918680353066,9.058858149528717,13.988766207837543,28.038989778770834,3.3504141745794023,1.7230320277721474,0.6520651093017251,2.8845919353652434,3.3295949392732735,1.6853379778540907,0.6556117486694704,2.87966618931533,997.0320168273478,378.7406302094074,652.3041680373827,1350.824652820405,49.999979536829464,49.999972923559696,49.999979536829464,49.99998033930657,385.0,378.0,385.0,386.0,7838.0,2473.0,5408.0,11293.0,0.9522459684169859,0.8833793756015641,0.9288057763636417,0.9643067389631311,2026-09-20,2026-09-20,2026-09-20,2026-09-20,pga:R2026557,pga:R2026557,pga:R2026557,pga:R2026557,0.0,0.0,0.0,0.0
554,2026-10-01,pre_event_frozen_one_round_variance,"tosti, alejandro",17032,"tosti, alejandro",38991,0.16192799600145263,0.16234562724479634,0.07270122652762068,0.1089001852239774,0.16076729548930296,0.16143417620186531,0.07109500412492632,0.10852468965940883,19.108885736962968,8.722196101745784,14.009855746086439,29.35797077802507,3.094263573207155,1.4160103970900368,1.0185336962155185,3.1970884555270462,3.0720838797456524,1.4080605423564516,0.9960307520576381,3.1860646677151636,909.5465562199171,379.06576472152284,651.2283197464654,1407.2868882348248,49.89320141370917,49.88884713303161,49.89320141370917,49.89738529587534,171.0,170.0,171.0,172.0,3267.0,1397.0,2400.0,5044.0,0.9478920541417267,0.8834677475783891,0.9286965477690948,0.965689665910215,2026-09-20,2026-09-20,2026-09-20,2026-09-20,pga:R2026557,pga:R2026557,pga:R2026557,pga:R2026557,0.0,0.0,0.0,0.0
554,2026-10-01,pre_event_frozen_one_round_variance,"van rooyen, erik",17550,"van rooyen, erik",40006,0.14939155669226206,0.1573691716410606,0.05493515092347844,0.09523341451285872,0.1488967793715355,0.1570065408940685,0.054595282169275575,0.0953287984612109,19.66404027482416,7.4453787256220405,13.99656072324582,28.943400921713117,2.937641587515318,1.1716730826051158,0.7689031757411396,2.756378897389362,2.927912266353481,1.1689731593562047,0.7641461820850053,2.7591396332480156,934.1279973409686,342.2713662163602,650.3434514939166,1377.2188882051084,49.99994654958438,49.99993471378129,49.999944367935974,49.999956239663945,361.0,356.0,360.0,366.0,6986.0,2464.0,5085.0,10744.0,0.9491936006951374,0.8725372170743094,0.9286064574554899,0.9649668313576758,2026-09-20,2026-09-20,2026-09-20,2026-09-20,pga:R2026557,pga:R2026557,pga:R2026557,pga:R2026557,0.0,0.0,0.0,0.0
554,2026-10-01,pre_event_frozen_one_round_variance,"vanderlaan, john",25319,"vanderlaan, john",55573,0.13960507073683764,0.131451851105902,0.04396994956159512,0.10303047650081584,0.13960809174792868,0.13557006936174967,0.044520699970498206,0.1028177283953641,19.456230416508106,6.733104245843984,13.837795003127159,29.66006997163709,2.716188423568826,0.8850790168052,0.6084471483311942,3.0558911422253088,2.7162472010567043,0.9128074096289601,0.6160683195874835,3.049581018531277,744.4638144373474,230.12511638138997,513.2954723332385,1142.5808981438684,39.66262520344582,39.66262520344582,39.66262520344582,39.66262520344582,54.0,54.0,54.0,54.0,1070.0,367.0,751.0,1613.0,0.9370644715449868,0.8215083293997635,0.9112366378645049,0.9580741230403573,2026-09-20,2026-09-20,2026-09-20,2026-09-20,pga:R2026557,pga:R2026557,pga:R2026557,pga:R2026557,0.0,0.0,0.0,0.0
554,2026-10-01,pre_event_frozen_one_round_variance,"ventura, kristoffer",15651,"ventura, kristoffer",35658,0.13289398858831636,0.17802943955906156,0.0452361570162074,0.08897752949173815,0.13324173102471756,0.17458225128872376,0.04558776380426232,0.0892849392990544,19.185688091481573,6.413102337176632,13.966223648783075,29.611871030878152,2.549662614288349,1.1417210149224637,0.6317782858998202,2.6347911279555074,2.5563342922093146,1.1196138437692724,0.6366889049382255,2.643894107523383,921.8520262249641,290.9338168638866,652.2755173645986,1410.3568692069216,49.96371130505842,49.96068969491724,49.96371130505842,49.96371130505842,198.0,196.0,198.0,198.0,3864.0,1371.0,2808.0,5904.0,0.9485518384993046,0.8533439702170645,0.9288028718591345,0.9657617935353339,2026-09-20,2026-09-20,2026-09-20,2026-09-20,pga:R2026557,pga:R2026557,pga:R2026557,pga:R2026557,0.0,0.0,0.0,0.0
554,2026-10-01,pre_event_frozen_one_round_variance,"walker, danny",25003,"walker, danny",54607,0.1555022202681859,0.18792873486642694,0.06486670806097061,0.10189119850321111,0.15467904419309259,0.18404522369417783,0.06380180494192748,0.10174926841298437,19.5278631831578,8.52444924867711,14.047163596417446,28.62030574748555,3.0366260820744015,1.601988962736953,0.9111932600935045,2.916157254139644,3.0205512123043308,1.5688841688424449,0.8962343917659705,2.9120951715625867,912.6827316169572,380.0818887191855,639.8305583967715,1336.2840958071813,48.83484044288884,48.83484044288884,48.83484044288884,48.83484044288884,111.0,111.0,111.0,111.0,2185.0,934.0,1560.0,3161.0,0.9480618085711185,0.8837430700722981,0.9275184327638304,0.9639323569020051,2026-09-20,2026-09-20,2026-09-20,2026-09-20,pga:R2026557,pga:R2026557,pga:R2026557,pga:R2026557,0.0,0.0,0.0,0.0
554,2026-10-01,pre_event_frozen_one_round_variance,"wallace, matt",20706,"wallace, matt",48887,0.13568962379512584,0.13105613611632244,0.05533947402955612,0.1087288329840649,0.13589639322144953,0.13408656757089368,0.054970511510668174,0.10835502602479044,18.983998178038757,6.809072524824129,14.008308271817391,29.20820709157926,2.5759315709054333,0.8923707356392623,0.7752124118062547,3.1757742706243013,2.5798568813180363,0.9130051631949462,0.7700438711009261,3.1648560395455396,908.4223093513876,337.20628902932486,649.9112334109147,1390.9500344401642,49.9998658610366,49.99983615797866,49.9998658610366,49.999871121381325,338.0,333.0,338.0,339.0,6586.0,2235.0,4781.0,10067.0,0.9478309305698054,0.8708698659690074,0.9285623696074539,0.965300670526424,2026-08-09,2026-08-09,2026-08-09,2026-08-09,pga:R2026013,pga:R2026013,pga:R2026013,pga:R2026013,0.0,0.0,0.0,0.0
554,2026-10-01,pre_event_frozen_one_round_variance,"whaley, vince",25908,"whaley, vince",51894,0.13545863444319864,0.1448544902826216,0.05972262503353478,0.09603893979206944,0.13567222008359664,0.14600457234369255,0.05904679064068687,0.09610741057363019,19.550258351314863,8.538203777363567,14.041161019982248,27.932814686583562,2.6482512992808513,1.2367971560991537,0.8385749946318846,2.6826379079078317,2.6524269537307634,1.2466167910972679,0.8290854950990652,2.6845504895606136,931.910105407741,370.39122748953474,656.3839409895633,1349.976845221746,49.999964173019926,49.99996118868288,49.999964173019926,49.99996692788098,371.0,369.0,371.0,373.0,7195.0,2720.0,5228.0,10909.0,0.9490788416122499,0.8810631698986994,0.9292169638936643,0.964285123592826,2026-09-20,2026-09-20,2026-09-20,2026-09-20,pga:R2026557,pga:R2026557,pga:R2026557,pga:R2026557,0.0,0.0,0.0,0.0
554,2026-10-01,pre_event_frozen_one_round_variance,"wise, aaron",22051,"wise, aaron",49964,0.1560819292935149,0.14661027942295135,0.0490935502201772,0.10452170788572186,0.1552398819285088,0.1477623369047926,0.049170247541378394,0.10430087836069155,19.43647958685176,6.974654153650646,14.059917691244559,29.657136413896104,3.033683232589842,1.0225559943451694,0.6902512752666726,3.0998145489802535,3.0173167961687386,1.0305911968461379,0.6913296332899004,3.0932653776322137,925.5304487332014,293.4680635192096,654.7857466871363,1436.5806367072796,49.99105054173515,49.98990946764729,49.99105054173515,49.99105054173515,233.0,230.0,233.0,233.0,4506.0,1407.0,3294.0,7140.0,0.9487458335463248,0.8544260578765467,0.9290564540570999,0.9663657666692416,2026-09-20,2026-09-20,2026-09-20,2026-09-20,pga:R2026557,pga:R2026557,pga:R2026557,pga:R2026557,0.0,0.0,0.0,0.0
554,2026-10-01,pre_event_frozen_one_round_variance,"wu, dylan",25002,"wu, dylan",54783,0.1305637726179331,0.14014969951797468,0.04499463912577268,0.10256363922844464,0.13102267370749093,0.14214983468653172,0.045364955725232255,0.10240840038423683,19.62114006193449,7.4746829955546525,13.895640785982913,29.366642200921216,2.5618100695510324,1.0475745758190995,0.6252293425866694,3.011949696046101,2.570814232103821,1.0625249521523237,0.6303751290298464,3.007390852452566,940.3332118429872,309.33768822142497,649.4035209058551,1434.0194426537355,49.998460538958334,49.99811965429346,49.998460538958334,49.99852090908662,277.0,272.0,277.0,278.0,5431.0,1812.0,3868.0,8305.0,0.949511942645091,0.8608551186281639,0.9285105114494693,0.9663077190480809,2026-09-20,2026-09-20,2026-09-20,2026-09-20,pga:R2026557,pga:R2026557,pga:R2026557,pga:R2026557,0.0,0.0,0.0,0.0
554,2026-10-01,pre_event_frozen_one_round_variance,"yellamaraju, sudarshan",29925,"yellamaraju, sudarshan",60386,0.1443495780841996,0.1587668103519447,0.06322295820961671,0.1014491906238413,0.14408026369160903,0.15816637742971767,0.06218478474573946,0.10131223423820351,19.704879801897288,7.290861096712882,14.049700590047625,29.17667152405881,2.84439108560374,1.1575467610441856,0.8882636332622081,2.959949711213445,2.839084277868822,1.153169088010335,0.8736776069342003,2.9559537797365687,821.9373707228932,303.29773942447207,578.4260226067884,1225.260237162188,44.26959998384483,44.26959998384483,44.26959998384483,44.26959998384483,70.0,70.0,70.0,70.0,1362.0,545.0,987.0,2005.0,0.9426564318965401,0.8584763092980702,0.920436140132145,0.9607923163108543,2026-08-16,2026-08-16,2026-08-16,2026-08-16,pga:R2026027,pga:R2026027,pga:R2026027,pga:R2026027,0.0,0.0,0.0,0.0
554,2026-10-01,pre_event_frozen_one_round_variance,"yu, kevin",17881,"yu, kevin",45242,0.14399825266825045,0.11980179463716345,0.044837576902457724,0.09576401402417108,0.14377008895115564,0.12467502280918202,0.04522008811472089,0.09583984482511913,18.841598245621494,7.080865295323416,13.825929731210469,28.596629394956672,2.713157224846668,0.8483003699637536,0.619921187571126,2.7385280184226537,2.7088582557549405,0.8828070422031923,0.6252097607132767,2.740696523734088,902.2066669588604,306.2564957677923,647.6366603707967,1395.3730645582568,49.99787988728968,49.997609547800394,49.99787988728968,49.99804290699115,269.0,266.0,269.0,271.0,5072.0,1828.0,3765.0,8062.0,0.9474903907576188,0.8596516818809391,0.9283294545137224,0.9654068550009397,2026-09-20,2026-09-20,2026-09-20,2026-09-20,pga:R2026557,pga:R2026557,pga:R2026557,pga:R2026557,0.0,0.0,0.0,0.0
