player_name,accuracy,course_x,dg_id,distance,gir,great_shots,poor_shots,position,prox_fw,prox_rgh,round,scrambling,sg_app,sg_arg,sg_bs,sg_ott,sg_putt,sg_t2g,sg_total,thru,total,course_name,event_name,last_updated,img_event_key,img_round_no,img_player_id,img_team_id,img_source_player_name,img_raw_model_id,img_round_strokes,img_total_strokes,img_valid_sg_strokes,img_complete,img_sg_ott_raw,img_sg_app_raw,img_sg_arg_raw,img_sg_putt_raw,img_sg_total_raw,img_sg_ott,img_sg_app,img_sg_arg,img_sg_putt,img_sg_bs,img_sg_t2g,img_sg_total,img_adjustment_method,img_course_id,img_signal_model_id,img_sg_ott_signal,img_sg_app_signal,img_sg_arg_signal,img_sg_putt_signal,img_sg_bs_signal,img_sg_t2g_signal,img_sg_total_signal,img_signal_status,r1_teetime,course_y,wind_adj1,dew_adj1,pred,fallback_source,fallback_history_rounds,fallback_last_round,fallback_cutoff,fallback_history_file,fallback_event_id,fallback_tourney,teetime_numeric,pos_6_10,sg_total_adj,player_wind_benefit,player_dew_benefit,residual,residual2,weather_signal,residual_w_adj,residual_adj,residual2_adj,ott_adj,putt_adj,tot_resid_adj,sg_adj_r1,total_adjustment,updated_pred,pin_high_adj,gravity_adj,base_pred
"bauchou, zach",0.86,BD,19846,310.5,0.94,5.0,1.0,1,18.93,21.23,-9.0,1.0,3.17,0.88,4.86,1.7,0.4,5.74,6.14,18.0,-9.0,Black Desert Resort,Bank of Utah Championship,2026-10-02 01:53:32 UTC,pga:R2026554,1.0,48001,,Zach Bauchou,db9dbb2fd635ea70d2b1a463378072ed10f63d1cb557dedd8d118e5ad3c6b40d,62.0,62.0,62.0,1.0,3.591781,5.131961,1.147824,0.461434,10.333,1.416786,3.346837,0.702079,0.4989,4.763623,5.465702,5.964602,field_mean_by_category_hole_v1,layout:eb02f5ced44ea95b3fe4c751,6cc8df05b5625c1875fcafa36456a24adf3498bba1f507c9a519f730bb9a0e9a,1.0467284778761066,3.1043512566371687,0.7655173194387753,0.6007677205202944,4.151079734513275,4.91659705395205,5.517364774472345,validated_pga_2020_2024_plus_2026,2026-10-01 12:52:00,,0.2660416666666667,0.0068815716666666,0.3311444837699574,,,,,,,,1790859120000000000,0.0,5.690984487591112,-0.0487268907563026,0.007082028571428479,5.317994684731518,28.28106746683268,0.7951050482686906,4.5228896364628275,0.27653572360603895,-0.03676538770688249,0.2125,-0.012,0.23977033589915647,0.20049999999999998,0.44027033589915643,0.7714148196691138,0.0,0.0,0.3311444837699574
"yellamaraju, sudarshan",0.79,BD,29925,318.0,0.72,8.0,4.0,2,26.67,26.61,-8.0,0.67,1.56,1.75,3.16,1.6,0.23,4.91,5.14,18.0,-8.0,Black Desert Resort,Bank of Utah Championship,2026-10-02 01:53:32 UTC,pga:R2026554,1.0,60386,,Sudarshan Yellamaraju,db9dbb2fd635ea70d2b1a463378072ed10f63d1cb557dedd8d118e5ad3c6b40d,63.0,63.0,63.0,1.0,3.7235,3.383364,2.037986,0.188151,9.333001,1.548505,1.59824,1.592241,0.225617,3.146745,4.738986,4.964603,field_mean_by_category_hole_v1,layout:eb02f5ced44ea95b3fe4c751,6cc8df05b5625c1875fcafa36456a24adf3498bba1f507c9a519f730bb9a0e9a,1.178447477876107,1.403254256637168,1.1320682207814214,0.32525220772435426,2.581701734513275,3.7137699552946963,4.039022163019051,validated_pga_2020_2024_plus_2026,2026-10-01 07:46:00,,0.375,-0.0084263616666664,-0.1220052599232442,,,,,,,,1790840760000000000,0.0,4.690984487591112,0.060231442577030725,-0.00822590476190452,4.864794828424721,23.666228722667906,-0.517617361461684,5.382412189886405,0.25296933107808545,-0.030766097339468276,0.2,-0.0069,0.22220323373861717,0.19310000000000002,0.3853032337386172,0.263297973815373,0.0,-0.03,-0.1520052599232442
"lipsky, david",0.86,BD,15980,295.6,0.61,5.0,3.0,2,27.09,,-8.0,1.0,0.26,2.03,-0.18,-0.44,3.29,1.85,5.14,18.0,-8.0,Black Desert Resort,Bank of Utah Championship,2026-10-02 01:53:32 UTC,pga:R2026554,1.0,36326,,David Lipsky,db9dbb2fd635ea70d2b1a463378072ed10f63d1cb557dedd8d118e5ad3c6b40d,63.0,63.0,63.0,1.0,2.39079,1.055035,2.593784,3.29339,9.332999,0.215795,-0.730089,2.148039,3.330856,-0.514294,1.633745,4.964601,field_mean_by_category_hole_v1,layout:eb02f5ced44ea95b3fe4c751,6cc8df05b5625c1875fcafa36456a24adf3498bba1f507c9a519f730bb9a0e9a,-0.15426252212389358,-0.972574743362832,1.6935596062909037,2.8878673167922635,-1.1268372654867256,0.5667223408041782,3.4545896575964417,validated_pga_2020_2024_plus_2026,2026-10-01 07:57:00,,0.375,-0.0068056949999998,-0.5549663407481865,,,,,,,,1790841420000000000,0.0,4.690984487591112,0.060231442577030725,-0.006605238095237921,5.299376575916329,28.08339209337068,-0.08529685984250635,5.3846734357588355,0.3630072954502686,-0.13760862125751633,-0.0484,-0.23030000000000003,0.22539867419275228,-0.27870000000000006,-0.08330132580724778,-0.6382676665554343,0.0,-0.03,-0.5849663407481865
"jaeger, stephan",0.86,BD,16394,292.9,0.67,7.0,2.0,2,22.19,27.22,-8.0,1.0,2.31,0.37,3.24,0.93,1.53,3.61,5.14,18.0,-8.0,Black Desert Resort,Bank of Utah Championship,2026-10-02 01:53:32 UTC,pga:R2026554,1.0,36799,,Stephan Jaeger,db9dbb2fd635ea70d2b1a463378072ed10f63d1cb557dedd8d118e5ad3c6b40d,63.0,63.0,63.0,1.0,2.968285,3.93646,0.961911,1.466343,9.332999,0.79329,2.151336,0.516166,1.503809,2.944626,3.460792,4.964601,field_mean_by_category_hole_v1,layout:eb02f5ced44ea95b3fe4c751,6cc8df05b5625c1875fcafa36456a24adf3498bba1f507c9a519f730bb9a0e9a,0.42323247787610585,1.908850256637169,0.5844506778689279,1.4064742538555515,2.332082734513275,2.916533412382203,4.323007666237754,validated_pga_2020_2024_plus_2026,2026-10-01 08:19:00,,0.3738125000000001,-0.0039842616666666,-0.0718491293056922,,,,,,,,1790842740000000000,0.0,4.690984487591112,0.05904394257703083,-0.0037838047619047207,4.817893297807168,23.21209582905523,0.2918918637976471,4.526001434009521,0.25053045148597275,-0.030175724577771797,0.11625,-0.045899999999999996,0.22035472690820096,0.07035000000000001,0.260704726908201,0.18885559760250878,0.0,-0.03,-0.1018491293056922
"fisk, steven",1.0,BD,26657,312.6,0.89,4.0,2.0,2,23.82,,-8.0,0.4,1.06,-0.32,2.71,1.65,2.75,2.39,5.14,18.0,-8.0,Black Desert Resort,Bank of Utah Championship,2026-10-02 01:53:32 UTC,pga:R2026554,1.0,57123,,Steven Fisk,db9dbb2fd635ea70d2b1a463378072ed10f63d1cb557dedd8d118e5ad3c6b40d,63.0,63.0,63.0,1.0,3.498,3.134917,0.147866,2.552216,9.332999,1.323005,1.349793,-0.297879,2.589682,2.672798,2.374919,4.964601,field_mean_by_category_hole_v1,layout:eb02f5ced44ea95b3fe4c751,6cc8df05b5625c1875fcafa36456a24adf3498bba1f507c9a519f730bb9a0e9a,0.9529474778761058,1.1073072566371684,-0.12782008624324387,1.8638743821711001,2.0602547345132742,1.9324346482700303,3.7963090304411304,validated_pga_2020_2024_plus_2026,2026-10-01 08:30:00,,0.3719791666666668,-0.0030118616666665,0.1086096401706609,,,,,,,,1790843400000000000,0.0,4.690984487591112,0.05721060924369753,-0.002811404761904621,4.636573594997482,21.49781470182787,0.298615197009515,4.337958397987967,0.24110182693986904,-0.02794715911237623,0.20625,-0.08249999999999999,0.21315466782749282,0.12375,0.3069046678274928,0.4155143079981537,0.0,-0.03,0.0786096401706609
"smith, jordan",1.0,BD,18586,299.9,0.78,4.0,1.0,2,26.58,,-8.0,1.0,1.57,1.13,2.98,1.41,1.03,4.11,5.14,18.0,-8.0,Black Desert Resort,Bank of Utah Championship,2026-10-02 01:53:32 UTC,pga:R2026554,1.0,46464,,Jordan Smith,db9dbb2fd635ea70d2b1a463378072ed10f63d1cb557dedd8d118e5ad3c6b40d,63.0,63.0,63.0,1.0,3.331921,3.251538,1.452217,1.297324,9.333,1.156926,1.466414,1.006472,1.33479,2.62334,3.629812,4.964602,field_mean_by_category_hole_v1,layout:eb02f5ced44ea95b3fe4c751,6cc8df05b5625c1875fcafa36456a24adf3498bba1f507c9a519f730bb9a0e9a,0.7868684778761064,0.2239282566371683,1.0245998916203112,1.2799276277441871,1.0107967345132747,2.035396626133586,3.315324253877773,validated_pga_2020_2024_plus_2026,2026-10-01 12:30:00,,0.2752083333333334,0.0058281383333335,0.5472340075454111,,,,,,,,1790857800000000000,0.0,4.690984487591112,-0.03956022408963589,0.006028595238095379,4.110018394289399,16.892251201397208,0.8535089401721314,3.256509454117267,0.19892489028360688,-0.0033784502402794416,0.0,0.0,0.19554644004332744,0.0,0.19554644004332744,0.7427804475887385,0.0,0.0,0.5472340075454111
"roy, kevin",1.0,BD,18424,302.9,0.72,5.0,1.0,2,30.43,,-8.0,1.0,1.26,1.11,2.42,1.15,1.62,3.52,5.14,18.0,-8.0,Black Desert Resort,Bank of Utah Championship,2026-10-02 01:53:32 UTC,pga:R2026554,1.0,39335,,Kevin Roy,db9dbb2fd635ea70d2b1a463378072ed10f63d1cb557dedd8d118e5ad3c6b40d,63.0,63.0,63.0,1.0,2.992722,3.139386,1.659453,1.541437,9.332998,0.817727,1.354262,1.213708,1.578903,2.171989,3.385697,4.9646,field_mean_by_category_hole_v1,layout:eb02f5ced44ea95b3fe4c751,6cc8df05b5625c1875fcafa36456a24adf3498bba1f507c9a519f730bb9a0e9a,0.447669477876107,0.11177625663716828,1.1829358782860044,1.2213815914339516,0.5594457345132753,1.7423816127992797,2.9637632042332314,validated_pga_2020_2024_plus_2026,2026-10-01 12:41:00,,0.2706250000000001,0.0065034161111112,0.357931464389108,,,,,,,,1790858460000000000,0.0,4.690984487591112,-0.04414355742296916,0.006703873015873079,4.295412881890146,18.450571825907804,0.8417699261759669,3.453642955714179,0.22336146985828756,-0.023985743373680146,0.14375,-0.048600000000000004,0.1993757264846074,0.09514999999999998,0.2945257264846074,0.6524571908737153,0.0,0.0,0.357931464389108
"streelman, kevin",0.86,BD,8480,297.9,0.72,6.0,0.0,2,20.04,96.03,-8.0,0.88,1.45,1.28,1.65,0.2,2.21,2.93,5.14,18.0,-8.0,Black Desert Resort,Bank of Utah Championship,2026-10-02 01:53:32 UTC,pga:R2026554,1.0,27214,,Kevin Streelman,db9dbb2fd635ea70d2b1a463378072ed10f63d1cb557dedd8d118e5ad3c6b40d,63.0,63.0,63.0,1.0,2.0975,3.24441,1.835347,2.155744,9.333001,-0.077495,1.459286,1.389602,2.19321,1.381791,2.771393,4.964603,field_mean_by_category_hole_v1,layout:eb02f5ced44ea95b3fe4c751,6cc8df05b5625c1875fcafa36456a24adf3498bba1f507c9a519f730bb9a0e9a,-0.4475525221238934,1.2168002566371676,1.3849123109975894,2.1478299431119874,0.7692477345132742,2.1541600455108636,4.301989988622851,validated_pga_2020_2024_plus_2026,2026-10-01 13:14:00,,0.2575069444444445,0.0066347883333337,-0.5319862261614885,,,,,,,,1790860440000000000,0.0,4.690984487591112,-0.05726161297852478,0.006835245238095579,5.17234388910741,26.753141307186763,0.5802850394358747,4.592058849671535,0.3543055564038576,-0.13109039240521514,0.022000000000000002,-0.1547,0.22321516399864244,-0.1327,0.06051516399864243,-0.47147106216284607,0.0,-0.03,-0.5619862261614885
"dunlap, nick",1.0,BD,28270,278.1,0.72,5.0,3.0,2,20.36,,-8.0,0.86,2.48,0.35,2.5,0.01,2.29,2.85,5.14,18.0,-8.0,Black Desert Resort,Bank of Utah Championship,2026-10-02 01:53:32 UTC,pga:R2026554,1.0,59866,,Nick Dunlap,db9dbb2fd635ea70d2b1a463378072ed10f63d1cb557dedd8d118e5ad3c6b40d,63.0,63.0,63.0,1.0,1.948815,4.278549,0.828265,2.277369,9.332998,-0.22618,2.493425,0.38252,2.314835,2.267245,2.649765,4.9646,field_mean_by_category_hole_v1,layout:eb02f5ced44ea95b3fe4c751,6cc8df05b5625c1875fcafa36456a24adf3498bba1f507c9a519f730bb9a0e9a,-0.5962375221238936,2.250939256637169,0.4125650884114572,1.8725426896281543,1.6547017345132755,2.067266822924733,3.939809512552887,validated_pga_2020_2024_plus_2026,2026-10-01 13:25:00,,0.254375,0.0058649716666671,-1.4416568766424096,,,,,,,,1790861100000000000,0.0,4.690984487591112,-0.06039355742296926,0.006065428571428979,6.078112778477219,36.94345494788806,0.40377357786787343,5.674339200609345,0.4163507253256895,-0.18102292924465146,0.0011,-0.16030000000000003,0.23532779608103804,-0.15920000000000004,0.04612779608103801,-1.3955290805613716,0.0,-0.03,-1.4716568766424096
"smotherman, austin",0.86,BD,22985,311.0,0.78,6.0,2.0,2,23.21,6.72,-8.0,1.0,1.9,0.51,2.51,0.61,2.11,3.03,5.14,18.0,-8.0,Black Desert Resort,Bank of Utah Championship,2026-10-02 01:53:32 UTC,pga:R2026554,1.0,50095,,Austin Smotherman,db9dbb2fd635ea70d2b1a463378072ed10f63d1cb557dedd8d118e5ad3c6b40d,63.0,63.0,63.0,1.0,2.6415,3.393341,1.1306,2.167561,9.333002,0.466505,1.608217,0.684855,2.205027,2.074722,2.759577,4.964604,field_mean_by_category_hole_v1,layout:eb02f5ced44ea95b3fe4c751,6cc8df05b5625c1875fcafa36456a24adf3498bba1f507c9a519f730bb9a0e9a,0.09644747787610664,1.3657312566371682,0.7680674963272905,1.7583744035497566,1.4621787345132748,2.2302462308405655,3.988620634390322,validated_pga_2020_2024_plus_2026,2026-10-01 13:36:00,,0.2520833333333333,0.004649471666667,-0.009627855733443,,,,,,,,1790861760000000000,0.0,4.690984487591112,-0.06268522408963595,0.004849928571428879,4.642576590901586,21.553517402387396,0.17562359110383463,4.466952999797751,0.24141398272688247,-0.028019572623103613,0.07625,-0.0633,0.21339441010377885,0.012950000000000003,0.19634441010377887,0.18671655437033588,0.0,-0.03,-0.039627855733443
"higgo, garrick",0.79,BD,24342,301.2,0.83,5.0,2.0,11,23.14,48.84,-7.0,0.75,2.94,1.38,1.21,-1.74,1.55,2.59,4.14,18.0,-7.0,Black Desert Resort,Bank of Utah Championship,2026-10-02 01:53:32 UTC,pga:R2026554,1.0,54421,,Garrick Higgo,db9dbb2fd635ea70d2b1a463378072ed10f63d1cb557dedd8d118e5ad3c6b40d,64.0,64.0,64.0,1.0,0.7,4.398588,1.784361,1.450054,8.333003,-1.474995,2.613464,1.338616,1.48752,1.138469,2.477085,3.964605,field_mean_by_category_hole_v1,layout:eb02f5ced44ea95b3fe4c751,6cc8df05b5625c1875fcafa36456a24adf3498bba1f507c9a519f730bb9a0e9a,-0.8450525221238938,2.3709782566371684,0.8443229055987883,1.187371647594837,1.5259257345132746,2.370248640112063,3.5576202877069,validated_pga_2020_2024_plus_2026,2026-10-01 08:08:00,,0.3748055555555556,-0.0052537838888887,-0.6400271699981926,,,,,,,,1790842080000000000,0.0,3.690984487591112,0.06003699813258634,-0.005053326984126821,4.385794871833003,19.235196657796667,0.17423036337878828,4.211564508454215,0.3004269487205607,-0.09425246362320366,-0.1914,-0.10850000000000001,0.20617448509735703,-0.2999,-0.09372551490264297,-0.7337526849008356,0.0,0.0,-0.6400271699981926
"brennan, michael",0.93,BD,29197,310.6,0.89,4.0,1.0,11,24.26,,-7.0,0.5,2.65,-1.76,4.53,1.88,1.37,2.77,4.14,18.0,-7.0,Black Desert Resort,Bank of Utah Championship,2026-10-02 01:53:32 UTC,pga:R2026554,1.0,61522,,Michael Brennan,db9dbb2fd635ea70d2b1a463378072ed10f63d1cb557dedd8d118e5ad3c6b40d,64.0,64.0,64.0,1.0,3.875959,4.559916,-1.401732,1.298856,8.332999,1.700964,2.774792,-1.847477,1.336322,4.475756,2.628279,3.964601,field_mean_by_category_hole_v1,layout:eb02f5ced44ea95b3fe4c751,6cc8df05b5625c1875fcafa36456a24adf3498bba1f507c9a519f730bb9a0e9a,1.3309064778761068,2.5323062566371677,-1.6456225835720062,1.1884931553537235,3.8632127345132745,2.2175901509412683,3.406083306294992,validated_pga_2020_2024_plus_2026,2026-10-01 08:08:00,,0.3748055555555556,-0.0052537838888887,0.909274174512555,,,,,,,,1790842080000000000,0.0,3.690984487591112,0.06003699813258634,-0.005053326984126821,2.836493527322255,8.04569553054105,0.17423036337878828,2.662263163943467,0.13728628672239715,-0.00160913910610821,0.0,0.0,0.13567714761628893,0.0,0.13567714761628893,1.044951322128844,0.0,0.0,0.909274174512555
"hoey, rico",1.0,BD,23504,309.4,0.78,4.0,2.0,11,27.36,,-7.0,0.67,0.66,-0.31,2.34,1.68,2.1,2.04,4.14,18.0,-7.0,Black Desert Resort,Bank of Utah Championship,2026-10-02 01:53:32 UTC,pga:R2026554,1.0,51696,,Rico Hoey,db9dbb2fd635ea70d2b1a463378072ed10f63d1cb557dedd8d118e5ad3c6b40d,64.0,64.0,64.0,1.0,3.663161,2.541051,0.13002,1.998767,8.332999,1.488166,0.755927,-0.315725,2.036233,2.244093,1.928368,3.964601,field_mean_by_category_hole_v1,layout:eb02f5ced44ea95b3fe4c751,6cc8df05b5625c1875fcafa36456a24adf3498bba1f507c9a519f730bb9a0e9a,1.1181084778761061,0.5134412566371678,-0.1919236746164965,1.7806362524160804,1.631549734513274,1.4396260598967774,3.2202623123128578,validated_pga_2020_2024_plus_2026,2026-10-01 08:41:00,,0.3693055555555558,-0.0023365838888886,0.2810485992829282,,,,,,,,1790844060000000000,0.0,3.690984487591112,0.0545369981325865,-0.002136126984126721,3.462136302551882,11.986387777447616,0.22532791860984003,3.2368083839420416,0.18003108773269785,-0.015582304110681901,0.21,-0.063,0.16444878362201595,0.147,0.31144878362201595,0.5924973829049441,0.0,0.0,0.2810485992829282
"vanderlaan, john",0.93,BD,25319,295.6,0.89,5.0,2.0,11,21.84,,-7.0,0.6,1.78,0.43,2.28,0.5,1.43,2.71,4.14,18.0,-7.0,Black Desert Resort,Bank of Utah Championship,2026-10-02 01:53:32 UTC,pga:R2026554,1.0,55573,,John VanDerLaan,db9dbb2fd635ea70d2b1a463378072ed10f63d1cb557dedd8d118e5ad3c6b40d,64.0,64.0,64.0,1.0,2.2745,3.832805,0.788684,1.43701,8.332999,0.099505,2.047681,0.342939,1.474476,2.147186,2.490125,3.964601,field_mean_by_category_hole_v1,layout:eb02f5ced44ea95b3fe4c751,6cc8df05b5625c1875fcafa36456a24adf3498bba1f507c9a519f730bb9a0e9a,-0.2705525221238938,1.8051952566371674,0.05307176879729103,1.0697084768551588,1.5346427345132736,1.5877145033105646,2.657422980165723,validated_pga_2020_2024_plus_2026,2026-10-01 09:14:00,,0.3568750000000004,-0.0018700283333331,-0.3710529363272226,,,,,,,,1790846040000000000,0.0,3.690984487591112,0.04210644257703111,-0.001669571428571221,4.102273838162033,16.82865064326866,-0.1653220303039844,4.267595868466017,0.21331823958442572,-0.021877245836249257,0.0625,-0.042899999999999994,0.19144099374817647,0.019600000000000006,0.21104099374817648,-0.1600119425790461,0.0,0.0,-0.3710529363272226
"bezuidenhout, christiaan",0.93,BD,18103,292.1,0.83,5.0,1.0,11,21.26,,-7.0,1.0,2.72,0.36,1.11,-1.61,2.67,1.47,4.14,18.0,-7.0,Black Desert Resort,Bank of Utah Championship,2026-10-02 01:53:32 UTC,pga:R2026554,1.0,45522,,Christiaan Bezuidenhout,db9dbb2fd635ea70d2b1a463378072ed10f63d1cb557dedd8d118e5ad3c6b40d,64.0,64.0,64.0,1.0,0.5365,4.418817,0.738937,2.638746,8.333,-1.638495,2.633693,0.293192,2.676212,0.995198,1.28839,3.964602,field_mean_by_category_hole_v1,layout:eb02f5ced44ea95b3fe4c751,6cc8df05b5625c1875fcafa36456a24adf3498bba1f507c9a519f730bb9a0e9a,-1.0085525221238936,2.391207256637167,0.4465039520046964,2.4018548392798644,1.3826547345132736,1.82915868651797,4.2310135257978345,validated_pga_2020_2024_plus_2026,2026-10-01 12:52:00,,0.2660416666666667,0.0068815716666666,0.3726062981984673,,,,,,,,1790859120000000000,0.0,3.690984487591112,-0.0487268907563026,0.007082028571428479,3.2765328703030088,10.735667650176074,0.7951050482686906,2.481427822034318,0.17037970925575646,-0.013956367945228896,-0.20125,-0.08009999999999999,0.15642334131052757,-0.28135,-0.12492665868947242,0.24767963950899488,0.0,0.0,0.3726062981984673
"taylor, nick",0.93,BD,13126,294.2,0.89,3.0,0.0,11,31.4,23.27,-7.0,0.5,0.68,0.02,1.36,0.68,2.76,1.38,4.14,18.0,-7.0,Black Desert Resort,Bank of Utah Championship,2026-10-02 01:53:32 UTC,pga:R2026554,1.0,25493,,Nick Taylor,db9dbb2fd635ea70d2b1a463378072ed10f63d1cb557dedd8d118e5ad3c6b40d,64.0,64.0,64.0,1.0,2.587815,2.974981,0.198601,2.571603,8.333,0.41282,1.189857,-0.247144,2.609069,1.602677,1.355533,3.964602,field_mean_by_category_hole_v1,layout:eb02f5ced44ea95b3fe4c751,6cc8df05b5625c1875fcafa36456a24adf3498bba1f507c9a519f730bb9a0e9a,0.04276247787610643,0.9473712566371684,-0.11768237591945496,2.0247192477699287,0.9901337345132748,0.8724513585938198,2.8971706063637486,validated_pga_2020_2024_plus_2026,2026-10-01 13:03:00,,0.2614791666666667,0.006958921666667,0.3866422303801105,,,,,,,,1790859780000000000,0.0,3.690984487591112,-0.05328939075630257,0.007159378571428879,3.2580117881213666,10.614640811537784,0.70933614112907,2.5486756469922964,0.16941661298231106,-0.013799033054999119,0.085,-0.08279999999999998,0.15561757992731196,0.0022000000000000214,0.157817579927312,0.5444598103074225,0.0,0.0,0.3866422303801105
"ghim, doug",0.93,BD,24550,304.8,0.83,6.0,0.0,17,26.52,10.16,-6.0,0.8,1.79,0.19,3.65,1.85,-0.7,3.84,3.14,18.0,-6.0,Black Desert Resort,Bank of Utah Championship,2026-10-02 01:53:32 UTC,pga:R2026554,1.0,52375,,Doug Ghim,db9dbb2fd635ea70d2b1a463378072ed10f63d1cb557dedd8d118e5ad3c6b40d,65.0,65.0,65.0,1.0,3.819461,3.723844,0.513312,-0.723617,7.333,1.644466,1.93872,0.067567,-0.686151,3.583186,3.650753,2.964602,field_mean_by_category_hole_v1,layout:eb02f5ced44ea95b3fe4c751,6cc8df05b5625c1875fcafa36456a24adf3498bba1f507c9a519f730bb9a0e9a,1.274408477876107,1.696234256637168,0.11469830513569534,-0.904748540188098,2.970642734513275,3.08534103964897,2.180592499460872,validated_pga_2020_2024_plus_2026,2026-10-01 07:35:00,,0.375,-0.0100470283333332,0.9140064360714898,,,,,,,,1790840100000000000,0.0,2.6909844875911126,0.060231442577030725,-0.009846571428571321,1.8271624657633205,3.3385226762942977,-1.1536586970741904,2.980821162837511,0.08843466334294471,-0.0006677045352588596,0.0,-0.0,0.08776695880768585,0.0,0.08776695880768585,1.0017733948791756,0.0,0.0,0.9140064360714898
"james, ben",0.86,BD,29827,301.9,0.83,5.0,3.0,17,35.41,46.33,-6.0,1.0,-1.42,2.18,-1.37,0.05,2.33,0.81,3.14,18.0,-6.0,Black Desert Resort,Bank of Utah Championship,2026-10-02 01:53:32 UTC,pga:R2026554,1.0,57869,,Ben James,db9dbb2fd635ea70d2b1a463378072ed10f63d1cb557dedd8d118e5ad3c6b40d,65.0,65.0,65.0,1.0,2.4185,0.140415,2.654741,2.119344,7.333,0.243505,-1.644709,2.208996,2.15681,-1.401204,0.807792,2.964602,field_mean_by_category_hole_v1,layout:eb02f5ced44ea95b3fe4c751,6cc8df05b5625c1875fcafa36456a24adf3498bba1f507c9a519f730bb9a0e9a,-0.12655252212389412,-2.0061117433628315,1.6653443555277265,1.9745531134481102,-2.1326642654867256,-0.4673199099589991,1.5072332034891112,validated_pga_2020_2024_plus_2026,2026-10-01 08:08:00,,0.3748055555555556,-0.0052537838888887,1.06671864164131,,,,,,,,1790842080000000000,0.0,2.6909844875911126,0.06003699813258634,-0.005053326984126821,1.6790490601935004,2.819205746536677,0.17423036337878828,1.5048186968147121,0.07471768317861077,0.04792649769112351,0.0,0.0,0.12264418086973428,0.0,0.12264418086973428,1.1893628225110442,0.0,0.0,1.06671864164131
"mcgreevy, max",0.93,BD,23505,296.3,0.83,4.0,2.0,17,24.05,,-6.0,1.0,0.96,-0.17,2.18,1.22,1.13,2.01,3.14,18.0,-6.0,Black Desert Resort,Bank of Utah Championship,2026-10-02 01:53:32 UTC,pga:R2026554,1.0,51950,,Max McGreevy,db9dbb2fd635ea70d2b1a463378072ed10f63d1cb557dedd8d118e5ad3c6b40d,65.0,65.0,65.0,1.0,3.111149,2.942958,0.337573,0.941321,7.333001,0.936154,1.157834,-0.108172,0.978787,2.093988,1.985816,2.964603,field_mean_by_category_hole_v1,layout:eb02f5ced44ea95b3fe4c751,6cc8df05b5625c1875fcafa36456a24adf3498bba1f507c9a519f730bb9a0e9a,0.5660964778761062,0.9153482566371687,0.07488030277710683,0.5142043663120067,1.4814447345132749,1.5563250372903816,2.0705294036023885,validated_pga_2020_2024_plus_2026,2026-10-01 08:30:00,,0.3719791666666668,-0.0030118616666665,0.0050264393125284,,,,,,,,1790843400000000000,0.0,2.6909844875911126,0.05721060924369753,-0.002811404761904621,2.7401567958556154,7.508459265873713,0.298615197009515,2.4415415988461007,0.142488153384492,-0.009760997045635825,0.1525,-0.03389999999999999,0.13272715633885618,0.11860000000000001,0.25132715633885616,0.25635359565138455,0.0,0.0,0.0050264393125284
"dahmen, joel",0.93,BD,14509,300.6,0.72,5.0,3.0,17,27.68,40.01,-6.0,0.83,1.01,0.93,2.35,1.34,-0.14,3.28,3.14,18.0,-6.0,Black Desert Resort,Bank of Utah Championship,2026-10-02 01:53:32 UTC,pga:R2026554,1.0,34076,,Joel Dahmen,db9dbb2fd635ea70d2b1a463378072ed10f63d1cb557dedd8d118e5ad3c6b40d,65.0,65.0,65.0,1.0,3.255978,2.974416,1.315842,-0.213237,7.332999,1.080983,1.189292,0.870097,-0.175771,2.270275,3.140372,2.964601,field_mean_by_category_hole_v1,layout:eb02f5ced44ea95b3fe4c751,6cc8df05b5625c1875fcafa36456a24adf3498bba1f507c9a519f730bb9a0e9a,0.7109254778761067,0.946806256637168,0.9254402877698965,-0.05936786857985432,1.6577317345132747,2.583172022283171,2.523804153703317,validated_pga_2020_2024_plus_2026,2026-10-01 08:41:00,,0.3693055555555558,-0.0023365838888886,-0.1033374383291653,,,,,,,,1790844060000000000,0.0,2.6909844875911126,0.0545369981325865,-0.002136126984126721,2.846522340163976,8.102689433052598,0.22532791860984003,2.6211944215541356,0.14801916168852675,-0.010533496262968378,0.1675,0.004200000000000001,0.13748566542555837,0.17170000000000002,0.30918566542555836,0.20584822709639305,0.0,0.0,-0.1033374383291653
"ford, david",0.86,BD,31343,299.7,0.78,4.0,3.0,17,27.08,,-6.0,0.8,0.2,0.02,1.54,1.34,1.59,1.55,3.14,18.0,-6.0,Black Desert Resort,Bank of Utah Championship,2026-10-02 01:53:32 UTC,pga:R2026554,1.0,65256,,David Ford,db9dbb2fd635ea70d2b1a463378072ed10f63d1cb557dedd8d118e5ad3c6b40d,65.0,65.0,65.0,1.0,3.40554,2.120207,0.269408,1.537847,7.333002,1.230545,0.335083,-0.176337,1.575313,1.565628,1.389291,2.964604,field_mean_by_category_hole_v1,layout:eb02f5ced44ea95b3fe4c751,6cc8df05b5625c1875fcafa36456a24adf3498bba1f507c9a519f730bb9a0e9a,1.6739874778761061,0.09259725663716845,-0.08947798089649553,1.241288290969472,1.7665847345132746,1.677106753616779,2.918395044586251,validated_pga_2020_2024_plus_2026,2026-10-01 09:03:00,,0.3614583333333337,-0.0018700283333331,-0.1523498113846017,,,,,,,,1790845380000000000,0.0,2.6909844875911126,0.04668977591036444,-0.001669571428571221,2.8881540465527458,8.341433796619,-0.03756825064235647,2.9257222971951022,0.15018401042074278,-0.0108438639356047,0.1675,-0.0477,0.1393401464851381,0.11980000000000002,0.2591401464851381,0.1067903351005364,0.0,0.0,-0.1523498113846017
"van rooyen, erik",0.86,BD,17550,300.9,0.89,4.0,0.0,17,23.37,26.07,-6.0,0.75,2.31,-0.0,3.21,0.89,-0.07,3.21,3.14,18.0,-6.0,Black Desert Resort,Bank of Utah Championship,2026-10-02 01:53:32 UTC,pga:R2026554,1.0,40006,,Erik van Rooyen,db9dbb2fd635ea70d2b1a463378072ed10f63d1cb557dedd8d118e5ad3c6b40d,65.0,65.0,65.0,1.0,2.77331,4.202409,0.403829,-0.046545,7.333003,0.598315,2.417285,-0.041916,-0.009079,3.0156,2.973684,2.964605,field_mean_by_category_hole_v1,layout:eb02f5ced44ea95b3fe4c751,6cc8df05b5625c1875fcafa36456a24adf3498bba1f507c9a519f730bb9a0e9a,0.2282574778761064,2.1747992566371677,0.08999419848613233,0.1726908074099236,2.403056734513274,2.4930509329994064,2.66574174040933,validated_pga_2020_2024_plus_2026,2026-10-01 12:52:00,,0.2660416666666667,0.0068815716666666,-0.6014436587311803,,,,,,,,1790859120000000000,0.0,2.6909844875911126,-0.0487268907563026,0.007082028571428479,3.250582827232657,10.566288716699855,0.7951050482686906,2.4554777789639664,0.22266492366543703,-0.051774814711829285,0.0979,0.004900000000000001,0.17089010895360773,0.1028,0.27369010895360774,-0.3277535497775726,0.0,0.0,-0.6014436587311803
"homa, max",0.86,BD,17538,293.9,0.89,4.0,1.0,17,26.83,78.13,-6.0,0.67,1.16,-0.29,2.04,0.88,1.39,1.75,3.14,18.0,-6.0,Black Desert Resort,Bank of Utah Championship,2026-10-02 01:53:32 UTC,pga:R2026554,1.0,39977,,Max Homa,db9dbb2fd635ea70d2b1a463378072ed10f63d1cb557dedd8d118e5ad3c6b40d,65.0,65.0,65.0,1.0,2.549211,3.754707,0.069708,0.959375,7.333001,0.374216,1.969583,-0.376037,0.996841,2.343799,1.967762,2.964603,field_mean_by_category_hole_v1,layout:eb02f5ced44ea95b3fe4c751,6cc8df05b5625c1875fcafa36456a24adf3498bba1f507c9a519f730bb9a0e9a,0.00415847787610657,1.7270972566371685,-0.19538628149936893,1.0508104184528357,1.731255734513275,1.535869453013906,2.5866798714667416,validated_pga_2020_2024_plus_2026,2026-10-01 13:03:00,,0.2614791666666667,0.006958921666667,0.1963912243556738,,,,,,,,1790859780000000000,0.0,2.6909844875911126,-0.05328939075630257,0.007159378571428879,2.4482627941458035,5.993990709198617,0.70933614112907,1.7389266530167335,0.12730966529558177,-0.007792187921958202,0.11,-0.041699999999999994,0.11951747737362357,0.0683,0.1878174773736236,0.3842087017292974,0.0,0.0,0.1963912243556738
"grillo, emiliano",0.86,BD,12808,294.5,0.78,5.0,4.0,17,16.8,32.83,-6.0,0.6,3.29,-0.52,3.22,-0.07,0.44,2.7,3.14,18.0,-6.0,Black Desert Resort,Bank of Utah Championship,2026-10-02 01:53:32 UTC,pga:R2026554,1.0,31646,,Emiliano Grillo,db9dbb2fd635ea70d2b1a463378072ed10f63d1cb557dedd8d118e5ad3c6b40d,65.0,65.0,65.0,1.0,1.818,5.308065,-0.11013,0.317064,7.332999,-0.356995,3.522941,-0.555875,0.35453,3.165946,2.610071,2.964601,field_mean_by_category_hole_v1,layout:eb02f5ced44ea95b3fe4c751,6cc8df05b5625c1875fcafa36456a24adf3498bba1f507c9a519f730bb9a0e9a,-0.7270525221238939,3.2804552566371683,-0.3716157453188514,0.22414385451038887,2.5534027345132744,2.181786989194423,2.405930843704812,validated_pga_2020_2024_plus_2026,2026-10-01 13:25:00,,0.254375,0.0058649716666671,0.2938036510003007,,,,,,,,1790861100000000000,0.0,2.6909844875911126,-0.06039355742296926,0.006065428571428979,2.34265225083451,5.488019568339995,0.40377357786787343,1.9388786729666363,0.12181791704339451,-0.007134425438841993,-0.00875,-0.0132,0.11468349160455252,-0.02195,0.09273349160455252,0.3865371426048532,0.0,0.0,0.2938036510003007
"ewart, a.j.",1.0,BD,21883,299.8,0.78,3.0,0.0,17,27.22,,-6.0,1.0,0.21,0.24,1.57,1.37,1.33,1.81,3.14,18.0,-6.0,Black Desert Resort,Bank of Utah Championship,2026-10-02 01:53:32 UTC,pga:R2026554,1.0,50286,,A.J. Ewart,db9dbb2fd635ea70d2b1a463378072ed10f63d1cb557dedd8d118e5ad3c6b40d,65.0,65.0,65.0,1.0,3.367738,2.307166,0.459977,1.19812,7.333001,1.192743,0.522042,0.014232,1.235586,1.714785,1.729017,2.964603,field_mean_by_category_hole_v1,layout:eb02f5ced44ea95b3fe4c751,6cc8df05b5625c1875fcafa36456a24adf3498bba1f507c9a519f730bb9a0e9a,0.8226854778761066,0.2795562566371679,0.1383124807518616,1.2229326992408396,1.1022417345132745,1.240554215265136,2.4634869145059755,validated_pga_2020_2024_plus_2026,2026-10-01 13:47:00,,0.2506319444444444,0.0029882883333338,-0.3078585300151802,,,,,,,,1790862420000000000,0.0,2.6909844875911126,-0.06413661297852485,0.0031887452380956792,2.937694692961102,8.630050109051822,-0.10834308617747349,3.0460377791385755,0.1527601240339773,-0.011219065141767369,0.17125,-0.0399,0.14154105889220991,0.13135000000000002,0.27289105889220994,-0.03496747112297027,0.0,0.0,-0.3078585300151802
"suber, jackson",0.86,BD,29279,299.6,0.78,3.0,4.0,26,20.05,,-5.0,0.75,2.02,-0.46,2.15,0.13,0.45,1.69,2.14,18.0,-5.0,Black Desert Resort,Bank of Utah Championship,2026-10-02 01:53:32 UTC,pga:R2026554,1.0,60019,,Jackson Suber,db9dbb2fd635ea70d2b1a463378072ed10f63d1cb557dedd8d118e5ad3c6b40d,66.0,66.0,66.0,1.0,2.931578,2.940748,0.160724,0.29995,6.333,0.756583,1.155624,-0.285021,0.337416,1.912207,1.627186,1.964602,field_mean_by_category_hole_v1,layout:eb02f5ced44ea95b3fe4c751,6cc8df05b5625c1875fcafa36456a24adf3498bba1f507c9a519f730bb9a0e9a,0.38652547787610647,0.9131382566371684,-0.08030072506647262,0.13153620378725284,1.2996637345132749,1.2193630094468022,1.350899213234055,validated_pga_2020_2024_plus_2026,2026-10-01 07:57:00,,0.375,-0.0068056949999998,0.6786940434572498,,,,,,,,1790841420000000000,0.0,1.6909844875911126,0.060231442577030725,-0.006605238095237921,1.0657161917108937,1.1357510012747705,-0.08529685984250635,1.1510130515534,0.05158066367880725,-0.0002271502002549541,0.0,0.0,0.0513535134785523,0.0,0.0513535134785523,0.7300475569358021,0.0,0.0,0.6786940434572498
"yu, kevin",0.86,BD,17881,304.5,0.78,5.0,1.0,26,21.72,,-5.0,0.8,1.64,-1.08,2.43,0.8,0.78,1.36,2.14,18.0,-5.0,Black Desert Resort,Bank of Utah Championship,2026-10-02 01:53:32 UTC,pga:R2026554,1.0,45242,,Kevin Yu,db9dbb2fd635ea70d2b1a463378072ed10f63d1cb557dedd8d118e5ad3c6b40d,66.0,66.0,66.0,1.0,2.570333,3.681871,-0.548013,0.628807,6.332998,0.395338,1.896747,-0.993758,0.666273,2.292085,1.298327,1.9646,field_mean_by_category_hole_v1,layout:eb02f5ced44ea95b3fe4c751,6cc8df05b5625c1875fcafa36456a24adf3498bba1f507c9a519f730bb9a0e9a,0.02528047787610621,1.654261256637168,-0.7967259836778218,0.6329990362305984,1.6795417345132742,0.8828157508354524,1.5158147870660508,validated_pga_2020_2024_plus_2026,2026-10-01 08:08:00,,0.3748055555555556,-0.0052537838888887,0.6341702898571516,,,,,,,,1790842080000000000,0.0,1.6909844875911126,0.06003699813258634,-0.005053326984126821,1.1115974119776586,1.2356488063154285,0.17423036337878828,0.9373670485988703,0.05380131473971868,-0.00024712976126308573,0.0,0.0,0.05355418497845559,0.0,0.05355418497845559,0.6877244748356072,0.0,0.0,0.6341702898571516
"mccarty, matt",0.93,BD,28635,296.9,0.78,2.0,3.0,26,21.68,,-5.0,0.57,1.65,0.4,2.19,0.55,-0.45,2.59,2.14,18.0,-5.0,Black Desert Resort,Bank of Utah Championship,2026-10-02 01:53:32 UTC,pga:R2026554,1.0,59141,,Matt McCarty,db9dbb2fd635ea70d2b1a463378072ed10f63d1cb557dedd8d118e5ad3c6b40d,66.0,66.0,66.0,1.0,2.395083,3.590899,0.99334,-0.646322,6.333,0.220088,1.805775,0.547595,-0.608856,2.025863,2.573458,1.964602,field_mean_by_category_hole_v1,layout:eb02f5ced44ea95b3fe4c751,6cc8df05b5625c1875fcafa36456a24adf3498bba1f507c9a519f730bb9a0e9a,-0.14996952212389303,1.5632892566371677,0.6486887496418449,-0.7002866921938674,1.4133197345132746,2.0620084841551196,1.3617217919612523,validated_pga_2020_2024_plus_2026,2026-10-01 08:19:00,,0.3738125000000001,-0.0039842616666666,0.1419601735177247,,,,,,,,1790842740000000000,0.0,1.6909844875911126,0.05904394257703083,-0.0037838047619047207,1.6040839949837522,2.5730854629630344,0.2918918637976471,1.3121921311861051,0.08341236773915511,-0.0033450111018519446,0.06875,0.0135,0.08006735663730317,0.08225,0.16231735663730318,0.3042775301550279,0.0,0.0,0.1419601735177247
"blair, zac",0.79,BD,17639,293.2,0.83,5.0,4.0,26,21.89,53.97,-5.0,0.67,1.87,-0.08,1.48,-0.39,0.74,1.4,2.14,18.0,-5.0,Black Desert Resort,Bank of Utah Championship,2026-10-02 01:53:32 UTC,pga:R2026554,1.0,40058,,Zac Blair,db9dbb2fd635ea70d2b1a463378072ed10f63d1cb557dedd8d118e5ad3c6b40d,66.0,66.0,66.0,1.0,1.708484,3.715467,0.274914,0.634136,6.333001,-0.466511,1.930343,-0.170831,0.671602,1.463832,1.293001,1.964603,field_mean_by_category_hole_v1,layout:eb02f5ced44ea95b3fe4c751,6cc8df05b5625c1875fcafa36456a24adf3498bba1f507c9a519f730bb9a0e9a,0.03643147787610612,1.6878572566371686,0.02399319432844582,0.6986713833255643,1.7242887345132747,1.7482819288417204,2.4469533121672846,validated_pga_2020_2024_plus_2026,2026-10-01 08:30:00,,0.3719791666666668,-0.0030118616666665,0.0888874843255513,,,,,,,,1790843400000000000,0.0,1.6909844875911126,0.05721060924369753,-0.002811404761904621,1.6562957508425922,2.743315614259226,0.298615197009515,1.3576805538330772,0.08612737904381479,-0.003566310298536994,-0.04875,-0.022199999999999998,0.0825610687452778,-0.07095,0.0116110687452778,0.1004985530708291,0.0,0.0,0.0888874843255513
"li, haotong",0.93,BD,15310,305.2,0.83,4.0,2.0,26,25.77,,-5.0,0.33,1.32,-0.15,2.5,1.18,-0.21,2.35,2.14,18.0,-5.0,Black Desert Resort,Bank of Utah Championship,2026-10-02 01:53:32 UTC,pga:R2026554,1.0,35296,,Haotong Li,db9dbb2fd635ea70d2b1a463378072ed10f63d1cb557dedd8d118e5ad3c6b40d,66.0,66.0,66.0,1.0,3.461858,3.305814,0.092436,-0.527106,6.333002,1.286863,1.52069,-0.353309,-0.48964,2.807553,2.454244,1.964604,field_mean_by_category_hole_v1,layout:eb02f5ced44ea95b3fe4c751,6cc8df05b5625c1875fcafa36456a24adf3498bba1f507c9a519f730bb9a0e9a,0.9168054778761063,1.2782042566371676,-0.21618580916353286,-0.5983005587531814,2.195009734513274,1.978823925349741,1.3805233665965595,validated_pga_2020_2024_plus_2026,2026-10-01 08:52:00,,0.365791666666667,-0.0019584283333332,0.0542600407262994,,,,,,,,1790844720000000000,0.0,1.6909844875911126,0.05102310924369774,-0.001757971428571321,1.6857891277751778,2.8418849833249946,0.10295758419406753,1.5828315435811102,0.08766103464430924,-0.003694450478322493,0.1475,0.006299999999999999,0.08396658416598675,0.1538,0.23776658416598673,0.29202662489228615,0.0,0.0,0.0542600407262994
"fishburn, patrick",0.86,BD,25094,302.6,0.89,6.0,2.0,26,27.31,30.56,-5.0,1.0,1.28,0.44,0.37,-0.91,1.33,0.81,2.14,18.0,-5.0,Black Desert Resort,Bank of Utah Championship,2026-10-02 01:53:32 UTC,pga:R2026554,1.0,54576,,Patrick Fishburn,db9dbb2fd635ea70d2b1a463378072ed10f63d1cb557dedd8d118e5ad3c6b40d,66.0,66.0,66.0,1.0,2.142726,3.232994,-0.319101,1.276381,6.333,-0.032269,1.44787,-0.764846,1.313847,1.415601,0.650755,1.964602,field_mean_by_category_hole_v1,layout:eb02f5ced44ea95b3fe4c751,6cc8df05b5625c1875fcafa36456a24adf3498bba1f507c9a519f730bb9a0e9a,0.5976734778761066,1.2053842566371684,-0.9088021324304233,0.6785877770073341,1.803057734513275,0.8942556020828517,1.5728433790901857,validated_pga_2020_2024_plus_2026,2026-10-01 08:52:00,,0.365791666666667,-0.0019584283333332,-0.1255414299405322,,,,,,,,1790844720000000000,0.0,1.6909844875911126,0.05102310924369774,-0.001757971428571321,1.8655905984420094,3.4804282809952145,0.10295758419406753,1.7626330142479418,0.09701071111898449,-0.004524556765293779,-0.11375,-0.0399,0.0924861543536907,-0.15365,-0.061163845646309306,-0.1867052755868415,0.0,0.0,-0.1255414299405322
"crowe, trace",0.79,BD,27780,297.7,0.67,4.0,3.0,26,25.81,33.54,-5.0,0.62,1.94,-0.99,0.24,-1.71,2.9,-0.76,2.14,18.0,-5.0,Black Desert Resort,Bank of Utah Championship,2026-10-02 01:53:32 UTC,pga:R2026554,1.0,52514,,Trace Crowe,db9dbb2fd635ea70d2b1a463378072ed10f63d1cb557dedd8d118e5ad3c6b40d,66.0,66.0,66.0,1.0,0.744667,3.294252,-0.570723,2.864804,6.333,-1.430328,1.509128,-1.016468,2.90227,0.0788,-0.937668,1.964602,field_mean_by_category_hole_v1,layout:eb02f5ced44ea95b3fe4c751,6cc8df05b5625c1875fcafa36456a24adf3498bba1f507c9a519f730bb9a0e9a,-0.8003855221238936,1.2666422566371685,-0.8930917524645967,2.4950239212659278,0.4662567345132749,-0.42683501795132184,2.068188903314606,validated_pga_2020_2024_plus_2026,2026-10-01 08:52:00,,0.365791666666667,-0.0019584283333332,-0.1185507257246844,,,,,,,,1790844720000000000,0.0,1.6909844875911126,0.05102310924369774,-0.001757971428571321,1.8585998942261617,3.454393566817499,0.10295758419406753,1.7556423100320941,0.0966471944997604,-0.004490711636862749,-0.21375,-0.087,0.09215648286289765,-0.30074999999999996,-0.2085935171371023,-0.3271442428617867,0.0,0.0,-0.1185507257246844
"tosti, alejandro",0.79,BD,17032,314.2,0.67,5.0,5.0,26,33.48,20.69,-5.0,0.71,-0.22,1.83,0.32,0.54,-0.01,2.15,2.14,18.0,-5.0,Black Desert Resort,Bank of Utah Championship,2026-10-02 01:53:32 UTC,pga:R2026554,1.0,38991,,Alejandro Tosti,db9dbb2fd635ea70d2b1a463378072ed10f63d1cb557dedd8d118e5ad3c6b40d,66.0,66.0,66.0,1.0,3.123834,0.865062,2.310322,0.033784,6.333002,0.948839,-0.920062,1.864577,0.07125,0.028777,1.893354,1.964604,field_mean_by_category_hole_v1,layout:eb02f5ced44ea95b3fe4c751,6cc8df05b5625c1875fcafa36456a24adf3498bba1f507c9a519f730bb9a0e9a,0.5787814778761065,-0.4725477433628318,1.4956873701350384,0.03953118163464142,0.10623373451327467,1.601921104648313,1.6414522862829544,validated_pga_2020_2024_plus_2026,2026-10-01 09:14:00,,0.3568750000000004,-0.0018700283333331,-1.2431530430202935,,,,,,,,1790846040000000000,0.0,1.6909844875911126,0.04210644257703111,-0.001669571428571221,2.974373944855104,8.846900363832912,-0.1653220303039844,3.1396959751590883,0.20374461522257464,-0.043349811782781265,0.0594,0.0007000000000000001,0.16039480343979337,0.0601,0.22049480343979339,-1.0226582395805002,0.0,0.0,-1.2431530430202935
"pavon, matthieu",0.86,BD,19960,295.9,0.83,3.0,1.0,26,26.91,11.6,-5.0,1.0,2.08,0.16,1.8,-0.28,0.18,1.96,2.14,18.0,-5.0,Black Desert Resort,Bank of Utah Championship,2026-10-02 01:53:32 UTC,pga:R2026554,1.0,48153,,Matthieu Pavon,db9dbb2fd635ea70d2b1a463378072ed10f63d1cb557dedd8d118e5ad3c6b40d,66.0,66.0,66.0,1.0,2.34102,3.515909,0.688873,-0.212802,6.333,0.166025,1.730785,0.243128,-0.175336,1.89681,2.139938,1.964602,field_mean_by_category_hole_v1,layout:eb02f5ced44ea95b3fe4c751,6cc8df05b5625c1875fcafa36456a24adf3498bba1f507c9a519f730bb9a0e9a,-0.20403252212389322,1.4882992566371684,0.35920578682989723,0.2886924291059571,1.2842667345132752,1.6434725213431725,1.9321649504491296,validated_pga_2020_2024_plus_2026,2026-10-01 12:41:00,,0.2706250000000001,0.0065034161111112,-0.0788025459291412,,,,,,,,1790858460000000000,0.0,1.6909844875911126,-0.04414355742296916,0.006703873015873079,1.732146892208396,3.0003328561872045,0.8417699261759669,0.8903769660324291,0.09007163839483659,-0.003900432713043366,-0.035,-0.005399999999999999,0.08617120568179322,-0.040400000000000005,0.045771205681793214,-0.03303134024734798,0.0,0.0,-0.0788025459291412
"horschel, billy",0.71,BD,11276,289.5,0.83,6.0,5.0,26,26.15,30.24,-5.0,0.5,1.09,0.56,-0.64,-1.73,2.22,-0.08,2.14,18.0,-5.0,Black Desert Resort,Bank of Utah Championship,2026-10-02 01:53:32 UTC,pga:R2026554,1.0,29420,,Billy Horschel,db9dbb2fd635ea70d2b1a463378072ed10f63d1cb557dedd8d118e5ad3c6b40d,66.0,66.0,66.0,1.0,0.1295,3.10203,0.93958,2.161889,6.332999,-2.045495,1.316906,0.493835,2.199355,-0.728589,-0.234754,1.964601,field_mean_by_category_hole_v1,layout:eb02f5ced44ea95b3fe4c751,6cc8df05b5625c1875fcafa36456a24adf3498bba1f507c9a519f730bb9a0e9a,-1.6980525221238933,1.074420256637168,0.6141747546602427,1.3889706470017769,-0.6236322654867255,-0.009457510826482718,1.3795131361752941,validated_pga_2020_2024_plus_2026,2026-10-01 13:03:00,,0.2614791666666667,0.006958921666667,0.2504204180863945,,,,,,,,1790859780000000000,0.0,1.6909844875911126,-0.05328939075630257,0.007159378571428879,1.3942336004150826,1.943887332526404,0.70933614112907,0.6848974592860126,0.0725001472215843,-0.002527053532284325,-0.21625,-0.0666,0.06997309368929996,-0.28285,-0.21287690631070003,0.037543511775694455,0.0,0.0,0.2504204180863945
"cole, eric",0.79,BD,21756,295.9,0.89,5.0,1.0,26,27.07,18.86,-5.0,1.0,1.84,0.59,1.39,-0.45,0.16,1.98,2.14,18.0,-5.0,Black Desert Resort,Bank of Utah Championship,2026-10-02 01:53:32 UTC,pga:R2026554,1.0,47591,,Eric Cole,db9dbb2fd635ea70d2b1a463378072ed10f63d1cb557dedd8d118e5ad3c6b40d,66.0,66.0,66.0,1.0,2.075919,3.301764,0.895444,0.059873,6.333,-0.099076,1.51664,0.449699,0.097339,1.417564,1.867263,1.964602,field_mean_by_category_hole_v1,layout:eb02f5ced44ea95b3fe4c751,6cc8df05b5625c1875fcafa36456a24adf3498bba1f507c9a519f730bb9a0e9a,0.5308664778761067,1.274154256637169,0.5477471328542544,0.28621163208771117,1.8050207345132758,2.3527678673675303,2.6389794994552416,validated_pga_2020_2024_plus_2026,2026-10-01 13:14:00,,0.2575069444444445,0.0066347883333337,0.3961551493254672,,,,,,,,1790860440000000000,0.0,1.6909844875911126,-0.05726161297852478,0.006835245238095579,1.2442025136204544,1.5480398948994571,0.5802850394358747,0.6639174741845797,0.06469853070826363,-0.002012451863369294,-0.05625,-0.0048,0.06268607884489434,-0.06105,0.0016360788448943411,0.39779122817036155,0.0,0.0,0.3961551493254672
"kohles, ben",0.93,BD,16395,294.4,0.67,4.0,3.0,26,26.55,,-5.0,0.75,-0.28,2.72,-0.46,-0.18,-0.12,2.26,2.14,18.0,-5.0,Black Desert Resort,Bank of Utah Championship,2026-10-02 01:53:32 UTC,pga:R2026554,1.0,36884,,Ben Kohles,db9dbb2fd635ea70d2b1a463378072ed10f63d1cb557dedd8d118e5ad3c6b40d,66.0,66.0,66.0,1.0,1.938833,1.316074,3.229083,-0.15099,6.333,-0.236162,-0.46905,2.783338,-0.113524,-0.705212,2.078126,1.964602,field_mean_by_category_hole_v1,layout:eb02f5ced44ea95b3fe4c751,6cc8df05b5625c1875fcafa36456a24adf3498bba1f507c9a519f730bb9a0e9a,-0.6062195221238935,-0.7115357433628313,1.272271810811063,0.09556633185095187,-1.3177552654867248,-0.04548345467566173,0.05008287717529014,validated_pga_2020_2024_plus_2026,2026-10-01 13:25:00,,0.254375,0.0058649716666671,0.4768403273412122,,,,,,,,1790861100000000000,0.0,1.6909844875911126,-0.06039355742296926,0.006065428571428979,1.1596155744935983,1.344708280608118,0.40377357786787343,0.7558419966257248,0.06030000987366711,-0.0017481207647905535,-0.0225,0.0036,0.058551889108876556,-0.0189,0.039651889108876556,0.5164922164500887,0.0,0.0,0.4768403273412122
"ramey, chad",0.93,BD,19840,300.6,0.72,2.0,3.0,26,38.22,75.61,-5.0,0.83,-0.42,1.84,-1.6,-1.18,1.9,0.24,2.14,18.0,-5.0,Black Desert Resort,Bank of Utah Championship,2026-10-02 01:53:32 UTC,pga:R2026554,1.0,47983,,Chad Ramey,db9dbb2fd635ea70d2b1a463378072ed10f63d1cb557dedd8d118e5ad3c6b40d,66.0,66.0,66.0,1.0,1.241889,1.507727,1.795055,1.78833,6.333001,-0.933106,-0.277397,1.34931,1.825796,-1.210503,0.138807,1.964603,field_mean_by_category_hole_v1,layout:eb02f5ced44ea95b3fe4c751,6cc8df05b5625c1875fcafa36456a24adf3498bba1f507c9a519f730bb9a0e9a,-0.3031635221238935,-0.5198827433628317,0.7630992196199062,1.973745464882597,-0.8230462654867252,-0.05994704586681898,1.913798419015778,validated_pga_2020_2024_plus_2026,2026-10-01 13:36:00,,0.2520833333333333,0.004649471666667,-0.2450581435973387,,,,,,,,1790861760000000000,0.0,1.6909844875911126,-0.06268522408963595,0.004849928571428879,1.8780068787654824,3.5269098366904696,0.17562359110383463,1.7023832876616478,0.09765635769580508,-0.004584982787697611,-0.1475,-0.056999999999999995,0.09307137490810746,-0.2045,-0.11142862509189252,-0.35648676868923124,0.0,0.0,-0.2450581435973387
"shelley, tyson",0.79,BD,31437,305.9,0.78,5.0,4.0,26,27.62,69.33,-5.0,0.86,1.14,1.21,1.58,0.44,-0.65,2.79,2.14,18.0,-5.0,Black Desert Resort,Bank of Utah Championship,2026-10-02 01:53:32 UTC,pga:R2026554,1.0,65546,,Tyson Shelley,db9dbb2fd635ea70d2b1a463378072ed10f63d1cb557dedd8d118e5ad3c6b40d,66.0,66.0,66.0,1.0,2.4025,3.338545,1.250468,-0.658514,6.332999,0.227505,1.553421,0.804723,-0.621048,1.780926,2.585649,1.964601,field_mean_by_category_hole_v1,layout:eb02f5ced44ea95b3fe4c751,6cc8df05b5625c1875fcafa36456a24adf3498bba1f507c9a519f730bb9a0e9a,-0.14255252212389324,1.3109352566371681,0.8455357907295545,-0.40013705127294863,1.168382734513275,2.0139185252428295,1.613781473969881,validated_pga_2020_2024_plus_2026,2026-10-01 13:58:00,,0.2500208333333333,0.0008814216666671,-3.37,,,,,,,,1790863080000000000,0.0,1.6909844875911126,-0.06474772408963597,0.001081878571428979,4.997118185168144,24.971190156538167,-0.4523046192972818,5.449422804465426,0.3423025956840179,-0.12235883176703702,0.0484,0.045500000000000006,0.21994376391698087,0.09390000000000001,0.3138437639169809,-3.0561562360830195,0.0,0.0,-3.37
"keefer, johnny",0.86,BD,32457,316.6,0.83,5.0,3.0,40,26.88,70.08,-4.0,0.8,0.14,0.3,1.93,1.79,-1.09,2.23,1.14,18.0,-4.0,Black Desert Resort,Bank of Utah Championship,2026-10-02 01:53:32 UTC,pga:R2026554,1.0,63454,,Johnny Keefer,db9dbb2fd635ea70d2b1a463378072ed10f63d1cb557dedd8d118e5ad3c6b40d,67.0,67.0,67.0,1.0,3.506433,2.346049,0.702397,-1.22188,5.332999,1.331438,0.560925,0.256652,-1.184414,1.892363,2.149015,0.964601,field_mean_by_category_hole_v1,layout:eb02f5ced44ea95b3fe4c751,6cc8df05b5625c1875fcafa36456a24adf3498bba1f507c9a519f730bb9a0e9a,0.9613804778761077,2.204495256637169,0.3631760173815063,-0.9415870733212847,3.1658757345132766,3.529051751894783,2.587464678573498,validated_pga_2020_2024_plus_2026,2026-10-01 07:35:00,,0.375,-0.0100470283333332,0.362106791315966,,,,,,,,1790840100000000000,0.0,0.6909844875911123,0.060231442577030725,-0.009846571428571321,0.3790621105188438,0.14368808363100016,-1.1536586970741904,1.5327208075930343,0.019711229746979878,-0.0001867945087203002,0.22375,0.0327,0.01952443523825958,0.25645,0.2759744352382596,0.6380812265542256,0.0,0.0,0.362106791315966
"hall, harry",0.79,BD,27194,297.5,0.83,3.0,3.0,40,31.36,44.07,-4.0,0.6,-0.55,0.78,-0.55,0.0,0.91,0.23,1.14,18.0,-4.0,Black Desert Resort,Bank of Utah Championship,2026-10-02 01:53:32 UTC,pga:R2026554,1.0,57975,,Harry Hall,db9dbb2fd635ea70d2b1a463378072ed10f63d1cb557dedd8d118e5ad3c6b40d,67.0,67.0,67.0,1.0,2.178611,1.421156,0.993577,0.739655,5.332999,0.003616,-0.363968,0.547832,0.777121,-0.360352,0.18748,0.964601,field_mean_by_category_hole_v1,layout:eb02f5ced44ea95b3fe4c751,6cc8df05b5625c1875fcafa36456a24adf3498bba1f507c9a519f730bb9a0e9a,-0.36644152212389347,-0.6064537433628319,0.5667608243319887,0.6804414194818007,-0.9728952654867253,-0.4061344411547366,0.2743069783270641,validated_pga_2020_2024_plus_2026,2026-10-01 08:19:00,,0.3738125000000001,-0.0039842616666666,0.4874065031808386,,,,,,,,1790842740000000000,0.0,0.6909844875911123,0.05904394257703083,-0.0037838047619047207,0.2586376653206379,0.06689344192251032,0.2918918637976471,-0.03325419847700917,0.013449158596673172,-8.69614744992634e-05,0.0,-0.0273,0.01336219712217391,-0.0273,-0.013937802877826092,0.4734687003030125,0.0,0.0,0.4874065031808386
"shipley, neal",0.93,BD,32055,312.2,0.78,5.0,2.0,40,19.74,23.1,-4.0,0.57,2.54,-1.53,3.54,1.0,-0.87,2.01,1.14,18.0,-4.0,Black Desert Resort,Bank of Utah Championship,2026-10-02 01:53:32 UTC,pga:R2026554,1.0,63807,,Neal Shipley,db9dbb2fd635ea70d2b1a463378072ed10f63d1cb557dedd8d118e5ad3c6b40d,67.0,67.0,67.0,1.0,2.889,4.247397,-0.866496,-0.936903,5.332998,0.714005,2.462273,-1.312241,-0.899437,3.176278,1.864037,0.9646,field_mean_by_category_hole_v1,layout:eb02f5ced44ea95b3fe4c751,6cc8df05b5625c1875fcafa36456a24adf3498bba1f507c9a519f730bb9a0e9a,0.34394747787610624,2.2197872566371686,-1.1236904669289753,-0.8548507769487751,2.563734734513275,1.4400442675842995,0.5851934906355244,validated_pga_2020_2024_plus_2026,2026-10-01 08:19:00,,0.3738125000000001,-0.0039842616666666,0.2455442066862919,,,,,,,,1790842740000000000,0.0,0.6909844875911123,0.05904394257703083,-0.0037838047619047207,0.5004999618151846,0.25050021177700127,0.2918918637976471,0.20860809801753755,0.0260259980143896,-0.0003256502753101016,0.125,0.026099999999999998,0.025700347739079497,0.1511,0.17680034773907952,0.42234455442537144,0.0,0.0,0.2455442066862919
"akina, kihei",0.86,BD,32652,306.7,0.83,3.0,3.0,40,28.73,64.54,-4.0,0.5,0.04,0.16,0.88,0.84,0.1,1.04,1.14,18.0,-4.0,Black Desert Resort,Bank of Utah Championship,2026-10-02 01:53:32 UTC,pga:R2026554,1.0,67118,,Kihei Akina,db9dbb2fd635ea70d2b1a463378072ed10f63d1cb557dedd8d118e5ad3c6b40d,67.0,67.0,67.0,1.0,2.7745,2.162306,0.582183,-0.185988,5.333001,0.599505,0.377182,0.136438,-0.148522,0.976687,1.113125,0.964603,field_mean_by_category_hole_v1,layout:eb02f5ced44ea95b3fe4c751,6cc8df05b5625c1875fcafa36456a24adf3498bba1f507c9a519f730bb9a0e9a,0.22944747787610664,0.13469625663716833,0.1926642515066555,-0.35885657001115734,0.364143734513275,0.5568079860199304,0.19795141600877308,validated_pga_2020_2024_plus_2026,2026-10-01 09:03:00,,0.3614583333333337,-0.0018700283333331,-1.0929929963219422,,,,,,,,1790845380000000000,0.0,0.6909844875911123,0.04668977591036444,-0.001669571428571221,1.828797231490086,3.344499313905803,-0.03756825064235647,1.8663654821324425,0.1252726103570709,-0.016388046638138434,0.0924,-0.007000000000000001,0.10888456371893247,0.08539999999999999,0.19428456371893246,-0.8987084326030098,0.0,0.0,-1.0929929963219422
"higgs, harry",0.86,BD,14140,319.5,0.89,3.0,2.0,40,27.15,,-4.0,0.83,0.37,0.98,0.65,0.28,-0.49,1.63,1.14,18.0,-4.0,Black Desert Resort,Bank of Utah Championship,2026-10-02 01:53:32 UTC,pga:R2026554,1.0,33597,,Harry Higgs,db9dbb2fd635ea70d2b1a463378072ed10f63d1cb557dedd8d118e5ad3c6b40d,67.0,67.0,67.0,1.0,2.720601,1.799094,1.294075,-0.480769,5.333001,0.545606,0.01397,0.84833,-0.443303,0.559576,1.407906,0.964603,field_mean_by_category_hole_v1,layout:eb02f5ced44ea95b3fe4c751,6cc8df05b5625c1875fcafa36456a24adf3498bba1f507c9a519f730bb9a0e9a,1.183048477876107,-0.22851574336283154,0.5458380479783996,-0.23171248986793191,0.9545327345132755,1.5003707824916752,1.2686582926237433,validated_pga_2020_2024_plus_2026,2026-10-01 12:30:00,,0.2752083333333334,0.0058281383333335,-0.97,,,,,,,,1790857800000000000,0.0,0.6909844875911123,-0.03956022408963589,0.006028595238095379,1.6272524018348098,2.6479503792771575,0.8535089401721314,0.7737434616626784,0.11146678952568448,-0.012974956858458071,0.030800000000000004,0.034300000000000004,0.09849183266722641,0.0651,0.16359183266722643,-0.8064081673327735,0.0,0.0,-0.97
"lebioda, hank",0.93,BD,21943,304.1,0.83,3.0,1.0,40,29.14,,-4.0,0.8,-0.66,0.49,-0.42,0.25,1.07,0.07,1.14,18.0,-4.0,Black Desert Resort,Bank of Utah Championship,2026-10-02 01:53:32 UTC,pga:R2026554,1.0,49766,,Hank Lebioda,db9dbb2fd635ea70d2b1a463378072ed10f63d1cb557dedd8d118e5ad3c6b40d,67.0,67.0,67.0,1.0,2.181056,1.266148,0.792552,1.093246,5.333002,0.006061,-0.518976,0.346807,1.130712,-0.512915,-0.166108,0.964604,field_mean_by_category_hole_v1,layout:eb02f5ced44ea95b3fe4c751,6cc8df05b5625c1875fcafa36456a24adf3498bba1f507c9a519f730bb9a0e9a,0.44050347787610633,-0.7614617433628321,0.4308182571509186,0.7997661145615795,-0.3209582654867258,0.1098599916641928,0.9096261062257723,validated_pga_2020_2024_plus_2026,2026-10-01 12:30:00,,0.2752083333333334,0.0058281383333335,-0.5983397789562663,,,,,,,,1790857800000000000,0.0,0.6909844875911123,-0.03956022408963589,0.006028595238095379,1.255592180791076,1.57651172446369,0.8535089401721314,0.4020832406189445,0.0860080643841887,-0.00772490744987208,0.0275,-0.07490000000000001,0.07828315693431662,-0.04740000000000001,0.030883156934316605,-0.5674566220219497,0.0,0.0,-0.5983397789562663
"duncan, tyler",0.86,BD,18187,305.7,0.89,2.0,2.0,40,25.61,,-4.0,0.4,1.19,-0.5,2.9,1.71,-1.26,2.4,1.14,18.0,-4.0,Black Desert Resort,Bank of Utah Championship,2026-10-02 01:53:32 UTC,pga:R2026554,1.0,45609,,Tyler Duncan,db9dbb2fd635ea70d2b1a463378072ed10f63d1cb557dedd8d118e5ad3c6b40d,67.0,67.0,67.0,1.0,3.645451,3.200292,-0.126402,-1.386341,5.333,1.470456,1.415168,-0.572147,-1.348875,2.885624,2.313477,0.964602,field_mean_by_category_hole_v1,layout:eb02f5ced44ea95b3fe4c751,6cc8df05b5625c1875fcafa36456a24adf3498bba1f507c9a519f730bb9a0e9a,1.100398477876106,1.172682256637168,-0.3772625898215929,-1.1920370243074485,2.273080734513274,1.895818144691681,0.7037811203842326,validated_pga_2020_2024_plus_2026,2026-10-01 12:41:00,,0.2706250000000001,0.0065034161111112,-0.4178209790527868,,,,,,,,1790858460000000000,0.0,0.6909844875911123,-0.04414355742296916,0.006703873015873079,1.0711653253320412,1.1473951541936978,0.8417699261759669,0.22939539915607432,0.05570059691726614,-0.001491613700451807,0.21375,0.0378,0.05420898321681433,0.25155,0.30575898321681433,-0.11206199583597248,0.0,0.0,-0.4178209790527868
"davis, cameron",0.79,BD,17786,306.2,0.78,7.0,3.0,40,23.31,49.63,-4.0,0.43,1.61,-0.81,1.98,0.37,-0.03,1.17,1.14,18.0,-4.0,Black Desert Resort,Bank of Utah Championship,2026-10-02 01:53:32 UTC,pga:R2026554,1.0,45157,,Cam Davis,db9dbb2fd635ea70d2b1a463378072ed10f63d1cb557dedd8d118e5ad3c6b40d,67.0,67.0,67.0,1.0,2.184833,3.422834,-0.170675,-0.103991,5.333001,0.009838,1.63771,-0.61642,-0.066525,1.647548,1.031128,0.964603,field_mean_by_category_hole_v1,layout:eb02f5ced44ea95b3fe4c751,6cc8df05b5625c1875fcafa36456a24adf3498bba1f507c9a519f730bb9a0e9a,-0.3602195221238933,1.3952242566371682,-0.43596085283295216,-0.44831875139310207,1.035004734513275,0.5990438816803227,0.15072513028722068,validated_pga_2020_2024_plus_2026,2026-10-01 13:03:00,,0.2614791666666667,0.006958921666667,-1.4317126323843683,,,,,,,,1790859780000000000,0.0,0.6909844875911123,-0.05328939075630257,0.007159378571428879,2.0763666508858454,4.311298468910902,0.70933614112907,1.3670305097567754,0.1422311155856804,-0.02112536249766342,0.0407,0.0021000000000000003,0.12110575308801699,0.0428,0.163905753088017,-1.2678068792963513,0.0,0.0,-1.4317126323843683
"coody, pierceson",0.93,BD,28309,311.7,0.78,4.0,2.0,40,29.7,,-4.0,0.67,-0.62,-1.35,0.87,1.49,1.62,-0.48,1.14,18.0,-4.0,Black Desert Resort,Bank of Utah Championship,2026-10-02 01:53:32 UTC,pga:R2026554,1.0,59836,,Pierceson Coody,db9dbb2fd635ea70d2b1a463378072ed10f63d1cb557dedd8d118e5ad3c6b40d,67.0,67.0,67.0,1.0,3.282,1.466672,-0.804066,1.388394,5.333,1.107005,-0.318452,-1.249811,1.42586,0.788553,-0.461258,0.964602,field_mean_by_category_hole_v1,layout:eb02f5ced44ea95b3fe4c751,6cc8df05b5625c1875fcafa36456a24adf3498bba1f507c9a519f730bb9a0e9a,0.7369474778761065,-0.5609377433628318,-1.0499563136015382,1.1982612032133484,0.17600973451327473,-0.8739465790882635,0.32431462412508494,validated_pga_2020_2024_plus_2026,2026-10-01 13:25:00,,0.254375,0.0058649716666671,0.2107619179332257,,,,,,,,1790861100000000000,0.0,0.6909844875911123,-0.06039355742296926,0.006065428571428979,0.4256939839015844,0.18121536793000242,0.40377357786787343,0.021920406033710982,0.02213608716288239,-0.00023557997830900315,0.18625,-0.048600000000000004,0.021900507184573387,0.13765,0.1595505071845734,0.3703124251177991,0.0,0.0,0.2107619179332257
"hodges, lee",1.0,BD,25157,301.9,0.83,1.0,2.0,40,25.85,,-4.0,0.75,-0.24,-0.67,1.02,1.26,0.79,0.35,1.14,18.0,-4.0,Black Desert Resort,Bank of Utah Championship,2026-10-02 01:53:32 UTC,pga:R2026554,1.0,54628,,Lee Hodges,db9dbb2fd635ea70d2b1a463378072ed10f63d1cb557dedd8d118e5ad3c6b40d,67.0,67.0,67.0,1.0,3.3065,1.694198,-0.135553,0.467858,5.333003,1.131505,-0.090926,-0.581298,0.505324,1.040579,0.459281,0.964605,field_mean_by_category_hole_v1,layout:eb02f5ced44ea95b3fe4c751,6cc8df05b5625c1875fcafa36456a24adf3498bba1f507c9a519f730bb9a0e9a,0.7614474778761067,-0.33341174336283164,-0.3916065449707885,0.628057261312921,0.42803573451327503,0.03642918954248653,0.6644864508554075,validated_pga_2020_2024_plus_2026,2026-10-01 13:25:00,,0.254375,0.0058649716666671,0.1191656364913293,,,,,,,,1790861100000000000,0.0,0.6909844875911123,-0.06039355742296926,0.006065428571428979,0.5172902653434809,0.2675892186191289,0.40377357786787343,0.11351668747560745,0.026899093797861005,-0.0003478659842048675,0.1575,-0.0237,0.02655122781365614,0.1338,0.16035122781365613,0.27951686430498546,0.0,0.0,0.1191656364913293
"svensson, adam",0.93,BD,13997,300.5,0.78,3.0,1.0,40,27.76,49.71,-4.0,0.67,1.47,-0.8,2.66,1.18,-0.71,1.85,1.14,18.0,-4.0,Black Desert Resort,Bank of Utah Championship,2026-10-02 01:53:32 UTC,pga:R2026554,1.0,40115,,Adam Svensson,db9dbb2fd635ea70d2b1a463378072ed10f63d1cb557dedd8d118e5ad3c6b40d,67.0,67.0,67.0,1.0,3.147553,3.145197,-0.339093,-0.620659,5.332998,0.972558,1.360073,-0.784838,-0.583193,2.332631,1.547793,0.9646,field_mean_by_category_hole_v1,layout:eb02f5ced44ea95b3fe4c751,6cc8df05b5625c1875fcafa36456a24adf3498bba1f507c9a519f730bb9a0e9a,0.6025004778761067,1.1175872566371687,-0.6761859298623649,-0.035651487121248215,1.7200877345132755,1.0439018046509105,1.0082503175296624,validated_pga_2020_2024_plus_2026,2026-10-01 13:36:00,,0.2520833333333333,0.004649471666667,-0.8364196236643873,,,,,,,,1790861760000000000,0.0,0.6909844875911123,-0.06268522408963595,0.004849928571428879,1.4693683588325308,2.159043373938205,0.17562359110383463,1.2937447677286962,0.10065173258002837,-0.010579312532297203,0.1298,0.0497,0.09007242004773117,0.1795,0.2695724200477312,-0.5668472036166561,0.0,0.0,-0.8364196236643873
"ventura, kristoffer",1.0,BD,15651,303.5,0.78,2.0,2.0,40,29.25,,-4.0,0.67,-0.07,1.01,1.17,1.24,-1.05,2.19,1.14,18.0,-4.0,Black Desert Resort,Bank of Utah Championship,2026-10-02 01:53:32 UTC,pga:R2026554,1.0,35658,,Kristoffer Ventura,db9dbb2fd635ea70d2b1a463378072ed10f63d1cb557dedd8d118e5ad3c6b40d,67.0,67.0,67.0,1.0,3.053944,1.862675,1.493381,-1.076998,5.333002,0.878949,0.077551,1.047636,-1.039532,0.9565,2.004136,0.964604,field_mean_by_category_hole_v1,layout:eb02f5ced44ea95b3fe4c751,6cc8df05b5625c1875fcafa36456a24adf3498bba1f507c9a519f730bb9a0e9a,0.5088914778761069,-0.16493474336283187,1.0645316793528177,-0.7062183677225252,0.343956734513275,1.4084884138660927,0.7022700461435675,validated_pga_2020_2024_plus_2026,2026-10-01 13:47:00,,0.2506319444444444,0.0029882883333338,0.3714654679350667,,,,,,,,1790862420000000000,0.0,0.6909844875911123,-0.06413661297852485,0.0031887452380956792,0.2583706950108546,0.06675541604039203,-0.10834308617747349,0.3667137811883281,0.013435276140564438,-8.678204085250965e-05,0.155,0.0315,0.013348494099711929,0.1865,0.19984849409971192,0.5713139620347786,0.0,0.0,0.3714654679350667
"clanton, luke",0.93,BD,32330,300.6,0.72,3.0,2.0,40,22.43,26.91,-4.0,0.83,2.27,-0.24,3.0,0.74,-1.63,2.77,1.14,18.0,-4.0,Black Desert Resort,Bank of Utah Championship,2026-10-02 01:53:32 UTC,pga:R2026554,1.0,66743,,Luke Clanton,db9dbb2fd635ea70d2b1a463378072ed10f63d1cb557dedd8d118e5ad3c6b40d,67.0,67.0,67.0,1.0,2.6095,3.963652,0.421177,-1.661329,5.333,0.434505,2.178528,-0.024568,-1.623863,2.613033,2.588465,0.964602,field_mean_by_category_hole_v1,layout:eb02f5ced44ea95b3fe4c751,6cc8df05b5625c1875fcafa36456a24adf3498bba1f507c9a519f730bb9a0e9a,0.06444747787610616,1.9360422566371684,0.13634734130895748,-1.1733007360780392,2.0004897345132746,2.136837075822232,0.9635363397441927,validated_pga_2020_2024_plus_2026,2026-10-01 13:58:00,,0.2500208333333333,0.0008814216666671,-0.4462896144322557,,,,,,,,1790863080000000000,0.0,0.6909844875911123,-0.06474772408963597,0.001081878571428979,1.0734077996003992,1.1522043042429708,-0.4523046192972818,1.525712418897681,0.055817205579220756,-0.001497865595515862,0.0925,0.04889999999999999,0.054319339983704897,0.1414,0.1957193399837049,-0.2505702744485508,0.0,0.0,-0.4462896144322557
"sargent, gordon",0.79,BD,30814,311.7,0.67,5.0,6.0,40,25.19,26.52,-4.0,0.83,1.87,0.16,1.27,-0.59,-0.29,1.43,1.14,18.0,-4.0,Black Desert Resort,Bank of Utah Championship,2026-10-02 01:53:32 UTC,,,,,,,,,,,,,,,,,,,,,,,,,,,,,,,,,,2026-10-01 14:09:00,,0.2502500000000009,-0.0016269283333373,-0.3583233962787415,,,,,,,,1790863740000000000,0.0,0.6909844875911123,-0.06451855742296836,-0.001426471428575421,0.9831623981135481,0.9666083010643829,-0.8604391735768218,1.8436015716903698,0.0511244447019045,-0.0012565907913836976,-0.07375,0.0087,0.0498678539105208,-0.06505,-0.015182146089479195,-0.3735055423682207,0.0,0.0,-0.3583233962787415
"kizzire, patton",0.79,BD,13470,294.2,0.72,6.0,1.0,54,27.09,17.42,-3.0,0.5,-0.92,-0.78,-2.2,-1.27,3.12,-2.98,0.14,18.0,-3.0,Black Desert Resort,Bank of Utah Championship,2026-10-02 01:53:32 UTC,pga:R2026554,1.0,32757,,Patton Kizzire,db9dbb2fd635ea70d2b1a463378072ed10f63d1cb557dedd8d118e5ad3c6b40d,68.0,68.0,68.0,1.0,0.6565,1.09549,-0.397379,2.97839,4.333001,-1.518495,-0.689634,-0.843124,3.015856,-2.208129,-3.051253,-0.035397,field_mean_by_category_hole_v1,layout:eb02f5ced44ea95b3fe4c751,6cc8df05b5625c1875fcafa36456a24adf3498bba1f507c9a519f730bb9a0e9a,-0.8485525221238936,-0.9321197433628319,-0.6700981236452814,2.108440326846324,-1.7806722654867255,-2.450770389132007,-0.34233006228568286,validated_pga_2020_2024_plus_2026,2026-10-01 07:35:00,,0.375,-0.0100470283333332,-1.232264514870333,,,,,,,,1790840100000000000,0.0,-0.3090155124088876,0.060231442577030725,-0.009846571428571321,0.973433416705143,0.9475726167582487,-1.1536586970741904,2.1270921137793337,0.0666801890443023,-0.004643105822115418,-0.1397,-0.21840000000000004,0.06203708322218688,-0.35810000000000003,-0.29606291677781316,-1.528327431648146,0.0,0.0,-1.232264514870333
"campos, rafael",0.86,BD,12909,308.0,0.83,3.0,1.0,54,28.12,39.25,-3.0,0.6,0.18,-0.65,1.22,1.04,-0.42,0.56,0.14,18.0,-3.0,Black Desert Resort,Bank of Utah Championship,2026-10-02 01:53:32 UTC,pga:R2026554,1.0,32070,,Rafael Campos,db9dbb2fd635ea70d2b1a463378072ed10f63d1cb557dedd8d118e5ad3c6b40d,68.0,68.0,68.0,1.0,2.876184,2.010192,-0.206653,-0.346725,4.332998,0.701189,0.225068,-0.652398,-0.309259,0.926257,0.273859,-0.0354,field_mean_by_category_hole_v1,layout:eb02f5ced44ea95b3fe4c751,6cc8df05b5625c1875fcafa36456a24adf3498bba1f507c9a519f730bb9a0e9a,0.33113147787610586,-0.01741774336283175,-0.5080538936115014,-0.44803755356138775,0.3137137345132741,-0.19434015909822733,-0.6423777126596151,validated_pga_2020_2024_plus_2026,2026-10-01 07:46:00,,0.375,-0.0084263616666664,-1.135463998612687,,,,,,,,1790840760000000000,0.0,-0.3090155124088876,0.060231442577030725,-0.00822590476190452,0.8782535671141638,0.771329328148753,-0.517617361461684,1.3958709285758477,0.060160369347320226,-0.0037795137079288895,0.1144,0.029400000000000003,0.05638085563939134,0.1438,0.20018085563939136,-0.9352831429732957,0.0,0.0,-1.135463998612687
"mccarthy, denny",0.79,BD,19870,290.4,0.72,2.0,2.0,54,30.15,70.39,-3.0,0.83,-0.78,-0.56,-1.51,-0.73,2.21,-2.07,0.14,18.0,-3.0,Black Desert Resort,Bank of Utah Championship,2026-10-02 01:53:32 UTC,pga:R2026554,1.0,47993,,Denny McCarthy,db9dbb2fd635ea70d2b1a463378072ed10f63d1cb557dedd8d118e5ad3c6b40d,68.0,68.0,68.0,1.0,1.122469,1.097051,-0.055573,2.169054,4.333001,-1.052526,-0.688073,-0.501318,2.20652,-1.740599,-2.241917,-0.035397,field_mean_by_category_hole_v1,layout:eb02f5ced44ea95b3fe4c751,6cc8df05b5625c1875fcafa36456a24adf3498bba1f507c9a519f730bb9a0e9a,-0.6820835221238934,-0.9305587433628317,-0.35973959653965504,1.9421532875656933,-1.6126422654867252,-1.9723818620263802,-0.03022857446068694,validated_pga_2020_2024_plus_2026,2026-10-01 07:46:00,,0.375,-0.0084263616666664,0.1416462322280842,,,,,,,,1790840760000000000,0.0,-0.3090155124088876,0.060231442577030725,-0.00822590476190452,-0.39885666372660744,0.15908663819912,-0.517617361461684,0.11876069773507658,-0.020740546513783587,-0.000206812629658856,-0.09125,-0.0663,-0.020947359143442444,-0.15755,-0.17849735914344245,-0.036851126915358245,0.0,0.0,0.1416462322280842
"skinns, david",0.64,BD,10873,288.1,0.78,4.0,3.0,54,18.35,56.76,-3.0,1.0,2.26,0.62,-0.53,-2.78,0.05,0.09,0.14,18.0,-3.0,Black Desert Resort,Bank of Utah Championship,2026-10-02 01:53:32 UTC,pga:R2026554,1.0,27139,,David Skinns,db9dbb2fd635ea70d2b1a463378072ed10f63d1cb557dedd8d118e5ad3c6b40d,68.0,68.0,68.0,1.0,-0.253,3.560154,0.912733,0.113114,4.333001,-2.427995,1.77503,0.466988,0.15058,-0.652965,-0.185977,-0.035397,field_mean_by_category_hole_v1,layout:eb02f5ced44ea95b3fe4c751,6cc8df05b5625c1875fcafa36456a24adf3498bba1f507c9a519f730bb9a0e9a,-1.7980525221238937,0.5325442566371681,0.5381029976179016,0.12680327105961664,-1.2655082654867256,-0.727405267868824,-0.6006019968092073,validated_pga_2020_2024_plus_2026,2026-10-01 07:57:00,,0.375,-0.0068056949999998,-0.6972608790347641,,,,,,,,1790841420000000000,0.0,-0.3090155124088876,0.060231442577030725,-0.006605238095237921,0.44167111420290744,0.1950733731212377,-0.08529685984250635,0.5269679740454138,0.030254471322899164,-0.0009558595282940647,-0.30579999999999996,-0.0035000000000000005,0.0292986117946051,-0.30929999999999996,-0.2800013882053949,-0.977262267240159,0.0,0.0,-0.6972608790347641
"mouw, william",0.71,BD,29770,298.4,0.67,3.0,5.0,54,26.08,56.52,-3.0,0.62,1.48,-0.57,-0.06,-1.54,0.77,-0.63,0.14,18.0,-3.0,Black Desert Resort,Bank of Utah Championship,2026-10-02 01:53:32 UTC,pga:R2026554,1.0,63121,,William Mouw,db9dbb2fd635ea70d2b1a463378072ed10f63d1cb557dedd8d118e5ad3c6b40d,68.0,68.0,68.0,1.0,0.240833,3.362118,0.044789,0.68526,4.333,-1.934162,1.576994,-0.400956,0.722726,-0.357168,-0.758124,-0.035398,field_mean_by_category_hole_v1,layout:eb02f5ced44ea95b3fe4c751,6cc8df05b5625c1875fcafa36456a24adf3498bba1f507c9a519f730bb9a0e9a,-1.3002195221238935,1.3345082566371675,-0.31312487977064346,0.6325541228326632,0.03428873451327408,-0.2788361452573694,0.35371797757529383,validated_pga_2020_2024_plus_2026,2026-10-01 08:30:00,,0.3719791666666668,-0.0030118616666665,0.0298183042671356,,,,,,,,1790843400000000000,0.0,-0.3090155124088876,0.05721060924369753,-0.002811404761904621,-0.28463506909899217,0.08101712256098804,0.298615197009515,-0.5832502661085072,-0.014801023593147592,-0.00010532225932928445,-0.1925,-0.0231,-0.014906345852476877,-0.2156,-0.2305063458524769,-0.2006880415853413,0.0,0.0,0.0298183042671356
"nyholm, pontus",0.86,BD,25475,309.8,0.89,2.0,5.0,54,25.94,,-3.0,0.5,-1.06,0.78,-0.26,0.8,-0.38,0.52,0.14,18.0,-3.0,Black Desert Resort,Bank of Utah Championship,2026-10-02 01:53:32 UTC,pga:R2026554,1.0,55851,,Pontus Nyholm,db9dbb2fd635ea70d2b1a463378072ed10f63d1cb557dedd8d118e5ad3c6b40d,68.0,68.0,68.0,1.0,2.931,1.085894,0.893227,-0.577122,4.332999,0.756005,-0.69923,0.447482,-0.539656,0.056775,0.504257,-0.035399,field_mean_by_category_hole_v1,layout:eb02f5ced44ea95b3fe4c751,6cc8df05b5625c1875fcafa36456a24adf3498bba1f507c9a519f730bb9a0e9a,0.3859474778761074,-0.6397157433628313,0.5094579918876319,-0.7818460908327597,-0.25376826548672393,0.2556897264009079,-0.5261563644318518,validated_pga_2020_2024_plus_2026,2026-10-01 09:14:00,,0.3568750000000004,-0.0018700283333331,-0.4878017879219193,,,,,,,,1790846040000000000,0.0,-0.3090155124088876,0.04210644257703111,-0.001669571428571221,0.21902268975672973,0.04797093862827268,-0.1653220303039844,0.38434472006071413,0.011389179867349945,-6.236222021675448e-05,0.1,0.0114,0.01132681764713319,0.1114,0.1227268176471332,-0.3650749702747861,0.0,0.0,-0.4878017879219193
"svensson, jesper",0.93,BD,26850,312.4,0.78,6.0,4.0,54,28.18,49.93,-3.0,0.5,-2.58,-0.63,-1.0,1.57,1.78,-1.64,0.14,18.0,-3.0,Black Desert Resort,Bank of Utah Championship,2026-10-02 01:53:32 UTC,pga:R2026554,1.0,57586,,Jesper Svensson,db9dbb2fd635ea70d2b1a463378072ed10f63d1cb557dedd8d118e5ad3c6b40d,68.0,68.0,68.0,1.0,3.462167,-0.605679,-0.256198,1.732711,4.333001,1.287172,-2.390803,-0.701943,1.770177,-1.103631,-1.805574,-0.035397,field_mean_by_category_hole_v1,layout:eb02f5ced44ea95b3fe4c751,6cc8df05b5625c1875fcafa36456a24adf3498bba1f507c9a519f730bb9a0e9a,0.9171144778761064,-0.4122887433628315,-0.5309698163968884,1.054225722576317,0.504825734513275,-0.0261440818836135,1.0280816406927036,validated_pga_2020_2024_plus_2026,2026-10-01 09:14:00,,0.3568750000000004,-0.0018700283333331,-0.4323310158406895,,,,,,,,1790846040000000000,0.0,-0.3090155124088876,0.04210644257703111,-0.001669571428571221,0.16355191767549992,0.026749229775333505,-0.1653220303039844,0.3288739479794843,0.008504699719125996,-3.477399870793355e-05,0.19625,-0.053399999999999996,0.008469925720418062,0.14285,0.15131992572041808,-0.2810110901202714,0.0,0.0,-0.4323310158406895
"moore, taylor",0.93,BD,21944,300.4,0.78,2.0,3.0,54,23.65,,-3.0,1.0,-2.29,0.25,-0.6,1.69,0.49,-0.35,0.14,18.0,-3.0,Black Desert Resort,Bank of Utah Championship,2026-10-02 01:53:32 UTC,pga:R2026554,1.0,49947,,Taylor Moore,db9dbb2fd635ea70d2b1a463378072ed10f63d1cb557dedd8d118e5ad3c6b40d,68.0,68.0,68.0,1.0,3.60588,-0.094566,0.555527,0.26616,4.333001,1.430885,-1.87969,0.109782,0.303626,-0.448805,-0.339023,-0.035397,field_mean_by_category_hole_v1,layout:eb02f5ced44ea95b3fe4c751,6cc8df05b5625c1875fcafa36456a24adf3498bba1f507c9a519f730bb9a0e9a,1.0608274778761064,-1.0641197433628318,0.22193358041734768,0.32853634783561547,-0.003292265486725343,0.21864131493062233,0.5471776627662378,validated_pga_2020_2024_plus_2026,2026-10-01 12:30:00,,0.2752083333333334,0.0058281383333335,-0.1668788564890468,,,,,,,,1790857800000000000,0.0,-0.3090155124088876,-0.03956022408963589,0.006028595238095379,-0.17586874167614316,0.030929814298749976,0.8535089401721314,-1.0293776818482745,-0.009145174567159443,-4.020875858837497e-05,0.21125,-0.0147,-0.009185383325747818,0.19655,0.1873646166742522,0.0204857601852054,0.0,0.0,-0.1668788564890468
"kirk, chris",0.86,BD,12423,296.9,0.83,3.0,2.0,54,24.89,24.45,-3.0,0.8,1.28,-0.3,0.32,-0.96,0.12,0.02,0.14,18.0,-3.0,Black Desert Resort,Bank of Utah Championship,2026-10-02 01:53:32 UTC,pga:R2026554,1.0,30926,,Chris Kirk,db9dbb2fd635ea70d2b1a463378072ed10f63d1cb557dedd8d118e5ad3c6b40d,68.0,68.0,68.0,1.0,1.303687,2.869601,0.246383,-0.08667,4.333001,-0.871308,1.084477,-0.199362,-0.049204,0.213169,0.013807,-0.035397,field_mean_by_category_hole_v1,layout:eb02f5ced44ea95b3fe4c751,6cc8df05b5625c1875fcafa36456a24adf3498bba1f507c9a519f730bb9a0e9a,-0.2413655221238935,0.8419912566371677,-0.020729548594158986,0.05688775994148321,0.6006257345132742,0.5798961859191152,0.6367839458605984,validated_pga_2020_2024_plus_2026,2026-10-01 13:03:00,,0.2614791666666667,0.006958921666667,0.3105494017034781,,,,,,,,1790859780000000000,0.0,-0.3090155124088876,-0.05328939075630257,0.007159378571428879,-0.6658953832020013,0.4434166613697401,0.70933614112907,-1.3752315243310713,-0.03462655992650406,-0.0005764416597806621,-0.12,-0.0036,-0.03520300158628473,-0.1236,-0.15880300158628474,0.15174640011719337,0.0,0.0,0.3105494017034781
"penge, marco",0.86,BD,22465,308.2,0.67,3.0,3.0,54,28.48,,-3.0,0.57,-0.71,-0.28,-0.07,0.64,0.48,-0.34,0.14,18.0,-3.0,Black Desert Resort,Bank of Utah Championship,2026-10-02 01:53:32 UTC,pga:R2026554,1.0,51003,,Marco Penge,db9dbb2fd635ea70d2b1a463378072ed10f63d1cb557dedd8d118e5ad3c6b40d,68.0,68.0,68.0,1.0,2.848083,0.983417,0.312347,0.189153,4.333,0.673088,-0.801707,-0.133398,0.226619,-0.128619,-0.262017,-0.035398,field_mean_by_category_hole_v1,layout:eb02f5ced44ea95b3fe4c751,6cc8df05b5625c1875fcafa36456a24adf3498bba1f507c9a519f730bb9a0e9a,0.3030304778761064,-1.0441927433628315,0.02700323202239646,0.11456493641701215,-0.7411622654867251,-0.7141590334643286,-0.5995940970473165,validated_pga_2020_2024_plus_2026,2026-10-01 13:47:00,,0.2506319444444444,0.0029882883333338,0.5097232518133199,,,,,,,,1790862420000000000,0.0,-0.3090155124088876,-0.06413661297852485,0.0031887452380956792,-0.8798870888673985,0.7742012891555453,-0.10834308617747349,-0.7715440026899251,-0.042586535101182085,-0.00015484025783110906,0.0,0.0,-0.04274137535901319,0.0,-0.04274137535901319,0.4669818764543067,0.0,0.0,0.5097232518133199
"springer, hayden",0.86,BD,21995,309.5,0.72,3.0,2.0,54,29.09,40.32,-3.0,0.86,-0.23,-0.45,-1.1,-0.86,1.68,-1.54,0.14,18.0,-3.0,Black Desert Resort,Bank of Utah Championship,2026-10-02 01:53:32 UTC,pga:R2026554,1.0,50484,,Hayden Springer,db9dbb2fd635ea70d2b1a463378072ed10f63d1cb557dedd8d118e5ad3c6b40d,68.0,68.0,68.0,1.0,1.521667,0.981046,0.158011,1.672277,4.333001,-0.653328,-0.804078,-0.287734,1.709743,-1.457406,-1.74514,-0.035397,field_mean_by_category_hole_v1,layout:eb02f5ced44ea95b3fe4c751,6cc8df05b5625c1875fcafa36456a24adf3498bba1f507c9a519f730bb9a0e9a,-0.02338552212389322,-1.0465637433628319,-0.2237889957431925,1.2731369809876043,-1.069949265486725,-1.2937382612299175,-0.020601280242313225,validated_pga_2020_2024_plus_2026,2026-10-01 13:58:00,,0.2500208333333333,0.0008814216666671,-0.2253726438007144,,,,,,,,1790863080000000000,0.0,-0.3090155124088876,-0.06474772408963597,0.001081878571428979,-0.14750917103114206,0.021758955538294718,-0.4523046192972818,0.3047954482661397,-0.007670476893619387,-2.8286642199783132e-05,-0.1075,-0.05039999999999999,-0.007698763535819169,-0.15789999999999998,-0.16559876353581915,-0.39097140733653357,0.0,0.0,-0.2253726438007144
"wu, dylan",0.93,BD,25002,305.4,0.83,2.0,3.0,65,36.28,,-2.0,0.5,-1.28,0.62,-1.28,0.0,-0.2,-0.66,-0.86,18.0,-2.0,Black Desert Resort,Bank of Utah Championship,2026-10-02 01:53:32 UTC,pga:R2026554,1.0,54783,,Dylan Wu,db9dbb2fd635ea70d2b1a463378072ed10f63d1cb557dedd8d118e5ad3c6b40d,69.0,69.0,69.0,1.0,1.797333,0.673246,1.077947,-0.215527,3.332999,-0.377662,-1.111878,0.632202,-0.178061,-1.48954,-0.857338,-1.035399,field_mean_by_category_hole_v1,layout:eb02f5ced44ea95b3fe4c751,6cc8df05b5625c1875fcafa36456a24adf3498bba1f507c9a519f730bb9a0e9a,0.2522804778761065,-1.354363743362832,0.5793864913317676,-0.10583736105481933,-1.1020832654867254,-0.5226967741549579,-0.6285341352097772,validated_pga_2020_2024_plus_2026,2026-10-01 07:35:00,,0.375,-0.0100470283333332,-0.8149207387256895,,,,,,,,1790840100000000000,0.0,-1.3090155124088876,0.060231442577030725,-0.009846571428571321,-0.4439103594395006,0.1970564072177066,-1.1536586970741904,0.7097483376346898,-0.030407859621605794,-0.0009655763953667622,0.0,0.014000000000000002,-0.03137343601697255,0.014000000000000002,-0.01737343601697255,-0.832294174742662,0.0,0.0,-0.8149207387256895
"hoge, tom",0.71,BD,15575,300.4,0.78,6.0,4.0,65,28.83,52.83,-2.0,0.71,1.49,-0.05,-1.18,-2.68,0.38,-1.24,-0.86,18.0,-2.0,Black Desert Resort,Bank of Utah Championship,2026-10-02 01:53:32 UTC,pga:R2026554,1.0,35532,,Tom Hoge,db9dbb2fd635ea70d2b1a463378072ed10f63d1cb557dedd8d118e5ad3c6b40d,69.0,69.0,69.0,1.0,1.041,1.544576,0.416553,0.330871,3.333,-1.133995,-0.240548,-0.029192,0.368337,-1.374543,-1.403735,-1.035398,field_mean_by_category_hole_v1,layout:eb02f5ced44ea95b3fe4c751,6cc8df05b5625c1875fcafa36456a24adf3498bba1f507c9a519f730bb9a0e9a,-0.5040525221238932,-0.48303374336283134,-0.3492865776893298,0.501214950570897,-0.9870862654867245,-1.3363728431760542,-0.8351578926051572,validated_pga_2020_2024_plus_2026,2026-10-01 07:46:00,,0.375,-0.0084263616666664,-0.3629071209650054,,,,,,,,1790840760000000000,0.0,-1.3090155124088876,0.060231442577030725,-0.00822590476190452,-0.8943033105335179,0.7997784112312096,-0.517617361461684,-0.37668594907183384,-0.04650377214774293,-0.0010397119346005725,-0.335,-0.0114,-0.0475434840823435,-0.34640000000000004,-0.39394348408234353,-0.7568506050473489,0.0,0.0,-0.3629071209650054
"koivun, jackson",0.86,BD,32319,296.6,0.83,2.0,5.0,65,23.34,80.42,-2.0,0.6,1.76,-0.42,1.29,-0.47,-1.73,0.87,-0.86,18.0,-2.0,Black Desert Resort,Bank of Utah Championship,2026-10-02 01:53:32 UTC,pga:R2026554,1.0,66701,,Jackson Koivun,db9dbb2fd635ea70d2b1a463378072ed10f63d1cb557dedd8d118e5ad3c6b40d,69.0,69.0,69.0,1.0,1.884,3.197219,-0.023765,-1.724456,3.332998,-0.290995,1.412095,-0.46951,-1.68699,1.1211,0.65159,-1.0354,field_mean_by_category_hole_v1,layout:eb02f5ced44ea95b3fe4c751,6cc8df05b5625c1875fcafa36456a24adf3498bba1f507c9a519f730bb9a0e9a,-0.6610525221238936,1.1696092566371687,-0.3287183523060495,-1.376484035455161,0.5085567345132751,0.1798383822072256,-1.1966456532479355,validated_pga_2020_2024_plus_2026,2026-10-01 08:08:00,,0.3748055555555556,-0.0052537838888887,1.4078549045187811,,,,,,,,1790842080000000000,0.0,-1.3090155124088876,0.06003699813258634,-0.005053326984126821,-2.6620872026839706,7.086708274693767,0.17423036337878828,-2.8363175660627586,-0.11846288051943668,0.12047404066979404,-0.0,-0.0,0.0020111601503573634,-0.0,0.0020111601503573634,1.4098660646691386,0.0,0.0,1.4078549045187811
"riley, davis",0.79,BD,19872,292.7,0.67,6.0,3.0,65,22.62,38.94,-2.0,0.33,0.2,-2.22,-2.21,-2.41,3.57,-4.44,-0.86,18.0,-2.0,Black Desert Resort,Bank of Utah Championship,2026-10-02 01:53:32 UTC,pga:R2026554,1.0,47995,,Davis Riley,db9dbb2fd635ea70d2b1a463378072ed10f63d1cb557dedd8d118e5ad3c6b40d,69.0,69.0,69.0,1.0,-0.5285,2.226788,-1.784699,3.419413,3.333002,-2.703495,0.441664,-2.230444,3.456879,-2.261831,-4.492275,-1.035396,field_mean_by_category_hole_v1,layout:eb02f5ced44ea95b3fe4c751,6cc8df05b5625c1875fcafa36456a24adf3498bba1f507c9a519f730bb9a0e9a,-1.1005525221238937,0.19917825663716826,-2.0403976845470457,2.7904313931728963,-0.9013742654867254,-2.941771950033771,-0.15134055686087455,validated_pga_2020_2024_plus_2026,2026-10-01 08:19:00,,0.3738125000000001,-0.0039842616666666,-0.9267122537744256,,,,,,,,1790842740000000000,0.0,-1.3090155124088876,0.05904394257703083,-0.0037838047619047207,-0.3272435777240978,0.10708835916166763,0.2918918637976471,-0.6191354415217449,-0.0224161850741007,-0.0005247329598921714,-0.2651,-0.2499,-0.022940918033992872,-0.515,-0.5379409180339929,-1.4646531718084184,0.0,0.0,-0.9267122537744256
"kang, jeffrey",1.0,BD,21889,311.6,0.67,4.0,3.0,65,30.31,,-2.0,0.75,-0.54,-0.53,1.06,1.6,-1.39,0.53,-0.86,18.0,-2.0,Black Desert Resort,Bank of Utah Championship,2026-10-02 01:53:32 UTC,pga:R2026554,1.0,47393,,Jeffrey Kang,db9dbb2fd635ea70d2b1a463378072ed10f63d1cb557dedd8d118e5ad3c6b40d,69.0,69.0,69.0,1.0,3.4655,1.097153,0.16647,-1.39612,3.333003,1.290505,-0.687971,-0.279275,-1.358654,0.602534,0.323259,-1.035395,field_mean_by_category_hole_v1,layout:eb02f5ced44ea95b3fe4c751,6cc8df05b5625c1875fcafa36456a24adf3498bba1f507c9a519f730bb9a0e9a,0.9204474778761065,-0.9304567433628317,-0.2062765828443312,-1.2898903609200159,-0.010009265486725205,-0.2162858483310564,-1.5061762092510722,validated_pga_2020_2024_plus_2026,2026-10-01 08:52:00,,0.365791666666667,-0.0019584283333332,-0.9370483059455472,,,,,,,,1790844720000000000,0.0,-1.3090155124088876,0.05102310924369774,-0.001757971428571321,-0.3229025255529758,0.10426604100849021,0.10295758419406753,-0.42586010974704336,-0.022118823000378846,-0.000510903600941602,0.17600000000000002,0.0973,-0.022629726601320448,0.2733,0.25067027339867953,-0.6863780325468677,0.0,0.0,-0.9370483059455472
"dumont de chassart, adrien",0.79,BD,22002,291.0,0.72,5.0,3.0,65,21.4,57.64,-2.0,0.75,-0.78,2.25,-2.42,-1.64,-0.69,-0.17,-0.86,18.0,-2.0,Black Desert Resort,Bank of Utah Championship,2026-10-02 01:53:32 UTC,pga:R2026554,1.0,50497,,Adrien Dumont de Chassart,db9dbb2fd635ea70d2b1a463378072ed10f63d1cb557dedd8d118e5ad3c6b40d,69.0,69.0,69.0,1.0,-0.12,1.47458,2.705794,-0.727373,3.333001,-2.294995,-0.310544,2.260049,-0.689907,-2.605539,-0.34549,-1.035397,field_mean_by_category_hole_v1,layout:eb02f5ced44ea95b3fe4c751,6cc8df05b5625c1875fcafa36456a24adf3498bba1f507c9a519f730bb9a0e9a,-1.8310525221238936,1.6573032566371682,1.4491614537266146,-0.509368948276946,-0.17374926548672542,1.2754121882398892,0.7660432399629432,validated_pga_2020_2024_plus_2026,2026-10-01 09:03:00,,0.3614583333333337,-0.0018700283333331,-0.5290840163014032,,,,,,,,1790845380000000000,0.0,-1.3090155124088876,0.04668977591036444,-0.001669571428571221,-0.735111748530453,0.5403892828275,-0.03756825064235647,-0.6975434978880966,-0.05035515477433604,-0.00264790748585475,-0.18039999999999998,0.0483,-0.05300306226019079,-0.13209999999999997,-0.18510306226019074,-0.714187078561594,0.0,0.0,-0.5290840163014032
"todd, brendon",0.79,BD,12425,291.7,0.61,3.0,7.0,65,34.77,19.32,-2.0,0.5,0.61,-0.78,-1.0,-1.61,0.92,-1.78,-0.86,18.0,-2.0,Black Desert Resort,Bank of Utah Championship,2026-10-02 01:53:32 UTC,pga:R2026554,1.0,30927,,Brendon Todd,db9dbb2fd635ea70d2b1a463378072ed10f63d1cb557dedd8d118e5ad3c6b40d,69.0,69.0,69.0,1.0,0.3085,2.456947,-0.28715,0.854702,3.332999,-1.866495,0.671823,-0.732895,0.892168,-1.194672,-1.927567,-1.035399,field_mean_by_category_hole_v1,layout:eb02f5ced44ea95b3fe4c751,6cc8df05b5625c1875fcafa36456a24adf3498bba1f507c9a519f730bb9a0e9a,-1.586052522123894,0.4293372566371678,-0.5723754040656123,0.6027220050667165,-1.156715265486726,-1.7290906695523383,-1.126368664485622,validated_pga_2020_2024_plus_2026,2026-10-01 12:30:00,,0.2752083333333334,0.0058281383333335,-2.297881164703328,,,,,,,,1790857800000000000,0.0,-1.3090155124088876,-0.03956022408963589,0.006028595238095379,0.9551335665381382,0.912280129927864,0.8535089401721314,0.10162462636600678,0.06542664930786248,-0.004470172636646534,-0.1771,-0.06440000000000001,0.06095647667121594,-0.24150000000000002,-0.1805435233287841,-2.478424688032112,0.0,0.0,-2.297881164703328
"walker, danny",0.93,BD,25003,310.8,0.83,1.0,7.0,65,26.85,,-2.0,0.75,-0.2,1.16,1.25,1.45,-3.26,2.4,-0.86,18.0,-2.0,Black Desert Resort,Bank of Utah Championship,2026-10-02 01:53:32 UTC,pga:R2026554,1.0,54607,,Danny Walker,db9dbb2fd635ea70d2b1a463378072ed10f63d1cb557dedd8d118e5ad3c6b40d,69.0,69.0,69.0,1.0,3.367833,2.074293,1.177382,-3.286507,3.333001,1.192838,0.289169,0.731637,-3.249041,1.482007,2.213644,-1.035397,field_mean_by_category_hole_v1,layout:eb02f5ced44ea95b3fe4c751,6cc8df05b5625c1875fcafa36456a24adf3498bba1f507c9a519f730bb9a0e9a,0.8227804778761065,0.04668325663716866,0.6610251155517145,-2.7697568647970434,0.8694637345132752,1.5304888500649896,-1.2392680147320538,validated_pga_2020_2024_plus_2026,2026-10-01 12:41:00,,0.2706250000000001,0.0065034161111112,-1.05339655650137,,,,,,,,1790858460000000000,0.0,-1.3090155124088876,-0.04414355742296916,0.006703873015873079,-0.29325909721937543,0.08600089810192309,0.8417699261759669,-1.1350290233953424,-0.020088248159527217,-0.00042140440069942314,0.1595,0.22820000000000001,-0.02050965256022664,0.38770000000000004,0.3671903474397734,-0.6862062090615967,0.0,0.0,-1.05339655650137
"hardy, nick",0.79,BD,19865,307.4,0.67,4.0,2.0,65,35.7,138.41,-2.0,0.7,-2.46,0.17,-1.38,1.08,0.35,-1.21,-0.86,18.0,-2.0,Black Desert Resort,Bank of Utah Championship,2026-10-02 01:53:32 UTC,pga:R2026554,1.0,47988,,Nick Hardy,db9dbb2fd635ea70d2b1a463378072ed10f63d1cb557dedd8d118e5ad3c6b40d,69.0,69.0,69.0,1.0,2.833111,-0.390075,0.634579,0.255384,3.332999,0.658116,-2.175199,0.188834,0.29285,-1.517083,-1.328249,-1.035399,field_mean_by_category_hole_v1,layout:eb02f5ced44ea95b3fe4c751,6cc8df05b5625c1875fcafa36456a24adf3498bba1f507c9a519f730bb9a0e9a,0.2880584778761066,-1.3916847433628319,0.2152573969447804,0.4191087523539392,-1.1036262654867253,-0.8883688685419449,-0.46926011618800567,validated_pga_2020_2024_plus_2026,2026-10-01 12:52:00,,0.26604166666666673,-0.010091228333333424,-0.898980755548497,historical_sg_ema20,613.0,2026-09-18 00:00:00,2026-10-01,dg_historical.db,554,utah,1790859120000000000,0.0,-1.3090155124088876,-0.04872689075630254,-0.009890771428571544,-0.46885287595002656,0.219823019286611,0.7951050482686906,-1.263957924218717,-0.03211642200257682,-0.0010771327945043939,0.1188,-0.0245,-0.033193554797081214,0.0943,0.06110644520291878,-0.8378743103455782,0.0,0.0,-0.898980755548497
"mcnealy, maverick",1.0,BD,18634,299.7,0.67,1.0,3.0,65,31.19,,-2.0,0.67,-1.62,2.1,-0.32,1.3,-2.64,1.78,-0.86,18.0,-2.0,Black Desert Resort,Bank of Utah Championship,2026-10-02 01:53:32 UTC,pga:R2026554,1.0,46442,,Maverick McNealy,db9dbb2fd635ea70d2b1a463378072ed10f63d1cb557dedd8d118e5ad3c6b40d,69.0,69.0,69.0,1.0,3.265,-0.085104,2.777337,-2.624232,3.333001,1.090005,-1.870228,2.331592,-2.586766,-0.780223,1.551369,-1.035397,field_mean_by_category_hole_v1,layout:eb02f5ced44ea95b3fe4c751,6cc8df05b5625c1875fcafa36456a24adf3498bba1f507c9a519f730bb9a0e9a,0.7199474778761066,-2.112713743362832,1.7814805958839037,-2.0651733697025776,-1.3927662654867254,0.3887143303971783,-1.6764590393053993,validated_pga_2020_2024_plus_2026,2026-10-01 13:03:00,,0.2614791666666667,0.006958921666667,0.8207597770486231,,,,,,,,1790859780000000000,0.0,-1.3090155124088876,-0.05328939075630257,0.007159378571428879,-2.176105758547146,4.73543627238205,0.70933614112907,-2.8854418996762163,-0.10532351871368187,-0.0009470872544764101,0.0,-0.0,-0.10627060596815828,0.0,-0.10627060596815828,0.7144891710804648,0.0,0.0,0.8207597770486231
"kanaya, takumi",1.0,BD,19729,300.4,0.72,2.0,1.0,65,28.72,,-2.0,0.5,0.53,-1.04,1.49,0.96,-1.31,0.45,-0.86,18.0,-2.0,Black Desert Resort,Bank of Utah Championship,2026-10-02 01:53:32 UTC,pga:R2026554,1.0,47917,,Takumi Kanaya,db9dbb2fd635ea70d2b1a463378072ed10f63d1cb557dedd8d118e5ad3c6b40d,69.0,69.0,69.0,1.0,2.830167,2.29904,-0.384766,-1.41144,3.333001,0.655172,0.513916,-0.830511,-1.373974,1.169088,0.338577,-1.035397,field_mean_by_category_hole_v1,layout:eb02f5ced44ea95b3fe4c751,6cc8df05b5625c1875fcafa36456a24adf3498bba1f507c9a519f730bb9a0e9a,0.28511447787610633,0.27143025663716847,-0.7003088628858969,-1.0770442128326385,0.5565447345132748,-0.1437641283726221,-1.2208083412052606,validated_pga_2020_2024_plus_2026,2026-10-01 13:25:00,,0.254375,0.0058649716666671,-0.1475783850549043,,,,,,,,1790861100000000000,0.0,-1.3090155124088876,-0.06039355742296926,0.006065428571428979,-1.2159657131102855,1.4785726154598051,0.40377357786787343,-1.619739290978159,-0.06323021708173485,-0.0019221444000977466,0.12,0.0393,-0.0651523614818326,0.1593,0.0941476385181674,-0.053430746536736906,0.0,0.0,-0.1475783850549043
"lower, justin",0.93,BD,17723,298.6,0.67,3.0,4.0,65,29.77,18.94,-2.0,0.62,-0.31,0.27,0.7,1.01,-1.82,0.96,-0.86,18.0,-2.0,Black Desert Resort,Bank of Utah Championship,2026-10-02 01:53:32 UTC,pga:R2026554,1.0,40162,,Justin Lower,db9dbb2fd635ea70d2b1a463378072ed10f63d1cb557dedd8d118e5ad3c6b40d,69.0,69.0,69.0,1.0,2.897534,1.507059,0.661621,-1.733215,3.332999,0.722539,-0.278065,0.215876,-1.695749,0.444474,0.66035,-1.035399,field_mean_by_category_hole_v1,layout:eb02f5ced44ea95b3fe4c751,6cc8df05b5625c1875fcafa36456a24adf3498bba1f507c9a519f730bb9a0e9a,0.35248147787610584,-0.5205507433628314,0.24618972982550158,-1.375002966781215,-0.16806926548672552,0.07812046433877606,-1.2968825024424389,validated_pga_2020_2024_plus_2026,2026-10-01 13:36:00,,0.2520833333333333,0.004649471666667,-0.5150864233308666,,,,,,,,1790861760000000000,0.0,-1.3090155124088876,-0.06268522408963595,0.004849928571428879,-0.8519648415009899,0.7258440911538069,0.17562359110383463,-1.0275884326048246,-0.058359591642817815,-0.0035566360466536538,0.1111,0.1274,-0.06191622768947147,0.23850000000000002,0.17658377231052855,-0.33850265102033805,0.0,0.0,-0.5150864233308666
"garnett, brice",1.0,BD,11451,291.2,0.72,4.0,2.0,65,25.42,,-2.0,0.57,-1.4,-0.57,-0.43,0.97,0.13,-0.99,-0.86,18.0,-2.0,Black Desert Resort,Bank of Utah Championship,2026-10-02 01:53:32 UTC,pga:R2026554,1.0,29535,,Brice Garnett,db9dbb2fd635ea70d2b1a463378072ed10f63d1cb557dedd8d118e5ad3c6b40d,69.0,69.0,69.0,1.0,2.939875,0.199478,0.030344,0.163303,3.333,0.76488,-1.585646,-0.415401,0.200769,-0.820766,-1.236167,-1.035398,field_mean_by_category_hole_v1,layout:eb02f5ced44ea95b3fe4c751,6cc8df05b5625c1875fcafa36456a24adf3498bba1f507c9a519f730bb9a0e9a,0.39482247787610625,-1.8281317433628317,-0.24688781397874102,0.0591843433915652,-1.4333092654867254,-1.6801970794654664,-1.6210127360739013,validated_pga_2020_2024_plus_2026,2026-10-01 13:36:00,,0.2520833333333333,0.004649471666667,-0.7644127525011272,,,,,,,,1790861760000000000,0.0,-1.3090155124088876,-0.06268522408963595,0.004849928571428879,-0.6026385123307294,0.3631731765441947,0.17562359110383463,-0.778262103434564,-0.04128073809465497,-0.0017795485650665538,0.1067,-0.0091,-0.043060286659721524,0.0976,0.05453971334027848,-0.7098730391608487,0.0,0.0,-0.7644127525011272
"bracken, boston",0.79,BD,30037448,309.8,0.78,5.0,4.0,65,28.01,72.99,-2.0,0.25,0.3,-0.5,-1.16,-1.46,0.81,-1.67,-0.86,18.0,-2.0,Black Desert Resort,Bank of Utah Championship,2026-10-02 01:53:32 UTC,pga:R2026554,1.0,71475,,Boston Bracken,db9dbb2fd635ea70d2b1a463378072ed10f63d1cb557dedd8d118e5ad3c6b40d,69.0,69.0,69.0,1.0,1.043939,1.778194,-0.080505,0.591372,3.333,-1.131056,-0.00693,-0.52625,0.628838,-1.137986,-1.664236,-1.035398,field_mean_by_category_hole_v1,layout:eb02f5ced44ea95b3fe4c751,6cc8df05b5625c1875fcafa36456a24adf3498bba1f507c9a519f730bb9a0e9a,-0.25461352212389343,-0.24941574336283168,-0.331198903020808,0.4394792228911345,-0.5040292654867251,-0.8352281685075331,-0.3957489456163986,validated_pga_2020_2024_plus_2026,2026-10-01 13:58:00,,0.2500208333333333,0.0008814216666671,-1.59976627021309,,,,,,,,1790863080000000000,0.0,-1.3090155124088876,-0.06474772408963597,0.001081878571428979,0.22688445538123347,0.05147655609363892,-0.4523046192972818,0.6791890746785152,0.015541585193614494,-0.0002522351248588307,-0.1606,-0.05670000000000001,0.015289350068755665,-0.2173,-0.20201064993124432,-1.8017769201443343,0.0,0.0,-1.59976627021309
"blanchet, chandler",0.86,BD,24956,301.4,0.83,3.0,3.0,65,22.25,41.21,-2.0,0.75,1.38,-0.04,0.53,-0.85,-1.36,0.5,-0.86,18.0,-2.0,Black Desert Resort,Bank of Utah Championship,2026-10-02 01:53:32 UTC,,,,,,,,,,,,,,,,,,,,,,,,,,,,,,,,,,2026-10-01 14:09:00,,0.2502500000000009,-0.0016269283333373,-0.3290090274697785,,,,,,,,1790863740000000000,0.0,-1.3090155124088876,-0.06451855742296836,-0.001426471428575421,-1.0461519706954145,1.0944339457898995,-0.8604391735768218,-0.1857127971185928,-0.054399902476161555,-0.0014227641295268692,-0.10625,0.0408,-0.05582266660568842,-0.06545,-0.12127266660568842,-0.4502816940754669,0.0,0.0,-0.3290090274697785
"dou, zecheng",0.79,BD,16757,294.9,0.67,1.0,8.0,65,25.2,74.23,-2.0,0.62,1.55,-1.15,0.86,-0.69,-0.57,-0.29,-0.86,18.0,-2.0,Black Desert Resort,Bank of Utah Championship,2026-10-02 01:53:32 UTC,,,,,,,,,,,,,,,,,,,,,,,,,,,,,,,,,,2026-10-01 14:09:00,,0.2502500000000009,-0.0016269283333373,0.0931943385606837,,,,,,,,1790863740000000000,0.0,-1.3090155124088876,-0.06451855742296836,-0.001426471428575421,-1.4683553367258768,2.156067394891363,-0.8604391735768218,-0.607916163149055,-0.0763544775097456,-0.0028028876133587718,-0.08625,0.017099999999999997,-0.07915736512310437,-0.06914999999999999,-0.14830736512310436,-0.05511302656242066,0.0,0.0,0.0931943385606837
"rodgers, patrick",1.0,BD,16283,312.2,0.72,1.0,5.0,81,36.25,,-1.0,0.67,-1.43,-0.29,0.05,1.48,-1.62,-0.24,-1.86,18.0,-1.0,Black Desert Resort,Bank of Utah Championship,2026-10-02 01:53:32 UTC,pga:R2026554,1.0,36699,,Patrick Rodgers,db9dbb2fd635ea70d2b1a463378072ed10f63d1cb557dedd8d118e5ad3c6b40d,70.0,70.0,70.0,1.0,3.351333,-0.674674,0.277004,-0.620664,2.332999,1.176338,-2.459798,-0.168741,-0.583198,-1.28346,-1.452201,-2.035399,field_mean_by_category_hole_v1,layout:eb02f5ced44ea95b3fe4c751,6cc8df05b5625c1875fcafa36456a24adf3498bba1f507c9a519f730bb9a0e9a,0.8062804778761059,-2.7022837433628317,-0.17968916156782094,-0.3384330989721792,-1.8960032654867258,-2.075692427054547,-2.414125526026726,validated_pga_2020_2024_plus_2026,2026-10-01 07:46:00,,0.375,-0.0084263616666664,-0.3887884785842518,,,,,,,,1790840760000000000,0.0,-2.309015512408888,0.060231442577030725,-0.00822590476190452,-1.8684219529142718,3.4910005941319815,-0.517617361461684,-1.350804591452588,-0.09715794155154213,-0.004538300772371576,0.185,0.048600000000000004,-0.10169624232391371,0.2336,0.1319037576760863,-0.2568847209081655,0.0,0.0,-0.3887884785842518
"meissner, mac",0.93,BD,28159,313.6,0.83,3.0,4.0,81,24.16,,-1.0,0.33,-0.97,-0.0,1.14,2.11,-3.0,1.14,-1.86,18.0,-1.0,Black Desert Resort,Bank of Utah Championship,2026-10-02 01:53:32 UTC,pga:R2026554,1.0,59143,,Mac Meissner,db9dbb2fd635ea70d2b1a463378072ed10f63d1cb557dedd8d118e5ad3c6b40d,70.0,70.0,70.0,1.0,4.030977,1.255762,0.086267,-3.040003,2.333003,1.855982,-0.529362,-0.359478,-3.002537,1.32662,0.967142,-2.035395,field_mean_by_category_hole_v1,layout:eb02f5ced44ea95b3fe4c751,6cc8df05b5625c1875fcafa36456a24adf3498bba1f507c9a519f730bb9a0e9a,1.4859244778761065,-0.7718477433628319,-0.5913254106001289,-2.60146128711673,0.7140767345132746,0.1227513239131457,-2.4787099632035843,validated_pga_2020_2024_plus_2026,2026-10-01 07:46:00,,0.375,-0.0084263616666664,0.5420904470053304,,,,,,,,1790840760000000000,0.0,-2.309015512408888,0.060231442577030725,-0.00822590476190452,-2.7993008785038542,7.83608540839245,-0.517617361461684,-2.28168351704217,-0.13548616251958653,-0.0015672170816784902,0.0,-0.0,-0.137053379601265,0.0,-0.137053379601265,0.40503706740406537,0.0,0.0,0.5420904470053304
"hubbard, mark",0.79,BD,16333,285.8,0.67,3.0,2.0,81,32.27,45.75,-1.0,0.5,-0.88,-1.68,-1.37,-0.49,1.19,-3.05,-1.86,18.0,-1.0,Black Desert Resort,Bank of Utah Championship,2026-10-02 01:53:32 UTC,pga:R2026554,1.0,36801,,Mark Hubbard,db9dbb2fd635ea70d2b1a463378072ed10f63d1cb557dedd8d118e5ad3c6b40d,70.0,70.0,70.0,1.0,1.368063,0.898956,-1.109743,1.175724,2.333,-0.806932,-0.886168,-1.555488,1.21319,-1.6931,-3.248588,-2.035398,field_mean_by_category_hole_v1,layout:eb02f5ced44ea95b3fe4c751,6cc8df05b5625c1875fcafa36456a24adf3498bba1f507c9a519f730bb9a0e9a,-1.1769895221238935,-1.1286537433628316,-1.44326520622799,1.1041970425338992,-2.305643265486725,-3.748908471714715,-2.644711429180816,validated_pga_2020_2024_plus_2026,2026-10-01 07:57:00,,0.375,-0.0068056949999998,-0.3771860079890534,,,,,,,,1790841420000000000,0.0,-2.309015512408888,0.060231442577030725,-0.006605238095237921,-1.8784037568428034,3.5284006737211575,-0.08529685984250635,-1.793106897000297,-0.09767699535582577,-0.0045869208758375045,-0.06125,-0.035699999999999996,-0.10226391623166328,-0.09695,-0.1992139162316633,-0.5763999242207167,0.0,0.0,-0.3771860079890534
"greyserman, max",0.86,BD,23465,299.4,0.61,1.0,2.0,81,30.56,,-1.0,0.88,-1.83,0.34,-2.42,-0.58,0.22,-2.08,-1.86,18.0,-1.0,Black Desert Resort,Bank of Utah Championship,2026-10-02 01:53:32 UTC,pga:R2026554,1.0,51977,,Max Greyserman,db9dbb2fd635ea70d2b1a463378072ed10f63d1cb557dedd8d118e5ad3c6b40d,70.0,70.0,70.0,1.0,2.214497,0.13205,-0.025764,0.012215,2.332998,0.039502,-1.653074,-0.471509,0.049681,-1.613572,-2.085081,-2.0354,field_mean_by_category_hole_v1,layout:eb02f5ced44ea95b3fe4c751,6cc8df05b5625c1875fcafa36456a24adf3498bba1f507c9a519f730bb9a0e9a,0.6694444778761062,-1.8955597433628317,-0.3617367917988178,0.31386108673676144,-1.2261152654867256,-1.5878520572855432,-1.2739909705487817,validated_pga_2020_2024_plus_2026,2026-10-01 07:57:00,,0.375,-0.0068056949999998,0.2482044515447561,,,,,,,,1790841420000000000,0.0,-2.309015512408888,0.060231442577030725,-0.006605238095237921,-2.5037942163766127,6.268985477960976,-0.08529685984250635,-2.4184973565341066,-0.13019729925158385,-0.008149681121349268,-0.0725,-0.0066,-0.1383469803729331,-0.07909999999999999,-0.21744698037293309,0.03075747117182301,0.0,0.0,0.2482044515447561
"thompson, davis",0.93,BD,27364,298.1,0.61,3.0,8.0,81,30.04,3.78,-1.0,0.78,-0.99,0.62,-0.56,0.42,-1.91,0.05,-1.86,18.0,-1.0,Black Desert Resort,Bank of Utah Championship,2026-10-02 01:53:32 UTC,pga:R2026554,1.0,58168,,Davis Thompson,db9dbb2fd635ea70d2b1a463378072ed10f63d1cb557dedd8d118e5ad3c6b40d,70.0,70.0,70.0,1.0,2.1785,1.771718,0.349877,-1.967096,2.332999,0.003505,-0.013406,-0.095868,-1.92963,-0.009901,-0.105769,-2.035399,field_mean_by_category_hole_v1,layout:eb02f5ced44ea95b3fe4c751,6cc8df05b5625c1875fcafa36456a24adf3498bba1f507c9a519f730bb9a0e9a,-0.36655252212389344,1.2921082566371687,-0.04487963254125443,-1.5835450369001443,0.9255557345132752,0.8806761019720208,-0.7028689349281234,validated_pga_2020_2024_plus_2026,2026-10-01 08:19:00,,0.3738125000000001,-0.0039842616666666,0.4946688659588802,,,,,,,,1790842740000000000,0.0,-2.309015512408888,0.05904394257703083,-0.0037838047619047207,-2.748624697457404,7.5549377274728045,0.2918918637976471,-3.0405165612550507,-0.14292848426778498,-0.009821419045714645,0.0525,0.0573,-0.15274990331349964,0.1098,-0.04294990331349964,0.4517189626453806,0.0,0.0,0.4946688659588802
"gordon, will",0.86,BD,26660,304.5,0.67,1.0,5.0,81,32.09,,-1.0,0.75,-1.73,-0.23,-1.93,-0.2,0.29,-2.16,-1.86,18.0,-1.0,Black Desert Resort,Bank of Utah Championship,2026-10-02 01:53:32 UTC,pga:R2026554,1.0,56762,,Will Gordon,db9dbb2fd635ea70d2b1a463378072ed10f63d1cb557dedd8d118e5ad3c6b40d,70.0,70.0,70.0,1.0,2.047,-0.577839,0.548628,0.315208,2.332997,-0.127995,-2.362963,0.102883,0.352674,-2.490958,-2.388075,-2.035401,field_mean_by_category_hole_v1,layout:eb02f5ced44ea95b3fe4c751,6cc8df05b5625c1875fcafa36456a24adf3498bba1f507c9a519f730bb9a0e9a,0.14494747787610684,-2.6054487433628317,0.2397290796512967,0.43935896662448554,-2.460501265486725,-2.220772185835428,-1.7814132192109426,validated_pga_2020_2024_plus_2026,2026-10-01 08:30:00,,0.3719791666666668,-0.0030118616666665,-0.874952853464197,,,,,,,,1790843400000000000,0.0,-2.309015512408888,0.05721060924369753,-0.002811404761904621,-1.3798639113676598,1.904024413894857,0.298615197009515,-1.6784791083771748,-0.09452067792868471,-0.0093297196280848,-0.022000000000000002,-0.020300000000000002,-0.1038503975567695,-0.042300000000000004,-0.1461503975567695,-1.0211032510209666,0.0,0.0,-0.874952853464197
"wallace, matt",0.79,BD,20706,304.2,0.67,2.0,3.0,81,32.35,,-1.0,0.57,-1.51,-0.11,-0.68,0.84,-1.08,-0.78,-1.86,18.0,-1.0,Black Desert Resort,Bank of Utah Championship,2026-10-02 01:53:32 UTC,pga:R2026554,1.0,48887,,Matt Wallace,db9dbb2fd635ea70d2b1a463378072ed10f63d1cb557dedd8d118e5ad3c6b40d,70.0,70.0,70.0,1.0,2.88059,-0.006781,0.534224,-1.075033,2.333,0.705595,-1.791905,0.088479,-1.037567,-1.08631,-0.997831,-2.035398,field_mean_by_category_hole_v1,layout:eb02f5ced44ea95b3fe4c751,6cc8df05b5625c1875fcafa36456a24adf3498bba1f507c9a519f730bb9a0e9a,0.3355374778761062,-2.034390743362832,0.15748364466950032,-0.7638387791340931,-1.6988532654867257,-1.5413696208172254,-2.3052083999513187,validated_pga_2020_2024_plus_2026,2026-10-01 08:41:00,,0.3693055555555558,-0.0023365838888886,0.841600534558038,,,,,,,,1790844060000000000,0.0,-2.309015512408888,0.0545369981325865,-0.002136126984126721,-3.0984156327232277,9.60017943310368,0.22532791860984003,-3.3237435513330675,-0.14996331662380422,-0.001920035886620736,0.0,-0.0,-0.15188335251042495,0.0,-0.15188335251042495,0.689717182047613,0.0,0.0,0.841600534558038
"power, seamus",0.79,BD,10104,291.9,0.56,3.0,4.0,81,31.13,26.56,-1.0,0.78,-4.79,2.39,-4.9,-0.11,0.65,-2.51,-1.86,18.0,-1.0,Black Desert Resort,Bank of Utah Championship,2026-10-02 01:53:32 UTC,pga:R2026554,1.0,28252,,Seamus Power,db9dbb2fd635ea70d2b1a463378072ed10f63d1cb557dedd8d118e5ad3c6b40d,70.0,70.0,70.0,1.0,1.771139,-3.173754,3.068721,0.666897,2.333003,-0.403856,-4.958878,2.622976,0.704363,-5.362734,-2.739758,-2.035395,field_mean_by_category_hole_v1,layout:eb02f5ced44ea95b3fe4c751,6cc8df05b5625c1875fcafa36456a24adf3498bba1f507c9a519f730bb9a0e9a,-0.7739135221238935,-2.2836137433628316,2.106567715514868,0.823469443484378,-3.0575272654867254,-0.9509595499718575,-0.1274901064874795,validated_pga_2020_2024_plus_2026,2026-10-01 08:41:00,,0.3693055555555558,-0.0023365838888886,0.0079091670796592,,,,,,,,1790844060000000000,0.0,-2.309015512408888,0.0545369981325865,-0.002136126984126721,-2.264724265244849,5.128975997588821,0.22532791860984003,-2.490052183854689,-0.11776566179273214,-0.006667668796865467,-0.01375,-0.0195,-0.1244333305895976,-0.03325,-0.1576833305895976,-0.1497741635099384,0.0,0.0,0.0079091670796592
"hirata, kensei",1.0,BD,20954,291.7,0.78,2.0,3.0,81,27.34,18.11,-1.0,0.57,-1.2,-0.11,-1.01,0.19,-0.74,-1.12,-1.86,18.0,-1.0,Black Desert Resort,Bank of Utah Championship,2026-10-02 01:53:32 UTC,pga:R2026554,1.0,49120,,Kensei Hirata,db9dbb2fd635ea70d2b1a463378072ed10f63d1cb557dedd8d118e5ad3c6b40d,70.0,70.0,70.0,1.0,2.0695,0.498702,0.451771,-0.686972,2.333001,-0.105495,-1.286422,0.006026,-0.649506,-1.391917,-1.385891,-2.035397,field_mean_by_category_hole_v1,layout:eb02f5ced44ea95b3fe4c751,6cc8df05b5625c1875fcafa36456a24adf3498bba1f507c9a519f730bb9a0e9a,-0.47555252212389343,-1.5044077433628318,0.13803527261739185,-0.7367725757233271,-1.9799602654867252,-1.8419249928693333,-2.5786975685926605,validated_pga_2020_2024_plus_2026,2026-10-01 08:52:00,,0.365791666666667,-0.0019584283333332,-1.3290259000294071,,,,,,,,1790844720000000000,0.0,-2.309015512408888,0.05102310924369774,-0.001757971428571321,-0.9309249314691161,0.8666212280307786,0.10295758419406753,-1.0338825156631837,-0.06376835780563446,-0.004246444017350815,0.020900000000000002,0.051800000000000006,-0.06801480182298528,0.07270000000000001,0.004685198177014738,-1.3243407018523925,0.0,0.0,-1.3290259000294071
"peterson, paul",0.86,BD,16341,290.2,0.61,4.0,5.0,81,24.3,,-1.0,0.5,0.2,0.43,-1.12,-1.31,-1.17,-0.69,-1.86,18.0,-1.0,Black Desert Resort,Bank of Utah Championship,2026-10-02 01:53:32 UTC,pga:R2026554,1.0,36824,,Paul Peterson,db9dbb2fd635ea70d2b1a463378072ed10f63d1cb557dedd8d118e5ad3c6b40d,70.0,70.0,70.0,1.0,0.889222,1.23908,1.30915,-1.104451,2.333001,-1.285773,-0.546044,0.863405,-1.066985,-1.831817,-0.968412,-2.035397,field_mean_by_category_hole_v1,layout:eb02f5ced44ea95b3fe4c751,6cc8df05b5625c1875fcafa36456a24adf3498bba1f507c9a519f730bb9a0e9a,-0.9203305221238935,-0.7885297433628315,0.6759292118846402,-1.0555696124954594,-1.708860265486725,-1.032931053602085,-2.0885006660975445,validated_pga_2020_2024_plus_2026,2026-10-01 09:03:00,,0.3614583333333337,-0.0018700283333331,-0.3919519707269376,,,,,,,,1790845380000000000,0.0,-2.309015512408888,0.04668977591036444,-0.001669571428571221,-1.8722437941049188,3.5052968245643816,-0.03756825064235647,-1.8346755434625623,-0.09735667729345578,-0.0045568858719336955,-0.16375,0.0351,-0.10191356316538946,-0.12865000000000001,-0.23056356316538948,-0.622515533892327,0.0,0.0,-0.3919519707269376
"mauss, bowen",0.93,BD,32986,291.6,0.78,3.0,4.0,81,30.11,,-1.0,0.4,0.87,-0.8,0.15,-0.71,-1.21,-0.65,-1.86,18.0,-1.0,Black Desert Resort,Bank of Utah Championship,2026-10-02 01:53:32 UTC,pga:R2026554,1.0,67803,,Bowen Mauss,db9dbb2fd635ea70d2b1a463378072ed10f63d1cb557dedd8d118e5ad3c6b40d,70.0,70.0,70.0,1.0,1.0735,3.199532,-0.475868,-1.464164,2.333,-1.101495,1.414408,-0.921613,-1.426698,0.312913,-0.6087,-2.035398,field_mean_by_category_hole_v1,layout:eb02f5ced44ea95b3fe4c751,6cc8df05b5625c1875fcafa36456a24adf3498bba1f507c9a519f730bb9a0e9a,-0.47155252212389387,1.1719222566371679,-0.7837936267891477,-1.2238472776880633,0.700369734513274,-0.08342389227587366,-1.307271169963937,validated_pga_2020_2024_plus_2026,2026-10-01 09:14:00,,0.3568750000000004,-0.0018700283333331,-3.331652464243533,,,,,,,,1790846040000000000,0.0,-2.309015512408888,0.04210644257703111,-0.001669571428571221,1.0628733660783432,1.1296997923187078,-0.1653220303039844,1.2281953963823276,0.07280682557636652,-0.005535528982361668,-0.0781,0.08470000000000001,0.06727129659400485,0.006600000000000009,0.07387129659400486,-3.257781167649528,0.0,0.0,-3.331652464243533
"hughes, mackenzie",0.86,BD,15556,301.8,0.78,2.0,2.0,81,26.65,51.82,-1.0,0.43,0.67,-0.61,-0.03,-0.7,-1.22,-0.64,-1.86,18.0,-1.0,Black Desert Resort,Bank of Utah Championship,2026-10-02 01:53:32 UTC,pga:R2026554,1.0,35506,,Mackenzie Hughes,db9dbb2fd635ea70d2b1a463378072ed10f63d1cb557dedd8d118e5ad3c6b40d,70.0,70.0,70.0,1.0,1.18,2.63031,-0.148628,-1.328682,2.333,-0.994995,0.845186,-0.594373,-1.291216,-0.149809,-0.744182,-2.035398,field_mean_by_category_hole_v1,layout:eb02f5ced44ea95b3fe4c751,6cc8df05b5625c1875fcafa36456a24adf3498bba1f507c9a519f730bb9a0e9a,-0.5290525221238935,0.6027002566371684,-0.42902633524762224,-0.8400507270897367,0.07364773451327489,-0.35537860073434735,-1.1954293278240842,validated_pga_2020_2024_plus_2026,2026-10-01 12:30:00,,0.2752083333333334,0.0058281383333335,0.1942870836721434,,,,,,,,1790857800000000000,0.0,-2.309015512408888,-0.03956022408963589,0.006028595238095379,-2.537034681837334,6.436544976845462,0.8535089401721314,-3.3905436220094654,-0.13192580345554136,-0.0083675084698991,-0.0875,0.0366,-0.14029331192544045,-0.050899999999999994,-0.19119331192544045,0.0030937717467029446,0.0,0.0,0.1942870836721434
"martin, ben",0.79,BD,14007,299.1,0.78,2.0,2.0,81,32.14,21.93,-1.0,0.71,-1.49,-0.78,-0.49,1.0,-0.6,-1.26,-1.86,18.0,-1.0,Black Desert Resort,Bank of Utah Championship,2026-10-02 01:53:32 UTC,pga:R2026554,1.0,33413,,Ben Martin,db9dbb2fd635ea70d2b1a463378072ed10f63d1cb557dedd8d118e5ad3c6b40d,70.0,70.0,70.0,1.0,3.006696,0.077529,-0.130073,-0.621151,2.333001,0.831701,-1.707595,-0.575818,-0.583685,-0.875894,-1.451712,-2.035397,field_mean_by_category_hole_v1,layout:eb02f5ced44ea95b3fe4c751,6cc8df05b5625c1875fcafa36456a24adf3498bba1f507c9a519f730bb9a0e9a,0.4616434778761067,-1.9500807433628318,-0.38652078032133386,-0.33008140393969654,-1.488437265486725,-1.874958045808059,-2.2050394497477557,validated_pga_2020_2024_plus_2026,2026-10-01 12:41:00,,0.2706250000000001,0.0065034161111112,-0.6475996671337445,,,,,,,,1790858460000000000,0.0,-2.309015512408888,-0.04414355742296916,0.006703873015873079,-1.6990559865870012,2.886791245557128,0.8417699261759669,-2.540825912762968,-0.11638533508120959,-0.014145277103229928,0.11,0.042,-0.1305306121844395,0.152,0.021469387815560487,-0.626130279318184,0.0,0.0,-0.6475996671337445
"silverman, ben",0.93,BD,17381,307.1,0.78,3.0,3.0,81,32.22,46.52,-1.0,0.67,-2.31,-1.08,-0.78,1.53,-0.0,-1.86,-1.86,18.0,-1.0,Black Desert Resort,Bank of Utah Championship,2026-10-02 01:53:32 UTC,pga:R2026554,1.0,39327,,Ben Silverman,db9dbb2fd635ea70d2b1a463378072ed10f63d1cb557dedd8d118e5ad3c6b40d,70.0,70.0,70.0,1.0,3.341111,-0.518368,-0.548816,0.059071,2.332998,1.166116,-2.303492,-0.994561,0.096537,-1.137376,-2.131937,-2.0354,field_mean_by_category_hole_v1,layout:eb02f5ced44ea95b3fe4c751,6cc8df05b5625c1875fcafa36456a24adf3498bba1f507c9a519f730bb9a0e9a,0.7960584778761066,-0.8559777433628317,-0.8013931615369527,-0.006899080702750582,-0.059919265486725104,-0.8613124270236778,-0.8682115077264284,validated_pga_2020_2024_plus_2026,2026-10-01 12:41:00,,0.2706250000000001,0.0065034161111112,-0.4207450554621,,,,,,,,1790858460000000000,0.0,-2.309015512408888,-0.04414355742296916,0.006703873015873079,-1.9259105982586457,3.709131632484975,0.8417699261759669,-2.7676805244346125,-0.10014735110944957,-0.004821871122230467,0.19125,0.0,-0.10496922223168004,0.19125,0.08628077776831997,-0.33446427769378007,0.0,0.0,-0.4207450554621
"parry, john",0.93,BD,13764,298.8,0.83,2.0,2.0,81,26.11,,-1.0,0.2,0.44,-0.32,-0.11,-0.55,-1.43,-0.43,-1.86,18.0,-1.0,Black Desert Resort,Bank of Utah Championship,2026-10-02 01:53:32 UTC,pga:R2026554,1.0,28723,,John Parry,db9dbb2fd635ea70d2b1a463378072ed10f63d1cb557dedd8d118e5ad3c6b40d,70.0,70.0,70.0,1.0,1.463611,2.305251,0.173792,-1.609652,2.333002,-0.711384,0.520127,-0.271953,-1.572186,-0.191257,-0.46321,-2.035396,field_mean_by_category_hole_v1,layout:eb02f5ced44ea95b3fe4c751,6cc8df05b5625c1875fcafa36456a24adf3498bba1f507c9a519f730bb9a0e9a,-0.019441522123893495,0.277641256637168,-0.17563533916143975,-1.7394458415517722,0.2581997345132745,0.08256439535183474,-1.6568814461999375,validated_pga_2020_2024_plus_2026,2026-10-01 12:52:00,,0.2660416666666667,0.0068815716666666,0.1494677795347273,,,,,,,,1790859120000000000,0.0,-2.309015512408888,-0.0487268907563026,0.007082028571428479,-2.500328611033251,6.251643163151467,0.7951050482686906,-3.295433659301942,-0.13001708777372906,-0.008127136112096906,-0.06875,0.042899999999999994,-0.13814422388582595,-0.025850000000000012,-0.16399422388582596,-0.01452644435109865,0.0,0.0,0.1494677795347273
"finau, tony",0.79,BD,11676,298.5,0.61,4.0,6.0,81,22.99,19.89,-1.0,0.6,-1.71,-0.66,-1.22,0.48,0.02,-1.88,-1.86,18.0,-1.0,Black Desert Resort,Bank of Utah Championship,2026-10-02 01:53:32 UTC,pga:R2026554,1.0,29725,,Tony Finau,db9dbb2fd635ea70d2b1a463378072ed10f63d1cb557dedd8d118e5ad3c6b40d,70.0,70.0,70.0,1.0,2.331909,0.144764,-0.050988,-0.092683,2.333002,0.156914,-1.64036,-0.496733,-0.055217,-1.483446,-1.980179,-2.035396,field_mean_by_category_hole_v1,layout:eb02f5ced44ea95b3fe4c751,6cc8df05b5625c1875fcafa36456a24adf3498bba1f507c9a519f730bb9a0e9a,-0.21314352212389354,-0.8828457433628316,-0.8355915706873649,-0.011351462602074647,-1.0959892654867252,-1.93158083617409,-1.9429322987761646,validated_pga_2020_2024_plus_2026,2026-10-01 13:14:00,,0.2575069444444445,0.0066347883333337,-0.4108883903347199,,,,,,,,1790860440000000000,0.0,-2.309015512408888,-0.05726161297852478,0.006835245238095579,-1.9487539467193589,3.797641944854278,0.5802850394358747,-2.529038986155234,-0.10133520522940666,-0.0049369345283105616,0.06,-0.0006,-0.10627213975771722,0.059399999999999994,-0.04687213975771723,-0.4577605300924371,0.0,0.0,-0.4108883903347199
"hossler, beau",0.71,BD,15470,300.9,0.67,4.0,6.0,81,33.7,44.81,-1.0,0.6,-0.83,-1.4,-1.33,-0.5,0.87,-2.73,-1.86,18.0,-1.0,Black Desert Resort,Bank of Utah Championship,2026-10-02 01:53:32 UTC,pga:R2026554,1.0,35461,,Beau Hossler,db9dbb2fd635ea70d2b1a463378072ed10f63d1cb557dedd8d118e5ad3c6b40d,70.0,70.0,70.0,1.0,1.451534,0.891395,-0.712543,0.702616,2.333002,-0.723461,-0.893729,-1.158288,0.740082,-1.61719,-2.775478,-2.035396,field_mean_by_category_hole_v1,layout:eb02f5ced44ea95b3fe4c751,6cc8df05b5625c1875fcafa36456a24adf3498bba1f507c9a519f730bb9a0e9a,-0.30001852212389357,-1.1362147433628318,-1.0759649366817743,0.6364893270131424,-1.4362332654867254,-2.5121982021684994,-1.875708875155357,validated_pga_2020_2024_plus_2026,2026-10-01 13:36:00,,0.2520833333333333,0.004649471666667,0.4125682678228961,,,,,,,,1790861760000000000,0.0,-2.309015512408888,-0.06268522408963595,0.004849928571428879,-2.7796195326547526,7.726284746315825,0.17562359110383463,-2.955243123758587,-0.14454021569804712,-0.010044170170210571,-0.0625,-0.026099999999999998,-0.15458438586825768,-0.0886,-0.2431843858682577,0.16938388195463838,0.0,0.0,0.4125682678228961
"lundell, carson",0.64,BD,30049,305.6,0.67,6.0,2.0,81,22.27,73.91,-1.0,0.4,1.26,-1.14,-0.31,-1.56,-0.41,-1.45,-1.86,18.0,-1.0,Black Desert Resort,Bank of Utah Championship,2026-10-02 01:53:32 UTC,,,,,,,,,,,,,,,,,,,,,,,,,,,,,,,,,,2026-10-01 14:09:00,,0.2502500000000009,-0.0016269283333373,-2.559963464900384,,,,,,,,1790863740000000000,0.0,-2.309015512408888,-0.06451855742296836,-0.001426471428575421,0.1848024667351907,0.03415195171141127,-0.8604391735768218,1.0452416403120124,0.012658968971360565,-0.00016734456338591522,-0.1716,0.0287,0.012491624407974649,-0.1429,-0.13040837559202534,-2.6903718404924097,0.0,0.0,-2.559963464900384
"johnson, zach j.",0.79,BD,17619,276.7,0.56,2.0,3.0,81,34.56,30.99,-1.0,0.7,-1.58,-0.51,-2.88,-1.3,1.53,-3.39,-1.86,18.0,-1.0,Black Desert Resort,Bank of Utah Championship,2026-10-02 01:53:32 UTC,,,,,,,,,,,,,,,,,,,,,,,,,,,,,,,,,,2026-10-01 14:09:00,,0.2502500000000009,-0.0016269283333373,-4.06,,,,,,,,1790863740000000000,0.0,-2.309015512408888,-0.06451855742296836,-0.001426471428575421,1.6848390018348063,2.8386824621037063,-0.8604391735768218,2.545278175411628,0.11541147162568424,-0.01390954406430816,-0.14300000000000002,-0.10710000000000001,0.10150192756137608,-0.25010000000000004,-0.14859807243862397,-4.208598072438623,0.0,0.0,-4.06
"putnam, andrew",0.86,BD,14704,292.2,0.72,0.0,6.0,100,34.02,11.67,0.0,0.6,-0.13,-0.92,-2.05,-1.92,0.11,-2.97,-2.86,18.0,0.0,Black Desert Resort,Bank of Utah Championship,2026-10-02 01:53:32 UTC,pga:R2026554,1.0,34256,,Andrew Putnam,db9dbb2fd635ea70d2b1a463378072ed10f63d1cb557dedd8d118e5ad3c6b40d,71.0,71.0,71.0,1.0,0.592833,1.39945,-0.483835,-0.175446,1.333002,-1.582162,-0.385674,-0.92958,-0.13798,-1.967836,-2.897416,-3.035396,field_mean_by_category_hole_v1,layout:eb02f5ced44ea95b3fe4c751,6cc8df05b5625c1875fcafa36456a24adf3498bba1f507c9a519f730bb9a0e9a,-0.9522195221238936,-0.6281597433628316,-0.8851330965102363,-0.06093885884989425,-1.5803792654867252,-2.4655123619969617,-2.526451220846856,validated_pga_2020_2024_plus_2026,2026-10-01 08:41:00,,0.3693055555555558,-0.0023365838888886,-0.2172574086124011,,,,,,,,1790844060000000000,0.0,-3.3090155124088874,0.0545369981325865,-0.002136126984126721,-3.039557689552788,9.238910948119482,0.22532791860984003,-3.2648856081626283,-0.15805699985674498,-0.012010584232555327,-0.24,-0.0033,-0.1700675840893003,-0.2433,-0.4133675840893003,-0.6306249927017014,0.0,0.0,-0.2172574086124011
"phillips, chandler",0.93,BD,27164,302.0,0.67,4.0,6.0,100,31.51,131.99,0.0,0.5,-2.93,1.75,-1.26,1.67,-3.35,0.49,-2.86,18.0,0.0,Black Desert Resort,Bank of Utah Championship,2026-10-02 01:53:32 UTC,pga:R2026554,1.0,57900,,Chandler Phillips,db9dbb2fd635ea70d2b1a463378072ed10f63d1cb557dedd8d118e5ad3c6b40d,71.0,71.0,71.0,1.0,3.634631,-2.230442,3.256959,-3.328146,1.333002,1.459636,-4.015566,2.811214,-3.29068,-2.55593,0.255284,-3.035396,field_mean_by_category_hole_v1,layout:eb02f5ced44ea95b3fe4c751,6cc8df05b5625c1875fcafa36456a24adf3498bba1f507c9a519f730bb9a0e9a,1.089578477876107,-2.2900517433628313,1.8431865478625498,-2.918583532356834,-1.2004732654867243,0.6427132823758255,-2.2758702499810086,validated_pga_2020_2024_plus_2026,2026-10-01 08:41:00,,0.3693055555555558,-0.0023365838888886,0.0477967701461676,,,,,,,,1790844060000000000,0.0,-3.3090155124088874,0.0545369981325865,-0.002136126984126721,-3.304611868311357,10.920459600184277,0.22532791860984003,-3.5299397869211973,-0.17183981715219054,-0.014196597480239558,0.20875,0.10049999999999999,-0.1860364146324301,0.30924999999999997,0.12321358536756988,0.17101035551373747,0.0,0.0,0.0477967701461676
"thompson, michael",0.93,BD,12946,282.9,0.78,0.0,2.0,100,32.49,24.22,0.0,0.71,-1.26,0.35,-1.78,-0.53,-1.43,-1.43,-2.86,18.0,0.0,Black Desert Resort,Bank of Utah Championship,2026-10-02 01:53:32 UTC,pga:R2026554,1.0,32150,,Michael Thompson,db9dbb2fd635ea70d2b1a463378072ed10f63d1cb557dedd8d118e5ad3c6b40d,71.0,71.0,71.0,1.0,1.3345,0.588146,0.881219,-1.470866,1.332999,-0.840495,-1.196978,0.435474,-1.4334,-2.037473,-1.601999,-3.035399,field_mean_by_category_hole_v1,layout:eb02f5ced44ea95b3fe4c751,6cc8df05b5625c1875fcafa36456a24adf3498bba1f507c9a519f730bb9a0e9a,-1.2105525221238935,-1.2321307433628317,0.40730535316413796,-0.8959575165653005,-2.442683265486725,-2.0353779123225872,-2.9313354288878877,validated_pga_2020_2024_plus_2026,2026-10-01 08:52:00,,0.365791666666667,-0.0019584283333332,-1.3523724642435324,,,,,,,,1790844720000000000,0.0,-3.3090155124088874,0.05102310924369774,-0.001757971428571321,-1.9075783672549904,3.638855227219215,0.10295758419406753,-2.010535951449058,-0.13066911815696686,-0.01783039061337415,-0.058300000000000005,0.10010000000000001,-0.14849950877034102,0.041800000000000004,-0.10669950877034101,-1.4590719730138735,0.0,0.0,-1.3523724642435324
"potgieter, aldrich",0.79,BD,27900,317.9,0.83,3.0,1.0,100,31.22,55.9,0.0,0.5,-0.34,-0.69,-0.64,-0.3,-1.54,-1.32,-2.86,18.0,0.0,Black Desert Resort,Bank of Utah Championship,2026-10-02 01:53:32 UTC,pga:R2026554,1.0,63343,,Aldrich Potgieter,db9dbb2fd635ea70d2b1a463378072ed10f63d1cb557dedd8d118e5ad3c6b40d,71.0,71.0,71.0,1.0,2.8345,0.49059,-0.328064,-1.664029,1.332997,0.659505,-1.294534,-0.773809,-1.626563,-0.635029,-1.408838,-3.035401,field_mean_by_category_hole_v1,layout:eb02f5ced44ea95b3fe4c751,6cc8df05b5625c1875fcafa36456a24adf3498bba1f507c9a519f730bb9a0e9a,1.2894474778761067,-1.537019743362832,-0.6115824670525238,-1.0435610653627885,-0.2475722654867254,-0.8591547325392492,-1.9027157979020377,validated_pga_2020_2024_plus_2026,2026-10-01 13:14:00,,0.2575069444444445,0.0066347883333337,-0.4565644014905844,,,,,,,,1790860440000000000,0.0,-3.3090155124088874,-0.05726161297852478,0.006835245238095579,-2.903077935563494,8.427861499955597,0.5802850394358747,-3.483362974999369,-0.15096005264930168,-0.010956219949942276,-0.0375,0.0462,-0.16191627259924396,0.0087,-0.15321627259924397,-0.6097806740898284,0.0,0.0,-0.4565644014905844
"lingmerth, david",0.86,BD,14815,301.8,0.72,4.0,4.0,100,30.29,67.6,0.0,0.56,-2.79,0.53,-2.42,0.38,-0.97,-1.89,-2.86,18.0,0.0,Black Desert Resort,Bank of Utah Championship,2026-10-02 01:53:32 UTC,pga:R2026554,1.0,34409,,David Lingmerth,db9dbb2fd635ea70d2b1a463378072ed10f63d1cb557dedd8d118e5ad3c6b40d,71.0,71.0,71.0,1.0,2.340833,-0.184203,0.093471,-0.917101,1.333,0.165838,-1.969327,-0.352274,-0.879635,-1.803489,-2.155763,-3.035398,field_mean_by_category_hole_v1,layout:eb02f5ced44ea95b3fe4c751,6cc8df05b5625c1875fcafa36456a24adf3498bba1f507c9a519f730bb9a0e9a,-0.2042195221238936,-1.2118127433628318,-0.9147055708834265,-0.7198131556220723,-1.4160322654867254,-2.330737836370152,-3.0505509919922242,validated_pga_2020_2024_plus_2026,2026-10-01 13:47:00,,0.2506319444444444,0.0029882883333338,-2.273996564309217,,,,,,,,1790862420000000000,0.0,-3.3090155124088874,-0.06413661297852485,0.0031887452380956792,-1.0961672727448613,1.201582689836907,-0.10834308617747349,-0.9878241865673878,-0.075087458183023,-0.005887755180200844,0.041800000000000004,0.0679,-0.08097521336322384,0.1097,0.02872478663677616,-2.245271777672441,0.0,0.0,-2.273996564309217
"hojgaard, rasmus",0.64,BD,23838,301.2,0.72,5.0,7.0,105,30.07,47.79,1.0,0.67,-0.63,0.12,-4.45,-3.83,0.47,-4.33,-3.86,18.0,1.0,Black Desert Resort,Bank of Utah Championship,2026-10-02 01:53:32 UTC,pga:R2026554,1.0,52686,,Rasmus Højgaard,db9dbb2fd635ea70d2b1a463378072ed10f63d1cb557dedd8d118e5ad3c6b40d,72.0,72.0,72.0,1.0,-1.7575,1.054921,0.485528,0.550052,0.333001,-3.932495,-0.730203,0.039783,0.587518,-4.662698,-4.622915,-4.035397,field_mean_by_category_hole_v1,layout:eb02f5ced44ea95b3fe4c751,6cc8df05b5625c1875fcafa36456a24adf3498bba1f507c9a519f730bb9a0e9a,-2.4625525221238935,0.7738112566371678,0.21006354287634477,0.5551857261336399,-1.6887412654867258,-1.478677722610381,-0.9234919964767412,validated_pga_2020_2024_plus_2026,2026-10-01 07:57:00,,0.375,-0.0068056949999998,0.3415803385442992,,,,,,,,1790841420000000000,0.0,-4.309015512408887,0.060231442577030725,-0.006605238095237921,-4.597170103376155,21.133972959375527,-0.08529685984250635,-4.511873243533649,-0.23905284537556004,-0.027474164847188183,-0.47875,-0.014099999999999998,-0.2665270102227482,-0.49285,-0.7593770102227482,-0.41779667167844897,0.0,0.0,0.3415803385442992
"stanger, jimmy",0.79,BD,23048,300.4,0.78,1.0,6.0,105,31.38,31.45,1.0,0.57,-0.42,-0.07,-0.51,-0.08,-3.28,-0.58,-3.86,18.0,1.0,Black Desert Resort,Bank of Utah Championship,2026-10-02 01:53:32 UTC,pga:R2026554,1.0,51600,,Jimmy Stanger,db9dbb2fd635ea70d2b1a463378072ed10f63d1cb557dedd8d118e5ad3c6b40d,72.0,72.0,72.0,1.0,1.743,1.329853,0.573708,-3.31356,0.333001,-0.431995,-0.455271,0.127963,-3.276094,-0.887266,-0.759303,-4.035397,field_mean_by_category_hole_v1,layout:eb02f5ced44ea95b3fe4c751,6cc8df05b5625c1875fcafa36456a24adf3498bba1f507c9a519f730bb9a0e9a,-0.8020525221238937,-0.6977567433628318,0.24658581681141994,-2.8762034262204637,-1.4998092654867254,-1.2532234486753056,-4.129426874895769,validated_pga_2020_2024_plus_2026,2026-10-01 09:03:00,,0.3614583333333337,-0.0018700283333331,-1.0344882875407138,,,,,,,,1790845380000000000,0.0,-4.309015512408887,0.04668977591036444,-0.001669571428571221,-3.2297074772911425,10.431010388870316,-0.03756825064235647,-3.192139226648786,-0.22123496219444327,-0.05111195090546455,-0.0088,0.2296,-0.27234691309990783,0.2208,-0.05154691309990783,-1.0860352006406215,0.0,0.0,-1.0344882875407138
"glover, lucas",0.79,BD,7399,305.6,0.72,2.0,6.0,105,28.26,95.02,1.0,0.5,-1.34,0.12,-1.59,-0.25,-2.39,-1.47,-3.86,18.0,1.0,Black Desert Resort,Bank of Utah Championship,2026-10-02 01:53:32 UTC,pga:R2026554,1.0,25900,,Lucas Glover,db9dbb2fd635ea70d2b1a463378072ed10f63d1cb557dedd8d118e5ad3c6b40d,72.0,72.0,72.0,1.0,1.669182,0.325819,0.899701,-2.5617,0.333002,-0.505813,-1.459305,0.453956,-2.524234,-1.965118,-1.511162,-4.035396,field_mean_by_category_hole_v1,layout:eb02f5ced44ea95b3fe4c751,6cc8df05b5625c1875fcafa36456a24adf3498bba1f507c9a519f730bb9a0e9a,0.026629477876106034,-1.7017907433628316,0.6102518630597749,-2.174965899156039,-1.6751612654867256,-1.0649094024269508,-3.23987530158299,validated_pga_2020_2024_plus_2026,2026-10-01 13:14:00,,0.2575069444444445,0.0066347883333337,-0.3483463501664043,,,,,,,,1790860440000000000,0.0,-4.309015512408887,-0.05726161297852478,0.006835245238095579,-4.011295986887674,16.090495494421162,0.5802850394358747,-4.591581026323549,-0.20858739131815907,-0.02091764414274751,-0.03125,0.0717,-0.2295050354609066,0.04045,-0.18905503546090657,-0.5374013856273109,0.0,0.0,-0.3483463501664043
"rasmussen, rhett",0.86,BD,25083,297.8,0.72,0.0,5.0,105,26.69,207.29,1.0,0.4,-1.12,-0.4,-1.28,-0.16,-2.18,-1.68,-3.86,18.0,1.0,Black Desert Resort,Bank of Utah Championship,2026-10-02 01:53:32 UTC,pga:R2026554,1.0,55416,,Rhett Rasmussen,db9dbb2fd635ea70d2b1a463378072ed10f63d1cb557dedd8d118e5ad3c6b40d,72.0,72.0,72.0,1.0,2.2545,0.449059,-0.075994,-2.294561,0.333004,0.079505,-1.336065,-0.521739,-2.257095,-1.25656,-1.778299,-4.035394,field_mean_by_category_hole_v1,layout:eb02f5ced44ea95b3fe4c751,6cc8df05b5625c1875fcafa36456a24adf3498bba1f507c9a519f730bb9a0e9a,-0.2905525221238938,-1.5785507433628319,-0.40369251233624404,-1.8686372769748112,-1.8691032654867257,-2.27279577782297,-4.141433054797782,validated_pga_2020_2024_plus_2026,2026-10-01 13:47:00,,0.2506319444444444,0.0029882883333338,-3.4416524642435324,,,,,,,,1790862420000000000,0.0,-4.309015512408887,-0.06413661297852485,0.0031887452380956792,-0.928511372810546,0.8621333694385247,-0.10834308617747349,-0.8201682866330725,-0.06360302903752241,-0.004224453510248771,-0.0176,0.1526,-0.06782748254777118,0.135,0.06717251745222882,-3.3744799467913036,0.0,0.0,-3.4416524642435324
"lamprecht, christo",0.64,BD,24343,317.5,0.72,3.0,4.0,105,49.16,31.14,1.0,0.5,-3.51,0.11,-2.4,1.11,-1.57,-2.29,-3.86,18.0,1.0,Black Desert Resort,Bank of Utah Championship,2026-10-02 01:53:32 UTC,,,,,,,,,,,,,,,,,,,,,,,,,,,,,,,,,,2026-10-01 14:09:00,,0.2502500000000009,-0.0016269283333373,-1.7627324642435325,,,,,,,,1790863740000000000,0.0,-4.309015512408887,-0.06451855742296836,-0.001426471428575421,-2.6124285339216606,6.824782844848077,-0.8604391735768218,-1.7519893603448389,-0.17895135457363376,-0.03344143593975558,0.12210000000000001,0.10990000000000001,-0.21239279051338933,0.23200000000000004,0.01960720948661071,-1.7431252547569218,0.0,0.0,-1.7627324642435325
"wise, aaron",0.79,BD,22051,303.3,0.78,4.0,6.0,110,24.4,3.23,2.0,0.33,1.49,-4.04,-0.05,-1.54,-0.77,-4.09,-4.86,18.0,2.0,Black Desert Resort,Bank of Utah Championship,2026-10-02 01:53:32 UTC,pga:R2026554,1.0,49964,,Aaron Wise,db9dbb2fd635ea70d2b1a463378072ed10f63d1cb557dedd8d118e5ad3c6b40d,73.0,73.0,73.0,1.0,1.188389,2.651106,-3.680487,-0.826009,-0.667001,-0.986606,0.865982,-4.126232,-0.788543,-0.120624,-4.246856,-5.035399,field_mean_by_category_hole_v1,layout:eb02f5ced44ea95b3fe4c751,6cc8df05b5625c1875fcafa36456a24adf3498bba1f507c9a519f730bb9a0e9a,-0.3566635221238932,1.7754962566371693,-3.916571949949478,-0.6425335851661763,1.418832734513276,-2.497739215436202,-3.140272800602378,validated_pga_2020_2024_plus_2026,2026-10-01 08:08:00,,0.3748055555555556,-0.0052537838888887,-0.7832087473795389,,,,,,,,1790842080000000000,0.0,-5.309015512408888,0.06003699813258634,-0.005053326984126821,-4.4710235507856515,19.990051591679936,0.17423036337878828,-4.64525391416444,-0.30626511322881717,-0.09795125279923168,-0.1694,0.0539,-0.40421636602804883,-0.11549999999999999,-0.5197163660280488,-1.3029251134075879,0.0,0.0,-0.7832087473795389
"highsmith, joe",0.93,BD,28469,299.5,0.72,3.0,10.0,110,31.86,14.42,2.0,0.5,-1.07,-0.09,-0.13,0.93,-4.63,-0.23,-4.86,18.0,2.0,Black Desert Resort,Bank of Utah Championship,2026-10-02 01:53:32 UTC,pga:R2026554,1.0,60067,,Joe Highsmith,db9dbb2fd635ea70d2b1a463378072ed10f63d1cb557dedd8d118e5ad3c6b40d,73.0,73.0,73.0,1.0,2.7755,0.909292,0.383532,-4.735323,-0.666999,0.600505,-0.875832,-0.062213,-4.697857,-0.275327,-0.33754,-5.035397,field_mean_by_category_hole_v1,layout:eb02f5ced44ea95b3fe4c751,6cc8df05b5625c1875fcafa36456a24adf3498bba1f507c9a519f730bb9a0e9a,0.23044747787610653,-1.1183177433628315,-0.04392956804428799,-4.368468690058656,-0.887870265486725,-0.9317998335310129,-5.3002685235896685,validated_pga_2020_2024_plus_2026,2026-10-01 08:30:00,,0.3719791666666668,-0.0030118616666665,-0.7365559649057518,,,,,,,,1790843400000000000,0.0,-5.309015512408888,0.05721060924369753,-0.002811404761904621,-4.5182607999261055,20.414680656148892,0.298615197009515,-4.816875996935621,-0.30950086479493827,-0.10003193521512957,0.1023,0.3241,-0.40953280001006787,0.4264,0.016867199989932136,-0.7196887649158197,0.0,0.0,-0.7365559649057518
"salinda, isaiah",0.71,BD,27183,311.1,0.67,1.0,6.0,110,25.03,75.9,2.0,0.55,-1.99,-1.12,-2.62,-0.62,-1.13,-3.73,-4.86,18.0,2.0,Black Desert Resort,Bank of Utah Championship,2026-10-02 01:53:32 UTC,pga:R2026554,1.0,56781,,Isaiah Salinda,db9dbb2fd635ea70d2b1a463378072ed10f63d1cb557dedd8d118e5ad3c6b40d,73.0,73.0,73.0,1.0,1.3755,0.247153,-1.02604,-1.26361,-0.666997,-0.799495,-1.537971,-1.471785,-1.226144,-2.337466,-3.809251,-5.035395,field_mean_by_category_hole_v1,layout:eb02f5ced44ea95b3fe4c751,6cc8df05b5625c1875fcafa36456a24adf3498bba1f507c9a519f730bb9a0e9a,-0.269552522123893,-0.7964567433628322,-1.4407837039774982,-0.968788532036459,-1.0660092654867253,-2.5067929694642235,-3.4755815015006823,validated_pga_2020_2024_plus_2026,2026-10-01 13:47:00,,0.2506319444444444,0.0029882883333338,-0.3688941885086688,,,,,,,,1790862420000000000,0.0,-5.309015512408888,-0.06413661297852485,0.0031887452380956792,-5.001269648545411,25.012698097461538,-0.10834308617747349,-4.892926562367937,-0.26006602172436133,-0.032516507526699996,-0.0775,0.03389999999999999,-0.2925825292510613,-0.04360000000000001,-0.33618252925106135,-0.7050767177597301,0.0,0.0,-0.3688941885086688
"malnati, peter",0.79,BD,14926,294.1,0.56,3.0,7.0,113,31.11,69.94,3.0,0.3,-0.25,-2.83,-2.42,-2.18,-0.6,-5.26,-5.86,18.0,3.0,Black Desert Resort,Bank of Utah Championship,2026-10-02 01:53:32 UTC,pga:R2026554,1.0,34466,,Peter Malnati,db9dbb2fd635ea70d2b1a463378072ed10f63d1cb557dedd8d118e5ad3c6b40d,74.0,74.0,74.0,1.0,0.139,1.003936,-2.277054,-0.532885,-1.667003,-2.035995,-0.781188,-2.722799,-0.495419,-2.817183,-5.539982,-6.035401,field_mean_by_category_hole_v1,layout:eb02f5ced44ea95b3fe4c751,6cc8df05b5625c1875fcafa36456a24adf3498bba1f507c9a519f730bb9a0e9a,-1.4060525221238935,-1.0236737433628318,-2.548979764705546,-0.5066215144525138,-2.4297262654867255,-4.978706030192272,-5.485327544644785,validated_pga_2020_2024_plus_2026,2026-10-01 07:35:00,,0.375,-0.0100470283333332,-0.9655034218380704,,,,,,,,1790840100000000000,0.0,-6.309015512408888,0.060231442577030725,-0.009846571428571321,-5.29332767632712,28.01931788897067,-1.1536586970741904,-4.13966897925293,-0.3625929458284078,-0.13729465765595628,-0.2398,0.042,-0.49988760348436406,-0.1978,-0.6976876034843641,-1.6631910253224345,0.0,0.0,-0.9655034218380704
"snyder, matt",0.57,BD,27286,302.1,0.56,5.0,8.0,113,47.02,80.12,3.0,0.7,-4.33,1.13,-6.38,-2.04,-0.61,-5.25,-5.86,18.0,3.0,Black Desert Resort,Bank of Utah Championship,2026-10-02 01:53:32 UTC,pga:R2026554,1.0,46123,,Matt Snyder,db9dbb2fd635ea70d2b1a463378072ed10f63d1cb557dedd8d118e5ad3c6b40d,74.0,74.0,74.0,1.0,0.29336,-2.847159,1.668545,-0.781748,-1.667002,-1.881635,-4.632283,1.2228,-0.744282,-6.513918,-5.291118,-6.0354,field_mean_by_category_hole_v1,layout:eb02f5ced44ea95b3fe4c751,6cc8df05b5625c1875fcafa36456a24adf3498bba1f507c9a519f730bb9a0e9a,-0.7316925221238937,-3.8747687433628317,0.7710420617573458,-0.7265675272192879,-4.606461265486725,-3.8354192037293795,-4.561986730948667,validated_pga_2020_2024_plus_2026,2026-10-01 09:03:00,,0.3614583333333337,-0.0018700283333331,-3.4916524642435327,,,,,,,,1790845380000000000,0.0,-6.309015512408888,0.04668977591036444,-0.001669571428571221,-2.772543300588324,7.686996353637198,-0.03756825064235647,-2.7349750499459677,-0.1899192160903002,-0.03766628213282227,-0.22440000000000002,0.0427,-0.2275854982231225,-0.18170000000000003,-0.40928549822312255,-3.900937962466655,0.0,0.0,-3.4916524642435327
"schenk, adam",0.71,BD,19477,297.5,0.33,1.0,10.0,113,49.78,45.04,3.0,0.8,-5.83,1.17,-7.43,-1.59,0.39,-6.25,-5.86,18.0,3.0,Black Desert Resort,Bank of Utah Championship,2026-10-02 01:53:32 UTC,pga:R2026554,1.0,47347,,Adam Schenk,db9dbb2fd635ea70d2b1a463378072ed10f63d1cb557dedd8d118e5ad3c6b40d,74.0,74.0,74.0,1.0,-0.050889,-3.899205,1.943494,0.339602,-1.666998,-2.225884,-5.684329,1.497749,0.377068,-7.910213,-6.412464,-6.035396,field_mean_by_category_hole_v1,layout:eb02f5ced44ea95b3fe4c751,6cc8df05b5625c1875fcafa36456a24adf3498bba1f507c9a519f730bb9a0e9a,-1.5599415221238937,-4.924814743362832,1.4599909096439316,0.6805332293499284,-6.484756265486726,-5.024765355842794,-4.344232126492866,validated_pga_2020_2024_plus_2026,2026-10-01 13:14:00,,0.2575069444444445,0.0066347883333337,-0.9969606976651334,,,,,,,,1790860440000000000,0.0,-6.309015512408888,-0.05726161297852478,0.006835245238095579,-5.362681639388946,28.75835436543931,0.5802850394358747,-5.9429666788248205,-0.3673436922981428,-0.1409159363906526,-0.1749,-0.027300000000000005,-0.5,-0.2022,-0.7021999999999999,-1.6991606976651332,0.0,0.0,-0.9969606976651334
"chatfield, davis",0.71,BD,30620,295.0,0.67,0.0,5.0,113,28.13,89.0,3.0,0.45,-2.31,-1.55,-2.44,-0.13,-1.88,-3.98,-5.86,18.0,3.0,Black Desert Resort,Bank of Utah Championship,2026-10-02 01:53:32 UTC,pga:R2026554,1.0,59006,,Davis Chatfield,db9dbb2fd635ea70d2b1a463378072ed10f63d1cb557dedd8d118e5ad3c6b40d,74.0,74.0,74.0,1.0,1.8115,0.187829,-1.613696,-2.052631,-1.666998,-0.363495,-1.597295,-2.059441,-2.015165,-1.96079,-4.020231,-6.035396,field_mean_by_category_hole_v1,layout:eb02f5ced44ea95b3fe4c751,6cc8df05b5625c1875fcafa36456a24adf3498bba1f507c9a519f730bb9a0e9a,-0.7335525221238934,-0.8367807433628316,-1.8717427376565352,-1.6675648627010808,-1.570333265486725,-3.44207600314326,-5.109640865844341,validated_pga_2020_2024_plus_2026,2026-10-01 13:58:00,,0.2500208333333333,0.0008814216666671,-0.1299659912442123,,,,,,,,1790863080000000000,0.0,-6.309015512408888,-0.06474772408963597,0.001081878571428979,-6.242915823587644,38.973997980400995,-0.4523046192972818,-5.790611204290363,-0.3246316228265575,-0.05066619737452129,-0.01625,0.05639999999999999,-0.37529782020107877,0.04014999999999999,-0.3351478202010788,-0.46511381144529107,0.0,0.0,-0.1299659912442123
"rozo, marcelo",0.86,BD,16591,304.9,0.67,2.0,5.0,113,33.59,93.71,3.0,0.56,-2.85,-1.0,-1.6,1.25,-3.25,-2.61,-5.86,18.0,3.0,Black Desert Resort,Bank of Utah Championship,2026-10-02 01:53:32 UTC,pga:R2026554,1.0,37076,,Marcelo Rozo,db9dbb2fd635ea70d2b1a463378072ed10f63d1cb557dedd8d118e5ad3c6b40d,74.0,74.0,74.0,1.0,3.134278,-0.656876,-0.873844,-3.270557,-1.666999,0.959283,-2.442,-1.319589,-3.233091,-1.482717,-2.802306,-6.035397,field_mean_by_category_hole_v1,layout:eb02f5ced44ea95b3fe4c751,6cc8df05b5625c1875fcafa36456a24adf3498bba1f507c9a519f730bb9a0e9a,0.589225477876107,-1.6844857433628317,-1.1670084480255016,-2.7341531467791653,-1.0952602654867247,-2.2622687135122264,-4.996421860291392,validated_pga_2020_2024_plus_2026,2026-10-01 13:58:00,,0.2500208333333333,0.0008814216666671,-1.4409968891942684,,,,,,,,1790863080000000000,0.0,-6.309015512408888,-0.06474772408963597,0.001081878571428979,-4.931884925637588,24.32348891973128,-0.4523046192972818,-4.479580306340306,-0.3378341174061748,-0.11918509570668326,0.1375,0.22750000000000004,-0.4570192131128581,0.36500000000000005,-0.09201921311285804,-1.5330161023071265,0.0,0.0,-1.4409968891942684
"whaley, vince",0.71,BD,25908,295.0,0.67,2.0,5.0,118,29.58,61.4,4.0,0.62,-2.13,0.27,-5.61,-3.48,-1.52,-5.34,-6.86,18.0,4.0,Black Desert Resort,Bank of Utah Championship,2026-10-02 01:53:32 UTC,pga:R2026554,1.0,51894,,Vince Whaley,db9dbb2fd635ea70d2b1a463378072ed10f63d1cb557dedd8d118e5ad3c6b40d,75.0,75.0,75.0,1.0,-0.891,-0.92843,0.717489,-1.565061,-2.667002,-3.065995,-2.713554,0.271744,-1.527595,-5.779549,-5.507805,-7.0354,field_mean_by_category_hole_v1,layout:eb02f5ced44ea95b3fe4c751,6cc8df05b5625c1875fcafa36456a24adf3498bba1f507c9a519f730bb9a0e9a,-1.5220525221238939,-2.903372743362832,0.24537774618371766,-1.4662851654565845,-4.425425265486726,-4.180047519303008,-5.646332684759592,validated_pga_2020_2024_plus_2026,2026-10-01 07:35:00,,0.375,-0.0100470283333332,-0.8447128625795616,,,,,,,,1790840100000000000,0.0,-7.309015512408888,0.060231442577030725,-0.009846571428571321,-6.4141182355856285,41.140912740072096,-1.1536586970741904,-5.260459538511438,-0.43936709913761557,-0.20159047242635325,-0.3828,0.10640000000000001,-0.5,-0.2764,-0.7764,-1.6211128625795617,0.0,0.0,-0.8447128625795616
"an, seonghyeon",0.79,BD,29351,314.1,0.72,3.0,7.0,119,38.01,47.16,5.0,0.43,-3.93,-0.08,-4.42,-0.49,-3.36,-4.5,-7.86,18.0,5.0,Black Desert Resort,Bank of Utah Championship,2026-10-02 01:53:32 UTC,pga:R2026554,1.0,62798,,Seonghyeon An,db9dbb2fd635ea70d2b1a463378072ed10f63d1cb557dedd8d118e5ad3c6b40d,76.0,76.0,76.0,1.0,1.332555,-1.519686,-0.044672,-3.4352,-3.667003,-0.84244,-3.30481,-0.490417,-3.397734,-4.14725,-4.637667,-8.035401,field_mean_by_category_hole_v1,layout:eb02f5ced44ea95b3fe4c751,6cc8df05b5625c1875fcafa36456a24adf3498bba1f507c9a519f730bb9a0e9a,-0.2829975221238934,-0.7641847433628317,-0.5081429895708077,-3.1615158674122608,-1.047182265486725,-1.5553252550575327,-4.716841122469793,validated_pga_2020_2024_plus_2026,2026-10-01 09:14:00,,0.3568750000000004,-0.0018700283333331,-3.0809021379899755,,,,,,,,1790846040000000000,0.0,-8.309015512408887,0.04210644257703111,-0.001669571428571221,-5.187876960175214,26.91406735391682,-0.1653220303039844,-5.02255492987123,-0.3553695717720022,-0.1318789300341924,-0.053899999999999997,0.23520000000000002,-0.4872485018061946,0.18130000000000002,-0.3059485018061946,-3.38685063979617,0.0,0.0,-3.0809021379899755
