player_name,accuracy,course_x,dg_id,distance,gir,great_shots,poor_shots,position,prox_fw,prox_rgh,round,scrambling,sg_app,sg_arg,sg_bs,sg_ott,sg_putt,sg_t2g,sg_total,thru,total,course_name,event_name,last_updated,img_event_key,img_round_no,img_player_id,img_team_id,img_source_player_name,img_raw_model_id,img_round_strokes,img_total_strokes,img_valid_sg_strokes,img_complete,img_sg_ott_raw,img_sg_app_raw,img_sg_arg_raw,img_sg_putt_raw,img_sg_total_raw,img_sg_ott,img_sg_app,img_sg_arg,img_sg_putt,img_sg_bs,img_sg_t2g,img_sg_total,img_adjustment_method,img_course_id,img_signal_model_id,img_sg_ott_signal,img_sg_app_signal,img_sg_arg_signal,img_sg_putt_signal,img_sg_bs_signal,img_sg_t2g_signal,img_sg_total_signal,img_signal_status,original_r2_score,actual_holes_completed,assumed_r2_strokes,provisional_assumptions,r2_teetime_x,course_y,starting_tee,great_shots_r1,poor_shots_r1,sg_app_r1,sg_arg_r1,sg_ott_r1,sg_putt_r1,sg_adj_r1,r1_tot_resid_adj,base_pred,sg_app_avg,sg_arg_avg,sg_ott_avg,sg_putt_avg,sg_app_delta,great_shots_avg,r2_teetime_y,wind_adj2,dew_adj2,updated_pred,pos_6_10,sg_total_adj,player_wind_benefit,player_dew_benefit,residual,residual_capped,residual2,residual3,weather_signal,residual_w_adj,residual_adj,residual2_adj,residual3_adj,avg_ott_adj,avg_putt_adj,avg_app_adj,avg_arg_adj,delta_app_adj,tot_resid_adj,tot_sg_adj,updated_pred_r3,prior_reset_adj,total_adjustment,Score
"smotherman, austin",0.93,BD,22985,300.5,1.0,4.0,1.0,1,21.73,12.52,-9.0,1.0,2.74,-0.04,3.96,1.22,2.05,3.92,5.97,18.0,-17.0,Black Desert Resort,Bank of Utah Championship,2026-10-03 02:49:14 UTC,pga:R2026554,2.0,50095,,Austin Smotherman,48a2a44c56c09a1a8ce70b1ad92051cbb7f79775d01a9262a5bfaad37bbe6877,62.0,62.0,62.0,1.0,2.927389,5.712223,0.259516,1.631871,10.530999,0.964712,3.103854,-0.114785,1.94721,4.068566,3.953781,5.900991,field_mean_by_category_hole_v1,layout:9002a36d5717676c32bb871d,fe2ce7981b399f3c420a9ad952c34b58185f30f95b2d54dd6929297a43c93752,0.6399581052631578,3.037238929824562,0.04357196110911565,1.6020119285702832,3.67719703508772,3.7207689961968358,5.322780924767119,validated_pga_2020_2024_plus_2026,-9.0,18.0,62.0,"PROVISIONAL R3: current R2 scores assumed final; low 65 and ties (cut -6). Actual holes completed preserved. Missing R3 times generated 2026-10-03 09:20-11:30 America/Denver; better half tee 1 leaders last, lower half tee 10 worst last. Official individual times take precedence. Market coverage may be incomplete.",2026-10-02 08:41,,1.0,6.0,2.0,1.9,0.51,0.61,2.11,0.01295,0.2135486696616863,-0.079627855733443,2.3200000000000003,0.23500000000000001,0.915,2.08,0.8400000000000003,5.0,2026-10-02 08:41,0.4794513888888884,-0.0579307091902073,0.1468708139282433,0.0,5.517745768961602,-0.05022306379472696,-0.05793070919020733,5.262721182048423,5.262721182048423,27.696234239981155,145.75755859772363,0.0,5.262721182048423,0.7357284212503696,-2.4095723788783605,1.3701210508186021,0.10065,-0.0624,-0.029696000000000004,-0.035250000000000004,0.028056000000000008,-0.30372290680938874,0.001360000000000007,-0.3819907625428317,-0.2264986696616863,-0.528861576471075,62.0
"roy, kevin",1.0,BD,18424,289.1,0.89,6.0,1.0,2,20.88,,-8.0,0.83,2.26,0.06,3.17,0.91,1.75,3.22,4.97,18.0,-16.0,Black Desert Resort,Bank of Utah Championship,2026-10-03 02:49:14 UTC,pga:R2026554,2.0,39335,,Kevin Roy,48a2a44c56c09a1a8ce70b1ad92051cbb7f79775d01a9262a5bfaad37bbe6877,63.0,63.0,63.0,1.0,2.551722,5.003782,0.569951,1.405542,9.530997,0.589045,2.395413,0.19565,1.720881,2.984458,3.180108,4.900989,field_mean_by_category_hole_v1,layout:9002a36d5717676c32bb871d,fe2ce7981b399f3c420a9ad952c34b58185f30f95b2d54dd6929297a43c93752,0.2642911052631578,2.3287979298245616,0.2631129071806706,1.6558264844809005,2.5930890350877194,2.85620194226839,4.512028426749291,validated_pga_2020_2024_plus_2026,-8.0,18.0,63.0,"PROVISIONAL R3: current R2 scores assumed final; low 65 and ties (cut -6). Actual holes completed preserved. Missing R3 times generated 2026-10-03 09:20-11:30 America/Denver; better half tee 1 leaders last, lower half tee 10 worst last. Official individual times take precedence. Market coverage may be incomplete.",2026-10-02 07:46,,1.0,5.0,1.0,1.26,1.11,1.15,1.62,0.0951499999999999,0.1995334736104803,0.357931464389108,1.7599999999999998,0.5850000000000001,1.03,1.685,0.9999999999999998,5.5,2026-10-02 07:46,0.4352083333333328,-0.0512037147457627,0.6526149379995883,0.0,4.517745768961602,-0.09446611935028254,-0.051203714745762734,3.719460996865968,3.719460996865968,13.834390107207183,51.45647441918551,0.0,3.719460996865968,0.5199806473618623,-1.203591939327025,0.4836908595403438,0.1133,-0.05055,-0.022528,-0.08775000000000001,0.03339999999999999,-0.19992043242481877,-0.014128000000000016,0.1438830319642892,-0.29468347361048025,-0.508731906035299,63.0
"streelman, kevin",1.0,BD,8480,292.9,0.83,5.0,1.0,3,25.51,,-7.0,0.75,1.23,-0.08,1.79,0.56,2.26,1.71,3.97,18.0,-15.0,Black Desert Resort,Bank of Utah Championship,2026-10-03 02:49:14 UTC,pga:R2026554,2.0,27214,,Kevin Streelman,48a2a44c56c09a1a8ce70b1ad92051cbb7f79775d01a9262a5bfaad37bbe6877,64.0,64.0,64.0,1.0,2.3115,3.876263,0.39211,1.951126,8.530999,0.348823,1.267894,0.017809,2.266465,1.616717,1.634526,3.900991,field_mean_by_category_hole_v1,layout:9002a36d5717676c32bb871d,fe2ce7981b399f3c420a9ad952c34b58185f30f95b2d54dd6929297a43c93752,0.024069105263157642,1.2012789298245612,-0.1761686322965778,2.031046556627035,1.2253480350877188,1.049179402791141,3.080225959418176,validated_pga_2020_2024_plus_2026,-7.0,18.0,64.0,"PROVISIONAL R3: current R2 scores assumed final; low 65 and ties (cut -6). Actual holes completed preserved. Missing R3 times generated 2026-10-03 09:20-11:30 America/Denver; better half tee 1 leaders last, lower half tee 10 worst last. Official individual times take precedence. Market coverage may be incomplete.",2026-10-02 08:19,,1.0,6.0,0.0,1.45,1.28,0.2,2.21,-0.1327,0.2232839091632173,-0.5519862261614885,1.3399999999999999,0.6,0.38,2.235,-0.21999999999999997,5.5,2026-10-02 08:19,0.4611333333333329,-0.0562749280790961,-0.4614023169982711,0.0,3.5177457689616016,-0.06854111935028245,-0.056274928079096134,3.8543320385304947,3.8543320385304947,14.855875463242638,57.25947675839516,0.0,3.8543320385304947,0.5388356189865632,-1.2924611653021094,0.5382390815289145,0.041800000000000004,-0.06705,-0.017152,-0.09,-0.007347999999999999,-0.2153864647866317,-0.13974999999999999,-0.9071226909481203,-0.0905839091632174,-0.44572037394984915,64.0
"ghim, doug",1.0,BD,24550,302.4,0.94,4.0,0.0,3,22.94,,-9.0,1.0,1.4,0.31,3.05,1.64,2.62,3.35,5.97,18.0,-15.0,Black Desert Resort,Bank of Utah Championship,2026-10-03 02:49:14 UTC,pga:R2026554,2.0,52375,,Doug Ghim,48a2a44c56c09a1a8ce70b1ad92051cbb7f79775d01a9262a5bfaad37bbe6877,62.0,62.0,62.0,1.0,3.502727,4.229235,0.662199,2.136839,10.531,1.54005,1.620866,0.287898,2.452178,3.160916,3.448814,5.900992,field_mean_by_category_hole_v1,layout:9002a36d5717676c32bb871d,fe2ce7981b399f3c420a9ad952c34b58185f30f95b2d54dd6929297a43c93752,1.2152961052631581,1.5542509298245606,0.38364827941217117,1.9958558818176657,2.7695470350877187,3.15319531449989,5.149051196317556,validated_pga_2020_2024_plus_2026,-9.0,18.0,62.0,"PROVISIONAL R3: current R2 scores assumed final; low 65 and ties (cut -6). Actual holes completed preserved. Missing R3 times generated 2026-10-03 09:20-11:30 America/Denver; better half tee 1 leaders last, lower half tee 10 worst last. Official individual times take precedence. Market coverage may be incomplete.",2026-10-02 12:30,,1.0,6.0,0.0,1.79,0.19,1.85,-0.7,0.0,0.087951139984417,0.9140064360714898,1.595,0.25,1.745,0.9600000000000001,-0.3900000000000001,5.0,2026-10-02 12:30,0.59840625,0.0278295685875703,1.001957576055907,0.0,5.517745768961602,0.06873179731638468,0.027829568587570262,4.61234955880965,4.61234955880965,21.273768452651574,98.12205653680614,0.0,4.61234955880965,0.6448064683215892,-1.8508178553806869,0.9223473314459778,0.19195,-0.028800000000000003,-0.020416,-0.0375,-0.013026000000000005,-0.28366405561312,0.092208,0.7225503804583697,-0.08795113998441717,-0.27940719559753724,62.0
"jaeger, stephan",0.86,BD,16394,297.2,0.94,3.0,3.0,5,18.04,,-6.0,0.5,4.21,0.15,3.02,-1.19,-0.2,3.17,2.97,18.0,-14.0,Black Desert Resort,Bank of Utah Championship,2026-10-03 02:49:14 UTC,pga:R2026554,2.0,36799,,Stephan Jaeger,48a2a44c56c09a1a8ce70b1ad92051cbb7f79775d01a9262a5bfaad37bbe6877,65.0,65.0,65.0,1.0,1.050389,6.914131,0.383868,-0.817387,7.531001,-0.912288,4.305762,0.009567,-0.502048,3.393474,3.403041,2.900993,field_mean_by_category_hole_v1,layout:9002a36d5717676c32bb871d,fe2ce7981b399f3c420a9ad952c34b58185f30f95b2d54dd6929297a43c93752,-0.237041894736842,4.239146929824562,0.1478357691571984,-0.54976279548063,4.00210503508772,4.149940804244918,3.6001780087642876,validated_pga_2020_2024_plus_2026,-6.0,18.0,65.0,"PROVISIONAL R3: current R2 scores assumed final; low 65 and ties (cut -6). Actual holes completed preserved. Missing R3 times generated 2026-10-03 09:20-11:30 America/Denver; better half tee 1 leaders last, lower half tee 10 worst last. Official individual times take precedence. Market coverage may be incomplete.",2026-10-02 13:14,,1.0,7.0,2.0,2.31,0.37,0.93,1.53,0.07035,0.2205072252539917,-0.0818491293056922,3.26,0.26,-0.12999999999999995,0.665,1.9,5.0,2026-10-02 13:14,0.5974291666666668,0.0501435702542367,0.2090080959482995,0.0,2.5177457689616016,0.06775471398305144,0.050143570254236665,2.4266359572505904,2.4266359572505904,5.888562069021489,14.289396453189479,0.0,2.4266359572505904,0.3392437068236326,-0.5123049000048695,0.13432032665998112,-0.014299999999999995,-0.01995,-0.041728,-0.039,0.06345999999999999,-0.0387408665212558,-0.05151800000000001,-0.17210799582694802,-0.2908572252539917,-0.3811160917752475,65.0
"fisk, steven",0.93,BD,26657,304.8,1.0,3.0,0.0,6,25.48,,-5.0,0.67,-0.02,0.66,1.07,1.09,0.23,1.74,1.97,18.0,-13.0,Black Desert Resort,Bank of Utah Championship,2026-10-03 02:49:14 UTC,pga:R2026554,2.0,57123,,Steven Fisk,48a2a44c56c09a1a8ce70b1ad92051cbb7f79775d01a9262a5bfaad37bbe6877,66.0,66.0,66.0,1.0,2.836833,2.70316,0.886477,0.104529,6.530999,0.874156,0.094791,0.512176,0.419868,0.968947,1.481123,1.900991,field_mean_by_category_hole_v1,layout:9002a36d5717676c32bb871d,fe2ce7981b399f3c420a9ad952c34b58185f30f95b2d54dd6929297a43c93752,0.5494021052631584,0.028175929824561408,0.49576294846757696,0.5588558046349446,0.5775780350877198,1.0733409835552967,1.6321967881902413,validated_pga_2020_2024_plus_2026,-5.0,18.0,66.0,"PROVISIONAL R3: current R2 scores assumed final; low 65 and ties (cut -6). Actual holes completed preserved. Missing R3 times generated 2026-10-03 09:20-11:30 America/Denver; better half tee 1 leaders last, lower half tee 10 worst last. Official individual times take precedence. Market coverage may be incomplete.",2026-10-02 13:25,,1.0,4.0,2.0,1.06,-0.32,1.65,2.75,0.12375,0.2133089876908287,0.1086096401706609,0.52,0.17,1.37,1.49,-1.08,3.5,2026-10-02 13:25,0.5952291666666669,0.0564196019209035,0.4456686278614896,1.0,1.5177457689616014,0.06555471398305157,0.056419601920903464,1.1940514570040668,1.1940514570040668,1.4257588819735347,1.7024294703569884,0.0,1.1940514570040668,-0.036776784875725256,-0.019960624347629487,0.006298989040320857,0.09590000000000001,-0.0149,-0.0156,-0.0051,-0.0,-0.050438420183033884,0.060300000000000006,0.11847121998762702,-0.3370589876908287,-0.32719740787386253,66.0
"brennan, michael",0.93,BD,29197,300.8,0.94,7.0,1.0,7,28.26,67.8,-5.0,0.75,0.22,-0.66,1.3,1.08,1.33,0.64,1.97,18.0,-12.0,Black Desert Resort,Bank of Utah Championship,2026-10-03 02:49:14 UTC,pga:R2026554,2.0,61522,,Michael Brennan,48a2a44c56c09a1a8ce70b1ad92051cbb7f79775d01a9262a5bfaad37bbe6877,66.0,66.0,66.0,1.0,2.868,3.121867,-0.388623,0.929756,6.531,0.905323,0.513498,-0.762924,1.245095,1.418821,0.655897,1.900992,field_mean_by_category_hole_v1,layout:9002a36d5717676c32bb871d,fe2ce7981b399f3c420a9ad952c34b58185f30f95b2d54dd6929297a43c93752,0.5805691052631574,0.4468829298245618,-0.6315285300520662,0.6292985451102454,1.0274520350877192,0.395923505035653,1.0252220501458984,validated_pga_2020_2024_plus_2026,-5.0,18.0,66.0,"PROVISIONAL R3: current R2 scores assumed final; low 65 and ties (cut -6). Actual holes completed preserved. Missing R3 times generated 2026-10-03 09:20-11:30 America/Denver; better half tee 1 leaders last, lower half tee 10 worst last. Official individual times take precedence. Market coverage may be incomplete.",2026-10-02 13:03,,1.0,4.0,1.0,2.65,-1.76,1.88,1.37,0.0,0.1358597688503341,0.909274174512555,1.435,-1.21,1.48,1.35,-2.4299999999999997,5.5,2026-10-02 13:03,0.5986208333333334,0.044357790254237,1.045133943362889,1.0,1.5177457689616014,0.06894638064971803,0.044357790254236966,0.5859159965026673,0.5859159965026673,0.3432975549577137,0.20114352900997803,0.0,0.5859159965026673,-0.018046212692282154,-0.004806165769407992,0.0007442310573369188,0.10360000000000001,-0.013500000000000002,-0.04305,0.0363,-0.0,-0.022108147404353226,0.08335000000000001,0.9705160271082018,-0.13585976885033402,-0.07461791625468717,66.0
"shipley, neal",0.86,BD,32055,310.1,1.0,5.0,1.0,7,16.82,,-8.0,0.33,3.81,1.35,4.8,0.99,-1.18,6.15,4.97,18.0,-12.0,Black Desert Resort,Bank of Utah Championship,2026-10-03 02:49:14 UTC,pga:R2026554,2.0,63807,,Neal Shipley,48a2a44c56c09a1a8ce70b1ad92051cbb7f79775d01a9262a5bfaad37bbe6877,63.0,63.0,63.0,1.0,2.705,6.692538,1.593296,-1.459836,9.530998,0.742323,4.084169,1.218995,-1.144497,4.826492,6.045487,4.90099,field_mean_by_category_hole_v1,layout:9002a36d5717676c32bb871d,fe2ce7981b399f3c420a9ad952c34b58185f30f95b2d54dd6929297a43c93752,0.41756910526315805,4.017553929824562,0.6509047433448869,-0.8365872258109986,4.43512303508772,5.086027778432607,4.249440552621608,validated_pga_2020_2024_plus_2026,-8.0,18.0,63.0,"PROVISIONAL R3: current R2 scores assumed final; low 65 and ties (cut -6). Actual holes completed preserved. Missing R3 times generated 2026-10-03 09:20-11:30 America/Denver; better half tee 1 leaders last, lower half tee 10 worst last. Official individual times take precedence. Market coverage may be incomplete.",2026-10-02 13:14,,1.0,5.0,2.0,2.54,-1.53,1.0,-0.87,0.1511,0.0258962181375981,0.2455442066862919,3.175,-0.08999999999999997,0.995,-1.025,1.27,5.0,2026-10-02 13:14,0.5974291666666668,0.0501435702542367,0.4225404248238901,1.0,4.517745768961602,0.06775471398305144,0.050143570254236665,4.213103628374999,4.213103628374999,17.750242183426586,74.78360974752951,0.0,4.213103628374999,-0.12976359175395,-0.24850339056797222,0.2766993560658592,0.06965,0.010249999999999999,-0.09524999999999999,0.002699999999999999,0.0,-0.10156762625606303,-0.01264999999999998,0.13132658043022888,-0.1769962181375982,-0.2912138443936612,63.0
"bauchou, zach",0.86,BD,19846,292.6,0.67,1.0,4.0,9,29.52,,-2.0,0.75,-1.46,0.2,-2.52,-1.06,1.3,-2.33,-1.03,18.0,-11.0,Black Desert Resort,Bank of Utah Championship,2026-10-03 02:49:14 UTC,pga:R2026554,2.0,48001,,Zach Bauchou,48a2a44c56c09a1a8ce70b1ad92051cbb7f79775d01a9262a5bfaad37bbe6877,69.0,69.0,69.0,1.0,0.605333,1.00551,0.913643,1.006514,3.531,-1.357344,-1.602859,0.539342,1.321853,-2.960203,-2.420861,-1.099008,field_mean_by_category_hole_v1,layout:9002a36d5717676c32bb871d,fe2ce7981b399f3c420a9ad952c34b58185f30f95b2d54dd6929297a43c93752,-0.6380978947368421,-1.6694740701754385,0.5347086918226271,1.2738753903969566,-2.3075719649122806,-1.7728632730896534,-0.4989878826926968,validated_pga_2020_2024_plus_2026,-2.0,18.0,69.0,"PROVISIONAL R3: current R2 scores assumed final; low 65 and ties (cut -6). Actual holes completed preserved. Missing R3 times generated 2026-10-03 09:20-11:30 America/Denver; better half tee 1 leaders last, lower half tee 10 worst last. Official individual times take precedence. Market coverage may be incomplete.",2026-10-02 07:57,,1.0,5.0,1.0,3.17,0.88,1.7,0.4,0.2004999999999999,0.2399178102820986,0.3311444837699574,0.855,0.54,0.31999999999999995,0.8500000000000001,-4.63,3.0,2026-10-02 07:57,0.4435041666666661,-0.0530917914124294,0.771562294052056,1.0,-1.4822542310383986,-0.08617028601694926,-0.05309179141242944,-2.3930786025198336,-2.3930786025198336,5.72682519783828,-13.7047428413182,0.0,-2.3930786025198336,0.07370682095761087,-0.08017555276973592,-0.05070754851287734,0.0224,-0.0085,-0.02565,-0.0162,-0.0,-0.057176280325002396,-0.02795,0.24601820344495504,-0.4404178102820986,-0.5255440906071009,69.0
"kirk, chris",0.93,BD,12423,294.7,0.83,4.0,1.0,9,17.16,22.47,-8.0,1.0,2.96,-0.29,3.89,0.93,1.37,3.6,4.97,18.0,-11.0,Black Desert Resort,Bank of Utah Championship,2026-10-03 02:49:14 UTC,pga:R2026554,2.0,30926,,Chris Kirk,48a2a44c56c09a1a8ce70b1ad92051cbb7f79775d01a9262a5bfaad37bbe6877,63.0,63.0,63.0,1.0,2.699935,5.729827,0.119261,0.981978,9.531001,0.737258,3.121458,-0.25504,1.297317,3.858716,3.603676,4.900993,field_mean_by_category_hole_v1,layout:9002a36d5717676c32bb871d,fe2ce7981b399f3c420a9ad952c34b58185f30f95b2d54dd6929297a43c93752,0.4125041052631584,3.05484292982456,-0.13161894616157543,1.289003424917699,3.4673470350877182,3.335728088926143,4.624731513843842,validated_pga_2020_2024_plus_2026,-8.0,18.0,63.0,"PROVISIONAL R3: current R2 scores assumed final; low 65 and ties (cut -6). Actual holes completed preserved. Missing R3 times generated 2026-10-03 09:20-11:30 America/Denver; better half tee 1 leaders last, lower half tee 10 worst last. Official individual times take precedence. Market coverage may be incomplete.",2026-10-02 08:08,,1.0,3.0,2.0,1.28,-0.3,-0.96,0.12,-0.1236,-0.0349954137100037,0.3105494017034781,2.12,-0.295,-0.014999999999999958,0.7450000000000001,1.68,3.5,2026-10-02 08:08,0.4522263888888884,-0.0548676491902072,0.1519539879934743,1.0,4.517745768961602,-0.07744806379472696,-0.054867649190207236,4.233476067983193,4.233476067983193,17.922319618186435,75.87371118633794,0.0,4.233476067983193,-0.13039106289388233,-0.2509124746546101,0.2807327313894504,-0.0010499999999999971,-0.007450000000000001,-0.0636,0.008849999999999998,0.0,-0.10057080615904207,-0.06325,0.14672859554443604,0.15859541371000382,-0.005225392449038246,63.0
"ramey, chad",0.93,BD,19840,293.7,0.78,5.0,3.0,9,21.22,81.34,-6.0,0.6,0.93,-0.31,1.68,0.75,1.6,1.37,2.97,18.0,-11.0,Black Desert Resort,Bank of Utah Championship,2026-10-03 02:49:14 UTC,pga:R2026554,2.0,47983,,Chad Ramey,48a2a44c56c09a1a8ce70b1ad92051cbb7f79775d01a9262a5bfaad37bbe6877,65.0,65.0,65.0,1.0,2.566007,3.552048,0.243977,1.168968,7.531,0.60333,0.943679,-0.130324,1.484307,1.547009,1.416685,2.900992,field_mean_by_category_hole_v1,layout:9002a36d5717676c32bb871d,fe2ce7981b399f3c420a9ad952c34b58185f30f95b2d54dd6929297a43c93752,0.2785761052631579,0.8770639298245615,0.031858669420722546,0.8952011251725462,1.1556400350877194,1.187498704508442,2.082699829680988,validated_pga_2020_2024_plus_2026,-6.0,18.0,65.0,"PROVISIONAL R3: current R2 scores assumed final; low 65 and ties (cut -6). Actual holes completed preserved. Missing R3 times generated 2026-10-03 09:20-11:30 America/Denver; better half tee 1 leaders last, lower half tee 10 worst last. Official individual times take precedence. Market coverage may be incomplete.",2026-10-02 08:41,,1.0,2.0,3.0,-0.42,1.84,-1.18,1.9,-0.2045,0.0932534070255186,-0.2450581435973387,0.255,0.765,-0.21499999999999997,1.75,1.35,3.5,2026-10-02 08:41,0.4794513888888884,-0.0579307091902073,-0.35630473657182,1.0,2.5177457689616016,-0.05022306379472696,-0.05793070919020733,2.765896732548488,2.765896732548488,7.650184735122401,21.15962096226737,0.0,2.765896732548488,-0.08518961936249343,-0.10710258629171361,0.07829059756038927,-0.01505,-0.0175,-0.00765,-0.022949999999999998,0.0,-0.11400160809381778,-0.06315,-0.4222097516911565,0.11124659297448128,-0.0659050151193365,65.0
"suber, jackson",0.93,BD,29279,298.8,0.83,3.0,2.0,9,21.74,10.36,-6.0,0.8,0.85,0.74,1.64,0.79,0.59,2.38,2.97,18.0,-11.0,Black Desert Resort,Bank of Utah Championship,2026-10-03 02:49:14 UTC,pga:R2026554,2.0,60019,,Jackson Suber,48a2a44c56c09a1a8ce70b1ad92051cbb7f79775d01a9262a5bfaad37bbe6877,65.0,65.0,65.0,1.0,2.522833,3.695946,1.083012,0.229208,7.530999,0.560156,1.087577,0.708711,0.544547,1.647733,2.356444,2.900991,field_mean_by_category_hole_v1,layout:9002a36d5717676c32bb871d,fe2ce7981b399f3c420a9ad952c34b58185f30f95b2d54dd6929297a43c93752,0.2354021052631583,1.0209619298245611,0.7735221558998299,0.3287952576419185,1.2563640350877194,2.029886190987549,2.3586814486294676,validated_pga_2020_2024_plus_2026,-6.0,18.0,65.0,"PROVISIONAL R3: current R2 scores assumed final; low 65 and ties (cut -6). Actual holes completed preserved. Missing R3 times generated 2026-10-03 09:20-11:30 America/Denver; better half tee 1 leaders last, lower half tee 10 worst last. Official individual times take precedence. Market coverage may be incomplete.",2026-10-02 12:52,,1.0,3.0,4.0,2.02,-0.46,0.13,0.45,0.0,0.0515388714867427,0.6786940434572498,1.435,0.13999999999999999,0.46,0.52,-1.17,3.0,2026-10-02 12:52,0.5989791666666667,0.0388987219209037,0.7302329149439926,1.0,2.5177457689616016,0.06930471398305138,0.03889872192090366,1.895716289921564,1.895716289921564,3.5937402518739794,6.812711937224328,0.0,1.895716289921564,-0.058388061729584176,-0.050312363526235714,0.025207034167730014,0.032200000000000006,-0.005200000000000001,-0.04305,-0.0042,-0.0,-0.08349339108808987,-0.02024999999999999,0.57495065236916,-0.05153887148674274,-0.15528226257483257,65.0
"lipsky, david",0.93,BD,15980,285.5,0.78,2.0,2.0,9,22.32,49.26,-3.0,0.67,2.01,0.26,1.66,-0.34,-1.95,1.92,-0.03,18.0,-11.0,Black Desert Resort,Bank of Utah Championship,2026-10-03 02:49:14 UTC,pga:R2026554,2.0,36326,,David Lipsky,48a2a44c56c09a1a8ce70b1ad92051cbb7f79775d01a9262a5bfaad37bbe6877,68.0,68.0,68.0,1.0,1.501667,4.635881,0.590605,-2.197153,4.531,-0.46101,2.027512,0.216304,-1.881814,1.566502,1.782806,-0.099008,field_mean_by_category_hole_v1,layout:9002a36d5717676c32bb871d,fe2ce7981b399f3c420a9ad952c34b58185f30f95b2d54dd6929297a43c93752,-0.7857638947368419,0.9608969298245618,0.23565588157079728,-1.427318040638994,0.17513303508771982,0.41078891665851713,-1.0165291239804768,validated_pga_2020_2024_plus_2026,-3.0,18.0,68.0,"PROVISIONAL R3: current R2 scores assumed final; low 65 and ties (cut -6). Actual holes completed preserved. Missing R3 times generated 2026-10-03 09:20-11:30 America/Denver; better half tee 1 leaders last, lower half tee 10 worst last. Official individual times take precedence. Market coverage may be incomplete.",2026-10-02 12:52,,1.0,5.0,3.0,0.26,2.03,-0.44,3.29,-0.2787,0.2254626092300098,-0.5549663407481865,1.1349999999999998,1.145,-0.39,0.67,1.7499999999999998,3.5,2026-10-02 12:52,0.5989791666666667,0.0388987219209037,-0.6082037315181767,1.0,-0.4822542310383985,0.06930471398305138,0.03889872192090366,0.2341529363837333,0.2341529363837333,0.054827597617124656,0.012838042976915516,0.0,0.2341529363837333,-0.007211910440618986,-0.0007675863666397452,4.750075901458741e-05,-0.027300000000000005,-0.0067,-0.03404999999999999,-0.03435,0.0,-0.007931996048244143,-0.10239999999999999,-0.6652983367964307,0.053237390769990234,-0.05709460527825394,68.0
"james, ben",0.93,BD,29827,298.5,0.89,5.0,3.0,9,22.02,,-5.0,0.5,0.68,0.24,1.17,0.48,0.56,1.41,1.97,18.0,-11.0,Black Desert Resort,Bank of Utah Championship,2026-10-03 02:49:14 UTC,pga:R2026554,2.0,57869,,Ben James,48a2a44c56c09a1a8ce70b1ad92051cbb7f79775d01a9262a5bfaad37bbe6877,66.0,66.0,66.0,1.0,2.215,3.49318,0.631211,0.191606,6.530997,0.252323,0.884811,0.25691,0.506945,1.137134,1.394044,1.900989,field_mean_by_category_hole_v1,layout:9002a36d5717676c32bb871d,fe2ce7981b399f3c420a9ad952c34b58185f30f95b2d54dd6929297a43c93752,-0.07243089473684217,0.8181959298245611,0.16804858685561955,0.15458398026295772,0.745765035087719,0.9138136219433385,1.0683976022062962,validated_pga_2020_2024_plus_2026,-5.0,18.0,66.0,"PROVISIONAL R3: current R2 scores assumed final; low 65 and ties (cut -6). Actual holes completed preserved. Missing R3 times generated 2026-10-03 09:20-11:30 America/Denver; better half tee 1 leaders last, lower half tee 10 worst last. Official individual times take precedence. Market coverage may be incomplete.",2026-10-02 13:03,,1.0,5.0,3.0,-1.42,2.18,0.05,2.33,0.0,0.1230369494322487,1.06671864164131,-0.36999999999999994,1.21,0.265,1.445,2.1,5.0,2026-10-02 13:03,0.5986208333333334,0.044357790254237,1.1897555910735589,1.0,1.5177457689616014,0.06894638064971803,0.044357790254236966,0.4412943487919975,0.4412943487919975,0.19474070227575316,0.08593797139407476,0.0,0.4412943487919975,-0.013591865942793524,-0.002726369831860544,0.00031797049415807665,0.018550000000000004,-0.014450000000000001,0.011099999999999997,-0.0363,0.0,-0.01600026528049599,-0.0211,1.029618376360814,-0.12303694943224897,-0.1601372147127449,66.0
"mcgreevy, max",0.93,BD,23505,300.1,0.89,3.0,2.0,9,24.51,,-5.0,1.0,-0.49,-0.03,0.93,1.41,1.07,0.9,1.97,18.0,-11.0,Black Desert Resort,Bank of Utah Championship,2026-10-03 02:49:14 UTC,pga:R2026554,2.0,51950,,Max McGreevy,48a2a44c56c09a1a8ce70b1ad92051cbb7f79775d01a9262a5bfaad37bbe6877,66.0,66.0,66.0,1.0,3.223278,2.357039,0.217166,0.733519,6.531002,1.260601,-0.25133,-0.157135,1.048858,1.009271,0.852136,1.900994,field_mean_by_category_hole_v1,layout:9002a36d5717676c32bb871d,fe2ce7981b399f3c420a9ad952c34b58185f30f95b2d54dd6929297a43c93752,0.9358471052631585,-0.31794507017543827,-0.008304454408017331,0.8935160153207926,0.6179020350877202,0.6095975806797029,1.5031135960004955,validated_pga_2020_2024_plus_2026,-5.0,18.0,66.0,"PROVISIONAL R3: current R2 scores assumed final; low 65 and ties (cut -6). Actual holes completed preserved. Missing R3 times generated 2026-10-03 09:20-11:30 America/Denver; better half tee 1 leaders last, lower half tee 10 worst last. Official individual times take precedence. Market coverage may be incomplete.",2026-10-02 13:25,,1.0,4.0,2.0,0.96,-0.17,1.22,1.13,0.1186,0.1329005273941974,0.0050264393125284,0.235,-0.1,1.315,1.1,-1.45,3.5,2026-10-02 13:25,0.5952291666666669,0.0564196019209035,0.2565269667067258,1.0,1.5177457689616014,0.06555471398305157,0.056419601920903464,1.3831931181588308,1.3831931181588308,1.9132232021219493,2.646357166676882,0.0,1.3831931181588308,-0.04260234803929199,-0.02678512482970729,0.009791521516704465,0.09205,-0.011000000000000001,-0.007049999999999999,0.003,-0.0,-0.05959595135229481,0.07700000000000001,0.0224304879602336,-0.2515005273941974,-0.2340964787464922,66.0
"crowe, trace",0.93,BD,27780,295.3,0.94,3.0,3.0,9,27.36,,-6.0,0.75,2.44,0.47,3.02,0.58,-0.51,3.48,2.97,18.0,-11.0,Black Desert Resort,Bank of Utah Championship,2026-10-03 02:49:14 UTC,pga:R2026554,2.0,52514,,Trace Crowe,48a2a44c56c09a1a8ce70b1ad92051cbb7f79775d01a9262a5bfaad37bbe6877,65.0,65.0,65.0,1.0,2.2175,5.487214,0.66232,-0.836034,7.531,0.254823,2.878845,0.288019,-0.520695,3.133668,3.421687,2.900992,field_mean_by_category_hole_v1,layout:9002a36d5717676c32bb871d,fe2ce7981b399f3c420a9ad952c34b58185f30f95b2d54dd6929297a43c93752,-0.06993089473684222,2.812229929824561,0.32581098862873725,-0.26051029197795816,2.742299035087719,3.0681100237164562,2.807599731738498,validated_pga_2020_2024_plus_2026,-6.0,18.0,65.0,"PROVISIONAL R3: current R2 scores assumed final; low 65 and ties (cut -6). Actual holes completed preserved. Missing R3 times generated 2026-10-03 09:20-11:30 America/Denver; better half tee 1 leaders last, lower half tee 10 worst last. Official individual times take precedence. Market coverage may be incomplete.",2026-10-02 13:47,,1.0,4.0,3.0,1.94,-0.99,-1.71,2.9,-0.3007499999999999,0.0923387099407146,-0.1185507257246844,2.19,-0.26,-0.565,1.1949999999999998,0.5,3.5,2026-10-02 13:47,0.587804166666667,0.0704424202542367,-0.3269620157839697,1.0,2.5177457689616016,0.05812971398305167,0.07044242025423667,2.9732799189828594,2.9732799189828594,8.84039347662672,26.28496439996129,0.0,2.9732799189828594,-0.09157702150467208,-0.12376550867277407,0.09725436827985677,-0.03955,-0.011949999999999999,-0.0657,0.0078,0.0,-0.11808816189758937,-0.1094,-0.34603888762227375,0.20841129005928533,-0.019076871838304033,65.0
"vanderlaan, john",0.79,BD,25319,293.1,0.72,2.0,3.0,9,28.79,28.31,-4.0,0.75,0.15,1.12,-1.6,-1.76,1.46,-0.49,0.97,18.0,-11.0,Black Desert Resort,Bank of Utah Championship,2026-10-03 02:49:14 UTC,pga:R2026554,2.0,55573,,John VanDerLaan,48a2a44c56c09a1a8ce70b1ad92051cbb7f79775d01a9262a5bfaad37bbe6877,67.0,67.0,67.0,1.0,0.888694,2.107707,1.621283,0.913314,5.530998,-1.073983,-0.500662,1.246982,1.228653,-1.574645,-0.327663,0.90099,field_mean_by_category_hole_v1,layout:9002a36d5717676c32bb871d,fe2ce7981b399f3c420a9ad952c34b58185f30f95b2d54dd6929297a43c93752,-0.39873689473684215,-0.5672770701754386,0.8054534516887049,1.0731160809303928,-0.9660139649122808,-0.1605605132235759,0.9125555677068169,validated_pga_2020_2024_plus_2026,-4.0,18.0,67.0,"PROVISIONAL R3: current R2 scores assumed final; low 65 and ties (cut -6). Actual holes completed preserved. Missing R3 times generated 2026-10-03 09:20-11:30 America/Denver; better half tee 1 leaders last, lower half tee 10 worst last. Official individual times take precedence. Market coverage may be incomplete.",2026-10-02 14:09,,1.0,5.0,2.0,1.78,0.43,0.5,1.43,0.0196,0.1916006811273772,-0.3710529363272226,0.965,0.775,-0.63,1.4449999999999998,-1.6300000000000001,3.5,2026-10-02 14:09,0.576295833333325,0.086271545254243,-0.1598522551998453,1.0,0.5177457689616014,0.046621380649709665,0.08627154525424297,0.8104909500653994,0.8104909500653994,0.6568955801379137,0.5324079228397394,0.0,0.8104909500653994,-0.024963121262014304,-0.009196538121930792,0.0019699093145070356,-0.04410000000000001,-0.01445,-0.028949999999999997,-0.02325,-0.0,-0.032189750069438056,-0.11075000000000002,-0.5139926863966606,-0.21120068112737728,-0.3541404311968153,67.0
"taylor, nick",1.0,BD,13126,284.0,0.72,3.0,3.0,18,28.51,,-3.0,0.71,-1.2,1.59,-1.21,-0.01,-0.41,0.38,-0.03,18.0,-10.0,Black Desert Resort,Bank of Utah Championship,2026-10-03 02:49:14 UTC,pga:R2026554,2.0,25493,,Nick Taylor,48a2a44c56c09a1a8ce70b1ad92051cbb7f79775d01a9262a5bfaad37bbe6877,68.0,68.0,68.0,1.0,1.795667,1.384486,1.950352,-0.599502,4.531003,-0.16701,-1.223883,1.576051,-0.284163,-1.390893,0.185158,-0.099005,field_mean_by_category_hole_v1,layout:9002a36d5717676c32bb871d,fe2ce7981b399f3c420a9ad952c34b58185f30f95b2d54dd6929297a43c93752,-0.4917638947368421,-1.2433310701754383,1.1591367801118522,-0.18766822912838188,-1.7350949649122804,-0.5759581848004283,-0.7636264139288101,validated_pga_2020_2024_plus_2026,-3.0,18.0,68.0,"PROVISIONAL R3: current R2 scores assumed final; low 65 and ties (cut -6). Actual holes completed preserved. Missing R3 times generated 2026-10-03 09:20-11:30 America/Denver; better half tee 1 leaders last, lower half tee 10 worst last. Official individual times take precedence. Market coverage may be incomplete.",2026-10-02 08:08,,1.0,3.0,0.0,0.68,0.02,0.68,2.76,0.0022,0.155785748669062,0.3866422303801105,-0.25999999999999995,0.805,0.335,1.1749999999999998,-1.88,3.0,2026-10-02 08:08,0.4522263888888884,-0.0548676491902072,0.5446279790491726,0.0,-0.4822542310383985,-0.07744806379472696,-0.054867649190207236,-1.1591979230725051,-1.1591979230725051,1.3437398248556096,-1.5576604141224344,0.0,-1.1591979230725051,0.03570329603063316,-0.018812357547978536,-0.005763343532253008,0.023450000000000002,-0.011749999999999998,0.007799999999999998,-0.02415,-0.0,0.011127594950401614,-0.004650000000000001,0.3931198253305121,-0.15798574866906212,-0.1515081537186605,68.0
"ewart, a.j.",0.79,BD,21883,291.1,0.61,4.0,6.0,18,26.1,99.4,-4.0,0.9,-0.78,0.05,-2.86,-2.08,3.78,-2.81,0.97,18.0,-10.0,Black Desert Resort,Bank of Utah Championship,2026-10-03 02:49:14 UTC,pga:R2026554,2.0,50286,,A.J. Ewart,48a2a44c56c09a1a8ce70b1ad92051cbb7f79775d01a9262a5bfaad37bbe6877,67.0,67.0,67.0,1.0,0.121222,1.199517,0.652088,3.558171,5.530998,-1.841455,-1.408852,0.277787,3.87351,-3.250307,-2.97252,0.90099,field_mean_by_category_hole_v1,layout:9002a36d5717676c32bb871d,fe2ce7981b399f3c420a9ad952c34b58185f30f95b2d54dd6929297a43c93752,-1.152708894736842,-1.4754670701754387,0.16267431691824683,3.2537148826422873,-2.6281759649122804,-2.4655016479940337,0.7882132346482535,validated_pga_2020_2024_plus_2026,-4.0,18.0,67.0,"PROVISIONAL R3: current R2 scores assumed final; low 65 and ties (cut -6). Actual holes completed preserved. Missing R3 times generated 2026-10-03 09:20-11:30 America/Denver; better half tee 1 leaders last, lower half tee 10 worst last. Official individual times take precedence. Market coverage may be incomplete.",2026-10-02 08:52,,1.0,3.0,0.0,0.21,0.24,1.37,1.33,0.13135,0.1417124455038319,-0.3078585300151802,-0.28500000000000003,0.145,-0.355,2.5549999999999997,-0.99,3.5,2026-10-02 08:52,0.4888624999999996,-0.0581792114124295,-0.0347960845113482,0.0,0.5177457689616014,-0.04081195268361576,-0.058179211412429536,0.45355068937690435,0.45355068937690435,0.20570822783426518,0.09329910854473228,0.0,0.45355068937690435,-0.013969361232808654,-0.0028799151896797127,0.0003452067016155094,-0.02485,-0.025549999999999996,0.00855,-0.00435,-0.0,-0.016504069720872858,-0.04619999999999999,-0.3705625997360531,-0.273062445503832,-0.3357665152247049,67.0
"sargent, gordon",0.93,BD,30814,304.0,0.78,5.0,3.0,18,32.94,,-6.0,0.86,-0.3,-0.28,0.65,0.96,2.6,0.37,2.97,18.0,-10.0,Black Desert Resort,Bank of Utah Championship,2026-10-03 02:49:14 UTC,pga:R2026554,2.0,64442,,Gordon Sargent,48a2a44c56c09a1a8ce70b1ad92051cbb7f79775d01a9262a5bfaad37bbe6877,65.0,65.0,65.0,1.0,2.712167,2.436926,0.121136,2.260772,7.531001,0.74949,-0.171443,-0.253165,2.576111,0.578047,0.324882,2.900993,field_mean_by_category_hole_v1,layout:9002a36d5717676c32bb871d,fe2ce7981b399f3c420a9ad952c34b58185f30f95b2d54dd6929297a43c93752,0.4247361052631575,-0.23805807017543934,-0.20616010173483973,2.535048014326603,0.18667803508771819,-0.019482066647121543,2.5155659476794816,validated_pga_2020_2024_plus_2026,-6.0,18.0,65.0,"PROVISIONAL R3: current R2 scores assumed final; low 65 and ties (cut -6). Actual holes completed preserved. Missing R3 times generated 2026-10-03 09:20-11:30 America/Denver; better half tee 1 leaders last, lower half tee 10 worst last. Official individual times take precedence. Market coverage may be incomplete.",2026-10-02 09:14,,1.0,5.0,6.0,1.87,0.16,-0.59,-0.29,-0.06505,0.050058875535947,-0.3583233962787415,0.785,-0.06000000000000001,0.185,1.155,-2.17,5.0,2026-10-02 09:14,0.5078729166666663,-0.0571822558568739,-0.3733145207427944,0.0,2.5177457689616016,-0.021801536016949008,-0.057182255856873934,2.812076497830573,2.812076497830573,7.907774229651061,22.237266061352013,0.0,2.812076497830573,-0.08661195613318165,-0.11070883921511485,0.08227788442700246,0.012950000000000001,-0.011550000000000001,-0.02355,0.0018000000000000004,-0.0,-0.11504291092129404,-0.02035,-0.4937163072000355,0.01499112446405293,-0.12040178645724109,65.0
"blanchet, chandler",1.0,BD,24956,291.5,0.89,6.0,2.0,18,30.64,,-8.0,0.75,0.01,-0.05,1.02,1.0,4.01,0.96,4.97,18.0,-10.0,Black Desert Resort,Bank of Utah Championship,2026-10-03 02:49:14 UTC,pga:R2026554,2.0,54788,,Chandler Blanchet,48a2a44c56c09a1a8ce70b1ad92051cbb7f79775d01a9262a5bfaad37bbe6877,63.0,63.0,63.0,1.0,2.83234,2.744871,0.433641,3.520145,9.530997,0.869663,0.136502,0.05934,3.835484,1.006165,1.065505,4.900989,field_mean_by_category_hole_v1,layout:9002a36d5717676c32bb871d,fe2ce7981b399f3c420a9ad952c34b58185f30f95b2d54dd6929297a43c93752,0.5449091052631578,0.06988692982456124,0.1939436588794485,2.959050655768746,0.6147960350877191,0.8087396939671676,3.7677903497359138,validated_pga_2020_2024_plus_2026,-8.0,18.0,63.0,"PROVISIONAL R3: current R2 scores assumed final; low 65 and ties (cut -6). Actual holes completed preserved. Missing R3 times generated 2026-10-03 09:20-11:30 America/Denver; better half tee 1 leaders last, lower half tee 10 worst last. Official individual times take precedence. Market coverage may be incomplete.",2026-10-02 09:14,,1.0,3.0,3.0,1.38,-0.04,-0.85,-1.36,-0.06545,-0.0556112587140696,-0.3290090274697785,0.695,-0.045,0.07500000000000001,1.3249999999999997,-1.3699999999999999,4.5,2026-10-02 09:14,0.5078729166666663,-0.0571822558568739,-0.4500702861838481,0.0,4.517745768961602,-0.021801536016949008,-0.057182255856873934,4.8888322632716275,4.8888322632716275,23.900680898405582,116.84641989028512,0.0,4.8888322632716275,-0.15057603370876613,-0.33460953257767817,0.43233175359405496,0.005250000000000001,-0.013249999999999998,-0.020849999999999997,0.0013499999999999999,-0.0,-0.05285381269238931,-0.027499999999999993,-0.4093628401621678,0.12106125871406959,0.040707446021680305,63.0
"yellamaraju, sudarshan",0.71,BD,29925,300.4,0.72,2.0,2.0,18,24.58,90.62,-2.0,0.5,-0.49,-0.99,-0.48,0.01,0.43,-1.46,-1.03,18.0,-10.0,Black Desert Resort,Bank of Utah Championship,2026-10-03 02:49:14 UTC,pga:R2026554,2.0,60386,,Sudarshan Yellamaraju,48a2a44c56c09a1a8ce70b1ad92051cbb7f79775d01a9262a5bfaad37bbe6877,69.0,69.0,69.0,1.0,2.335841,1.661616,-0.472966,0.006508,3.530999,0.373164,-0.946753,-0.847267,0.321847,-0.573589,-1.420856,-1.099009,field_mean_by_category_hole_v1,layout:9002a36d5717676c32bb871d,fe2ce7981b399f3c420a9ad952c34b58185f30f95b2d54dd6929297a43c93752,0.04841010526315781,-1.0133680701754386,-0.7423588708049045,0.41051953443712474,-0.9649579649122808,-1.7073168357171853,-1.2967973012800607,validated_pga_2020_2024_plus_2026,-2.0,18.0,69.0,"PROVISIONAL R3: current R2 scores assumed final; low 65 and ties (cut -6). Actual holes completed preserved. Missing R3 times generated 2026-10-03 09:20-11:30 America/Denver; better half tee 1 leaders last, lower half tee 10 worst last. Official individual times take precedence. Market coverage may be incomplete.",2026-10-02 12:41,,1.0,8.0,4.0,1.56,1.75,1.6,0.23,0.1931,0.2223552609168536,-0.1220052599232442,0.535,0.38,0.805,0.33,-2.05,5.0,2026-10-02 12:41,0.5989027777777778,0.0333938574764591,0.2934500009936095,0.0,-1.4822542310383986,0.06922832509416244,0.033393857476459066,-1.6730820494613865,-1.6730820494613865,2.7992035442299135,-4.683297202639761,0.0,-1.6730820494613865,0.0515309271234107,-0.03918884961921879,-0.017328199649767114,0.05635000000000001,-0.0033000000000000004,-0.016050000000000002,-0.0114,-0.0,-0.004986122145575204,0.025600000000000005,-0.1013913820688194,-0.4154552609168537,-0.3948413830624289,69.0
"ford, david",0.93,BD,31343,311.8,0.83,4.0,5.0,18,26.53,,-4.0,0.5,1.31,0.74,1.34,0.03,-1.11,2.08,0.97,18.0,-10.0,Black Desert Resort,Bank of Utah Championship,2026-10-03 02:49:14 UTC,pga:R2026554,2.0,65256,,David Ford,48a2a44c56c09a1a8ce70b1ad92051cbb7f79775d01a9262a5bfaad37bbe6877,67.0,67.0,67.0,1.0,2.746116,3.311621,1.05775,-1.584491,5.530996,0.783439,0.703252,0.683449,-1.269152,1.486691,2.17014,0.900988,field_mean_by_category_hole_v1,layout:9002a36d5717676c32bb871d,fe2ce7981b399f3c420a9ad952c34b58185f30f95b2d54dd6929297a43c93752,1.4586851052631573,0.6366369298245611,0.7016889300851641,-1.0787573876565317,2.0953220350877184,2.7970109651728823,1.7182535775163505,validated_pga_2020_2024_plus_2026,-4.0,18.0,67.0,"PROVISIONAL R3: current R2 scores assumed final; low 65 and ties (cut -6). Actual holes completed preserved. Missing R3 times generated 2026-10-03 09:20-11:30 America/Denver; better half tee 1 leaders last, lower half tee 10 worst last. Official individual times take precedence. Market coverage may be incomplete.",2026-10-02 13:58,,1.0,4.0,3.0,0.2,0.02,1.34,1.59,0.1198,0.1395120307765777,-0.1523498113846017,0.755,0.38,0.685,0.24,1.11,4.0,2026-10-02 13:58,0.5825791666666672,0.0781892069209033,0.106962219391976,0.0,0.5177457689616014,0.052904713983051854,0.07818920692090325,0.5418774704735805,0.5418774704735805,0.2936311930068461,0.15911212811868944,0.0,0.5418774704735805,-0.01668982609058628,-0.0041108367020958455,0.0005887148740391509,0.047950000000000007,-0.0024,-0.02265,-0.0114,0.0,-0.020211947918642975,0.011500000000000007,-0.16106175930324468,-0.2593120307765777,-0.26802397869522065,67.0
"higgs, harry",1.0,BD,14140,293.4,0.78,7.0,5.0,24,25.96,,-5.0,0.62,1.21,0.47,1.84,0.64,-0.34,2.31,1.97,18.0,-9.0,Black Desert Resort,Bank of Utah Championship,2026-10-03 02:49:14 UTC,pga:R2026554,2.0,33597,,Harry Higgs,48a2a44c56c09a1a8ce70b1ad92051cbb7f79775d01a9262a5bfaad37bbe6877,66.0,66.0,66.0,1.0,2.324667,4.154046,0.606811,-0.554522,6.531002,0.36199,1.545677,0.23251,-0.239183,1.907667,2.140177,1.900994,field_mean_by_category_hole_v1,layout:9002a36d5717676c32bb871d,fe2ce7981b399f3c420a9ad952c34b58185f30f95b2d54dd6929297a43c93752,0.03723610526315779,1.4790619298245606,0.14664649220682038,-0.27388856554500307,1.5162980350877184,1.662944527294539,1.389055961749536,validated_pga_2020_2024_plus_2026,-5.0,18.0,66.0,"PROVISIONAL R3: current R2 scores assumed final; low 65 and ties (cut -6). Actual holes completed preserved. Missing R3 times generated 2026-10-03 09:20-11:30 America/Denver; better half tee 1 leaders last, lower half tee 10 worst last. Official individual times take precedence. Market coverage may be incomplete.",2026-10-02 07:35,,1.0,3.0,2.0,0.37,0.98,0.28,-0.49,0.0651,0.0986948136874227,-0.97,0.79,0.725,0.46,-0.41500000000000004,0.84,5.0,2026-10-02 07:35,0.427416666666666,-0.0492859258568739,-0.8062051863125772,0.0,1.5177457689616014,-0.10225778601694935,-0.049285925856873934,2.1724072434003556,2.1724072434003556,4.719353231178332,10.252357143576681,0.0,2.1724072434003556,-0.06691014309673096,-0.06607094523649666,0.03793372143123372,0.032200000000000006,0.00415,-0.0237,-0.02175,0.0,-0.09504736690199392,-0.00909999999999999,-1.0741473669019939,-0.16379481368742277,-0.26794218058941666,66.0
"walker, danny",0.93,BD,25003,295.4,0.78,5.0,1.0,24,20.91,84.84,-7.0,0.83,0.23,-0.47,0.7,0.47,3.75,0.22,3.97,18.0,-9.0,Black Desert Resort,Bank of Utah Championship,2026-10-03 02:49:14 UTC,pga:R2026554,2.0,54607,,Danny Walker,48a2a44c56c09a1a8ce70b1ad92051cbb7f79775d01a9262a5bfaad37bbe6877,64.0,64.0,64.0,1.0,2.176,2.925416,-0.058632,3.488214,8.530998,0.213323,0.317047,-0.432933,3.803553,0.53037,0.097437,3.90099,field_mean_by_category_hole_v1,layout:9002a36d5717676c32bb871d,fe2ce7981b399f3c420a9ad952c34b58185f30f95b2d54dd6929297a43c93752,-0.11143089473684187,0.25043192982456075,-0.3489902488162606,3.008172509038103,0.13900103508771888,-0.20998921372854173,2.798183295309561,validated_pga_2020_2024_plus_2026,-7.0,18.0,64.0,"PROVISIONAL R3: current R2 scores assumed final; low 65 and ties (cut -6). Actual holes completed preserved. Missing R3 times generated 2026-10-03 09:20-11:30 America/Denver; better half tee 1 leaders last, lower half tee 10 worst last. Official individual times take precedence. Market coverage may be incomplete.",2026-10-02 07:46,,1.0,1.0,7.0,-0.2,1.16,1.45,-3.26,0.3877,-0.0202339508485525,-1.05339655650137,0.015,0.345,0.96,0.2450000000000001,0.43000000000000005,3.0,2026-10-02 07:46,0.4352083333333328,-0.0512037147457627,-0.6859305073499226,0.0,3.5177457689616016,-0.09446611935028254,-0.051203714745762734,4.058006442215479,4.058006442215479,16.46741628506233,66.82488137142703,0.0,4.058006442215479,-0.12498659842023677,-0.23054382799087264,0.24725206107428,0.06720000000000001,-0.0024500000000000012,-0.00045,-0.010349999999999998,0.0,-0.10827836533682944,0.05395000000000001,-1.1077249218381997,-0.36746604915144754,-0.42179441448827715,64.0
"van rooyen, erik",0.86,BD,17550,296.3,0.83,3.0,3.0,24,28.5,27.62,-3.0,0.4,-0.12,-0.9,0.3,0.42,0.57,-0.6,-0.03,18.0,-9.0,Black Desert Resort,Bank of Utah Championship,2026-10-03 02:49:14 UTC,pga:R2026554,2.0,40006,,Erik van Rooyen,48a2a44c56c09a1a8ce70b1ad92051cbb7f79775d01a9262a5bfaad37bbe6877,68.0,68.0,68.0,1.0,2.250444,2.585049,-0.5794,0.274905,4.530998,0.287767,-0.02332,-0.953701,0.590244,0.264447,-0.689254,-0.09901,field_mean_by_category_hole_v1,layout:9002a36d5717676c32bb871d,fe2ce7981b399f3c420a9ad952c34b58185f30f95b2d54dd6929297a43c93752,-0.03698689473684169,-0.08993507017543845,-0.8691399663135281,0.4802918775153814,-0.12692196491228014,-0.9960619312258082,-0.5157700537104268,validated_pga_2020_2024_plus_2026,-3.0,18.0,68.0,"PROVISIONAL R3: current R2 scores assumed final; low 65 and ties (cut -6). Actual holes completed preserved. Missing R3 times generated 2026-10-03 09:20-11:30 America/Denver; better half tee 1 leaders last, lower half tee 10 worst last. Official individual times take precedence. Market coverage may be incomplete.",2026-10-02 07:57,,1.0,4.0,0.0,2.31,-0.0,0.89,-0.07,0.1028,0.1710316221246973,-0.6014436587311803,1.095,-0.45,0.655,0.24999999999999997,-2.43,3.5,2026-10-02 07:57,0.4435041666666661,-0.0530917914124294,-0.327612036606483,0.0,-0.4822542310383985,-0.08617028601694926,-0.05309179141242944,-0.29390427186129414,-0.29390427186129414,0.08637972101831749,-0.025387369009470327,0.0,-0.29390427186129414,0.00905225157332786,-0.0012093160942564449,-9.393326533504022e-05,0.04585000000000001,-0.0024999999999999996,-0.03285,0.0135,-0.0,0.007749002213736375,0.024000000000000014,-0.5696946565174439,-0.2738316221246973,-0.24208261991096086,68.0
"bezuidenhout, christiaan",0.79,BD,18103,279.7,0.61,2.0,4.0,24,33.99,33.83,-2.0,0.75,-1.18,1.18,-2.49,-1.31,0.28,-1.31,-1.03,18.0,-9.0,Black Desert Resort,Bank of Utah Championship,2026-10-03 02:49:14 UTC,pga:R2026554,2.0,45522,,Christiaan Bezuidenhout,48a2a44c56c09a1a8ce70b1ad92051cbb7f79775d01a9262a5bfaad37bbe6877,69.0,69.0,69.0,1.0,0.6015,1.41286,1.789987,-0.273348,3.530999,-1.361177,-1.195509,1.415686,0.041991,-2.556686,-1.141,-1.099009,field_mean_by_category_hole_v1,layout:9002a36d5717676c32bb871d,fe2ce7981b399f3c420a9ad952c34b58185f30f95b2d54dd6929297a43c93752,-1.6859308947368419,-1.2621240701754388,1.1218100087091598,-0.012999460756752956,-2.9480549649122807,-1.8262449562031209,-1.8392444169598738,validated_pga_2020_2024_plus_2026,-2.0,18.0,69.0,"PROVISIONAL R3: current R2 scores assumed final; low 65 and ties (cut -6). Actual holes completed preserved. Missing R3 times generated 2026-10-03 09:20-11:30 America/Denver; better half tee 1 leaders last, lower half tee 10 worst last. Official individual times take precedence. Market coverage may be incomplete.",2026-10-02 07:57,,1.0,5.0,1.0,2.72,0.36,-1.61,2.67,-0.28135,0.1565913239915483,0.3726062981984673,0.7700000000000001,0.77,-1.46,1.475,-3.9000000000000004,3.5,2026-10-02 07:57,0.4435041666666661,-0.0530917914124294,0.2478476221900156,0.0,-1.4822542310383986,-0.08617028601694926,-0.05309179141242944,-1.869363930657793,-1.869363930657793,3.4945215052443537,-6.532532456811772,0.0,-1.869363930657793,0.05757640906426002,-0.04892330107342095,-0.024170370090203556,-0.10220000000000001,-0.014750000000000001,-0.023100000000000002,-0.0231,-0.0,-0.015517262099364486,-0.16315000000000002,0.1939390360991028,0.1247586760084517,-0.05390858609091281,69.0
"horschel, billy",0.79,BD,11276,296.1,0.67,2.0,3.0,24,26.03,,-4.0,0.88,-1.19,1.98,-1.29,-0.1,0.28,0.69,0.97,18.0,-9.0,Black Desert Resort,Bank of Utah Championship,2026-10-03 02:49:14 UTC,pga:R2026554,2.0,29420,,Billy Horschel,48a2a44c56c09a1a8ce70b1ad92051cbb7f79775d01a9262a5bfaad37bbe6877,67.0,67.0,67.0,1.0,1.7985,1.135605,2.648767,-0.051872,5.531,-0.164177,-1.472764,2.274466,0.263467,-1.636941,0.637525,0.900992,field_mean_by_category_hole_v1,layout:9002a36d5717676c32bb871d,fe2ce7981b399f3c420a9ad952c34b58185f30f95b2d54dd6929297a43c93752,-0.4889308947368418,-1.5393790701754386,1.8204870760385614,0.46972033784014755,-2.0283099649122804,-0.20782288887371902,0.2618974489664285,validated_pga_2020_2024_plus_2026,-4.0,18.0,67.0,"PROVISIONAL R3: current R2 scores assumed final; low 65 and ties (cut -6). Actual holes completed preserved. Missing R3 times generated 2026-10-03 09:20-11:30 America/Denver; better half tee 1 leaders last, lower half tee 10 worst last. Official individual times take precedence. Market coverage may be incomplete.",2026-10-02 08:08,,1.0,6.0,5.0,1.09,0.56,-1.73,2.22,-0.28285,0.0701599857391991,0.2504204180863945,-0.04999999999999993,1.27,-0.915,1.25,-2.2800000000000002,4.0,2026-10-02 08:08,0.4522263888888884,-0.0548676491902072,0.0377304038255936,0.0,0.5177457689616014,-0.07744806379472696,-0.054867649190207236,0.34769965215107357,0.34769965215107357,0.12089504810597757,0.0420351661732357,0.0,0.34769965215107357,-0.010709149286253066,-0.001692530673483686,0.0001555301148409721,-0.06405000000000001,-0.0125,0.0014999999999999979,-0.0381,-0.0,-0.01224614984489578,-0.11315000000000001,0.1250242682414987,0.21269001426080086,0.0872938644159051,67.0
"homa, max",0.86,BD,17538,293.4,0.67,6.0,2.0,24,26.3,48.38,-3.0,0.5,0.43,0.0,0.95,0.51,-0.98,0.95,-0.03,18.0,-9.0,Black Desert Resort,Bank of Utah Championship,2026-10-03 02:49:14 UTC,pga:R2026554,2.0,39977,,Max Homa,48a2a44c56c09a1a8ce70b1ad92051cbb7f79775d01a9262a5bfaad37bbe6877,68.0,68.0,68.0,1.0,2.384303,2.908817,0.528242,-1.290365,4.530997,0.421626,0.300448,0.153941,-0.975026,0.722074,0.876015,-0.099011,field_mean_by_category_hole_v1,layout:9002a36d5717676c32bb871d,fe2ce7981b399f3c420a9ad952c34b58185f30f95b2d54dd6929297a43c93752,0.09687210526315804,0.2338329298245614,-0.105442718752226,-0.7807163892313723,0.3307050350877194,0.22526231633549343,-0.5554540728958789,validated_pga_2020_2024_plus_2026,-3.0,18.0,68.0,"PROVISIONAL R3: current R2 scores assumed final; low 65 and ties (cut -6). Actual holes completed preserved. Missing R3 times generated 2026-10-03 09:20-11:30 America/Denver; better half tee 1 leaders last, lower half tee 10 worst last. Official individual times take precedence. Market coverage may be incomplete.",2026-10-02 08:08,,1.0,4.0,1.0,1.16,-0.29,0.88,1.39,0.0683,0.1196937807636046,0.1963912243556738,0.7949999999999999,-0.145,0.6950000000000001,0.20499999999999996,-0.73,5.0,2026-10-02 08:08,0.4522263888888884,-0.0548676491902072,0.3843850051192785,0.0,-0.4822542310383985,-0.07744806379472696,-0.054867649190207236,-0.9989549491426112,-0.9989549491426112,0.9979109904165169,-0.9968681226803844,0.0,-0.9989549491426112,0.030767812433592424,-0.013970753865831237,-0.0036884120539174225,0.048650000000000006,-0.0020499999999999997,-0.023849999999999996,0.00435,-0.0,0.013108646513843766,0.027100000000000013,0.2365998708695176,-0.18799378076360468,-0.1477851342497609,68.0
"cole, eric",1.0,BD,21756,290.8,0.89,1.0,4.0,24,19.9,,-4.0,0.5,1.62,-0.18,2.15,0.53,-1.0,1.97,0.97,18.0,-9.0,Black Desert Resort,Bank of Utah Championship,2026-10-03 02:49:14 UTC,pga:R2026554,2.0,47591,,Eric Cole,48a2a44c56c09a1a8ce70b1ad92051cbb7f79775d01a9262a5bfaad37bbe6877,67.0,67.0,67.0,1.0,2.187,4.611412,0.309245,-1.576657,5.531,0.224323,2.003043,-0.065056,-1.261318,2.227366,2.16231,0.900992,field_mean_by_category_hole_v1,layout:9002a36d5717676c32bb871d,fe2ce7981b399f3c420a9ad952c34b58185f30f95b2d54dd6929297a43c93752,-0.10043089473684175,1.936427929824561,0.026305173674267657,-1.0909580055172299,1.8359970350877193,1.862302208761987,0.771344203244757,validated_pga_2020_2024_plus_2026,-4.0,18.0,67.0,"PROVISIONAL R3: current R2 scores assumed final; low 65 and ties (cut -6). Actual holes completed preserved. Missing R3 times generated 2026-10-03 09:20-11:30 America/Denver; better half tee 1 leaders last, lower half tee 10 worst last. Official individual times take precedence. Market coverage may be incomplete.",2026-10-02 08:19,,1.0,5.0,1.0,1.84,0.59,-0.45,0.16,-0.06105,0.062874478090386,0.3961551493254672,1.73,0.205,0.04000000000000001,-0.42,-0.21999999999999997,3.0,2026-10-02 08:19,0.4611333333333329,-0.0562749280790961,0.3979796274158532,0.0,0.5177457689616014,-0.06854111935028245,-0.056274928079096134,-0.005049905883630371,-0.005049905883630371,2.5501549433524636e-05,-1.287804245260468e-07,0.0,-0.005049905883630371,0.00015553710121581543,-3.570216920693449e-07,-4.764875707463731e-10,0.002800000000000001,0.0042,-0.051899999999999995,-0.006149999999999999,-0.0,0.00015517960303617533,-0.05104999999999999,0.3452603289285034,-0.0018244780903859947,-0.0527192984873498,67.0
"kohles, ben",1.0,BD,16395,286.8,0.67,3.0,2.0,24,29.41,,-4.0,0.86,0.63,0.25,0.78,0.15,-0.06,1.03,0.97,18.0,-9.0,Black Desert Resort,Bank of Utah Championship,2026-10-03 02:49:14 UTC,pga:R2026554,2.0,36884,,Ben Kohles,48a2a44c56c09a1a8ce70b1ad92051cbb7f79775d01a9262a5bfaad37bbe6877,67.0,67.0,67.0,1.0,1.884,3.087088,0.98465,-0.424737,5.531001,-0.078677,0.478719,0.610349,-0.109398,0.400042,1.010391,0.900993,field_mean_by_category_hole_v1,layout:9002a36d5717676c32bb871d,fe2ce7981b399f3c420a9ad952c34b58185f30f95b2d54dd6929297a43c93752,-0.4034308947368417,0.412103929824561,0.6879422227607286,0.17863395479503852,0.008673035087719327,0.6966152578484479,0.8752492126434864,validated_pga_2020_2024_plus_2026,-4.0,18.0,67.0,"PROVISIONAL R3: current R2 scores assumed final; low 65 and ties (cut -6). Actual holes completed preserved. Missing R3 times generated 2026-10-03 09:20-11:30 America/Denver; better half tee 1 leaders last, lower half tee 10 worst last. Official individual times take precedence. Market coverage may be incomplete.",2026-10-02 08:30,,1.0,4.0,3.0,-0.28,2.72,-0.18,-0.12,-0.0189,0.0587411381053402,0.4768403273412122,0.175,1.485,-0.015,-0.09,0.91,3.5,2026-10-02 08:30,0.4702083333333329,-0.0572959480790963,0.5166814654465525,0.0,0.5177457689616014,-0.059466119350282454,-0.05729594807909633,-0.11569776391432984,-0.11569776391432984,0.013385972574776004,-0.0015487270947201282,0.0,-0.11569776391432984,0.0035634911285613593,-0.00018740361604686407,-5.730290250464475e-06,-0.0010500000000000002,0.0009,-0.0052499999999999995,-0.04455,0.0,0.0033703572222640306,-0.04995,0.4302606845634762,-0.03984113810534029,-0.08642078088307625,67.0
"ventura, kristoffer",0.93,BD,15651,294.6,0.89,4.0,4.0,24,25.67,,-5.0,1.0,2.68,0.51,3.33,0.66,-1.88,3.85,1.97,18.0,-9.0,Black Desert Resort,Bank of Utah Championship,2026-10-03 02:49:14 UTC,pga:R2026554,2.0,35658,,Kristoffer Ventura,48a2a44c56c09a1a8ce70b1ad92051cbb7f79775d01a9262a5bfaad37bbe6877,66.0,66.0,66.0,1.0,2.82361,5.289928,0.731411,-2.313949,6.531,0.860933,2.681559,0.35711,-1.99861,3.542492,3.899602,1.900992,field_mean_by_category_hole_v1,layout:9002a36d5717676c32bb871d,fe2ce7981b399f3c420a9ad952c34b58185f30f95b2d54dd6929297a43c93752,0.5361791052631575,2.614943929824562,0.41244553298746944,-1.5111001048900725,3.1511230350877195,3.5635685680751887,2.052468463185116,validated_pga_2020_2024_plus_2026,-5.0,18.0,66.0,"PROVISIONAL R3: current R2 scores assumed final; low 65 and ties (cut -6). Actual holes completed preserved. Missing R3 times generated 2026-10-03 09:20-11:30 America/Denver; better half tee 1 leaders last, lower half tee 10 worst last. Official individual times take precedence. Market coverage may be incomplete.",2026-10-02 08:52,,1.0,2.0,2.0,-0.07,1.01,1.24,-1.05,0.1865,0.0135467969018847,0.3714654679350667,1.3050000000000002,0.76,0.95,-1.4649999999999999,2.75,3.0,2026-10-02 08:52,0.4888624999999996,-0.0581792114124295,0.5715122648369514,0.0,1.5177457689616014,-0.04081195268361576,-0.058179211412429536,0.8472423400286047,0.8472423400286047,0.7178195827371457,0.6081671429965759,0.0,0.8472423400286047,-0.026095064072881025,-0.01004947415832004,0.002250218429087331,0.0665,0.014649999999999998,-0.039150000000000004,-0.0228,0.0,-0.03389431980211373,0.019199999999999995,0.35677114813295296,-0.2000467969018847,-0.21474111670399842,66.0
"riley, davis",0.86,BD,19872,305.2,0.83,2.0,1.0,24,22.37,37.35,-7.0,0.75,2.0,0.22,2.77,0.77,0.98,2.99,3.97,18.0,-9.0,Black Desert Resort,Bank of Utah Championship,2026-10-03 02:49:14 UTC,pga:R2026554,2.0,47995,,Davis Riley,48a2a44c56c09a1a8ce70b1ad92051cbb7f79775d01a9262a5bfaad37bbe6877,64.0,64.0,64.0,1.0,2.526389,4.921546,0.455617,0.627446,8.530998,0.563712,2.313177,0.081316,0.942785,2.876889,2.958205,3.90099,field_mean_by_category_hole_v1,layout:9002a36d5717676c32bb871d,fe2ce7981b399f3c420a9ad952c34b58185f30f95b2d54dd6929297a43c93752,0.23895810526315797,2.2465619298245607,0.12189464999180352,1.241288816078318,2.4855200350877187,2.6074146850795223,3.84870350115784,validated_pga_2020_2024_plus_2026,-7.0,18.0,64.0,"PROVISIONAL R3: current R2 scores assumed final; low 65 and ties (cut -6). Actual holes completed preserved. Missing R3 times generated 2026-10-03 09:20-11:30 America/Denver; better half tee 1 leaders last, lower half tee 10 worst last. Official individual times take precedence. Market coverage may be incomplete.",2026-10-02 13:14,,1.0,6.0,3.0,0.2,-2.22,-2.41,3.57,-0.515,-0.0226639294906996,-0.9267122537744256,1.1,-1.0,-0.8200000000000001,2.275,1.8,4.0,2026-10-02 13:14,0.5974291666666668,0.0501435702542367,-1.4643761832651252,0.0,3.5177457689616016,0.06775471398305144,0.050143570254236665,5.100020236464015,5.100020236464015,26.01020641234247,132.65257905755269,0.0,5.100020236464015,-0.15708062328309166,-0.3641428897727946,0.490814542512945,-0.05740000000000001,-0.02275,-0.033,0.03,0.0,-0.030408970542941227,-0.08315,-1.0402712243173668,0.5376639294906996,0.42410495894775835,64.0
"hoey, rico",0.71,BD,23504,307.7,0.83,3.0,1.0,24,30.77,37.03,-2.0,0.67,-0.91,-0.12,-0.09,0.83,-0.83,-0.2,-1.03,18.0,-9.0,Black Desert Resort,Bank of Utah Championship,2026-10-03 02:49:14 UTC,pga:R2026554,2.0,51696,,Rico Hoey,48a2a44c56c09a1a8ce70b1ad92051cbb7f79775d01a9262a5bfaad37bbe6877,69.0,69.0,69.0,1.0,2.825761,1.86296,0.09347,-1.251189,3.531002,0.863084,-0.745409,-0.280831,-0.93585,0.117675,-0.163156,-1.099006,field_mean_by_category_hole_v1,layout:9002a36d5717676c32bb871d,fe2ce7981b399f3c420a9ad952c34b58185f30f95b2d54dd6929297a43c93752,0.5383301052631584,-0.18152407017543837,-0.1503117834889779,-0.731127322010981,0.35680603508772,0.20649425159874213,-0.5246330704122388,validated_pga_2020_2024_plus_2026,-2.0,18.0,69.0,"PROVISIONAL R3: current R2 scores assumed final; low 65 and ties (cut -6). Actual holes completed preserved. Missing R3 times generated 2026-10-03 09:20-11:30 America/Denver; better half tee 1 leaders last, lower half tee 10 worst last. Official individual times take precedence. Market coverage may be incomplete.",2026-10-02 13:36,,1.0,4.0,2.0,0.66,-0.31,1.68,2.1,0.147,0.1646149017516226,0.2810485992829282,-0.125,-0.215,1.255,0.635,-1.57,3.5,2026-10-02 13:36,0.5920208333333337,0.0631858852542367,0.5926635010345508,0.0,-1.4822542310383986,0.062346380649718314,0.06318588525423666,-1.9493854661689947,-1.9493854661689947,3.8001036957109084,-7.407866914353929,0.0,-1.9493854661689947,0.060041072358005036,-0.05320145173995272,-0.02740910758310954,0.08785,-0.006350000000000001,0.00375,0.00645,-0.0,-0.020569486965057223,0.0917,0.35217911231787097,-0.3116149017516226,-0.24048438871667982,69.0
"smith, jordan",0.93,BD,18586,298.7,0.78,7.0,6.0,35,30.56,,0.0,0.17,-0.58,-1.43,-1.24,-0.66,-0.37,-2.66,-3.03,18.0,-8.0,Black Desert Resort,Bank of Utah Championship,2026-10-03 02:49:14 UTC,pga:R2026554,2.0,46464,,Jordan Smith,48a2a44c56c09a1a8ce70b1ad92051cbb7f79775d01a9262a5bfaad37bbe6877,71.0,71.0,71.0,1.0,1.717852,1.499551,-0.97444,-0.711962,1.531001,-0.244825,-1.108818,-1.348741,-0.396623,-1.353643,-2.702384,-3.099007,field_mean_by_category_hole_v1,layout:9002a36d5717676c32bb871d,fe2ce7981b399f3c420a9ad952c34b58185f30f95b2d54dd6929297a43c93752,0.4304211052631577,-1.1277940701754385,-1.1980790211348635,-1.0437443243115445,-0.6973729649122808,-1.8954519860471444,-2.939196310358689,validated_pga_2020_2024_plus_2026,0.0,18.0,71.0,"PROVISIONAL R3: current R2 scores assumed final; low 65 and ties (cut -6). Actual holes completed preserved. Missing R3 times generated 2026-10-03 09:20-11:30 America/Denver; better half tee 1 leaders last, lower half tee 10 worst last. Official individual times take precedence. Market coverage may be incomplete.",2026-10-02 07:35,,1.0,4.0,1.0,1.57,1.13,1.41,1.03,0.0,0.1957270930175247,0.5472340075454111,0.49500000000000005,-0.15000000000000002,0.37499999999999994,0.33,-2.15,5.5,2026-10-02 07:35,0.427416666666666,-0.0492859258568739,0.7429611005629357,0.0,-3.4822542310383984,-0.10225778601694935,-0.049285925856873934,-4.3767590434751575,-4.3767590434751575,19.156019724641578,-83.84128256681352,0.0,-4.3767590434751575,-0.05777321937387208,-0.03831203944928316,-0.18445082164698975,0.0358125,0.0,0.0,0.008280000000000001,-0.0,-0.280536080470145,0.0440925,0.31079042707526605,-0.19572709301752467,-0.4321706734876697,71.0
"moore, taylor",0.93,BD,21944,292.2,0.83,7.0,1.0,35,26.0,94.63,-5.0,0.8,-1.37,-0.18,-0.45,0.93,2.59,-0.62,1.97,18.0,-8.0,Black Desert Resort,Bank of Utah Championship,2026-10-03 02:49:14 UTC,pga:R2026554,2.0,49947,,Taylor Moore,48a2a44c56c09a1a8ce70b1ad92051cbb7f79775d01a9262a5bfaad37bbe6877,66.0,66.0,66.0,1.0,2.769908,1.339598,0.219435,2.202059,6.531,0.807231,-1.268771,-0.154866,2.517398,-0.46154,-0.616406,1.900992,field_mean_by_category_hole_v1,layout:9002a36d5717676c32bb871d,fe2ce7981b399f3c420a9ad952c34b58185f30f95b2d54dd6929297a43c93752,0.482477105263158,-1.3353860701754385,-0.05021008122736742,2.0143775933114867,-0.8529089649122805,-0.9031190461396479,1.1112585471718388,validated_pga_2020_2024_plus_2026,-5.0,18.0,66.0,"PROVISIONAL R3: current R2 scores assumed final; low 65 and ties (cut -6). Actual holes completed preserved. Missing R3 times generated 2026-10-03 09:20-11:30 America/Denver; better half tee 1 leaders last, lower half tee 10 worst last. Official individual times take precedence. Market coverage may be incomplete.",2026-10-02 07:35,,1.0,2.0,3.0,-2.29,0.25,1.69,0.49,0.19655,-0.008982718202545,-0.1668788564890468,-1.83,0.035,1.31,1.54,0.9199999999999999,4.5,2026-10-02 07:35,0.427416666666666,-0.0492859258568739,0.0206884253084081,0.0,1.5177457689616014,-0.10225778601694935,-0.049285925856873934,1.3455136317793701,1.3455136317793701,1.8104069333041104,2.4359272078285654,0.0,1.3455136317793701,0.017760779939487686,-0.003620813866608221,0.005359039857222844,0.125105,0.0,-0.0,-0.0019320000000000001,0.0,0.019499005930102307,0.12317299999999999,-0.02420685055894449,-0.1875672817974549,-0.04489527586735259,66.0
"grillo, emiliano",0.86,BD,12808,290.9,0.83,4.0,5.0,35,20.1,,-2.0,0.4,2.21,-0.72,1.67,-0.54,-1.98,0.95,-1.03,18.0,-8.0,Black Desert Resort,Bank of Utah Championship,2026-10-03 02:49:14 UTC,pga:R2026554,2.0,31646,,Emiliano Grillo,48a2a44c56c09a1a8ce70b1ad92051cbb7f79775d01a9262a5bfaad37bbe6877,69.0,69.0,69.0,1.0,1.563,4.568008,-0.24516,-2.354847,3.531001,-0.399677,1.959639,-0.619461,-2.039508,1.559962,0.940501,-1.099007,field_mean_by_category_hole_v1,layout:9002a36d5717676c32bb871d,fe2ce7981b399f3c420a9ad952c34b58185f30f95b2d54dd6929297a43c93752,-0.7244308947368416,1.8930239298245621,-0.48006663756636725,-1.5747108383863604,1.1685930350877205,0.6885263975213533,-0.8861844408650071,validated_pga_2020_2024_plus_2026,-2.0,18.0,69.0,"PROVISIONAL R3: current R2 scores assumed final; low 65 and ties (cut -6). Actual holes completed preserved. Missing R3 times generated 2026-10-03 09:20-11:30 America/Denver; better half tee 1 leaders last, lower half tee 10 worst last. Official individual times take precedence. Market coverage may be incomplete.",2026-10-02 08:30,,1.0,5.0,4.0,3.29,-0.52,-0.07,0.44,-0.02195,0.1148608559462923,0.2938036510003007,2.75,-0.62,-0.30500000000000005,-0.77,-1.08,4.5,2026-10-02 08:30,0.4702083333333329,-0.0572959480790963,0.3867145069465931,0.0,-1.4822542310383986,-0.059466119350282454,-0.05729594807909633,-1.9857308054143705,-1.9857308054143705,3.943126831571605,-7.829988419107697,0.0,-1.9857308054143705,-0.02621164663146969,-0.00788625366314321,-0.017225974522036936,-0.029127500000000004,-0.0,0.0,0.034224,-0.0,-0.051323874816649837,0.005096499999999993,0.24757627618365086,-0.09291085594629239,-0.13913823076294224,69.0
"kanaya, takumi",0.93,BD,19729,290.1,0.78,4.0,4.0,35,24.29,,-6.0,1.0,1.37,0.79,1.11,-0.26,1.07,1.9,2.97,18.0,-8.0,Black Desert Resort,Bank of Utah Championship,2026-10-03 02:49:14 UTC,pga:R2026554,2.0,47917,,Takumi Kanaya,48a2a44c56c09a1a8ce70b1ad92051cbb7f79775d01a9262a5bfaad37bbe6877,65.0,65.0,65.0,1.0,2.0225,3.642568,1.231265,0.634665,7.530998,0.059823,1.034199,0.856964,0.950004,1.094022,1.950986,2.90099,field_mean_by_category_hole_v1,layout:9002a36d5717676c32bb871d,fe2ce7981b399f3c420a9ad952c34b58185f30f95b2d54dd6929297a43c93752,-0.26493089473684206,0.9675839298245617,0.890945285267595,1.1088699266439372,0.7026530350877196,1.5935983203553146,2.702468246999252,validated_pga_2020_2024_plus_2026,-6.0,18.0,65.0,"PROVISIONAL R3: current R2 scores assumed final; low 65 and ties (cut -6). Actual holes completed preserved. Missing R3 times generated 2026-10-03 09:20-11:30 America/Denver; better half tee 1 leaders last, lower half tee 10 worst last. Official individual times take precedence. Market coverage may be incomplete.",2026-10-02 08:30,,1.0,2.0,1.0,0.53,-1.04,0.96,-1.31,0.1593,-0.0649392476602656,-0.1475783850549043,0.9500000000000001,-0.125,0.35,-0.12,0.8400000000000001,3.0,2026-10-02 08:30,0.4702083333333329,-0.0572959480790963,-0.0532176327151699,0.0,2.5177457689616016,-0.059466119350282454,-0.05729594807909633,2.4542013342473927,2.4542013342473927,6.023104189021683,14.781910337008075,0.0,2.4542013342473927,0.03239545761206558,-0.012046208378043365,0.032520202741417766,0.033424999999999996,-0.0,0.0,0.0069,0.0,0.052869451975439984,0.040325,-0.05438393307946432,-0.0943607523397344,-0.0011663003642944161,65.0
"garnett, brice",1.0,BD,11451,292.2,0.83,3.0,2.0,35,21.92,,-6.0,0.6,0.71,1.34,1.57,0.86,0.06,2.91,2.97,18.0,-8.0,Black Desert Resort,Bank of Utah Championship,2026-10-03 02:49:14 UTC,pga:R2026554,2.0,29535,,Brice Garnett,48a2a44c56c09a1a8ce70b1ad92051cbb7f79775d01a9262a5bfaad37bbe6877,65.0,65.0,65.0,1.0,2.627342,3.5262,1.707886,-0.330428,7.531,0.664665,0.917831,1.333585,-0.015089,1.582496,2.916081,2.900992,field_mean_by_category_hole_v1,layout:9002a36d5717676c32bb871d,fe2ce7981b399f3c420a9ad952c34b58185f30f95b2d54dd6929297a43c93752,0.3399111052631576,0.8512159298245607,0.9713445601517494,0.23915567214060562,1.1911270350877183,2.1624715952394675,2.401627267380073,validated_pga_2020_2024_plus_2026,-6.0,18.0,65.0,"PROVISIONAL R3: current R2 scores assumed final; low 65 and ties (cut -6). Actual holes completed preserved. Missing R3 times generated 2026-10-03 09:20-11:30 America/Denver; better half tee 1 leaders last, lower half tee 10 worst last. Official individual times take precedence. Market coverage may be incomplete.",2026-10-02 08:41,,1.0,4.0,2.0,-1.4,-0.57,0.97,0.13,0.0976,-0.0427728702121518,-0.7644127525011272,-0.345,0.38500000000000006,0.915,0.095,2.11,3.5,2026-10-02 08:41,0.4794513888888884,-0.0579307091902073,-0.709585622713279,0.0,2.5177457689616016,-0.05022306379472696,-0.05793070919020733,3.1191776186899465,3.1191776186899465,9.729269016936286,30.347318163841198,0.0,3.1191776186899465,0.041173144566707294,-0.019458538033872572,0.06676409996045064,0.0873825,0.0,-0.0,-0.021252000000000004,0.0,0.08847870649328536,0.0661305,-0.6098035460078418,-0.054827129787848206,0.09978207670543715,65.0
"hossler, beau",0.71,BD,15470,302.2,0.89,4.0,3.0,35,17.89,37.34,-7.0,0.67,3.35,0.42,1.63,-1.72,1.92,2.05,3.97,18.0,-8.0,Black Desert Resort,Bank of Utah Championship,2026-10-03 02:49:14 UTC,pga:R2026554,2.0,35461,,Beau Hossler,48a2a44c56c09a1a8ce70b1ad92051cbb7f79775d01a9262a5bfaad37bbe6877,64.0,64.0,64.0,1.0,1.168108,5.263848,0.672038,1.427005,8.530999,-0.794569,2.655479,0.297737,1.742344,1.86091,2.158647,3.900991,field_mean_by_category_hole_v1,layout:9002a36d5717676c32bb871d,fe2ce7981b399f3c420a9ad952c34b58185f30f95b2d54dd6929297a43c93752,-0.11932289473684232,2.5888639298245617,0.40562354282670865,1.2366391067624427,2.4695410350877194,2.875164577914428,4.111803684676871,validated_pga_2020_2024_plus_2026,-7.0,18.0,64.0,"PROVISIONAL R3: current R2 scores assumed final; low 65 and ties (cut -6). Actual holes completed preserved. Missing R3 times generated 2026-10-03 09:20-11:30 America/Denver; better half tee 1 leaders last, lower half tee 10 worst last. Official individual times take precedence. Market coverage may be incomplete.",2026-10-02 08:41,,1.0,4.0,6.0,-0.83,-1.4,-0.5,0.87,-0.0886,-0.1543555637545265,0.4125682678228961,1.26,-0.49,-1.1099999999999999,1.395,4.18,4.0,2026-10-02 08:41,0.4794513888888884,-0.0579307091902073,0.1696127040683695,0.0,3.5177457689616016,-0.05022306379472696,-0.05793070919020733,3.239979291908298,3.239979291908298,10.497465811994596,34.01157184837781,0.0,3.239979291908298,0.04276772665318953,-0.02099493162398919,0.07482545806643119,-0.10600499999999999,0.0,0.0,0.027048,0.0,0.09659825309563153,-0.07895699999999999,0.43020952091852765,0.24295556375452657,0.2605968168501581,64.0
"dou, zecheng",0.86,BD,16757,295.9,0.89,2.0,3.0,35,29.42,,-6.0,0.5,1.3,-0.34,2.21,0.91,1.1,1.87,2.97,18.0,-8.0,Black Desert Resort,Bank of Utah Championship,2026-10-03 02:49:14 UTC,pga:R2026554,2.0,37338,,Zecheng Dou,48a2a44c56c09a1a8ce70b1ad92051cbb7f79775d01a9262a5bfaad37bbe6877,65.0,65.0,65.0,1.0,2.642944,4.39939,-0.071813,0.560479,7.531,0.680267,1.791021,-0.446114,0.875818,2.471288,2.025174,2.900992,field_mean_by_category_hole_v1,layout:9002a36d5717676c32bb871d,fe2ce7981b399f3c420a9ad952c34b58185f30f95b2d54dd6929297a43c93752,0.3555131052631575,1.7244059298245618,-0.33561956558102035,0.8880391565698902,2.0799190350877192,1.744299469506699,2.632338626076589,validated_pga_2020_2024_plus_2026,-6.0,18.0,65.0,"PROVISIONAL R3: current R2 scores assumed final; low 65 and ties (cut -6). Actual holes completed preserved. Missing R3 times generated 2026-10-03 09:20-11:30 America/Denver; better half tee 1 leaders last, lower half tee 10 worst last. Official individual times take precedence. Market coverage may be incomplete.",2026-10-02 09:14,,1.0,1.0,8.0,1.55,-1.15,-0.69,-0.57,-0.0691499999999999,-0.0789417158234812,0.0931943385606837,1.425,-0.745,0.11000000000000004,0.26500000000000007,-0.25,1.5,2026-10-02 09:14,0.5078729166666663,-0.0571822558568739,-0.0548973772627974,0.0,2.5177457689616016,-0.021801536016949008,-0.057182255856873934,2.493659354350576,2.493659354350576,6.218336975540132,15.506414167559718,0.0,2.493659354350576,0.032916303477427605,-0.012436673951080264,0.03411411116863138,0.010505000000000004,0.0,0.0,0.041124,-0.0,0.05459374069497872,0.05162900000000001,0.19941707925566243,0.1480917158234811,0.25431445651845985,65.0
"kizzire, patton",0.93,BD,13470,292.5,0.78,3.0,2.0,35,18.56,23.96,-5.0,0.86,1.33,1.76,2.16,0.83,-1.95,3.92,1.97,18.0,-8.0,Black Desert Resort,Bank of Utah Championship,2026-10-03 02:49:14 UTC,pga:R2026554,2.0,32757,,Patton Kizzire,48a2a44c56c09a1a8ce70b1ad92051cbb7f79775d01a9262a5bfaad37bbe6877,66.0,66.0,66.0,1.0,2.528889,3.857078,2.201001,-2.055968,6.531,0.566212,1.248709,1.8267,-1.740629,1.814921,3.641621,1.900992,field_mean_by_category_hole_v1,layout:9002a36d5717676c32bb871d,fe2ce7981b399f3c420a9ad952c34b58185f30f95b2d54dd6929297a43c93752,0.24145810526315792,1.1820939298245614,1.6985854832884437,-1.2694424034353147,1.4235520350877193,3.122137518376163,1.8526951149408482,validated_pga_2020_2024_plus_2026,-5.0,18.0,66.0,"PROVISIONAL R3: current R2 scores assumed final; low 65 and ties (cut -6). Actual holes completed preserved. Missing R3 times generated 2026-10-03 09:20-11:30 America/Denver; better half tee 1 leaders last, lower half tee 10 worst last. Official individual times take precedence. Market coverage may be incomplete.",2026-10-02 12:30,,1.0,6.0,1.0,-0.92,-0.78,-1.27,3.12,-0.3581,0.062264821276498,-1.232264514870333,0.20500000000000002,0.49,-0.22000000000000003,0.5850000000000001,2.25,4.5,2026-10-02 12:30,0.59840625,0.0278295685875703,-1.528099693593835,0.0,1.5177457689616014,0.06873179731638468,0.027829568587570262,3.1424068284593916,3.1424068284593916,9.874720675548211,31.030389679971837,0.0,3.1424068284593916,0.041479770135663965,-0.019749441351096422,0.06826685729593804,-0.021010000000000004,0.0,0.0,-0.027048,0.0,0.08999718608050558,-0.048058000000000003,-1.1903253287898274,0.29583517872350185,0.33777436480400747,66.0
"keefer, johnny",1.0,BD,32457,314.5,0.89,4.0,1.0,35,22.79,,-4.0,0.67,-0.27,1.29,1.69,1.95,-2.0,2.97,0.97,18.0,-8.0,Black Desert Resort,Bank of Utah Championship,2026-10-03 02:49:14 UTC,pga:R2026554,2.0,63454,,Johnny Keefer,48a2a44c56c09a1a8ce70b1ad92051cbb7f79775d01a9262a5bfaad37bbe6877,67.0,67.0,67.0,1.0,3.742,2.415984,1.632896,-2.259879,5.531001,1.779323,-0.192385,1.258595,-1.94454,1.586938,2.845533,0.900993,field_mean_by_category_hole_v1,layout:9002a36d5717676c32bb871d,fe2ce7981b399f3c420a9ad952c34b58185f30f95b2d54dd6929297a43c93752,1.454569105263157,-0.2590000701754387,1.1636540204548116,-1.5672179894506768,1.1955690350877184,2.3592230555425298,0.792005066091853,validated_pga_2020_2024_plus_2026,-4.0,18.0,67.0,"PROVISIONAL R3: current R2 scores assumed final; low 65 and ties (cut -6). Actual holes completed preserved. Missing R3 times generated 2026-10-03 09:20-11:30 America/Denver; better half tee 1 leaders last, lower half tee 10 worst last. Official individual times take precedence. Market coverage may be incomplete.",2026-10-02 12:30,,1.0,5.0,3.0,0.14,0.3,1.79,-1.09,0.25645,0.0197215255879107,0.362106791315966,-0.065,0.795,1.87,-1.545,-0.41000000000000003,4.5,2026-10-02 12:30,0.59840625,0.0278295685875703,0.6382783169038767,0.0,0.5177457689616014,0.06873179731638468,0.027829568587570262,-0.02397118203832036,-0.02397118203832036,0.0005746175683142927,-1.3774262332478896e-05,0.0,-0.02397118203832036,-0.00031641960290582874,-1.1492351366285854e-06,-3.030337713145357e-08,0.17858500000000002,-0.0,-0.0,-0.043884,-0.0,-0.0003175991414195888,0.13470100000000002,0.49649019217454643,-0.2761715255879107,-0.14178812472933028,67.0
"rodgers, patrick",0.64,BD,16283,304.8,0.83,8.0,2.0,35,19.18,53.7,-7.0,0.5,0.98,0.18,-0.43,-1.4,4.22,-0.25,3.97,18.0,-8.0,Black Desert Resort,Bank of Utah Championship,2026-10-03 02:49:14 UTC,pga:R2026554,2.0,36699,,Patrick Rodgers,48a2a44c56c09a1a8ce70b1ad92051cbb7f79775d01a9262a5bfaad37bbe6877,64.0,64.0,64.0,1.0,1.132,3.14629,0.381202,3.871507,8.530999,-0.830677,0.537921,0.006901,4.186846,-0.292756,-0.285855,3.900991,field_mean_by_category_hole_v1,layout:9002a36d5717676c32bb871d,fe2ce7981b399f3c420a9ad952c34b58185f30f95b2d54dd6929297a43c93752,-0.1554308947368419,0.471305929824561,0.10754438142494052,3.101758895803446,0.3158750350877191,0.4234194165126596,3.5251783123161053,validated_pga_2020_2024_plus_2026,-7.0,18.0,64.0,"PROVISIONAL R3: current R2 scores assumed final; low 65 and ties (cut -6). Actual holes completed preserved. Missing R3 times generated 2026-10-03 09:20-11:30 America/Denver; better half tee 1 leaders last, lower half tee 10 worst last. Official individual times take precedence. Market coverage may be incomplete.",2026-10-02 12:41,,1.0,1.0,5.0,-1.43,-0.29,1.48,-1.62,0.2336,-0.1014765739996102,-0.3887884785842518,-0.22499999999999998,-0.05499999999999999,0.040000000000000036,1.2999999999999998,2.41,4.5,2026-10-02 12:41,0.5989027777777778,0.0333938574764591,-0.256665052583862,0.0,3.5177457689616016,0.06922832509416244,0.033393857476459066,3.877033004116085,3.877033004116085,15.031384915005397,58.277175413048575,0.0,3.877033004116085,0.05117683565433232,-0.030062769830010796,0.12820978590870688,0.0038200000000000035,0.0,-0.0,0.0030359999999999996,0.0,0.1493238517330284,0.006856000000000003,-0.2326086268512234,-0.1321234260003898,0.02405642573263861,64.0
"fishburn, patrick",0.93,BD,25094,302.1,0.67,4.0,2.0,35,26.16,61.99,-3.0,0.71,-1.98,0.97,-1.1,0.89,0.1,-0.13,-0.03,18.0,-8.0,Black Desert Resort,Bank of Utah Championship,2026-10-03 02:49:14 UTC,pga:R2026554,2.0,54576,,Patrick Fishburn,48a2a44c56c09a1a8ce70b1ad92051cbb7f79775d01a9262a5bfaad37bbe6877,68.0,68.0,68.0,1.0,2.644667,0.87787,1.430615,-0.422153,4.530999,0.68199,-1.730499,1.056314,-0.106814,-1.048509,0.007805,-0.099009,field_mean_by_category_hole_v1,layout:9002a36d5717676c32bb871d,fe2ce7981b399f3c420a9ad952c34b58185f30f95b2d54dd6929297a43c93752,0.3572361052631581,-1.7971140701754387,0.976024027000302,-0.16580515347672187,-1.4398779649122806,-0.4638539379119786,-0.6296590913887005,validated_pga_2020_2024_plus_2026,-3.0,18.0,68.0,"PROVISIONAL R3: current R2 scores assumed final; low 65 and ties (cut -6). Actual holes completed preserved. Missing R3 times generated 2026-10-03 09:20-11:30 America/Denver; better half tee 1 leaders last, lower half tee 10 worst last. Official individual times take precedence. Market coverage may be incomplete.",2026-10-02 13:47,,1.0,6.0,2.0,1.28,0.44,-0.91,1.33,-0.15365,0.0926683112036715,-0.1255414299405322,-0.35,0.705,-0.010000000000000009,0.7150000000000001,-3.26,5.0,2026-10-02 13:47,0.587804166666667,0.0704424202542367,-0.1865231187368607,0.0,-0.4822542310383985,0.05812971398305167,0.07044242025423667,-0.16715897806424948,-0.16715897806424948,0.02794212394748424,-0.004670776884006058,0.0,-0.16715897806424948,-0.002206498510448093,-5.588424789496848e-05,-1.0275709144813329e-05,-0.0009550000000000009,0.0,-0.0,-0.038916,-0.0,-0.0022726584674878747,-0.039871,-0.16768508840802004,0.06098168879632851,0.018838030328840655,68.0
"li, haotong",0.86,BD,15310,299.5,0.94,1.0,2.0,35,23.94,,-3.0,0.5,1.46,0.01,1.7,0.24,-1.75,1.72,-0.03,18.0,-8.0,Black Desert Resort,Bank of Utah Championship,2026-10-03 02:49:14 UTC,pga:R2026554,2.0,35296,,Haotong Li,48a2a44c56c09a1a8ce70b1ad92051cbb7f79775d01a9262a5bfaad37bbe6877,68.0,68.0,68.0,1.0,2.2425,4.210152,0.186956,-2.108608,4.531,0.279823,1.601783,-0.187345,-1.793269,1.881606,1.694261,-0.099008,field_mean_by_category_hole_v1,layout:9002a36d5717676c32bb871d,fe2ce7981b399f3c420a9ad952c34b58185f30f95b2d54dd6929297a43c93752,-0.04493089473684231,1.5351679298245622,-0.08585971197686323,-1.2813027770093655,1.4902370350877199,1.4043773231108567,0.12307454610149127,validated_pga_2020_2024_plus_2026,-3.0,18.0,68.0,"PROVISIONAL R3: current R2 scores assumed final; low 65 and ties (cut -6). Actual holes completed preserved. Missing R3 times generated 2026-10-03 09:20-11:30 America/Denver; better half tee 1 leaders last, lower half tee 10 worst last. Official individual times take precedence. Market coverage may be incomplete.",2026-10-02 13:47,,1.0,4.0,2.0,1.32,-0.15,1.18,-0.21,0.1538,0.0841505472815216,0.0542600407262994,1.3900000000000001,-0.06999999999999999,0.71,-0.98,0.1399999999999999,2.5,2026-10-02 13:47,0.587804166666667,0.0704424202542367,0.292210588007821,0.0,-0.4822542310383985,0.05812971398305167,0.07044242025423667,-0.6458926848089313,-0.6458926848089313,0.41717736028968944,-0.2694518052790103,0.0,-0.6458926848089313,-0.008525783439477892,-0.0008343547205793789,-0.0005927939716138227,0.067805,-0.0,0.0,0.0038639999999999994,0.0,-0.009952932131671092,0.07166900000000001,0.11597610859462831,-0.23795054728152162,-0.1762344794131927,68.0
"akina, kihei",1.0,BD,32652,302.3,0.83,2.0,3.0,35,44.1,,-4.0,0.75,-0.7,-0.2,0.61,1.31,0.56,0.41,0.97,18.0,-8.0,Black Desert Resort,Bank of Utah Championship,2026-10-03 02:49:14 UTC,pga:R2026554,2.0,67118,,Kihei Akina,48a2a44c56c09a1a8ce70b1ad92051cbb7f79775d01a9262a5bfaad37bbe6877,67.0,67.0,67.0,1.0,3.184058,2.157818,0.109233,0.079892,5.531001,1.221381,-0.450551,-0.265068,0.395231,0.77083,0.505762,0.900993,field_mean_by_category_hole_v1,layout:9002a36d5717676c32bb871d,fe2ce7981b399f3c420a9ad952c34b58185f30f95b2d54dd6929297a43c93752,0.8966271052631583,-0.5171660701754384,-0.15184282798165835,0.2836209994123412,0.3794610350877199,0.22761820710606154,0.5112392065184027,validated_pga_2020_2024_plus_2026,-4.0,18.0,67.0,"PROVISIONAL R3: current R2 scores assumed final; low 65 and ties (cut -6). Actual holes completed preserved. Missing R3 times generated 2026-10-03 09:20-11:30 America/Denver; better half tee 1 leaders last, lower half tee 10 worst last. Official individual times take precedence. Market coverage may be incomplete.",2026-10-02 13:58,,1.0,3.0,3.0,0.04,0.16,0.84,0.1,0.0853999999999999,0.1090799131892091,-1.0929929963219422,-0.32999999999999996,-0.020000000000000004,1.075,0.33,-0.74,2.5,2026-10-02 13:58,0.5825791666666672,0.0781892069209033,-0.898513083132733,0.0,0.5177457689616014,0.052904713983051854,0.07818920692090325,1.5473527729982894,1.5473527729982894,2.3943006041054957,3.7048276791541186,0.0,1.5473527729982894,0.02042505660357742,-0.004788601208210992,0.008150620894139062,0.1026625,0.0,-0.0,0.0011040000000000002,-0.0,0.02378707628950549,0.1037665,-0.9654394200324369,-0.1944799131892092,-0.06692633689970384,67.0
"dumont de chassart, adrien",0.86,BD,22002,290.7,0.89,7.0,4.0,35,16.29,,-6.0,0.5,3.58,0.26,2.65,-0.94,0.06,2.91,2.97,18.0,-8.0,Black Desert Resort,Bank of Utah Championship,2026-10-03 02:49:14 UTC,pga:R2026554,2.0,50497,,Adrien Dumont de Chassart,48a2a44c56c09a1a8ce70b1ad92051cbb7f79775d01a9262a5bfaad37bbe6877,65.0,65.0,65.0,1.0,0.661945,6.581215,0.449582,-0.161744,7.530998,-1.300732,3.972846,0.075281,0.153595,2.672114,2.747395,2.90099,field_mean_by_category_hole_v1,layout:9002a36d5717676c32bb871d,fe2ce7981b399f3c420a9ad952c34b58185f30f95b2d54dd6929297a43c93752,-0.1254858947368418,3.9062309298245617,0.19080884701491027,0.22216537829760352,3.78074503508772,3.97155388210263,4.193719260400234,validated_pga_2020_2024_plus_2026,-6.0,18.0,65.0,"PROVISIONAL R3: current R2 scores assumed final; low 65 and ties (cut -6). Actual holes completed preserved. Missing R3 times generated 2026-10-03 09:20-11:30 America/Denver; better half tee 1 leaders last, lower half tee 10 worst last. Official individual times take precedence. Market coverage may be incomplete.",2026-10-02 13:58,,1.0,5.0,3.0,-0.78,2.25,-1.64,-0.69,-0.1320999999999999,-0.0527106296774177,-0.5290840163014032,1.4,1.255,-1.29,-0.31499999999999995,4.36,6.0,2026-10-02 13:58,0.5825791666666672,0.0781892069209033,-0.7138946459788209,0.0,2.5177457689616016,0.052904713983051854,0.07818920692090325,3.3627343358443773,3.3627343358443773,11.307982213466726,38.02574005834206,0.0,3.3627343358443773,0.04438809323314578,-0.022615964426933453,0.08365662812835253,-0.123195,-0.0,0.0,-0.06927599999999999,0.0,0.10542875693456485,-0.192471,-0.6161262593668384,0.18481062967741768,0.0977683866119825,65.0
"hodges, lee",0.93,BD,25157,287.3,0.72,2.0,4.0,49,29.72,,-3.0,0.5,0.25,-0.63,0.68,0.43,-0.08,0.05,-0.03,18.0,-7.0,Black Desert Resort,Bank of Utah Championship,2026-10-03 02:49:14 UTC,pga:R2026554,2.0,54628,,Lee Hodges,48a2a44c56c09a1a8ce70b1ad92051cbb7f79775d01a9262a5bfaad37bbe6877,68.0,68.0,68.0,1.0,2.226319,3.121671,-0.31221,-0.504779,4.531001,0.263642,0.513302,-0.686511,-0.18944,0.776944,0.090433,-0.099007,field_mean_by_category_hole_v1,layout:9002a36d5717676c32bb871d,fe2ce7981b399f3c420a9ad952c34b58185f30f95b2d54dd6929297a43c93752,-0.061111894736841865,0.44668692982456104,-0.6661324354288986,-0.1822543587599349,0.3855750350877192,-0.2805574003411794,-0.4628117591011143,validated_pga_2020_2024_plus_2026,-3.0,18.0,68.0,"PROVISIONAL R3: current R2 scores assumed final; low 65 and ties (cut -6). Actual holes completed preserved. Missing R3 times generated 2026-10-03 09:20-11:30 America/Denver; better half tee 1 leaders last, lower half tee 10 worst last. Official individual times take precedence. Market coverage may be incomplete.",2026-10-02 08:30,,1.0,1.0,2.0,-0.24,-0.67,1.26,0.79,0.1338,0.026746929538655,0.1191656364913293,0.0050000000000000044,-0.65,0.845,0.35500000000000004,0.49,1.5,2026-10-02 08:30,0.4702083333333329,-0.0572959480790963,0.2797125660299844,0.0,-0.4822542310383985,-0.059466119350282454,-0.05729594807909633,-0.8787288644977617,-0.8787288644977617,0.7721644173015256,-0.6785231616209454,0.0,-0.8787288644977617,-0.011599221011370455,-0.0015443288346030514,-0.00149275095556608,0.0806975,0.0,0.0,0.03588,0.0,-0.014636300801539586,0.1165775,0.22110683568978973,-0.1605469295386551,-0.05860573034019467,68.0
"lower, justin",0.86,BD,17723,290.7,0.78,7.0,4.0,49,24.99,,-5.0,0.6,1.67,-0.59,0.31,-1.35,2.24,-0.27,1.97,18.0,-7.0,Black Desert Resort,Bank of Utah Championship,2026-10-03 02:49:14 UTC,pga:R2026554,2.0,40162,,Justin Lower,48a2a44c56c09a1a8ce70b1ad92051cbb7f79775d01a9262a5bfaad37bbe6877,66.0,66.0,66.0,1.0,0.907836,3.927613,-0.11093,1.806481,6.531,-1.054841,1.319244,-0.485231,2.12182,0.264403,-0.220828,1.900992,field_mean_by_category_hole_v1,layout:9002a36d5717676c32bb871d,fe2ce7981b399f3c420a9ad952c34b58185f30f95b2d54dd6929297a43c93752,-0.0675948947368421,1.252628929824561,-0.3620680622121213,1.497888662050595,1.1850340350877189,0.8229659728755976,2.3208546349261923,validated_pga_2020_2024_plus_2026,-5.0,18.0,66.0,"PROVISIONAL R3: current R2 scores assumed final; low 65 and ties (cut -6). Actual holes completed preserved. Missing R3 times generated 2026-10-03 09:20-11:30 America/Denver; better half tee 1 leaders last, lower half tee 10 worst last. Official individual times take precedence. Market coverage may be incomplete.",2026-10-02 08:41,,1.0,3.0,4.0,-0.31,0.27,1.01,-1.82,0.2385,-0.0616193704324768,-0.5150864233308666,0.6799999999999999,-0.15999999999999998,-0.17000000000000004,0.21000000000000008,1.98,5.0,2026-10-02 08:41,0.4794513888888884,-0.0579307091902073,-0.3382057937633435,0.0,1.5177457689616014,-0.05022306379472696,-0.05793070919020733,1.7477977897400108,1.7477977897400108,3.054797113820067,5.339167643638877,0.0,1.7477977897400108,0.023070930824568143,-0.006109594227640134,0.01174616881600553,-0.016235000000000003,0.0,0.0,0.008831999999999998,0.0,0.028707505412933536,-0.007403000000000005,-0.4937819179179331,-0.17688062956752315,-0.1555761241545896,66.0
"penge, marco",0.93,BD,22465,301.6,0.83,4.0,4.0,49,31.26,,-4.0,0.75,-0.9,0.78,0.09,0.99,0.1,0.87,0.97,18.0,-7.0,Black Desert Resort,Bank of Utah Championship,2026-10-03 02:49:14 UTC,pga:R2026554,2.0,51003,,Marco Penge,48a2a44c56c09a1a8ce70b1ad92051cbb7f79775d01a9262a5bfaad37bbe6877,67.0,67.0,67.0,1.0,3.188734,1.570623,1.096083,-0.32444,5.531,1.226057,-1.037746,0.721782,-0.009101,0.188311,0.910093,0.900992,field_mean_by_category_hole_v1,layout:9002a36d5717676c32bb871d,fe2ce7981b399f3c420a9ad952c34b58185f30f95b2d54dd6929297a43c93752,0.9013031052631582,-1.1043610701754385,0.7188088506046627,0.028822041169368595,-0.20305796491228034,0.5157508856923824,0.544572926861751,validated_pga_2020_2024_plus_2026,-4.0,18.0,67.0,"PROVISIONAL R3: current R2 scores assumed final; low 65 and ties (cut -6). Actual holes completed preserved. Missing R3 times generated 2026-10-03 09:20-11:30 America/Denver; better half tee 1 leaders last, lower half tee 10 worst last. Official individual times take precedence. Market coverage may be incomplete.",2026-10-02 08:52,,1.0,3.0,3.0,-0.71,-0.28,0.64,0.48,0.0,-0.0425530103794502,0.5097232518133199,-0.8049999999999999,0.25,0.815,0.29,-0.19000000000000006,3.5,2026-10-02 08:52,0.4888624999999996,-0.0581792114124295,0.4671702414338696,0.0,0.5177457689616014,-0.04081195268361576,-0.058179211412429536,-0.048415636568313485,-0.048415636568313485,0.002344073864315014,-0.00011348982830395789,0.0,-0.048415636568313485,-0.000639086402701738,-4.688147728630028e-06,-2.496776222687074e-07,0.0778325,0.0,-0.0,-0.0138,-0.0,-0.0006440242280526368,0.06403249999999999,0.5731117275852673,0.04255301037945031,0.1059414861513977,67.0
"wu, dylan",0.93,BD,25002,295.1,0.78,6.0,2.0,49,26.63,52.88,-5.0,0.5,-0.48,0.45,0.82,1.3,0.69,1.28,1.97,18.0,-7.0,Black Desert Resort,Bank of Utah Championship,2026-10-03 02:49:14 UTC,pga:R2026554,2.0,54783,,Dylan Wu,48a2a44c56c09a1a8ce70b1ad92051cbb7f79775d01a9262a5bfaad37bbe6877,66.0,66.0,66.0,1.0,2.957889,2.262036,0.906126,0.404948,6.530999,0.995212,-0.346333,0.531825,0.720287,0.648879,1.180704,1.900991,field_mean_by_category_hole_v1,layout:9002a36d5717676c32bb871d,fe2ce7981b399f3c420a9ad952c34b58185f30f95b2d54dd6929297a43c93752,0.6704581052631577,-0.4129480701754389,0.07008715402446794,0.5536061430059189,0.25751003508771886,0.3275971891121868,0.8812033321181058,validated_pga_2020_2024_plus_2026,-5.0,18.0,66.0,"PROVISIONAL R3: current R2 scores assumed final; low 65 and ties (cut -6). Actual holes completed preserved. Missing R3 times generated 2026-10-03 09:20-11:30 America/Denver; better half tee 1 leaders last, lower half tee 10 worst last. Official individual times take precedence. Market coverage may be incomplete.",2026-10-02 12:30,,1.0,2.0,3.0,-1.28,0.62,0.0,-0.2,0.014,-0.0310920298541842,-0.8149207387256895,-0.88,0.535,0.65,0.24499999999999997,0.8,4.0,2026-10-02 12:30,0.59840625,0.0278295685875703,-0.8320127685798737,0.0,1.5177457689616014,0.06873179731638468,0.027829568587570262,2.44631990344543,2.44631990344543,5.984481069993258,14.63995515331691,0.0,2.44631990344543,0.032291422725479677,-0.011968962139986517,0.0322079013372972,0.062075000000000005,0.0,-0.0,-0.029532000000000003,0.0,0.05253036192279036,0.032543,-0.7298473768028991,0.017092029854184232,0.10216539177697459,66.0
"hubbard, mark",0.93,BD,16333,286.7,0.72,5.0,3.0,49,27.88,85.11,-6.0,0.62,1.19,0.19,1.01,-0.19,1.77,1.2,2.97,18.0,-7.0,Black Desert Resort,Bank of Utah Championship,2026-10-03 02:49:14 UTC,pga:R2026554,2.0,36801,,Mark Hubbard,48a2a44c56c09a1a8ce70b1ad92051cbb7f79775d01a9262a5bfaad37bbe6877,65.0,65.0,65.0,1.0,1.518333,3.792924,0.807715,1.41203,7.531002,-0.444344,1.184555,0.433414,1.727369,0.740211,1.173625,2.900994,field_mean_by_category_hole_v1,layout:9002a36d5717676c32bb871d,fe2ce7981b399f3c420a9ad952c34b58185f30f95b2d54dd6929297a43c93752,-0.7690978947368419,1.1179399298245616,0.470959965503303,1.4465374965074882,0.3488420350877197,0.8198020005910227,2.266339497098511,validated_pga_2020_2024_plus_2026,-6.0,18.0,65.0,"PROVISIONAL R3: current R2 scores assumed final; low 65 and ties (cut -6). Actual holes completed preserved. Missing R3 times generated 2026-10-03 09:20-11:30 America/Denver; better half tee 1 leaders last, lower half tee 10 worst last. Official individual times take precedence. Market coverage may be incomplete.",2026-10-02 12:52,,1.0,3.0,2.0,-0.88,-1.68,-0.49,1.19,-0.09695,-0.1020441476312689,-0.3771860079890534,0.15499999999999997,-0.745,-0.33999999999999997,1.48,2.07,4.0,2026-10-02 12:52,0.5989791666666667,0.0388987219209037,-0.5761801556203223,0.0,2.5177457689616016,0.06930471398305138,0.03889872192090366,3.202129360485879,3.202129360485879,10.253632441285705,32.83345749187146,0.0,3.202129360485879,0.042268107558413606,-0.02050726488257141,0.07223360648211721,-0.03247,0.0,0.0,0.041124,0.0,0.0939944491579594,0.008654000000000002,-0.274537558831094,0.19899414763126894,0.30164259678922833,65.0
"yu, kevin",0.93,BD,17881,301.3,0.67,3.0,3.0,49,27.46,,-2.0,0.67,-1.22,-1.11,-0.93,0.29,1.01,-2.04,-1.03,18.0,-7.0,Black Desert Resort,Bank of Utah Championship,2026-10-03 02:49:14 UTC,pga:R2026554,2.0,45242,,Kevin Yu,48a2a44c56c09a1a8ce70b1ad92051cbb7f79775d01a9262a5bfaad37bbe6877,69.0,69.0,69.0,1.0,2.594667,0.938806,-0.598228,0.595759,3.531004,0.63199,-1.669563,-0.972529,0.911098,-1.037573,-2.010102,-1.099004,field_mean_by_category_hole_v1,layout:9002a36d5717676c32bb871d,fe2ce7981b399f3c420a9ad952c34b58185f30f95b2d54dd6929297a43c93752,0.30723610526315825,-1.7361780701754388,-0.921320504631193,1.0558770566965352,-1.4289419649122805,-2.3502624695434733,-1.294385412846938,validated_pga_2020_2024_plus_2026,-2.0,18.0,69.0,"PROVISIONAL R3: current R2 scores assumed final; low 65 and ties (cut -6). Actual holes completed preserved. Missing R3 times generated 2026-10-03 09:20-11:30 America/Denver; better half tee 1 leaders last, lower half tee 10 worst last. Official individual times take precedence. Market coverage may be incomplete.",2026-10-02 13:03,,1.0,5.0,1.0,1.64,-1.08,0.8,0.78,0.0,0.0537394720762414,0.6341702898571516,0.20999999999999996,-1.0950000000000002,0.545,0.895,-2.86,4.0,2026-10-02 13:03,0.5986208333333334,0.044357790254237,0.687909761933393,0.0,-1.4822542310383986,0.06894638064971803,0.044357790254236966,-2.0568598220678367,-2.0568598220678367,4.230672327636933,-8.701899931050622,0.0,-2.0568598220678367,-0.027150549651295444,-0.008461344655273866,-0.01914417984831137,0.052047500000000003,0.0,0.0,0.06044400000000001,-0.0,-0.05475607415488068,0.11249150000000002,0.691905715702271,-0.05373947207624141,0.003995953768877958,69.0
"hall, harry",1.0,BD,27194,298.3,0.83,2.0,5.0,49,33.08,,-3.0,0.6,-0.18,0.63,0.79,0.97,-1.45,1.42,-0.03,18.0,-7.0,Black Desert Resort,Bank of Utah Championship,2026-10-03 02:49:14 UTC,pga:R2026554,2.0,57975,,Harry Hall,48a2a44c56c09a1a8ce70b1ad92051cbb7f79775d01a9262a5bfaad37bbe6877,68.0,68.0,68.0,1.0,2.818467,2.943479,0.741257,-1.972203,4.531,0.85579,0.33511,0.366956,-1.656864,1.1909,1.557856,-0.099008,field_mean_by_category_hole_v1,layout:9002a36d5717676c32bb871d,fe2ce7981b399f3c420a9ad952c34b58185f30f95b2d54dd6929297a43c93752,0.531036105263158,0.2684949298245618,0.3839764714408611,-1.2283135949310746,0.7995310350877198,1.183507506528581,-0.04480608840249367,validated_pga_2020_2024_plus_2026,-3.0,18.0,68.0,"PROVISIONAL R3: current R2 scores assumed final; low 65 and ties (cut -6). Actual holes completed preserved. Missing R3 times generated 2026-10-03 09:20-11:30 America/Denver; better half tee 1 leaders last, lower half tee 10 worst last. Official individual times take precedence. Market coverage may be incomplete.",2026-10-02 13:14,,1.0,3.0,3.0,-0.55,0.78,0.0,0.91,-0.0273,0.0135604972423926,0.4874065031808386,-0.365,0.7050000000000001,0.485,-0.26999999999999996,0.37000000000000005,2.5,2026-10-02 13:14,0.5974291666666668,0.0501435702542367,0.4736670004232313,0.0,-0.4822542310383985,0.06775471398305144,0.050143570254236665,-0.8380229472243417,-0.8380229472243417,0.7022824600745717,-0.5885288169756537,0.0,-0.8380229472243417,-0.01106190290336131,-0.0014045649201491436,-0.0012947633973464383,0.0463175,-0.0,-0.0,-0.038916000000000006,0.0,-0.01376123122085689,0.007401499999999991,0.48104677195998174,0.013739502757607325,0.007379771536750457,68.0
"todd, brendon",0.86,BD,12425,278.9,0.5,2.0,6.0,56,37.1,22.64,-4.0,0.82,-3.1,1.93,-3.97,-0.86,3.0,-2.03,0.97,18.0,-6.0,Black Desert Resort,Bank of Utah Championship,2026-10-03 02:49:14 UTC,pga:R2026554,2.0,30927,,Brendon Todd,48a2a44c56c09a1a8ce70b1ad92051cbb7f79775d01a9262a5bfaad37bbe6877,67.0,67.0,67.0,1.0,0.633,-0.122503,2.600666,2.419837,5.531,-1.329677,-2.730872,2.226365,2.735176,-4.060549,-1.834184,0.900992,field_mean_by_category_hole_v1,layout:9002a36d5717676c32bb871d,fe2ce7981b399f3c420a9ad952c34b58185f30f95b2d54dd6929297a43c93752,-1.654430894736842,-2.7974870701754386,1.674747577982996,2.5908990428887186,-4.451917964912281,-2.777170386929285,-0.18627134404056633,validated_pga_2020_2024_plus_2026,-4.0,18.0,67.0,"PROVISIONAL R3: current R2 scores assumed final; low 65 and ties (cut -6). Actual holes completed preserved. Missing R3 times generated 2026-10-03 09:20-11:30 America/Denver; better half tee 1 leaders last, lower half tee 10 worst last. Official individual times take precedence. Market coverage may be incomplete.",2026-10-02 07:35,,1.0,3.0,7.0,0.61,-0.78,-1.61,0.92,-0.2415,0.0611849076543425,-2.297881164703328,-1.245,0.575,-1.235,1.96,-3.71,2.5,2026-10-02 07:35,0.427416666666666,-0.0492859258568739,-2.4781962570489857,0.0,0.5177457689616014,-0.10225778601694935,-0.049285925856873934,2.8443983141367637,2.8443983141367637,8.090601769464064,23.0128940334155,0.0,2.8443983141367637,0.03754605774660528,-0.016181203538928126,0.0506283668735141,-0.1179425,0.0,-0.0,-0.03174,-0.0,0.07199322108119126,-0.1496825,-2.375570443622137,0.18031509234565757,0.10262581342684873,67.0
"pavon, matthieu",0.79,BD,19960,290.3,0.83,3.0,4.0,56,35.59,34.99,-1.0,0.8,-0.02,-0.91,-1.9,-1.88,0.78,-2.81,-2.03,18.0,-6.0,Black Desert Resort,Bank of Utah Championship,2026-10-03 02:49:14 UTC,pga:R2026554,2.0,48153,,Matthieu Pavon,48a2a44c56c09a1a8ce70b1ad92051cbb7f79775d01a9262a5bfaad37bbe6877,70.0,70.0,70.0,1.0,0.133833,2.50988,-0.679473,0.566759,2.530999,-1.828844,-0.098489,-1.053774,0.882098,-1.927333,-2.981107,-2.099009,field_mean_by_category_hole_v1,layout:9002a36d5717676c32bb871d,fe2ce7981b399f3c420a9ad952c34b58185f30f95b2d54dd6929297a43c93752,-1.1535978947368422,-0.16510407017543915,-0.9925659960994375,0.9415136811082503,-1.3187019649122813,-2.311267961011719,-1.3697542799034688,validated_pga_2020_2024_plus_2026,-1.0,18.0,70.0,"PROVISIONAL R3: current R2 scores assumed final; low 65 and ties (cut -6). Actual holes completed preserved. Missing R3 times generated 2026-10-03 09:20-11:30 America/Denver; better half tee 1 leaders last, lower half tee 10 worst last. Official individual times take precedence. Market coverage may be incomplete.",2026-10-02 07:46,,1.0,3.0,1.0,2.08,0.16,-0.28,0.18,-0.0404,0.0863547030923884,-0.0788025459291412,1.03,-0.375,-1.08,0.48,-2.1,3.0,2026-10-02 07:46,0.4352083333333328,-0.0512037147457627,-0.0328478428367528,0.0,-2.4822542310383984,-0.09446611935028254,-0.051203714745762734,-2.595076222297691,-2.595076222297691,6.734420599534856,-17.476334768804666,0.0,-2.595076222297691,-0.034255006134329524,-0.01346884119906971,-0.038447936491370266,-0.10314000000000001,0.0,0.0,0.0207,-0.0,-0.0861717838247695,-0.08244000000000001,-0.2474143297539107,-0.045954703092388395,-0.2145664869171579,70.0
"parry, john",0.86,BD,13764,298.7,0.72,2.0,2.0,56,27.37,95.31,-5.0,0.67,-0.83,-0.09,0.17,1.0,1.89,0.08,1.97,18.0,-6.0,Black Desert Resort,Bank of Utah Championship,2026-10-03 02:49:14 UTC,pga:R2026554,2.0,28723,,John Parry,48a2a44c56c09a1a8ce70b1ad92051cbb7f79775d01a9262a5bfaad37bbe6877,66.0,66.0,66.0,1.0,2.681722,1.866371,0.569572,1.413336,6.531001,0.719045,-0.741998,0.195271,1.728675,-0.022953,0.172318,1.900993,field_mean_by_category_hole_v1,layout:9002a36d5717676c32bb871d,fe2ce7981b399f3c420a9ad952c34b58185f30f95b2d54dd6929297a43c93752,0.3942911052631577,-0.8086130701754388,0.24129069035678927,1.4969107132723796,-0.4143219649122811,-0.17303127455549186,1.3238794387168877,validated_pga_2020_2024_plus_2026,-5.0,18.0,66.0,"PROVISIONAL R3: current R2 scores assumed final; low 65 and ties (cut -6). Actual holes completed preserved. Missing R3 times generated 2026-10-03 09:20-11:30 America/Denver; better half tee 1 leaders last, lower half tee 10 worst last. Official individual times take precedence. Market coverage may be incomplete.",2026-10-02 07:57,,1.0,2.0,2.0,0.44,-0.32,-0.55,-1.43,-0.02585,-0.1379182074975954,0.1494677795347273,-0.19499999999999998,-0.20500000000000002,0.22499999999999998,0.22999999999999998,-1.27,2.0,2026-10-02 07:57,0.4435041666666661,-0.0530917914124294,-0.0143004279628681,0.0,1.5177457689616014,-0.08617028601694926,-0.05309179141242944,1.3927841194950907,1.3927841194950907,1.9398476035177152,2.701788936420083,0.0,1.3927841194950907,0.018384750377335196,-0.0038796952070354307,0.005943935660124183,0.0214875,0.0,-0.0,0.011316000000000001,-0.0,0.02044899083042395,0.0328035,0.20272027036515128,0.1637682074975954,0.21702069832801937,66.0
"dunlap, nick",0.86,BD,28270,288.3,0.67,6.0,11.0,56,25.54,136.63,2.0,0.44,0.26,-1.42,-0.91,-1.17,-2.71,-2.32,-5.03,18.0,-6.0,Black Desert Resort,Bank of Utah Championship,2026-10-03 02:49:14 UTC,pga:R2026554,2.0,59866,,Nick Dunlap,48a2a44c56c09a1a8ce70b1ad92051cbb7f79775d01a9262a5bfaad37bbe6877,73.0,73.0,73.0,1.0,1.045778,2.997547,-1.386846,-3.12548,-0.469001,-0.916899,0.389178,-1.761147,-2.810141,-0.527721,-2.288868,-5.099009,field_mean_by_category_hole_v1,layout:9002a36d5717676c32bb871d,fe2ce7981b399f3c420a9ad952c34b58185f30f95b2d54dd6929297a43c93752,-0.24670889473684188,0.3225629298245618,-1.949233141371836,-2.8326069913622494,0.07585403508771993,-1.873379106284116,-4.705986097646365,validated_pga_2020_2024_plus_2026,2.0,18.0,73.0,"PROVISIONAL R3: current R2 scores assumed final; low 65 and ties (cut -6). Actual holes completed preserved. Missing R3 times generated 2026-10-03 09:20-11:30 America/Denver; better half tee 1 leaders last, lower half tee 10 worst last. Official individual times take precedence. Market coverage may be incomplete.",2026-10-02 08:30,,1.0,5.0,3.0,2.48,0.35,0.01,2.29,-0.1592,0.235362244059688,-1.4416568766424096,1.37,-0.5349999999999999,-0.58,-0.20999999999999996,-2.2199999999999998,5.5,2026-10-02 08:30,0.4702083333333329,-0.0572959480790963,-1.3654946325827215,0.0,-5.482254231038398,-0.059466119350282454,-0.05729594807909633,-4.233521665885055,-4.233521665885055,17.92270569551817,-75.87616287325766,0.0,-4.233521665885055,-0.05588248598968273,-0.03584541139103634,-0.16692755832116685,-0.055389999999999995,-0.0,0.0,0.029531999999999996,-0.0,-0.2586554557018859,-0.025858,-1.7261703323442954,-0.07616224405968808,-0.3606756997615739,73.0
"svensson, adam",0.93,BD,13997,286.6,0.78,2.0,1.0,56,26.99,,-2.0,0.75,0.66,0.31,-0.92,-1.58,-0.42,-0.61,-1.03,18.0,-6.0,Black Desert Resort,Bank of Utah Championship,2026-10-03 02:49:14 UTC,pga:R2026554,2.0,40115,,Adam Svensson,48a2a44c56c09a1a8ce70b1ad92051cbb7f79775d01a9262a5bfaad37bbe6877,69.0,69.0,69.0,1.0,0.650333,3.099001,0.616271,-0.834605,3.531,-1.312344,0.490632,0.24197,-0.519266,-0.821712,-0.579742,-1.099008,field_mean_by_category_hole_v1,layout:9002a36d5717676c32bb871d,fe2ce7981b399f3c420a9ad952c34b58185f30f95b2d54dd6929297a43c93752,-0.6370978947368422,0.4240169298245613,0.2972640541742195,-0.346581875095593,-0.2130809649122809,0.08418308926193863,-0.2623987858336544,validated_pga_2020_2024_plus_2026,-2.0,18.0,69.0,"PROVISIONAL R3: current R2 scores assumed final; low 65 and ties (cut -6). Actual holes completed preserved. Missing R3 times generated 2026-10-03 09:20-11:30 America/Denver; better half tee 1 leaders last, lower half tee 10 worst last. Official individual times take precedence. Market coverage may be incomplete.",2026-10-02 08:41,,1.0,3.0,1.0,1.47,-0.8,1.18,-0.71,0.1795,0.0902813793902578,-0.8364196236643873,1.065,-0.24500000000000002,-0.20000000000000007,-0.565,-0.8099999999999999,2.5,2026-10-02 08:41,0.4794513888888884,-0.0579307091902073,-0.5666382442741295,0.0,-1.4822542310383986,-0.05022306379472696,-0.05793070919020733,-1.0237697597492035,-1.0237697597492035,1.0481045209769417,-1.0730177136326178,0.0,-1.0237697597492035,-0.013513760828689486,-0.0020962090419538834,-0.002360638969991759,-0.019100000000000006,-0.0,0.0,0.013524000000000001,-0.0,-0.01797060884063513,-0.0055760000000000046,-0.8599662325050225,-0.2697813793902578,-0.293327988230893,69.0
"clanton, luke",0.86,BD,32330,292.2,0.72,5.0,3.0,56,23.05,,-2.0,0.57,0.95,-0.81,-1.06,-2.01,0.84,-1.87,-1.03,18.0,-6.0,Black Desert Resort,Bank of Utah Championship,2026-10-03 02:49:14 UTC,pga:R2026554,2.0,66743,,Luke Clanton,48a2a44c56c09a1a8ce70b1ad92051cbb7f79775d01a9262a5bfaad37bbe6877,69.0,69.0,69.0,1.0,0.141,3.406025,-0.374129,0.3581,3.530996,-1.821677,0.797656,-0.74843,0.673439,-1.024021,-1.772451,-1.099012,field_mean_by_category_hole_v1,layout:9002a36d5717676c32bb871d,fe2ce7981b399f3c420a9ad952c34b58185f30f95b2d54dd6929297a43c93752,-1.120930894736842,0.7310409298245615,-0.6439882398413531,0.7129201384386032,-0.38988996491228045,-1.0338782047536337,-0.32095806631503043,validated_pga_2020_2024_plus_2026,-2.0,18.0,69.0,"PROVISIONAL R3: current R2 scores assumed final; low 65 and ties (cut -6). Actual holes completed preserved. Missing R3 times generated 2026-10-03 09:20-11:30 America/Denver; better half tee 1 leaders last, lower half tee 10 worst last. Official individual times take precedence. Market coverage may be incomplete.",2026-10-02 09:03,,1.0,3.0,2.0,2.27,-0.24,0.74,-1.63,0.1414,0.0545094550138762,-0.4462896144322557,1.6099999999999999,-0.525,-0.6349999999999999,-0.39499999999999996,-1.32,4.0,2026-10-02 09:03,0.4984312499999996,-0.0580304047457628,-0.2503801594183794,0.0,-1.4822542310383986,-0.031243202683615745,-0.058030404745762834,-1.321147679049398,-1.321147679049398,1.745431189857611,-2.3059723654208115,0.0,-1.321147679049398,-0.01743914936345205,-0.003490862379715222,-0.005073139203925786,-0.06064249999999999,-0.0,0.0,0.028980000000000002,-0.0,-0.02600315094709306,-0.03166249999999998,-0.5039552653793486,-0.1959094550138763,-0.25357510596096927,69.0
"koivun, jackson",0.79,BD,32319,291.5,0.78,2.0,2.0,56,28.71,75.53,-4.0,0.62,0.86,-0.14,0.74,-0.12,0.36,0.61,0.97,18.0,-6.0,Black Desert Resort,Bank of Utah Championship,2026-10-03 02:49:14 UTC,pga:R2026554,2.0,66701,,Jackson Koivun,48a2a44c56c09a1a8ce70b1ad92051cbb7f79775d01a9262a5bfaad37bbe6877,67.0,67.0,67.0,1.0,1.576333,3.367513,0.538824,0.048331,5.531001,-0.386344,0.759144,0.164523,0.36367,0.3728,0.537323,0.900993,field_mean_by_category_hole_v1,layout:9002a36d5717676c32bb871d,fe2ce7981b399f3c420a9ad952c34b58185f30f95b2d54dd6929297a43c93752,-0.711097894736842,0.6925289298245607,0.21320101054992566,0.692895090866643,-0.018568964912281327,0.19463204563764433,0.8875271365042874,validated_pga_2020_2024_plus_2026,-4.0,18.0,67.0,"PROVISIONAL R3: current R2 scores assumed final; low 65 and ties (cut -6). Actual holes completed preserved. Missing R3 times generated 2026-10-03 09:20-11:30 America/Denver; better half tee 1 leaders last, lower half tee 10 worst last. Official individual times take precedence. Market coverage may be incomplete.",2026-10-02 13:03,,1.0,2.0,5.0,1.76,-0.42,-0.47,-1.73,-0.0,0.0018336366236637,1.4078549045187811,1.31,-0.28,-0.295,-0.685,-0.9,2.0,2026-10-02 13:03,0.5986208333333334,0.044357790254237,1.409688541142445,0.0,0.5177457689616014,0.06894638064971803,0.044357790254236966,-0.7786386012768886,-0.7786386012768886,0.6062780713984295,-0.47207150949852267,0.0,-0.7786386012768886,-0.01027802953685493,-0.001212556142796859,-0.00103855732089675,-0.0281725,-0.0,0.0,0.015456000000000001,-0.0,-0.01252914300054854,-0.012716499999999999,1.3826092615182326,-0.0018336366236637591,-0.027079279624212305,67.0
"mccarty, matt",0.64,BD,28635,299.6,0.61,5.0,7.0,56,31.54,33.1,-1.0,0.4,-0.3,-2.62,-0.51,-0.21,1.1,-3.13,-2.03,18.0,-6.0,Black Desert Resort,Bank of Utah Championship,2026-10-03 02:49:14 UTC,pga:R2026554,2.0,59141,,Matt McCarty,48a2a44c56c09a1a8ce70b1ad92051cbb7f79775d01a9262a5bfaad37bbe6877,70.0,70.0,70.0,1.0,2.209394,1.815606,-2.235192,0.741192,2.531,0.246717,-0.792763,-2.609493,1.056531,-0.546046,-3.155539,-2.099008,field_mean_by_category_hole_v1,layout:9002a36d5717676c32bb871d,fe2ce7981b399f3c420a9ad952c34b58185f30f95b2d54dd6929297a43c93752,-0.07803689473684194,-0.8593780701754388,-2.521456122622537,0.9764697295770741,-0.9374149649122807,-3.458871087534818,-2.4824013579577437,validated_pga_2020_2024_plus_2026,-1.0,18.0,70.0,"PROVISIONAL R3: current R2 scores assumed final; low 65 and ties (cut -6). Actual holes completed preserved. Missing R3 times generated 2026-10-03 09:20-11:30 America/Denver; better half tee 1 leaders last, lower half tee 10 worst last. Official individual times take precedence. Market coverage may be incomplete.",2026-10-02 13:14,,1.0,2.0,3.0,1.65,0.4,0.55,-0.45,0.08225,0.0802521405535045,0.1419601735177247,0.6749999999999999,-1.11,0.17000000000000004,0.32500000000000007,-1.95,3.5,2026-10-02 13:14,0.5974291666666668,0.0501435702542367,0.3044623140712292,0.0,-2.4822542310383984,0.06775471398305144,0.050143570254236665,-2.668818260872339,-2.668818260872339,7.122590909565657,-19.00890068417215,0.0,-2.668818260872339,-0.03522840104351488,-0.014245181819131314,-0.041819581505178734,0.016235000000000003,0.0,0.0,0.06127200000000001,-0.0,-0.09129316436782492,0.077507,0.1281740091498998,-0.1625021405535045,-0.1762883049213294,70.0
"thompson, davis",0.86,BD,27364,296.8,0.78,3.0,2.0,56,18.93,136.99,-5.0,0.33,1.91,-0.35,2.54,0.63,-0.21,2.18,1.97,18.0,-6.0,Black Desert Resort,Bank of Utah Championship,2026-10-03 02:49:14 UTC,pga:R2026554,2.0,58168,,Davis Thompson,48a2a44c56c09a1a8ce70b1ad92051cbb7f79775d01a9262a5bfaad37bbe6877,66.0,66.0,66.0,1.0,2.393374,4.793488,-0.084285,-0.571577,6.531,0.430697,2.185119,-0.458586,-0.256238,2.615816,2.15723,1.900992,field_mean_by_category_hole_v1,layout:9002a36d5717676c32bb871d,fe2ce7981b399f3c420a9ad952c34b58185f30f95b2d54dd6929297a43c93752,0.10594310526315764,2.1185039298245614,-0.3140128547157067,-0.2580937203568304,2.224447035087719,1.9104341803720124,1.652340460015182,validated_pga_2020_2024_plus_2026,-5.0,18.0,66.0,"PROVISIONAL R3: current R2 scores assumed final; low 65 and ties (cut -6). Actual holes completed preserved. Missing R3 times generated 2026-10-03 09:20-11:30 America/Denver; better half tee 1 leaders last, lower half tee 10 worst last. Official individual times take precedence. Market coverage may be incomplete.",2026-10-02 13:14,,1.0,3.0,8.0,-0.99,0.62,0.42,-1.91,0.1098,-0.1525213925704317,0.4946688659588802,0.45999999999999996,0.135,0.525,-1.06,2.9,3.0,2026-10-02 13:14,0.5974291666666668,0.0501435702542367,0.4519474733884485,0.0,1.5177457689616014,0.06775471398305144,0.050143570254236665,1.183696579810441,1.183696579810441,1.401137593054936,1.6585217767429612,0.0,1.183696579810441,0.015624794853497822,-0.0028022751861098718,0.003648747908834515,0.0501375,-0.0,0.0,-0.007452,0.0,0.016471267576222463,0.0426855,0.5538256335351027,0.04272139257043173,0.10187816014665424,66.0
"blair, zac",1.0,BD,17639,297.2,0.78,2.0,3.0,56,23.2,,-1.0,0.4,0.26,-0.75,1.37,1.11,-2.65,0.62,-2.03,18.0,-6.0,Black Desert Resort,Bank of Utah Championship,2026-10-03 02:49:14 UTC,pga:R2026554,2.0,40058,,Zac Blair,48a2a44c56c09a1a8ce70b1ad92051cbb7f79775d01a9262a5bfaad37bbe6877,70.0,70.0,70.0,1.0,2.987013,3.084525,-0.447138,-3.0934,2.531,1.024336,0.476156,-0.821439,-2.778061,1.500492,0.679053,-2.099008,field_mean_by_category_hole_v1,layout:9002a36d5717676c32bb871d,fe2ce7981b399f3c420a9ad952c34b58185f30f95b2d54dd6929297a43c93752,0.6995821052631581,0.40954092982456114,-0.675129985145396,-2.3482503688771916,1.1091230350877193,0.43399304994232324,-1.9142573189348684,validated_pga_2020_2024_plus_2026,-1.0,18.0,70.0,"PROVISIONAL R3: current R2 scores assumed final; low 65 and ties (cut -6). Actual holes completed preserved. Missing R3 times generated 2026-10-03 09:20-11:30 America/Denver; better half tee 1 leaders last, lower half tee 10 worst last. Official individual times take precedence. Market coverage may be incomplete.",2026-10-02 13:25,,1.0,5.0,4.0,1.87,-0.08,-0.39,0.74,-0.07095,0.0827453281479933,0.0888874843255513,1.065,-0.415,0.36000000000000004,-0.955,-1.61,3.5,2026-10-02 13:25,0.5952291666666669,0.0564196019209035,0.1006828124735446,0.0,-2.4822542310383984,0.06555471398305157,0.056419601920903464,-2.460962727607988,-2.460962727607988,6.056337546675748,-14.90442096818182,0.0,-2.460962727607988,-0.03248470800442544,-0.012112675093351497,-0.03278972613,0.03438000000000001,-0.0,0.0,0.022907999999999998,-0.0,-0.07738710922777695,0.057288000000000006,0.06878837509777436,-0.011795328147993306,-0.031894437375770246,70.0
"mouw, william",0.79,BD,29770,302.3,0.78,5.0,7.0,56,31.51,40.95,-3.0,0.71,-1.03,0.63,-1.43,-0.4,0.77,-0.8,-0.03,18.0,-6.0,Black Desert Resort,Bank of Utah Championship,2026-10-03 02:49:14 UTC,pga:R2026554,2.0,63121,,William Mouw,48a2a44c56c09a1a8ce70b1ad92051cbb7f79775d01a9262a5bfaad37bbe6877,68.0,68.0,68.0,1.0,1.3815,1.745566,0.955423,0.448512,4.531001,-0.581177,-0.862803,0.581122,0.763851,-1.44398,-0.862858,-0.099007,field_mean_by_category_hole_v1,layout:9002a36d5717676c32bb871d,fe2ce7981b399f3c420a9ad952c34b58185f30f95b2d54dd6929297a43c93752,-0.9059308947368421,-0.9294180701754389,0.27684585505448833,0.5661570964304491,-1.835348964912281,-1.5585031098577926,-0.9923460134273435,validated_pga_2020_2024_plus_2026,-3.0,18.0,68.0,"PROVISIONAL R3: current R2 scores assumed final; low 65 and ties (cut -6). Actual holes completed preserved. Missing R3 times generated 2026-10-03 09:20-11:30 America/Denver; better half tee 1 leaders last, lower half tee 10 worst last. Official individual times take precedence. Market coverage may be incomplete.",2026-10-02 13:25,,1.0,3.0,5.0,1.48,-0.57,-1.54,0.77,-0.2156,-0.0147025880748594,0.0298183042671356,0.22499999999999998,0.030000000000000027,-0.97,0.77,-2.51,4.0,2026-10-02 13:25,0.5952291666666669,0.0564196019209035,-0.2004842838077239,0.0,-0.4822542310383985,0.06555471398305157,0.056419601920903464,-0.1597956313267196,-0.1597956313267196,0.025534643791104886,-0.004080324525302506,0.0,-0.1597956313267196,-0.0021093023335126988,-5.106928758220977e-05,-8.976713955665514e-06,-0.092635,0.0,0.0,-0.0016560000000000014,-0.0,-0.002169348335050574,-0.094291,-0.06664204406791498,0.2303025880748595,0.1338422397398089,68.0
"dahmen, joel",1.0,BD,14509,286.7,0.89,2.0,4.0,56,31.26,,0.0,0.4,-0.93,-0.51,-0.61,0.32,-1.91,-1.12,-3.03,18.0,-6.0,Black Desert Resort,Bank of Utah Championship,2026-10-03 02:49:14 UTC,pga:R2026554,2.0,34076,,Joel Dahmen,48a2a44c56c09a1a8ce70b1ad92051cbb7f79775d01a9262a5bfaad37bbe6877,71.0,71.0,71.0,1.0,2.068333,1.844768,-0.039875,-2.342225,1.531001,0.105656,-0.763601,-0.414176,-2.026886,-0.657945,-1.072121,-3.099007,field_mean_by_category_hole_v1,layout:9002a36d5717676c32bb871d,fe2ce7981b399f3c420a9ad952c34b58185f30f95b2d54dd6929297a43c93752,-0.21909789473684205,-0.8302160701754384,-0.26566383213775313,-2.0653419571105505,-1.0493139649122805,-1.3149777970500336,-3.380319754160584,validated_pga_2020_2024_plus_2026,0.0,18.0,71.0,"PROVISIONAL R3: current R2 scores assumed final; low 65 and ties (cut -6). Actual holes completed preserved. Missing R3 times generated 2026-10-03 09:20-11:30 America/Denver; better half tee 1 leaders last, lower half tee 10 worst last. Official individual times take precedence. Market coverage may be incomplete.",2026-10-02 13:36,,1.0,5.0,3.0,1.01,0.93,1.34,-0.14,0.1717,0.1376579679444849,-0.1033374383291653,0.03999999999999998,0.21000000000000002,0.8300000000000001,-1.025,-1.94,3.5,2026-10-02 13:36,0.5920208333333337,0.0631858852542367,0.2060205296153195,0.0,-3.4822542310383984,0.062346380649718314,0.06318588525423666,-3.562742494749763,-3.562742494749763,12.693134083895766,-45.22236819225205,0.0,-3.562742494749763,-0.04702820093069687,-0.02538626816779153,-0.09948921002295451,0.079265,-0.0,0.0,-0.011592000000000002,-0.0,-0.17190367912144291,0.067673,-0.2075681174506082,-0.3093579679444848,-0.4135886470659277,71.0
"power, seamus",0.93,BD,10104,300.6,0.67,6.0,5.0,56,23.83,,-5.0,0.56,-0.15,-0.71,1.19,1.34,1.49,0.48,1.97,18.0,-6.0,Black Desert Resort,Bank of Utah Championship,2026-10-03 02:49:14 UTC,pga:R2026554,2.0,28252,,Seamus Power,48a2a44c56c09a1a8ce70b1ad92051cbb7f79775d01a9262a5bfaad37bbe6877,66.0,66.0,66.0,1.0,3.098915,2.501686,-0.129808,1.060208,6.531001,1.136238,-0.106683,-0.504109,1.375547,1.029555,0.525446,1.900993,field_mean_by_category_hole_v1,layout:9002a36d5717676c32bb871d,fe2ce7981b399f3c420a9ad952c34b58185f30f95b2d54dd6929297a43c93752,0.8114841052631578,-0.17329807017543875,-0.44553871575216514,0.9333694945411802,0.6381860350877191,0.19264731933555396,1.1260168138767341,validated_pga_2020_2024_plus_2026,-5.0,18.0,66.0,"PROVISIONAL R3: current R2 scores assumed final; low 65 and ties (cut -6). Actual holes completed preserved. Missing R3 times generated 2026-10-03 09:20-11:30 America/Denver; better half tee 1 leaders last, lower half tee 10 worst last. Official individual times take precedence. Market coverage may be incomplete.",2026-10-02 13:36,,1.0,3.0,4.0,-4.79,2.39,-0.11,0.65,-0.03325,-0.1242096810563912,0.0079091670796592,-2.47,0.8400000000000001,0.615,1.07,4.64,4.5,2026-10-02 13:36,0.5920208333333337,0.0631858852542367,-0.149550513976732,0.0,1.5177457689616014,0.062346380649718314,0.06318588525423666,1.7928285488422884,1.7928285488422884,3.2142342055439457,5.762570846364597,0.0,1.7928285488422884,0.023665336844718207,-0.006428468411087892,0.012677655862002115,0.0587325,0.0,-0.0,-0.046368000000000006,0.0,0.02991452429563243,0.012364499999999994,0.050188191375291624,0.1574596810563912,0.19973870535202362,66.0
"lebioda, hank",0.86,BD,21943,295.4,0.72,4.0,3.0,69,33.12,9.99,-1.0,0.5,0.44,-1.72,0.41,-0.03,-0.72,-1.31,-2.03,18.0,-5.0,Black Desert Resort,Bank of Utah Championship,2026-10-03 02:49:14 UTC,pga:R2026554,2.0,49766,,Hank Lebioda,48a2a44c56c09a1a8ce70b1ad92051cbb7f79775d01a9262a5bfaad37bbe6877,70.0,70.0,70.0,1.0,1.836927,3.109008,-1.269337,-1.145596,2.531002,-0.12575,0.500639,-1.643638,-0.830257,0.374889,-1.268749,-2.099006,field_mean_by_category_hole_v1,layout:9002a36d5717676c32bb871d,fe2ce7981b399f3c420a9ad952c34b58185f30f95b2d54dd6929297a43c93752,0.3424961052631579,0.43402392982456206,-1.486376973902969,-0.7430966865920116,0.7765200350877199,-0.7098569388152491,-1.4529536254072606,validated_pga_2020_2024_plus_2026,-1.0,18.0,70.0,"PROVISIONAL R3: current R2 scores assumed final; low 65 and ties (cut -6). Actual holes completed preserved. Missing R3 times generated 2026-10-03 09:20-11:30 America/Denver; better half tee 1 leaders last, lower half tee 10 worst last. Official individual times take precedence. Market coverage may be incomplete.",2026-10-02 07:35,,1.0,3.0,1.0,-0.66,0.49,0.25,1.07,-0.0474,0.0785002109701041,-0.5983397789562663,-0.11000000000000001,-0.615,0.11,0.17500000000000004,1.1,3.5,2026-10-02 07:35,0.427416666666666,-0.0492859258568739,-0.5672395679861623,0.0,-2.4822542310383984,-0.10225778601694935,-0.049285925856873934,-2.0665583749260596,-2.0665583749260596,4.270663516977036,-8.825575457500076,0.0,-2.0665583749260596,-0.027278570549023988,-0.008541327033954072,-0.019416266006500166,0.010505,0.0,-0.0,0.033948,0.0,-0.05523616358947822,0.044453,-0.6091229425457446,-0.03110021097010407,-0.041883374559582354,70.0
"duncan, tyler",0.86,BD,18187,283.7,0.67,4.0,6.0,69,24.14,,-1.0,0.6,0.52,-0.02,0.42,-0.1,-2.43,0.4,-2.03,18.0,-5.0,Black Desert Resort,Bank of Utah Championship,2026-10-03 02:49:14 UTC,pga:R2026554,2.0,45609,,Tyler Duncan,48a2a44c56c09a1a8ce70b1ad92051cbb7f79775d01a9262a5bfaad37bbe6877,70.0,70.0,70.0,1.0,1.699362,3.192082,0.429579,-2.790025,2.530998,-0.263315,0.583713,0.055278,-2.474686,0.320398,0.375676,-2.09901,field_mean_by_category_hole_v1,layout:9002a36d5717676c32bb871d,fe2ce7981b399f3c420a9ad952c34b58185f30f95b2d54dd6929297a43c93752,-0.5880688947368422,0.517097929824561,0.18130343442386201,-2.267612058729236,-0.07097096491228116,0.11033246951158085,-2.157279589217655,validated_pga_2020_2024_plus_2026,-1.0,18.0,70.0,"PROVISIONAL R3: current R2 scores assumed final; low 65 and ties (cut -6). Actual holes completed preserved. Missing R3 times generated 2026-10-03 09:20-11:30 America/Denver; better half tee 1 leaders last, lower half tee 10 worst last. Official individual times take precedence. Market coverage may be incomplete.",2026-10-02 07:46,,1.0,2.0,2.0,1.19,-0.5,1.71,-1.26,0.25155,0.0543991207746325,-0.4178209790527868,0.855,-0.26,0.8049999999999999,-1.8450000000000002,-0.6699999999999999,3.0,2026-10-02 07:46,0.4352083333333328,-0.0512037147457627,-0.1118718582781542,0.0,-2.4822542310383984,-0.09446611935028254,-0.051203714745762734,-2.5160522068562896,-2.5160522068562896,6.330518707626405,-15.927915564868442,0.0,-2.5160522068562896,-0.03321188913050302,-0.012661037415252811,-0.035041414242710574,0.0768775,-0.0,0.0,0.014352,-0.0,-0.0809143407884664,0.0912295,-0.40750581984125317,-0.3059491207746326,-0.29563396156309896,70.0
"silverman, ben",0.93,BD,17381,297.6,0.72,3.0,4.0,69,29.31,,-4.0,0.56,-0.56,0.57,-0.13,0.43,0.54,0.43,0.97,18.0,-5.0,Black Desert Resort,Bank of Utah Championship,2026-10-03 02:49:14 UTC,pga:R2026554,2.0,39327,,Ben Silverman,48a2a44c56c09a1a8ce70b1ad92051cbb7f79775d01a9262a5bfaad37bbe6877,67.0,67.0,67.0,1.0,2.195667,2.175221,1.076838,0.083274,5.531,0.23299,-0.433148,0.702537,0.398613,-0.200158,0.502379,0.900992,field_mean_by_category_hole_v1,layout:9002a36d5717676c32bb871d,fe2ce7981b399f3c420a9ad952c34b58185f30f95b2d54dd6929297a43c93752,-0.09176389473684177,-0.49976307017543853,0.7282470591133707,0.09341178089125879,-0.5915269649122803,0.13672009420109044,0.23013187509234923,validated_pga_2020_2024_plus_2026,-4.0,18.0,67.0,"PROVISIONAL R3: current R2 scores assumed final; low 65 and ties (cut -6). Actual holes completed preserved. Missing R3 times generated 2026-10-03 09:20-11:30 America/Denver; better half tee 1 leaders last, lower half tee 10 worst last. Official individual times take precedence. Market coverage may be incomplete.",2026-10-02 07:46,,1.0,3.0,3.0,-2.31,-1.08,1.53,-0.0,0.19125,-0.1047489763828465,-0.4207450554621,-1.435,-0.25500000000000006,0.98,0.27,1.75,3.0,2026-10-02 07:46,0.4352083333333328,-0.0512037147457627,-0.3342440318449465,0.0,0.5177457689616014,-0.09446611935028254,-0.051203714745762734,0.7063199667105027,0.7063199667105027,0.49888789537392564,0.3523744816527839,0.0,0.7063199667105027,0.009323423560578635,-0.0009977757907478513,0.0007752238596361247,0.09359,0.0,-0.0,0.014076000000000003,0.0,0.009100871629466907,0.10766600000000001,-0.3039781838326331,-0.0865010236171535,0.030265848012313412,67.0
"hardy, nick",1.0,BD,19865,300.8,0.78,4.0,3.0,69,32.12,,-3.0,0.29,-0.6,-1.27,0.68,1.29,0.56,-0.59,-0.03,18.0,-5.0,Black Desert Resort,Bank of Utah Championship,2026-10-03 02:49:14 UTC,pga:R2026554,2.0,47988,,Nick Hardy,48a2a44c56c09a1a8ce70b1ad92051cbb7f79775d01a9262a5bfaad37bbe6877,68.0,68.0,68.0,1.0,3.104741,2.115343,-0.945217,0.256132,4.530999,1.142064,-0.493026,-1.319518,0.571471,0.649038,-0.67048,-0.099009,field_mean_by_category_hole_v1,layout:9002a36d5717676c32bb871d,fe2ce7981b399f3c420a9ad952c34b58185f30f95b2d54dd6929297a43c93752,0.8173101052631577,-0.5596410701754384,-1.21178507388262,0.7515252637470223,0.2576690350877193,-0.9541160387949006,-0.20259077504787826,validated_pga_2020_2024_plus_2026,-3.0,18.0,68.0,"PROVISIONAL R3: current R2 scores assumed final; low 65 and ties (cut -6). Actual holes completed preserved. Missing R3 times generated 2026-10-03 09:20-11:30 America/Denver; better half tee 1 leaders last, lower half tee 10 worst last. Official individual times take precedence. Market coverage may be incomplete.",2026-10-02 07:57,,1.0,4.0,2.0,-2.46,0.17,1.08,0.35,0.0943,-0.0329112041791054,-0.898980755548497,-1.53,-0.55,1.185,0.455,1.8599999999999999,4.0,2026-10-02 07:57,0.4435041666666661,-0.0530917914124294,-0.8375919597276025,0.0,-0.4822542310383985,-0.08617028601694926,-0.05309179141242944,0.2160756512598253,0.2160756512598253,0.04668868706735765,0.010088288464545486,0.0,0.2160756512598253,0.0028521985966296942,-9.33773741347153e-05,2.2194234622000072e-05,0.1131675,0.0,-0.0,0.03036,0.0,0.0027810154571169788,0.1435275,-0.75267224009138,-0.061388795820894515,0.08491971963622247,68.0
"davis, cameron",0.93,BD,17786,300.0,0.89,4.0,7.0,69,21.82,,-1.0,0.5,-0.97,0.41,-0.81,0.16,-1.63,-0.4,-2.03,18.0,-5.0,Black Desert Resort,Bank of Utah Championship,2026-10-03 02:49:14 UTC,pga:R2026554,2.0,45157,,Cam Davis,48a2a44c56c09a1a8ce70b1ad92051cbb7f79775d01a9262a5bfaad37bbe6877,70.0,70.0,70.0,1.0,2.125167,1.709368,0.747292,-2.050828,2.530999,0.16249,-0.899001,0.372991,-1.735489,-0.736511,-0.36352,-2.099009,field_mean_by_category_hole_v1,layout:9002a36d5717676c32bb871d,fe2ce7981b399f3c420a9ad952c34b58185f30f95b2d54dd6929297a43c93752,-0.16226389473684222,0.10938392982456158,0.39183504943960634,-1.5965130822746185,-0.05287996491228064,0.3389550845273257,-1.2575579977472928,validated_pga_2020_2024_plus_2026,-1.0,18.0,70.0,"PROVISIONAL R3: current R2 scores assumed final; low 65 and ties (cut -6). Actual holes completed preserved. Missing R3 times generated 2026-10-03 09:20-11:30 America/Denver; better half tee 1 leaders last, lower half tee 10 worst last. Official individual times take precedence. Market coverage may be incomplete.",2026-10-02 08:08,,1.0,7.0,3.0,1.61,-0.81,0.37,-0.03,0.0428,0.1212917282747364,-1.4317126323843683,0.32000000000000006,-0.20000000000000004,0.265,-0.83,-2.58,5.5,2026-10-02 08:08,0.4522263888888884,-0.0548676491902072,-1.2676209041096318,0.0,-2.4822542310383984,-0.07744806379472696,-0.054867649190207236,-1.3469490399137007,-1.3469490399137007,1.8142717161244402,-2.443731546176397,0.0,-1.3469490399137007,-0.01777972732686085,-0.0036285434322488805,-0.005376209401588074,0.0253075,-0.0,0.0,0.011040000000000001,-0.0,-0.026784480160697805,0.036347500000000005,-1.422149612545066,-0.1640917282747365,-0.15452870843543431,70.0
"mcnealy, maverick",1.0,BD,18634,300.6,0.89,3.0,3.0,69,22.0,,-3.0,0.75,0.57,-0.39,2.04,1.47,-1.68,1.65,-0.03,18.0,-5.0,Black Desert Resort,Bank of Utah Championship,2026-10-03 02:49:14 UTC,pga:R2026554,2.0,46442,,Maverick McNealy,48a2a44c56c09a1a8ce70b1ad92051cbb7f79775d01a9262a5bfaad37bbe6877,68.0,68.0,68.0,1.0,3.246796,3.349908,-0.038907,-2.026795,4.531002,1.284119,0.741539,-0.413208,-1.711456,2.025658,1.61245,-0.099006,field_mean_by_category_hole_v1,layout:9002a36d5717676c32bb871d,fe2ce7981b399f3c420a9ad952c34b58185f30f95b2d54dd6929297a43c93752,0.9593651052631578,0.674923929824562,-0.2580669439261043,-1.648241134673802,1.6342890350877197,1.3762220911616154,-0.27201904351218653,validated_pga_2020_2024_plus_2026,-3.0,18.0,68.0,"PROVISIONAL R3: current R2 scores assumed final; low 65 and ties (cut -6). Actual holes completed preserved. Missing R3 times generated 2026-10-03 09:20-11:30 America/Denver; better half tee 1 leaders last, lower half tee 10 worst last. Official individual times take precedence. Market coverage may be incomplete.",2026-10-02 08:08,,1.0,1.0,3.0,-1.62,2.1,1.3,-2.64,0.0,-0.1060802376549912,0.8207597770486231,-0.5250000000000001,0.855,1.385,-2.16,2.19,2.0,2026-10-02 08:08,0.4522263888888884,-0.0548676491902072,0.7146795393936318,0.0,-0.4822542310383985,-0.07744806379472696,-0.054867649190207236,-1.3292494834169644,-1.3292494834169644,1.7669041891642665,-2.348656480693872,0.0,-1.3292494834169644,-0.01754609318110393,-0.0035338083783285333,-0.005167044257526518,0.1322675,-0.0,-0.0,-0.047195999999999995,0.0,-0.02624694581695898,0.08507150000000002,0.8795843312316642,0.1060802376549913,0.16490479183803242,68.0
"glover, lucas",1.0,BD,7399,286.8,0.94,5.0,3.0,69,17.91,,-6.0,0.75,3.54,-0.12,3.71,0.17,-0.63,3.6,2.97,18.0,-5.0,Black Desert Resort,Bank of Utah Championship,2026-10-03 02:49:14 UTC,pga:R2026554,2.0,25900,,Lucas Glover,48a2a44c56c09a1a8ce70b1ad92051cbb7f79775d01a9262a5bfaad37bbe6877,65.0,65.0,65.0,1.0,1.887333,6.300886,0.254156,-0.911378,7.530997,-0.075344,3.692517,-0.120145,-0.596039,3.617173,3.497028,2.900989,field_mean_by_category_hole_v1,layout:9002a36d5717676c32bb871d,fe2ce7981b399f3c420a9ad952c34b58185f30f95b2d54dd6929297a43c93752,-0.4000978947368419,3.6259019298245607,0.024262651770084492,-0.5388629501918479,3.2258040350877186,3.250066686857803,2.711203736665955,validated_pga_2020_2024_plus_2026,-6.0,18.0,65.0,"PROVISIONAL R3: current R2 scores assumed final; low 65 and ties (cut -6). Actual holes completed preserved. Missing R3 times generated 2026-10-03 09:20-11:30 America/Denver; better half tee 1 leaders last, lower half tee 10 worst last. Official individual times take precedence. Market coverage may be incomplete.",2026-10-02 08:19,,1.0,2.0,6.0,-1.34,0.12,-0.25,-2.39,0.04045,-0.2292638400626587,-0.3483463501664043,1.1,0.0,-0.039999999999999994,-1.51,4.88,3.5,2026-10-02 08:19,0.4611333333333329,-0.0562749280790961,-0.537160190229063,0.0,2.5177457689616016,-0.06854111935028245,-0.056274928079096134,2.930089911761286,2.930089911761286,8.585426891005262,25.15607272149858,0.0,2.930089911761286,0.038677186835248976,-0.017170853782010526,0.055343359987296885,-0.0038199999999999996,-0.0,0.0,-0.0,0.0,0.07684969304053534,-0.0038199999999999996,-0.27531665712586895,0.18881384006265872,0.2618435331031941,65.0
"greyserman, max",0.79,BD,23465,293.2,0.67,4.0,2.0,69,34.31,,-4.0,0.83,-0.36,1.47,-0.25,0.12,-0.25,1.22,0.97,18.0,-5.0,Black Desert Resort,Bank of Utah Championship,2026-10-03 02:49:14 UTC,pga:R2026554,2.0,51977,,Max Greyserman,48a2a44c56c09a1a8ce70b1ad92051cbb7f79775d01a9262a5bfaad37bbe6877,67.0,67.0,67.0,1.0,1.93629,2.313569,1.92765,-0.646507,5.531002,-0.026387,-0.2948,1.553349,-0.331168,-0.321187,1.232162,0.900994,field_mean_by_category_hole_v1,layout:9002a36d5717676c32bb871d,fe2ce7981b399f3c420a9ad952c34b58185f30f95b2d54dd6929297a43c93752,-0.35114089473684196,-0.3614150701754384,1.130781877549581,-0.18002393690027552,-0.7125559649122803,0.4182259126373007,0.23820197573702517,validated_pga_2020_2024_plus_2026,-4.0,18.0,67.0,"PROVISIONAL R3: current R2 scores assumed final; low 65 and ties (cut -6). Actual holes completed preserved. Missing R3 times generated 2026-10-03 09:20-11:30 America/Denver; better half tee 1 leaders last, lower half tee 10 worst last. Official individual times take precedence. Market coverage may be incomplete.",2026-10-02 12:52,,1.0,1.0,2.0,-1.83,0.34,-0.58,0.22,-0.0790999999999999,-0.1381209291696172,0.2482044515447561,-1.095,0.905,-0.22999999999999998,-0.015,1.4700000000000002,2.5,2026-10-02 12:52,0.5989791666666667,0.0388987219209037,0.0309835223751388,0.0,0.5177457689616014,0.06930471398305138,0.03889872192090366,0.5949656824904177,0.5949656824904177,0.3539841633412885,0.21060842933314922,0.0,0.5949656824904177,0.007853547008873514,-0.000707968326682577,0.0004633385445329283,-0.021965,-0.0,-0.0,-0.049956,0.0,0.007608917226723865,-0.071921,0.18389236877147996,0.2172209291696173,0.15290884639634117,67.0
"wallace, matt",0.86,BD,20706,305.5,0.89,4.0,6.0,69,17.56,,-4.0,0.4,1.95,0.86,3.06,1.11,-2.95,3.92,0.97,18.0,-5.0,Black Desert Resort,Bank of Utah Championship,2026-10-03 02:49:14 UTC,pga:R2026554,2.0,48887,,Matt Wallace,48a2a44c56c09a1a8ce70b1ad92051cbb7f79775d01a9262a5bfaad37bbe6877,67.0,67.0,67.0,1.0,2.896306,4.91331,1.227731,-3.506348,5.530999,0.933629,2.304941,0.85343,-3.191009,3.23857,4.092,0.900991,field_mean_by_category_hole_v1,layout:9002a36d5717676c32bb871d,fe2ce7981b399f3c420a9ad952c34b58185f30f95b2d54dd6929297a43c93752,0.608875105263158,2.2383259298245606,0.7195091172754595,-3.0505753682361876,2.8472010350877186,3.566710152363178,0.5161347841269905,validated_pga_2020_2024_plus_2026,-4.0,18.0,67.0,"PROVISIONAL R3: current R2 scores assumed final; low 65 and ties (cut -6). Actual holes completed preserved. Missing R3 times generated 2026-10-03 09:20-11:30 America/Denver; better half tee 1 leaders last, lower half tee 10 worst last. Official individual times take precedence. Market coverage may be incomplete.",2026-10-02 13:36,,1.0,2.0,3.0,-1.51,-0.11,0.84,-1.08,0.0,-0.1516915587476733,0.841600534558038,0.21999999999999997,0.375,0.9750000000000001,-2.015,3.46,3.0,2026-10-02 13:36,0.5920208333333337,0.0631858852542367,0.6899089758103647,0.0,0.5177457689616014,0.062346380649718314,0.06318588525423666,-0.046630940944808325,-0.046630940944808325,0.0021744446533982016,-0.00010139640022036574,0.0,-0.046630940944808325,-0.0006155284204714699,-4.348889306796403e-06,-2.2307208048480463e-07,0.09311250000000001,-0.0,0.0,-0.0207,0.0,-0.0006201003818587512,0.07241250000000002,0.9133929341761792,0.15169155874767326,0.22348395836581447,67.0
"kang, jeffrey",0.93,BD,21889,301.1,0.61,4.0,7.0,69,27.68,,-3.0,0.64,-1.75,0.35,-0.93,0.82,0.55,-0.58,-0.03,18.0,-5.0,Black Desert Resort,Bank of Utah Championship,2026-10-03 02:49:14 UTC,pga:R2026554,2.0,47393,,Jeffrey Kang,48a2a44c56c09a1a8ce70b1ad92051cbb7f79775d01a9262a5bfaad37bbe6877,68.0,68.0,68.0,1.0,2.665972,0.675808,0.914866,0.274352,4.530998,0.703295,-1.932561,0.540565,0.589691,-1.229266,-0.688701,-0.09901,field_mean_by_category_hole_v1,layout:9002a36d5717676c32bb871d,fe2ce7981b399f3c420a9ad952c34b58185f30f95b2d54dd6929297a43c93752,0.37854110526315754,-1.938176070175439,0.4387493908048956,0.5085007721509689,-1.5596349649122814,-1.1208855741073858,-0.6123848019564169,validated_pga_2020_2024_plus_2026,-3.0,18.0,68.0,"PROVISIONAL R3: current R2 scores assumed final; low 65 and ties (cut -6). Actual holes completed preserved. Missing R3 times generated 2026-10-03 09:20-11:30 America/Denver; better half tee 1 leaders last, lower half tee 10 worst last. Official individual times take precedence. Market coverage may be incomplete.",2026-10-02 13:47,,1.0,4.0,3.0,-0.54,-0.53,1.6,-1.39,0.2733,-0.0223529024331511,-0.9370483059455472,-1.145,-0.09000000000000002,1.21,-0.41999999999999993,-1.21,4.0,2026-10-02 13:47,0.587804166666667,0.0704424202542367,-0.6861012083786984,0.0,-0.4822542310383985,0.05812971398305167,0.07044242025423667,0.3324191115775882,0.3324191115775882,0.11050246574203303,0.03673313148909949,0.0,0.3324191115775882,0.004387932272824164,-0.00022100493148406605,8.081288927601888e-05,0.115555,-0.0,-0.0,0.004968000000000001,-0.0,0.004247740230616116,0.120523,-0.812277565714931,-0.25094709756684885,-0.12617635733623267,68.0
"peterson, paul",0.93,BD,16341,285.0,0.72,2.0,3.0,69,23.02,,-4.0,1.0,1.09,1.15,0.09,-1.0,-0.27,1.24,0.97,18.0,-5.0,Black Desert Resort,Bank of Utah Championship,2026-10-03 02:49:14 UTC,pga:R2026554,2.0,36824,,Paul Peterson,48a2a44c56c09a1a8ce70b1ad92051cbb7f79775d01a9262a5bfaad37bbe6877,67.0,67.0,67.0,1.0,0.768,3.85601,1.42908,-0.522091,5.530999,-1.194677,1.247641,1.054779,-0.206752,0.052964,1.107743,0.900991,field_mean_by_category_hole_v1,layout:9002a36d5717676c32bb871d,fe2ce7981b399f3c420a9ad952c34b58185f30f95b2d54dd6929297a43c93752,-0.6634308947368421,1.1810259298245627,1.067195649123401,0.08388942088019868,0.5175950350877205,1.5847906842111215,1.6686801050913203,validated_pga_2020_2024_plus_2026,-4.0,18.0,67.0,"PROVISIONAL R3: current R2 scores assumed final; low 65 and ties (cut -6). Actual holes completed preserved. Missing R3 times generated 2026-10-03 09:20-11:30 America/Denver; better half tee 1 leaders last, lower half tee 10 worst last. Official individual times take precedence. Market coverage may be incomplete.",2026-10-02 13:58,,1.0,4.0,5.0,0.2,0.43,-1.31,-1.17,-0.12865,-0.1016938564472949,-0.3919519707269376,0.645,0.7899999999999999,-1.155,-0.72,0.8900000000000001,3.0,2026-10-02 13:58,0.5825791666666672,0.0781892069209033,-0.6222958271742325,0.0,0.5177457689616014,0.052904713983051854,0.07818920692090325,1.2711355170397889,1.2711355170397889,1.6157855026800114,2.0538823403745514,0.0,1.2711355170397889,0.016778988824925213,-0.003231571005360023,0.004518541148824013,-0.1103025,-0.0,0.0,-0.043607999999999994,0.0,0.018065958968389202,-0.1539105,-0.5277965117585484,0.23034385644729488,0.09449931541568413,67.0
"tosti, alejandro",0.77,BD,17032,316.3,0.62,5.0,3.0,69,27.75,130.6,0.0,0.5,-0.84,-0.68,-0.91,-0.07,-0.85,-1.59,-2.44,16.0,-5.0,Black Desert Resort,Bank of Utah Championship,2026-10-03 02:49:14 UTC,,,,,,,,,,,,,,,,,,,,,,,,,,,,,,,,,,0.0,16.0,71.0,"PROVISIONAL R3: current R2 scores assumed final; low 65 and ties (cut -6). Actual holes completed preserved. Missing R3 times generated 2026-10-03 09:20-11:30 America/Denver; better half tee 1 leaders last, lower half tee 10 worst last. Official individual times take precedence. Market coverage may be incomplete.",2026-10-02 14:09,,1.0,5.0,5.0,-0.22,1.83,0.54,-0.01,0.0601,0.1605467753355136,-1.2431530430202935,-0.53,0.575,0.23500000000000001,-0.43,-0.62,5.0,2026-10-02 14:09,0.576295833333325,0.086271545254243,-1.0225062676847798,0.0,-2.8922542310383985,0.046621380649709665,0.08627154525424297,-1.7368550374496659,-1.7368550374496659,3.01666542111428,-5.239510532962555,0.0,-1.7368550374496659,-0.02292648649433559,-0.00603333084222856,-0.011526923172517621,0.0224425,-0.0,-0.0,-0.03174,-0.0,-0.04048674050908177,-0.009297499999999997,-1.2929372835293753,-0.2206467753355137,-0.2704310158445955,71.0
"svensson, jesper",0.92,BD,26850,302.6,0.81,5.0,5.0,69,30.91,29.08,-2.0,0.67,0.29,0.55,1.32,1.03,-2.31,1.87,-0.44,16.0,-5.0,Black Desert Resort,Bank of Utah Championship,2026-10-03 02:49:14 UTC,,,,,,,,,,,,,,,,,,,,,,,,,,,,,,,,,,-2.0,16.0,69.0,"PROVISIONAL R3: current R2 scores assumed final; low 65 and ties (cut -6). Actual holes completed preserved. Missing R3 times generated 2026-10-03 09:20-11:30 America/Denver; better half tee 1 leaders last, lower half tee 10 worst last. Official individual times take precedence. Market coverage may be incomplete.",2026-10-02 14:09,,1.0,6.0,4.0,-2.58,-0.63,1.57,1.78,0.14285,0.0086691810614702,-0.4323310158406895,-1.145,-0.03999999999999998,1.3,-0.265,2.87,5.5,2026-10-02 14:09,0.576295833333325,0.086271545254243,-0.2808118347792192,0.0,-0.8922542310383985,0.046621380649709665,0.08627154525424297,-0.47854947035522666,-0.47854947035522666,0.22900959557726797,-0.10959242066976624,0.0,-0.47854947035522666,-0.006316853008688992,-0.00045801919115453593,-0.00024110332547348573,0.12415000000000001,-0.0,-0.0,0.002207999999999999,0.0,-0.0070159755253170145,0.126358,-0.31298899136600655,-0.15151918106147028,-0.032177156586787325,69.0
"finau, tony",0.93,BD,11676,298.1,0.78,2.0,0.0,82,23.21,,-3.0,0.67,0.11,0.37,0.73,0.62,-1.14,1.11,-0.03,18.0,-4.0,Black Desert Resort,Bank of Utah Championship,2026-10-03 02:49:14 UTC,pga:R2026554,2.0,29725,,Tony Finau,48a2a44c56c09a1a8ce70b1ad92051cbb7f79775d01a9262a5bfaad37bbe6877,68.0,68.0,68.0,1.0,2.453611,2.564226,0.86515,-1.351989,4.530998,0.490934,-0.044143,0.490849,-1.03665,0.446791,0.93764,-0.09901,field_mean_by_category_hole_v1,layout:9002a36d5717676c32bb871d,fe2ce7981b399f3c420a9ad952c34b58185f30f95b2d54dd6929297a43c93752,0.16618010526315796,-0.11075807017543893,0.5878687659632025,-0.6406533922356304,0.055422035087719035,0.6432908010509215,0.0026374088152910646,validated_pga_2020_2024_plus_2026,-3.0,18.0,68.0,"PROVISIONAL R3: current R2 scores assumed final; low 65 and ties (cut -6). Actual holes completed preserved. Missing R3 times generated 2026-10-03 09:20-11:30 America/Denver; better half tee 1 leaders last, lower half tee 10 worst last. Official individual times take precedence. Market coverage may be incomplete.",2026-10-02 08:19,,1.0,4.0,6.0,-1.71,-0.66,0.48,0.02,0.0593999999999999,-0.1060516644271486,-0.4108883903347199,-0.7999999999999999,-0.14500000000000002,0.55,-0.5599999999999999,1.82,3.0,2026-10-02 08:19,0.4611333333333329,-0.0562749280790961,-0.4575400547618685,0.0,-0.4822542310383985,-0.06854111935028245,-0.056274928079096134,-0.14953022370590857,-0.14953022370590857,0.022359287801539063,-0.0033433893068689287,0.0,-0.14953022370590857,-0.0019737989529179933,-4.471857560307813e-05,-7.355456475111644e-06,0.052525,-0.0,-0.0,0.008004,0.0,-0.0020258729849961833,0.060529,-0.3523852633197161,0.046651664427148576,0.1051547914421524,68.0
"coody, pierceson",0.93,BD,28309,303.5,0.83,1.0,3.0,82,30.06,160.8,0.0,0.5,-2.08,-0.13,-0.68,1.4,-2.22,-0.81,-3.03,18.0,-4.0,Black Desert Resort,Bank of Utah Championship,2026-10-03 02:49:14 UTC,pga:R2026554,2.0,59836,,Pierceson Coody,48a2a44c56c09a1a8ce70b1ad92051cbb7f79775d01a9262a5bfaad37bbe6877,71.0,71.0,71.0,1.0,3.138881,0.697416,0.345576,-2.650869,1.531004,1.176204,-1.910953,-0.028725,-2.33553,-0.734749,-0.763474,-3.099004,field_mean_by_category_hole_v1,layout:9002a36d5717676c32bb871d,fe2ce7981b399f3c420a9ad952c34b58185f30f95b2d54dd6929297a43c93752,0.851450105263158,-1.9775680701754386,0.09070218625957058,-1.9010457876284126,-1.1261179649122806,-1.03541577865271,-2.936461566281123,validated_pga_2020_2024_plus_2026,0.0,18.0,71.0,"PROVISIONAL R3: current R2 scores assumed final; low 65 and ties (cut -6). Actual holes completed preserved. Missing R3 times generated 2026-10-03 09:20-11:30 America/Denver; better half tee 1 leaders last, lower half tee 10 worst last. Official individual times take precedence. Market coverage may be incomplete.",2026-10-02 08:30,,1.0,4.0,2.0,-0.62,-1.35,1.49,1.62,0.13765,0.0220971290756167,0.2107619179332257,-1.35,-0.74,1.4449999999999998,-0.30000000000000004,-1.46,2.5,2026-10-02 08:30,0.4702083333333329,-0.0572959480790963,0.3705090470088424,0.0,-3.4822542310383984,-0.059466119350282454,-0.05729594807909633,-3.9695253454766197,-3.9695253454766197,15.757131468381278,-62.548332735746705,0.0,-3.9695253454766197,-0.05239773456029138,-0.03151426293676256,-0.13760633201864275,0.1379975,-0.0,-0.0,0.040847999999999995,-0.0,-0.2215183295156967,0.1788455,0.168089088417529,-0.1597471290756167,-0.2024199585913134,71.0
"springer, hayden",0.86,BD,21995,305.1,0.89,1.0,4.0,82,28.24,9.89,-1.0,0.33,-0.28,-0.39,0.49,0.77,-2.13,0.1,-2.03,18.0,-4.0,Black Desert Resort,Bank of Utah Championship,2026-10-03 02:49:14 UTC,pga:R2026554,2.0,50484,,Hayden Springer,48a2a44c56c09a1a8ce70b1ad92051cbb7f79775d01a9262a5bfaad37bbe6877,70.0,70.0,70.0,1.0,2.989714,2.296705,-0.079744,-2.675676,2.530999,1.027037,-0.311664,-0.454045,-2.360337,0.715373,0.261328,-2.099009,field_mean_by_category_hole_v1,layout:9002a36d5717676c32bb871d,fe2ce7981b399f3c420a9ad952c34b58185f30f95b2d54dd6929297a43c93752,0.7022831052631582,-0.3782790701754384,-0.33280810516794995,-2.2260229075275495,0.3240040350877198,-0.008804070080230153,-2.2348269776077796,validated_pga_2020_2024_plus_2026,-1.0,18.0,70.0,"PROVISIONAL R3: current R2 scores assumed final; low 65 and ties (cut -6). Actual holes completed preserved. Missing R3 times generated 2026-10-03 09:20-11:30 America/Denver; better half tee 1 leaders last, lower half tee 10 worst last. Official individual times take precedence. Market coverage may be incomplete.",2026-10-02 09:03,,1.0,3.0,2.0,-0.23,-0.45,-0.86,1.68,-0.1578999999999999,-0.0074963833097053,-0.2253726438007144,-0.255,-0.42000000000000004,-0.044999999999999984,-0.22499999999999998,-0.05000000000000002,2.0,2026-10-02 09:03,0.4984312499999996,-0.0580304047457628,-0.3907690271104197,0.0,-2.4822542310383984,-0.031243202683615745,-0.058030404745762834,-2.180758811357357,-2.180758811357357,4.755708993312751,-10.37105429141821,0.0,-2.180758811357357,-0.02878601630991711,-0.009511417986625503,-0.022816319441120062,-0.004297499999999998,-0.0,-0.0,0.023184000000000003,-0.0,-0.061113753737662674,0.018886500000000004,-0.26759989753837704,0.16539638330970532,0.12316912957204268,70.0
"lamprecht, christo",0.71,BD,24343,306.6,0.78,5.0,4.0,82,28.58,52.25,-5.0,1.0,0.61,-0.03,-1.33,-1.94,3.33,-1.36,1.97,18.0,-4.0,Black Desert Resort,Bank of Utah Championship,2026-10-03 02:49:14 UTC,pga:R2026554,2.0,54422,,Christo Lamprecht,48a2a44c56c09a1a8ce70b1ad92051cbb7f79775d01a9262a5bfaad37bbe6877,66.0,66.0,66.0,1.0,1.055333,3.048924,-0.335777,2.762517,6.530997,-0.907344,0.440555,-0.710078,3.077856,-0.466789,-1.176867,1.900989,field_mean_by_category_hole_v1,layout:9002a36d5717676c32bb871d,fe2ce7981b399f3c420a9ad952c34b58185f30f95b2d54dd6929297a43c93752,-0.23209789473684195,0.37393992982456137,-0.7024751216790357,2.681037145814068,0.14184203508771942,-0.5606330865913163,2.1204040592227518,validated_pga_2020_2024_plus_2026,-5.0,18.0,66.0,"PROVISIONAL R3: current R2 scores assumed final; low 65 and ties (cut -6). Actual holes completed preserved. Missing R3 times generated 2026-10-03 09:20-11:30 America/Denver; better half tee 1 leaders last, lower half tee 10 worst last. Official individual times take precedence. Market coverage may be incomplete.",2026-10-02 09:14,,1.0,3.0,4.0,-3.51,0.11,1.11,-1.57,0.232,-0.2120292728187471,-1.7627324642435325,-1.45,0.04,-0.4149999999999999,0.88,4.12,4.0,2026-10-02 09:14,0.5078729166666663,-0.0571822558568739,-1.7427617370622794,0.0,1.5177457689616014,-0.021801536016949008,-0.057182255856873934,3.181523714150058,3.181523714150058,10.12209314369918,32.20367937351465,0.0,3.181523714150058,0.04199611302678077,-0.02024418628739836,0.07084809462173224,-0.039632499999999994,0.0,-0.0,-0.002208,0.0,0.09260002136111464,-0.041840499999999996,-1.7119729428824177,-0.019970727181253034,0.03078879417986169,66.0
"mccarthy, denny",0.86,BD,19870,294.3,0.67,4.0,5.0,82,36.01,46.37,-1.0,0.5,-2.84,-1.71,-2.27,0.57,1.95,-3.98,-2.03,18.0,-4.0,Black Desert Resort,Bank of Utah Championship,2026-10-03 02:49:14 UTC,pga:R2026554,2.0,47993,,Denny McCarthy,48a2a44c56c09a1a8ce70b1ad92051cbb7f79775d01a9262a5bfaad37bbe6877,70.0,70.0,70.0,1.0,2.443343,0.382673,-1.569432,1.274419,2.531003,0.480666,-2.225696,-1.943733,1.589758,-1.74503,-3.688763,-2.099005,field_mean_by_category_hole_v1,layout:9002a36d5717676c32bb871d,fe2ce7981b399f3c420a9ad952c34b58185f30f95b2d54dd6929297a43c93752,0.15591210526315802,-1.2634220701754386,-1.8183283571026299,1.0954199897797068,-1.1075099649122806,-2.9258383220149105,-1.8304183322352037,validated_pga_2020_2024_plus_2026,-1.0,18.0,70.0,"PROVISIONAL R3: current R2 scores assumed final; low 65 and ties (cut -6). Actual holes completed preserved. Missing R3 times generated 2026-10-03 09:20-11:30 America/Denver; better half tee 1 leaders last, lower half tee 10 worst last. Official individual times take precedence. Market coverage may be incomplete.",2026-10-02 12:41,,1.0,2.0,2.0,-0.78,-0.56,-0.73,2.21,-0.15755,-0.0207424539084035,0.1416462322280842,-1.81,-1.135,-0.08000000000000002,2.08,-2.0599999999999996,3.0,2026-10-02 12:41,0.5989027777777778,0.0333938574764591,-0.0366462216803193,0.0,-2.4822542310383984,0.06922832509416244,0.033393857476459066,-2.3429858267874577,-2.3429858267874577,5.489582584526906,-12.862014190525803,0.0,-2.3429858267874577,-0.03092741291359444,-0.010979165169053813,-0.02829643121915677,-0.007640000000000002,0.0,-0.0,0.062652,-0.0,-0.07020300930180502,0.055012,0.12645522292627917,0.1782924539084035,0.16310144460659848,70.0
"highsmith, joe",0.79,BD,28469,298.0,0.83,6.0,3.0,82,21.72,21.18,-6.0,0.75,1.89,0.52,1.52,-0.37,0.93,2.04,2.97,18.0,-4.0,Black Desert Resort,Bank of Utah Championship,2026-10-03 02:49:14 UTC,pga:R2026554,2.0,60067,,Joe Highsmith,48a2a44c56c09a1a8ce70b1ad92051cbb7f79775d01a9262a5bfaad37bbe6877,65.0,65.0,65.0,1.0,1.401357,4.661829,0.891974,0.575839,7.530999,-0.56132,2.05346,0.517673,0.891178,1.49214,2.009813,2.900991,field_mean_by_category_hole_v1,layout:9002a36d5717676c32bb871d,fe2ce7981b399f3c420a9ad952c34b58185f30f95b2d54dd6929297a43c93752,0.07342610526315818,1.9868449298245605,0.49356589023893216,0.6282102427160197,2.0602710350877187,2.553836925326651,3.1820471680426703,validated_pga_2020_2024_plus_2026,-6.0,18.0,65.0,"PROVISIONAL R3: current R2 scores assumed final; low 65 and ties (cut -6). Actual holes completed preserved. Missing R3 times generated 2026-10-03 09:20-11:30 America/Denver; better half tee 1 leaders last, lower half tee 10 worst last. Official individual times take precedence. Market coverage may be incomplete.",2026-10-02 13:25,,1.0,3.0,10.0,-1.07,-0.09,0.93,-4.63,0.4264,-0.4090971174571089,-0.7365559649057518,0.4099999999999999,0.21500000000000002,0.28,-1.8499999999999999,2.96,4.5,2026-10-02 13:25,0.5952291666666669,0.0564196019209035,-0.7192530823628608,0.0,2.5177457689616016,0.06555471398305157,0.056419601920903464,3.358973167228417,3.358973167228417,11.282700738160504,37.898289033349386,0.0,3.358973167228417,0.044338445807415104,-0.02256540147632101,0.08337623587336865,0.026740000000000003,-0.0,0.0,-0.011868000000000002,0.0,0.10514928020446274,0.014872000000000002,-0.6165346847012891,-0.01730288254289103,0.10271839766157165,65.0
"hirata, kensei",0.79,BD,20954,288.8,0.83,7.0,3.0,82,29.22,8.12,-3.0,0.67,0.46,0.3,0.1,-0.36,-0.43,0.4,-0.03,18.0,-4.0,Black Desert Resort,Bank of Utah Championship,2026-10-03 02:49:14 UTC,pga:R2026554,2.0,49120,,Kensei Hirata,48a2a44c56c09a1a8ce70b1ad92051cbb7f79775d01a9262a5bfaad37bbe6877,68.0,68.0,68.0,1.0,1.833945,2.930157,0.634367,-0.867465,4.531004,-0.128732,0.321788,0.260066,-0.552126,0.193056,0.453122,-0.099004,field_mean_by_category_hole_v1,layout:9002a36d5717676c32bb871d,fe2ce7981b399f3c420a9ad952c34b58185f30f95b2d54dd6929297a43c93752,-0.4534858947368421,0.25517292982456174,0.36541129720509224,-0.39152014519574563,-0.19831296491228034,0.1670983322928119,-0.22442181290293373,validated_pga_2020_2024_plus_2026,-3.0,18.0,68.0,"PROVISIONAL R3: current R2 scores assumed final; low 65 and ties (cut -6). Actual holes completed preserved. Missing R3 times generated 2026-10-03 09:20-11:30 America/Denver; better half tee 1 leaders last, lower half tee 10 worst last. Official individual times take precedence. Market coverage may be incomplete.",2026-10-02 13:47,,1.0,2.0,3.0,-1.2,-0.11,0.19,-0.74,0.0727,-0.067714954720658,-1.3290259000294071,-0.37,0.095,-0.08499999999999999,-0.585,1.66,4.5,2026-10-02 13:47,0.587804166666667,0.0704424202542367,-1.3240408547500653,0.0,-0.4822542310383985,0.05812971398305167,0.07044242025423667,0.9703587579489551,0.9703587579489551,0.9415961191282388,0.9136860406468342,0.0,0.9703587579489551,0.012808735604926208,-0.0018831922382564776,0.0020101092894230354,-0.0081175,-0.0,-0.0,-0.005244,0.0,0.012935652656092766,-0.0133615,-1.3294517473733143,-0.004985045279341849,-0.0054108926232490084,68.0
"martin, ben",0.93,BD,14007,289.5,0.56,1.0,4.0,89,33.43,,-2.0,0.64,-0.69,0.33,-0.67,0.02,-0.69,-0.34,-1.03,18.0,-3.0,Black Desert Resort,Bank of Utah Championship,2026-10-03 02:49:14 UTC,pga:R2026554,2.0,33413,,Ben Martin,48a2a44c56c09a1a8ce70b1ad92051cbb7f79775d01a9262a5bfaad37bbe6877,69.0,69.0,69.0,1.0,1.687833,2.100922,0.703801,-0.961556,3.531,-0.274844,-0.507447,0.3295,-0.646217,-0.782291,-0.452791,-1.099008,field_mean_by_category_hole_v1,layout:9002a36d5717676c32bb871d,fe2ce7981b399f3c420a9ad952c34b58185f30f95b2d54dd6929297a43c93752,-0.5995978947368421,-0.5740620701754384,0.1839842040957431,-0.37742866435682976,-1.1736599649122805,-0.9896757608165374,-1.367104425173367,validated_pga_2020_2024_plus_2026,-2.0,18.0,69.0,"PROVISIONAL R3: current R2 scores assumed final; low 65 and ties (cut -6). Actual holes completed preserved. Missing R3 times generated 2026-10-03 09:20-11:30 America/Denver; better half tee 1 leaders last, lower half tee 10 worst last. Official individual times take precedence. Market coverage may be incomplete.",2026-10-02 07:46,,1.0,2.0,2.0,-1.49,-0.78,1.0,-0.6,0.152,-0.1302016795903038,-0.6475996671337445,-1.0899999999999999,-0.225,0.51,-0.645,0.8,1.5,2026-10-02 07:46,0.4352083333333328,-0.0512037147457627,-0.6258013467240484,0.0,-1.4822542310383986,-0.09446611935028254,-0.051203714745762734,-1.0021227184103954,-1.0021227184103954,1.0042499427542406,-1.0063816825963634,0.0,-1.0021227184103954,-0.013228019883017219,-0.002008499885508481,-0.002214039701712,0.048705,-0.0,-0.0,0.01242,0.0,-0.0174505594702377,0.061125,-0.6039252266039822,-0.021798320409696093,0.021876120120066234,69.0
"schenk, adam",0.79,BD,19477,305.0,0.78,4.0,6.0,89,20.58,57.06,-6.0,0.62,0.48,2.35,1.09,0.6,-0.46,3.43,2.97,18.0,-3.0,Black Desert Resort,Bank of Utah Championship,2026-10-03 02:49:14 UTC,pga:R2026554,2.0,47347,,Adam Schenk,48a2a44c56c09a1a8ce70b1ad92051cbb7f79775d01a9262a5bfaad37bbe6877,65.0,65.0,65.0,1.0,2.4575,2.966605,2.957485,-0.85059,7.531,0.494823,0.358236,2.583184,-0.535251,0.853059,3.436243,2.900992,field_mean_by_category_hole_v1,layout:9002a36d5717676c32bb871d,fe2ce7981b399f3c420a9ad952c34b58185f30f95b2d54dd6929297a43c93752,0.170069105263158,0.29162092982456134,2.1076873085020917,-0.658389391096389,0.46169003508771933,2.569377343589811,1.910987952493422,validated_pga_2020_2024_plus_2026,-6.0,18.0,65.0,"PROVISIONAL R3: current R2 scores assumed final; low 65 and ties (cut -6). Actual holes completed preserved. Missing R3 times generated 2026-10-03 09:20-11:30 America/Denver; better half tee 1 leaders last, lower half tee 10 worst last. Official individual times take precedence. Market coverage may be incomplete.",2026-10-02 08:19,,1.0,1.0,10.0,-5.83,1.17,-1.59,0.39,-0.2022,-0.5,-0.9969606976651334,-2.675,1.76,-0.49500000000000005,-0.035,6.3100000000000005,2.5,2026-10-02 08:19,0.4611333333333329,-0.0562749280790961,-1.6991606976651332,0.0,2.5177457689616016,-0.06854111935028245,-0.056274928079096134,4.092090419197357,4.092090419197357,16.745203998886797,68.52288885134993,0.0,4.092090419197357,0.054015593533405105,-0.03349040799777359,0.15075035547296986,-0.04727250000000001,-0.0,-0.0,-0.097152,0.0,0.17127554100860137,-0.1444245,-0.9701096566565319,0.7021999999999998,0.7290510410086013,65.0
"malnati, peter",0.93,BD,14926,302.5,0.89,6.0,2.0,89,24.86,,-6.0,0.8,1.17,-0.46,0.44,-0.73,2.99,-0.02,2.97,18.0,-3.0,Black Desert Resort,Bank of Utah Championship,2026-10-03 02:49:14 UTC,pga:R2026554,2.0,34466,,Peter Malnati,48a2a44c56c09a1a8ce70b1ad92051cbb7f79775d01a9262a5bfaad37bbe6877,65.0,65.0,65.0,1.0,1.454833,3.357647,-0.127464,2.845985,7.531001,-0.507844,0.749278,-0.501765,3.161324,0.241434,-0.260331,2.900993,field_mean_by_category_hole_v1,layout:9002a36d5717676c32bb871d,fe2ce7981b399f3c420a9ad952c34b58185f30f95b2d54dd6929297a43c93752,0.16740210526315824,0.6826629298245614,-0.3539202521596646,2.77945259176051,0.8500650350877197,0.4961447829280551,3.275597374688565,validated_pga_2020_2024_plus_2026,-6.0,18.0,65.0,"PROVISIONAL R3: current R2 scores assumed final; low 65 and ties (cut -6). Actual holes completed preserved. Missing R3 times generated 2026-10-03 09:20-11:30 America/Denver; better half tee 1 leaders last, lower half tee 10 worst last. Official individual times take precedence. Market coverage may be incomplete.",2026-10-02 12:30,,1.0,3.0,7.0,-0.25,-2.83,-2.18,-0.6,-0.1978,-0.4994225728128331,-0.9655034218380704,0.45999999999999996,-1.645,-1.455,1.195,1.42,4.5,2026-10-02 12:30,0.59840625,0.0278295685875703,-1.6627259946509034,0.0,2.5177457689616016,0.06873179731638468,0.027829568587570262,4.277033129516461,4.277033129516461,18.29301239098137,78.23982003488246,0.0,4.277033129516461,0.056456837309617286,-0.03658602478196274,0.1721276040767414,-0.1389525,0.0,0.0,0.090804,0.0,0.19199841660439596,-0.04814850000000001,-0.8216535052336744,0.6972225728128331,0.841072489417229,65.0
"hoge, tom",0.93,BD,15575,297.6,0.56,1.0,4.0,89,25.77,,-1.0,0.8,-0.98,-0.33,-0.24,0.75,-1.46,-0.57,-2.03,18.0,-3.0,Black Desert Resort,Bank of Utah Championship,2026-10-03 02:49:14 UTC,pga:R2026554,2.0,35532,,Tom Hoge,48a2a44c56c09a1a8ce70b1ad92051cbb7f79775d01a9262a5bfaad37bbe6877,70.0,70.0,70.0,1.0,2.434013,1.836281,0.052869,-1.792163,2.531,0.471336,-0.772088,-0.321432,-1.476824,-0.300752,-0.622184,-2.099008,field_mean_by_category_hole_v1,layout:9002a36d5717676c32bb871d,fe2ce7981b399f3c420a9ad952c34b58185f30f95b2d54dd6929297a43c93752,0.14658210526315774,-0.8387030701754383,-0.2668435317865828,-1.054152137256624,-0.6921209649122806,-0.9589644966988634,-2.0131166339554873,validated_pga_2020_2024_plus_2026,-1.0,18.0,70.0,"PROVISIONAL R3: current R2 scores assumed final; low 65 and ties (cut -6). Actual holes completed preserved. Missing R3 times generated 2026-10-03 09:20-11:30 America/Denver; better half tee 1 leaders last, lower half tee 10 worst last. Official individual times take precedence. Market coverage may be incomplete.",2026-10-02 12:41,,1.0,6.0,4.0,1.49,-0.05,-2.68,0.38,-0.3464,-0.0473336016454569,-0.3629071209650054,0.255,-0.19,-0.9650000000000001,-0.54,-2.4699999999999998,3.5,2026-10-02 12:41,0.5989027777777778,0.0333938574764591,-0.7566407226104623,0.0,-2.4822542310383984,0.06922832509416244,0.033393857476459066,-1.6229913258573148,-1.6229913258573148,2.6341008438080844,-4.275122820933954,0.0,-1.6229913258573148,-0.021423485501316553,-0.005268201687616169,-0.0094052702060547,-0.0921575,-0.0,0.0,0.010488,-0.0,-0.036096957394987424,-0.0816695,-0.4806735783599928,0.39373360164545695,0.27596714425046953,70.0
"skinns, david",0.79,BD,10873,283.1,0.67,3.0,4.0,89,30.92,19.66,0.0,0.67,-0.08,0.52,-3.67,-3.59,0.12,-3.15,-3.03,18.0,-3.0,Black Desert Resort,Bank of Utah Championship,2026-10-03 02:49:14 UTC,pga:R2026554,2.0,27139,,David Skinns,48a2a44c56c09a1a8ce70b1ad92051cbb7f79775d01a9262a5bfaad37bbe6877,71.0,71.0,71.0,1.0,-0.530167,1.878237,0.266244,-0.083315,1.530999,-2.492844,-0.730132,-0.108057,0.232024,-3.222976,-3.331033,-3.099009,field_mean_by_category_hole_v1,layout:9002a36d5717676c32bb871d,fe2ce7981b399f3c420a9ad952c34b58185f30f95b2d54dd6929297a43c93752,-1.817597894736842,-0.7967470701754387,-0.4909534501015329,0.2778525236954825,-2.6143449649122807,-3.105298415013814,-2.827445891318331,validated_pga_2020_2024_plus_2026,0.0,18.0,71.0,"PROVISIONAL R3: current R2 scores assumed final; low 65 and ties (cut -6). Actual holes completed preserved. Missing R3 times generated 2026-10-03 09:20-11:30 America/Denver; better half tee 1 leaders last, lower half tee 10 worst last. Official individual times take precedence. Market coverage may be incomplete.",2026-10-02 12:52,,1.0,4.0,3.0,2.26,0.62,-2.78,0.05,-0.3092999999999999,0.0295464851734684,-0.6972608790347641,1.0899999999999999,0.5700000000000001,-3.1849999999999996,0.08499999999999999,-2.34,3.5,2026-10-02 12:52,0.5989791666666667,0.0388987219209037,-0.9770143938612956,0.0,-3.4822542310383984,0.06930471398305138,0.03889872192090366,-2.3970364012731475,-2.3970364012731475,5.745783509028522,-13.772852224976326,0.0,-2.3970364012731475,-0.031640880496805544,-0.011491567018057043,-0.03030027489494792,-0.3041675,0.0,0.0,-0.031464000000000006,-0.0,-0.07343272240981051,-0.33563149999999997,-1.1063251014445745,0.27975351482653155,-0.1293107075832789,71.0
"wise, aaron",0.93,BD,22051,306.5,0.89,5.0,1.0,89,23.65,39.99,-5.0,0.4,-0.44,-0.5,1.37,1.8,1.1,0.87,1.97,18.0,-3.0,Black Desert Resort,Bank of Utah Championship,2026-10-03 02:49:14 UTC,pga:R2026554,2.0,49964,,Aaron Wise,48a2a44c56c09a1a8ce70b1ad92051cbb7f79775d01a9262a5bfaad37bbe6877,66.0,66.0,66.0,1.0,3.607582,2.758786,-0.63567,0.800303,6.531001,1.644905,0.150417,-1.009971,1.115642,1.795322,0.785351,1.900993,field_mean_by_category_hole_v1,layout:9002a36d5717676c32bb871d,fe2ce7981b399f3c420a9ad952c34b58185f30f95b2d54dd6929297a43c93752,1.3201511052631587,0.08380192982456114,-0.9870468594042037,1.259976951379322,1.4039530350877198,0.4169061756835162,1.6768831270628382,validated_pga_2020_2024_plus_2026,-5.0,18.0,66.0,"PROVISIONAL R3: current R2 scores assumed final; low 65 and ties (cut -6). Actual holes completed preserved. Missing R3 times generated 2026-10-03 09:20-11:30 America/Denver; better half tee 1 leaders last, lower half tee 10 worst last. Official individual times take precedence. Market coverage may be incomplete.",2026-10-02 13:03,,1.0,4.0,6.0,1.49,-4.04,-1.54,-0.77,-0.1154999999999999,-0.4037824721264066,-0.7832087473795389,0.525,-2.27,0.13,0.16500000000000004,-1.93,4.5,2026-10-02 13:03,0.5986208333333334,0.044357790254237,-1.3024912195059457,0.0,1.5177457689616014,0.06894638064971803,0.044357790254236966,2.933541159371502,2.933541159371502,8.605663733726697,25.245068766597907,0.0,2.933541159371502,0.03872274330370383,-0.017211327467453394,0.0555391512865154,0.012415,0.0,0.0,0.125304,-0.0,0.07705056712276584,0.137719,-0.5684391802567731,0.5192824721264068,0.7340520392491726,66.0
"stanger, jimmy",0.64,BD,23048,306.9,0.72,4.0,1.0,89,27.95,78.41,-4.0,0.57,-1.18,-0.23,-0.73,0.45,1.93,-0.96,0.97,18.0,-3.0,Black Desert Resort,Bank of Utah Championship,2026-10-03 02:49:14 UTC,pga:R2026554,2.0,51600,,Jimmy Stanger,48a2a44c56c09a1a8ce70b1ad92051cbb7f79775d01a9262a5bfaad37bbe6877,67.0,67.0,67.0,1.0,2.240105,1.363915,0.25359,1.673391,5.531001,0.277428,-1.244454,-0.120711,1.98873,-0.967026,-1.087737,0.900993,field_mean_by_category_hole_v1,layout:9002a36d5717676c32bb871d,fe2ce7981b399f3c420a9ad952c34b58185f30f95b2d54dd6929297a43c93752,-0.047325894736841345,-1.3110690701754386,-0.02707092308616113,1.7241559574682825,-1.35839496491228,-1.3854658879984412,0.33869006946984137,validated_pga_2020_2024_plus_2026,-4.0,18.0,67.0,"PROVISIONAL R3: current R2 scores assumed final; low 65 and ties (cut -6). Actual holes completed preserved. Missing R3 times generated 2026-10-03 09:20-11:30 America/Denver; better half tee 1 leaders last, lower half tee 10 worst last. Official individual times take precedence. Market coverage may be incomplete.",2026-10-02 13:58,,1.0,1.0,6.0,-0.42,-0.07,-0.08,-3.28,0.2208,-0.2719600219697935,-1.0344882875407138,-0.7999999999999999,-0.15000000000000002,0.185,-0.6749999999999999,-0.76,2.5,2026-10-02 13:58,0.5825791666666672,0.0781892069209033,-1.0856483095105074,0.0,0.5177457689616014,0.052904713983051854,0.07818920692090325,1.7344879993760638,1.7344879993760638,3.00844861997958,5.218118028094062,0.0,1.7344879993760638,0.02289524159176404,-0.00601689723995916,0.011479859661806936,0.0176675,-0.0,-0.0,0.008280000000000001,-0.0,0.028358204013611818,0.0259475,-0.9801825835271019,0.051160021969793634,0.10546572598340553,67.0
"potgieter, aldrich",0.93,BD,27900,307.0,0.78,6.0,7.0,96,28.82,,-2.0,0.71,-0.41,-0.25,1.03,1.45,-1.81,0.78,-1.03,18.0,-2.0,Black Desert Resort,Bank of Utah Championship,2026-10-03 02:49:14 UTC,pga:R2026554,2.0,63343,,Aldrich Potgieter,48a2a44c56c09a1a8ce70b1ad92051cbb7f79775d01a9262a5bfaad37bbe6877,69.0,69.0,69.0,1.0,3.168667,2.433297,0.027731,-2.098697,3.530998,1.20599,-0.175072,-0.34657,-1.783358,1.030918,0.684348,-1.09901,field_mean_by_category_hole_v1,layout:9002a36d5717676c32bb871d,fe2ce7981b399f3c420a9ad952c34b58185f30f95b2d54dd6929297a43c93752,0.8812361052631577,-0.24168707017543856,-0.3745316244430606,-1.4437196340886085,0.6395490350877191,0.2650174106446585,-1.17870222344395,validated_pga_2020_2024_plus_2026,-2.0,18.0,69.0,"PROVISIONAL R3: current R2 scores assumed final; low 65 and ties (cut -6). Actual holes completed preserved. Missing R3 times generated 2026-10-03 09:20-11:30 America/Denver; better half tee 1 leaders last, lower half tee 10 worst last. Official individual times take precedence. Market coverage may be incomplete.",2026-10-02 08:19,,1.0,3.0,1.0,-0.34,-0.69,-0.3,-1.54,0.0087,-0.1616862102361438,-0.4565644014905844,-0.375,-0.47,0.575,-1.675,-0.06999999999999995,4.5,2026-10-02 08:19,0.4611333333333329,-0.0562749280790961,-0.6095506117267282,0.0,-1.4822542310383986,-0.06854111935028245,-0.056274928079096134,-0.9975196667410491,-0.9975196667410491,0.9950454855351736,-0.9925774411232318,0.0,-0.9975196667410491,-0.013167259600981848,-0.0019900909710703473,-0.00218367037047111,0.054912499999999996,-0.0,-0.0,0.025944,-0.0,-0.017341020942523305,0.0808565,-0.39304892243310774,0.15298621023614378,0.21650168929362046,69.0
"meissner, mac",0.86,BD,28159,295.3,0.72,3.0,4.0,96,21.88,61.56,-1.0,0.43,1.42,-1.48,1.2,-0.23,-1.75,-0.28,-2.03,18.0,-2.0,Black Desert Resort,Bank of Utah Championship,2026-10-03 02:49:14 UTC,pga:R2026554,2.0,59143,,Mac Meissner,48a2a44c56c09a1a8ce70b1ad92051cbb7f79775d01a9262a5bfaad37bbe6877,70.0,70.0,70.0,1.0,1.607486,4.082735,-1.080395,-2.078826,2.531,-0.355191,1.474366,-1.454696,-1.763487,1.119175,-0.335521,-2.099008,field_mean_by_category_hole_v1,layout:9002a36d5717676c32bb871d,fe2ce7981b399f3c420a9ad952c34b58185f30f95b2d54dd6929297a43c93752,0.1620551052631578,1.4077509298245618,-1.3943784082707575,-1.183801601225758,1.5698060350877197,0.1754276268169621,-1.0083739744087958,validated_pga_2020_2024_plus_2026,-1.0,18.0,70.0,"PROVISIONAL R3: current R2 scores assumed final; low 65 and ties (cut -6). Actual holes completed preserved. Missing R3 times generated 2026-10-03 09:20-11:30 America/Denver; better half tee 1 leaders last, lower half tee 10 worst last. Official individual times take precedence. Market coverage may be incomplete.",2026-10-02 12:41,,1.0,3.0,4.0,-0.97,-0.0,2.11,-3.0,0.0,-0.1368620481267465,0.5420904470053304,0.22499999999999998,-0.74,0.94,-2.375,2.3899999999999997,3.0,2026-10-02 12:41,0.5989027777777778,0.0333938574764591,0.4052283988785838,0.0,-2.4822542310383984,0.06922832509416244,0.033393857476459066,-2.7848604473463605,-2.7848604473463605,7.755447711194171,-21.597839582367506,0.0,-2.7848604473463605,-0.03676015790497196,-0.015510895422388343,-0.047515247081208516,0.08977,-0.0,0.0,0.040847999999999995,0.0,-0.09978630040856881,0.130618,0.5729221465967616,0.13686204812674657,0.16769374771817774,70.0
"campos, rafael",0.86,BD,12909,304.8,0.67,4.0,7.0,96,33.14,24.74,1.0,0.38,-1.23,-1.23,-0.79,0.44,-2.01,-2.02,-4.03,18.0,-2.0,Black Desert Resort,Bank of Utah Championship,2026-10-03 02:49:14 UTC,pga:R2026554,2.0,32070,,Rafael Campos,48a2a44c56c09a1a8ce70b1ad92051cbb7f79775d01a9262a5bfaad37bbe6877,72.0,72.0,72.0,1.0,2.594,1.095456,-0.664761,-2.493696,0.530999,0.631323,-1.512913,-1.039062,-2.178357,-0.88159,-1.920652,-4.099009,field_mean_by_category_hole_v1,layout:9002a36d5717676c32bb871d,fe2ce7981b399f3c420a9ad952c34b58185f30f95b2d54dd6929297a43c93752,0.3065691052631574,-0.9927440701754389,-1.4419349247293023,-1.7558110932640703,-0.6861749649122815,-2.1281098896415838,-3.883920982905654,validated_pga_2020_2024_plus_2026,1.0,18.0,72.0,"PROVISIONAL R3: current R2 scores assumed final; low 65 and ties (cut -6). Actual holes completed preserved. Missing R3 times generated 2026-10-03 09:20-11:30 America/Denver; better half tee 1 leaders last, lower half tee 10 worst last. Official individual times take precedence. Market coverage may be incomplete.",2026-10-02 12:41,,1.0,3.0,1.0,0.18,-0.65,1.04,-0.42,0.1438,0.056612197704655,-1.135463998612687,-0.525,-0.94,0.74,-1.2149999999999999,-1.41,3.5,2026-10-02 12:41,0.5989027777777778,0.0333938574764591,-0.935051800908032,0.0,-4.482254231038398,0.06922832509416244,0.033393857476459066,-3.444580247559745,-3.444580247559745,11.865133081878753,-40.870403048507235,0.0,-3.444580247559745,-0.045468459267788634,-0.023730266163757507,-0.08991488670671592,0.07067,-0.0,-0.0,0.051888,-0.0,-0.15911361213826208,0.122558,-1.1720196107509493,-0.20041219770465513,-0.23696780984291732,72.0
"higgo, garrick",0.64,BD,24342,302.3,0.5,4.0,7.0,96,29.67,50.91,5.0,0.5,-1.55,-1.96,-4.34,-2.8,-1.73,-6.3,-8.03,18.0,-2.0,Black Desert Resort,Bank of Utah Championship,2026-10-03 02:49:14 UTC,pga:R2026554,2.0,54421,,Garrick Higgo,48a2a44c56c09a1a8ce70b1ad92051cbb7f79775d01a9262a5bfaad37bbe6877,76.0,76.0,76.0,1.0,-0.262889,0.193176,-1.331704,-2.067586,-3.469003,-2.225566,-2.415193,-1.706005,-1.752247,-4.640759,-6.346764,-8.099011,field_mean_by_category_hole_v1,layout:9002a36d5717676c32bb871d,fe2ce7981b399f3c420a9ad952c34b58185f30f95b2d54dd6929297a43c93752,-0.519319894736842,-2.481808070175439,-1.646367540077662,-1.488461176480583,-3.001127964912281,-4.647495504989943,-6.135956681470526,validated_pga_2020_2024_plus_2026,5.0,18.0,76.0,"PROVISIONAL R3: current R2 scores assumed final; low 65 and ties (cut -6). Actual holes completed preserved. Missing R3 times generated 2026-10-03 09:20-11:30 America/Denver; better half tee 1 leaders last, lower half tee 10 worst last. Official individual times take precedence. Market coverage may be incomplete.",2026-10-02 13:03,,1.0,5.0,2.0,2.94,1.38,-1.74,1.55,-0.2999,0.2062730131548985,-0.6400271699981926,0.695,-0.29000000000000004,-2.27,-0.08999999999999997,-4.49,4.5,2026-10-02 13:03,0.5986208333333334,0.044357790254237,-0.7336541568432942,0.0,-8.482254231038398,0.06894638064971803,0.044357790254236966,-7.635295903291149,-7.635295903291149,58.2977435308146,-445.12052235194676,0.0,-7.635295903291149,-0.10078590592344316,-0.1165954870616292,-0.979265149174283,-0.216785,-0.0,0.0,0.016008,-0.0,-0.5,-0.200777,-1.3408041699981927,0.09362698684510151,-0.6071500131548986,76.0
"gordon, will",0.93,BD,26660,301.7,0.67,5.0,8.0,96,26.17,,-1.0,0.5,0.29,-0.21,0.19,-0.11,-2.01,-0.02,-2.03,18.0,-2.0,Black Desert Resort,Bank of Utah Championship,2026-10-03 02:49:14 UTC,pga:R2026554,2.0,56762,,Will Gordon,48a2a44c56c09a1a8ce70b1ad92051cbb7f79775d01a9262a5bfaad37bbe6877,70.0,70.0,70.0,1.0,1.671,2.908066,0.345242,-2.393309,2.530999,-0.291677,0.299697,-0.029059,-2.07797,0.00802,-0.021039,-2.099009,field_mean_by_category_hole_v1,layout:9002a36d5717676c32bb871d,fe2ce7981b399f3c420a9ad952c34b58185f30f95b2d54dd6929297a43c93752,0.19656910526315796,0.2330819298245621,0.0010238657432668774,-1.6911402254774242,0.42965103508772007,0.4306749008309869,-1.2604653246464372,validated_pga_2020_2024_plus_2026,-1.0,18.0,70.0,"PROVISIONAL R3: current R2 scores assumed final; low 65 and ties (cut -6). Actual holes completed preserved. Missing R3 times generated 2026-10-03 09:20-11:30 America/Denver; better half tee 1 leaders last, lower half tee 10 worst last. Official individual times take precedence. Market coverage may be incomplete.",2026-10-02 13:25,,1.0,1.0,5.0,-1.73,-0.23,-0.2,0.29,-0.0423,-0.1035335512575795,-0.874952853464197,-0.72,-0.22,-0.155,-0.8599999999999999,2.02,3.0,2026-10-02 13:25,0.5952291666666669,0.0564196019209035,-1.0207864047217767,0.0,-2.4822542310383984,0.06555471398305157,0.056419601920903464,-1.3394935104126666,-1.3394935104126666,1.7942428644376487,-2.4033766730184642,0.0,-1.3394935104126666,-0.0176813143374472,-0.0035884857288752976,-0.005287428680640621,-0.0148025,-0.0,-0.0,0.012144,0.0,-0.026557228746963115,-0.0026584999999999994,-0.9041685822111601,0.14583355125757969,0.11661782251061659,70.0
"putnam, andrew",0.86,BD,14704,286.4,0.78,3.0,3.0,96,29.49,62.06,-2.0,0.4,0.35,0.31,-1.88,-2.23,0.54,-1.57,-1.03,18.0,-2.0,Black Desert Resort,Bank of Utah Championship,2026-10-03 02:49:14 UTC,pga:R2026554,2.0,34256,,Andrew Putnam,48a2a44c56c09a1a8ce70b1ad92051cbb7f79775d01a9262a5bfaad37bbe6877,69.0,69.0,69.0,1.0,0.3315,2.260585,0.859237,0.079678,3.531,-1.631177,-0.347784,0.484936,0.395017,-1.978961,-1.494025,-1.099008,field_mean_by_category_hole_v1,layout:9002a36d5717676c32bb871d,fe2ce7981b399f3c420a9ad952c34b58185f30f95b2d54dd6929297a43c93752,-0.9559308947368421,-0.41439907017543876,0.5468407562719539,0.3281394542199294,-1.3703299649122809,-0.8234892086403269,-0.4953497544203975,validated_pga_2020_2024_plus_2026,-2.0,18.0,69.0,"PROVISIONAL R3: current R2 scores assumed final; low 65 and ties (cut -6). Actual holes completed preserved. Missing R3 times generated 2026-10-03 09:20-11:30 America/Denver; better half tee 1 leaders last, lower half tee 10 worst last. Official individual times take precedence. Market coverage may be incomplete.",2026-10-02 13:36,,1.0,0.0,6.0,-0.13,-0.92,-1.92,0.11,-0.2433,-0.169836150665788,-0.2172574086124011,0.10999999999999999,-0.30500000000000005,-2.075,0.325,0.48,1.5,2026-10-02 13:36,0.5920208333333337,0.0631858852542367,-0.6303935592781892,0.0,-1.4822542310383986,0.062346380649718314,0.06318588525423666,-0.7263284058562545,-0.7263284058562545,0.5275529531536879,-0.38317669546887745,0.0,-0.7263284058562545,-0.009587534957302558,-0.0010551059063073757,-0.0008429887300315305,-0.19816250000000002,0.0,0.0,0.016836000000000004,0.0,-0.011485629593641465,-0.1813265,-0.4100695382060425,0.4131361506657881,0.22032402107214666,69.0
"thompson, michael",1.0,BD,12946,286.4,0.83,1.0,2.0,96,36.1,,-2.0,0.5,-0.3,0.03,-0.09,0.21,-0.97,-0.06,-1.03,18.0,-2.0,Black Desert Resort,Bank of Utah Championship,2026-10-03 02:49:14 UTC,pga:R2026554,2.0,32150,,Michael Thompson,48a2a44c56c09a1a8ce70b1ad92051cbb7f79775d01a9262a5bfaad37bbe6877,69.0,69.0,69.0,1.0,1.964167,2.728535,0.476156,-1.637858,3.531,0.00149,0.120166,0.101855,-1.322519,0.121656,0.223511,-1.099008,field_mean_by_category_hole_v1,layout:9002a36d5717676c32bb871d,fe2ce7981b399f3c420a9ad952c34b58185f30f95b2d54dd6929297a43c93752,-0.32326389473684203,0.05355092982456133,0.23728647054274296,-0.9526441495652619,-0.2697129649122807,-0.032426494369537734,-0.9850706439347996,validated_pga_2020_2024_plus_2026,-2.0,18.0,69.0,"PROVISIONAL R3: current R2 scores assumed final; low 65 and ties (cut -6). Actual holes completed preserved. Missing R3 times generated 2026-10-03 09:20-11:30 America/Denver; better half tee 1 leaders last, lower half tee 10 worst last. Official individual times take precedence. Market coverage may be incomplete.",2026-10-02 13:47,,1.0,0.0,2.0,-1.26,0.35,-0.53,-1.43,0.0418,-0.1481626804194144,-1.3523724642435324,-0.78,0.19,-0.16000000000000003,-1.2,0.96,0.5,2026-10-02 13:47,0.587804166666667,0.0704424202542367,-1.4587351446629468,0.0,-1.4822542310383986,0.05812971398305167,0.07044242025423667,0.10505304786183658,0.10505304786183658,0.011036142865061329,0.001159380444613354,0.0,0.10505304786183658,0.001386700231776243,-2.207228573012266e-05,2.5506369781493788e-06,-0.015280000000000004,-0.0,-0.0,-0.010488,0.0,0.0013671785830242696,-0.025768000000000006,-1.3767732856605082,0.10636268041941443,0.08196185900243869,69.0
"hughes, mackenzie",0.93,BD,15556,294.3,0.78,3.0,6.0,103,29.76,,0.0,0.6,-2.49,0.42,-1.92,0.58,-1.53,-1.5,-3.03,18.0,-1.0,Black Desert Resort,Bank of Utah Championship,2026-10-03 02:49:14 UTC,pga:R2026554,2.0,35506,,Mackenzie Hughes,48a2a44c56c09a1a8ce70b1ad92051cbb7f79775d01a9262a5bfaad37bbe6877,71.0,71.0,71.0,1.0,2.285111,0.303318,0.69621,-1.75364,1.530999,0.322434,-2.305051,0.321909,-1.438301,-1.982617,-1.660708,-3.099009,field_mean_by_category_hole_v1,layout:9002a36d5717676c32bb871d,fe2ce7981b399f3c420a9ad952c34b58185f30f95b2d54dd6929297a43c93752,-0.00231989473684191,-1.3716660701754386,0.31938833546607126,-1.416163351324013,-1.3739859649122805,-1.0545976294462092,-2.470760980770222,validated_pga_2020_2024_plus_2026,0.0,18.0,71.0,"PROVISIONAL R3: current R2 scores assumed final; low 65 and ties (cut -6). Actual holes completed preserved. Missing R3 times generated 2026-10-03 09:20-11:30 America/Denver; better half tee 1 leaders last, lower half tee 10 worst last. Official individual times take precedence. Market coverage may be incomplete.",2026-10-02 07:35,,1.0,2.0,2.0,0.67,-0.61,-0.7,-1.22,-0.0508999999999999,-0.1400669267921097,0.1942870836721434,-0.9100000000000001,-0.095,-0.06,-1.375,-3.16,2.5,2026-10-02 07:35,0.427416666666666,-0.0492859258568739,0.0033201568800337,0.0,-3.4822542310383984,-0.10225778601694935,-0.049285925856873934,-3.6371180997922554,-3.6371180997922554,13.228628071836427,-48.11408259549619,0.0,-3.6371180997922554,-0.04800995891725777,-0.026457256143672853,-0.10585098171009164,-0.00573,-0.0,-0.0,0.005244,-0.0,-0.18031819677102226,-0.00048599999999999945,0.013482886901121136,0.1909669267921097,0.010162730021087436,71.0
"salinda, isaiah",0.86,BD,27183,303.2,0.72,2.0,5.0,103,25.02,21.59,-3.0,0.8,0.38,0.56,-1.37,-1.75,0.79,-0.82,-0.03,18.0,-1.0,Black Desert Resort,Bank of Utah Championship,2026-10-03 02:49:14 UTC,pga:R2026554,2.0,56781,,Isaiah Salinda,48a2a44c56c09a1a8ce70b1ad92051cbb7f79775d01a9262a5bfaad37bbe6877,68.0,68.0,68.0,1.0,1.649482,1.600441,0.853064,0.428014,4.531001,-0.313195,-1.007928,0.478763,0.743353,-1.321123,-0.84236,-0.099007,field_mean_by_category_hole_v1,layout:9002a36d5717676c32bb871d,fe2ce7981b399f3c420a9ad952c34b58185f30f95b2d54dd6929297a43c93752,0.36205110526315787,-1.0745430701754386,0.437388026530795,0.7993418223681534,-0.7124919649122807,-0.2751039383814857,0.5242378839866677,validated_pga_2020_2024_plus_2026,-3.0,18.0,68.0,"PROVISIONAL R3: current R2 scores assumed final; low 65 and ties (cut -6). Actual holes completed preserved. Missing R3 times generated 2026-10-03 09:20-11:30 America/Denver; better half tee 1 leaders last, lower half tee 10 worst last. Official individual times take precedence. Market coverage may be incomplete.",2026-10-02 08:52,,1.0,1.0,6.0,-1.99,-1.12,-0.62,-1.13,-0.0436,-0.2923313886876383,-0.3688941885086688,-0.8049999999999999,-0.28,-1.185,-0.16999999999999993,2.37,1.5,2026-10-02 08:52,0.4888624999999996,-0.0581792114124295,-0.7048255771963072,0.0,-0.4822542310383985,-0.04081195268361576,-0.058179211412429536,0.12358018206186344,0.12358018206186344,0.015272061398443315,0.0018873241280795816,0.0,0.12358018206186344,0.0016312584032165975,-3.054412279688663e-05,4.15211308177508e-06,-0.1131675,-0.0,-0.0,0.015456000000000001,0.0,0.001604866393501486,-0.0977115,-0.4650008221151673,0.33593138868763844,0.23982475508113993,68.0
"rozo, marcelo",0.79,BD,16591,293.9,0.67,4.0,5.0,103,22.57,9.76,-4.0,0.71,0.21,-0.81,-0.64,-0.85,2.42,-1.45,0.97,18.0,-1.0,Black Desert Resort,Bank of Utah Championship,2026-10-03 02:49:14 UTC,pga:R2026554,2.0,37076,,Marcelo Rozo,48a2a44c56c09a1a8ce70b1ad92051cbb7f79775d01a9262a5bfaad37bbe6877,66.0,66.0,66.0,1.0,0.852472,3.181187,0.504528,1.99281,6.530997,-1.110205,0.572818,0.130227,2.308149,-0.537387,-0.40716,1.900989,field_mean_by_category_hole_v1,layout:9002a36d5717676c32bb871d,fe2ce7981b399f3c420a9ad952c34b58185f30f95b2d54dd6929297a43c93752,-0.568958894736842,0.5062029298245618,0.12639705876187654,1.8134391334841402,-0.0627559649122802,0.06364109384959635,1.8770802273337366,validated_pga_2020_2024_plus_2026,-4.0,18.0,67.0,"PROVISIONAL R3: current R2 scores assumed final; low 65 and ties (cut -6). Actual holes completed preserved. Missing R3 times generated 2026-10-03 09:20-11:30 America/Denver; better half tee 1 leaders last, lower half tee 10 worst last. Official individual times take precedence. Market coverage may be incomplete.",2026-10-02 09:03,,1.0,2.0,5.0,-2.85,-1.0,1.25,-3.25,0.365,-0.4565678685696178,-1.4409968891942684,-1.32,-0.905,0.2,-0.41500000000000004,3.06,3.0,2026-10-02 09:03,0.4984312499999996,-0.0580304047457628,-1.532564757763886,0.0,0.5177457689616014,-0.031243202683615745,-0.058030404745762834,1.9610369192961088,1.9610369192961088,3.845665798842373,7.541492610804257,0.0,1.9610369192961088,0.025885687334708637,-0.007691331597684746,0.016591283743769367,0.019100000000000002,-0.0,-0.0,0.049956,0.0,0.03478563948079326,0.069056,-1.337155249713475,0.09156786856961752,0.1954095080504108,67.0
"phillips, chandler",0.79,BD,27164,303.5,0.83,2.0,5.0,103,16.36,63.78,-1.0,0.8,-1.82,0.71,-1.99,-0.17,-0.76,-1.27,-2.03,18.0,-1.0,Black Desert Resort,Bank of Utah Championship,2026-10-03 02:49:14 UTC,pga:R2026554,2.0,57900,,Chandler Phillips,48a2a44c56c09a1a8ce70b1ad92051cbb7f79775d01a9262a5bfaad37bbe6877,70.0,70.0,70.0,1.0,2.409417,0.232308,1.061705,-1.17243,2.531,0.44674,-2.376061,0.687404,-0.857091,-1.929321,-1.241917,-2.099008,field_mean_by_category_hole_v1,layout:9002a36d5717676c32bb871d,fe2ce7981b399f3c420a9ad952c34b58185f30f95b2d54dd6929297a43c93752,0.12198610526315834,-2.442676070175439,0.693371154455726,-0.8573326501715116,-2.3206899649122805,-1.6273188104565546,-2.4846514606280663,validated_pga_2020_2024_plus_2026,-1.0,18.0,70.0,"PROVISIONAL R3: current R2 scores assumed final; low 65 and ties (cut -6). Actual holes completed preserved. Missing R3 times generated 2026-10-03 09:20-11:30 America/Denver; better half tee 1 leaders last, lower half tee 10 worst last. Official individual times take precedence. Market coverage may be incomplete.",2026-10-02 13:36,,1.0,4.0,6.0,-2.93,1.75,1.67,-3.35,0.3092499999999999,-0.1858023185041508,0.0477967701461676,-2.375,1.23,0.75,-2.055,1.11,3.0,2026-10-02 13:36,0.5920208333333337,0.0631858852542367,0.1712444516420166,0.0,-2.4822542310383984,0.062346380649718314,0.06318588525423666,-2.5279664167764597,-2.5279664167764597,6.390614204349613,-16.155258091170438,0.0,-2.5279664167764597,-0.03336915670144927,-0.012781228408699226,-0.035541567800574964,0.071625,-0.0,-0.0,-0.067896,0.0,-0.08169195291072345,0.003728999999999996,-0.030166182764555856,-0.123447681495849,-0.20141063440657245,70.0
"lundell, carson",0.79,BD,30049,294.6,0.56,5.0,4.0,107,33.95,25.72,1.0,0.89,-2.92,-0.26,-5.03,-2.11,1.26,-5.29,-4.03,18.0,0.0,Black Desert Resort,Bank of Utah Championship,2026-10-03 02:49:14 UTC,pga:R2026554,2.0,60014,,Carson Lundell,48a2a44c56c09a1a8ce70b1ad92051cbb7f79775d01a9262a5bfaad37bbe6877,72.0,72.0,72.0,1.0,1.129389,-1.926776,0.413205,0.915183,0.531001,-0.833288,-4.535145,0.038904,1.230522,-5.368433,-5.329529,-4.099007,field_mean_by_category_hole_v1,layout:9002a36d5717676c32bb871d,fe2ce7981b399f3c420a9ad952c34b58185f30f95b2d54dd6929297a43c93752,-0.15804189473684183,-4.601760070175438,0.09984384481072736,1.0572561047133022,-4.75980196491228,-4.659958120101553,-3.602702015388251,validated_pga_2020_2024_plus_2026,1.0,18.0,72.0,"PROVISIONAL R3: current R2 scores assumed final; low 65 and ties (cut -6). Actual holes completed preserved. Missing R3 times generated 2026-10-03 09:20-11:30 America/Denver; better half tee 1 leaders last, lower half tee 10 worst last. Official individual times take precedence. Market coverage may be incomplete.",2026-10-02 09:14,,1.0,6.0,2.0,1.26,-1.14,-1.56,-0.41,-0.1429,0.0127492241882014,-2.559963464900384,-0.83,-0.7,-1.835,0.42500000000000004,-4.18,5.5,2026-10-02 09:14,0.5078729166666663,-0.0571822558568739,-2.690114240712183,0.0,-4.482254231038398,-0.021801536016949008,-0.057182255856873934,-1.8711237822000384,-1.8711237822000384,3.501104208314577,-6.550999348138042,0.0,-1.8711237822000384,-0.024698833925040506,-0.007002208416629154,-0.014412198565903693,-0.1752425,0.0,-0.0,0.038639999999999994,-0.0,-0.04611324090757336,-0.13660250000000002,-2.7426792058079577,0.1301507758117988,-0.052564965095774685,72.0
"mauss, bowen",1.0,BD,32986,301.9,0.82,4.0,6.0,107,31.37,68.45,1.0,0.2,-0.66,-0.54,0.55,1.21,-3.67,0.01,-3.66,17.0,0.0,Black Desert Resort,Bank of Utah Championship,2026-10-03 02:49:14 UTC,,,,,,,,,,,,,,,,,,,,,,,,,,,,,,,,,,1.0,17.0,72.0,"PROVISIONAL R3: current R2 scores assumed final; low 65 and ties (cut -6). Actual holes completed preserved. Missing R3 times generated 2026-10-03 09:20-11:30 America/Denver; better half tee 1 leaders last, lower half tee 10 worst last. Official individual times take precedence. Market coverage may be incomplete.",2026-10-02 14:09,,1.0,3.0,4.0,0.87,-0.8,-0.71,-1.21,0.0066,0.06749564798025,-3.331652464243533,0.10499999999999998,-0.67,0.25,-2.44,-1.53,3.5,2026-10-02 14:09,0.576295833333325,0.086271545254243,-3.257556816263283,0.0,-4.112254231038398,0.046621380649709665,0.08627154525424297,-0.7218044888711628,-0.7218044888711628,0.5210017201545606,-0.37606138031715913,0.0,-0.7218044888711628,-0.009527819253099349,-0.001042003440309121,-0.0008273350366977501,0.023875,-0.0,0.0,0.036984,-0.0,-0.01139715773010622,0.060859,-3.282190621973639,-0.07409564798025015,-0.024633805710356338,72.0
"nyholm, pontus",0.64,BD,25475,309.3,0.72,4.0,10.0,107,23.37,87.85,3.0,0.38,-1.25,-1.33,-2.37,-1.12,-2.34,-3.69,-6.03,18.0,0.0,Black Desert Resort,Bank of Utah Championship,2026-10-03 02:49:14 UTC,pga:R2026554,2.0,55851,,Pontus Nyholm,48a2a44c56c09a1a8ce70b1ad92051cbb7f79775d01a9262a5bfaad37bbe6877,74.0,74.0,74.0,1.0,1.405667,0.777517,-0.779622,-2.872561,-1.468999,-0.55701,-1.830852,-1.153923,-2.557222,-2.387862,-3.541785,-6.099007,field_mean_by_category_hole_v1,layout:9002a36d5717676c32bb871d,fe2ce7981b399f3c420a9ad952c34b58185f30f95b2d54dd6929297a43c93752,-0.044763894736841614,-1.8974670701754386,-1.0392123694939106,-2.554293494230283,-1.9422309649122802,-2.981443334406191,-5.535736828636473,validated_pga_2020_2024_plus_2026,3.0,18.0,74.0,"PROVISIONAL R3: current R2 scores assumed final; low 65 and ties (cut -6). Actual holes completed preserved. Missing R3 times generated 2026-10-03 09:20-11:30 America/Denver; better half tee 1 leaders last, lower half tee 10 worst last. Official individual times take precedence. Market coverage may be incomplete.",2026-10-02 14:09,,1.0,2.0,5.0,-1.06,0.78,0.8,-0.38,0.1114,0.0115255157349855,-0.4878017879219193,-1.155,-0.275,-0.16000000000000003,-1.3599999999999999,-0.18999999999999995,3.0,2026-10-02 14:09,0.576295833333325,0.086271545254243,-0.3648762721869338,0.0,-6.482254231038398,0.046621380649709665,0.08627154525424297,-5.984485032947512,-5.984485032947512,35.814061109572776,-214.32871267930585,0.0,-5.984485032947512,-0.07899520243490715,-0.07162812221914555,-0.4715231678944729,-0.015280000000000004,-0.0,-0.0,0.01518,-0.0,-0.5,-0.00010000000000000286,-0.9879017879219193,-0.1229255157349855,-0.6230255157349855,74.0
"johnson, zach j.",0.93,BD,17619,272.2,0.78,1.0,3.0,110,28.94,,2.0,0.6,-1.0,-0.55,-1.77,-0.77,-2.71,-2.32,-5.03,18.0,1.0,Black Desert Resort,Bank of Utah Championship,2026-10-03 02:49:14 UTC,,,,,,,,,,,,,,,,,,,,,,,,,,,,,,,,,,2.0,18.0,73.0,"PROVISIONAL R3: current R2 scores assumed final; low 65 and ties (cut -6). Actual holes completed preserved. Missing R3 times generated 2026-10-03 09:20-11:30 America/Denver; better half tee 1 leaders last, lower half tee 10 worst last. Official individual times take precedence. Market coverage may be incomplete.",2026-10-02 09:14,,1.0,2.0,3.0,-1.58,-0.51,-1.3,1.53,-0.2501,0.1017027280492643,-4.06,-1.29,-0.53,-1.0350000000000001,-0.59,0.5800000000000001,1.5,2026-10-02 09:14,0.5078729166666663,-0.0571822558568739,-4.208397271950735,0.0,-5.482254231038398,-0.021801536016949008,-0.057182255856873934,-1.352840750961486,-1.352840750961486,1.8301780974620372,-2.475939511763806,0.0,-1.352840750961486,-0.017857497912691613,-0.0036603561949240743,-0.005447066925880374,-0.09884250000000001,-0.0,-0.0,0.029256,0.0,-0.02696492103349606,-0.06958650000000001,-4.1565514210334955,0.14839727195073582,0.05184585091723992,73.0
"rasmussen, rhett",0.79,BD,25083,294.0,0.61,3.0,5.0,111,32.39,100.57,1.0,0.88,-4.28,1.24,-5.35,-1.06,0.08,-4.11,-4.03,18.0,2.0,Black Desert Resort,Bank of Utah Championship,2026-10-03 02:49:14 UTC,pga:R2026554,2.0,55416,,Rhett Rasmussen,48a2a44c56c09a1a8ce70b1ad92051cbb7f79775d01a9262a5bfaad37bbe6877,72.0,71.0,67.0,0.0,1.319167,-2.409581,1.108901,0.742515,0.761002,,,,,,,,field_mean_by_category_hole_v1,,,,,,,,,,,1.0,18.0,72.0,"PROVISIONAL R3: current R2 scores assumed final; low 65 and ties (cut -6). Actual holes completed preserved. Missing R3 times generated 2026-10-03 09:20-11:30 America/Denver; better half tee 1 leaders last, lower half tee 10 worst last. Official individual times take precedence. Market coverage may be incomplete.",2026-10-02 08:52,,1.0,0.0,5.0,-1.12,-0.4,-0.16,-2.18,0.135,-0.0675277268355005,-3.4416524642435324,-2.7,0.42,-0.61,-1.05,-3.16,1.5,2026-10-02 08:52,0.4888624999999996,-0.0581792114124295,-3.374180191079033,0.0,-4.482254231038398,-0.04081195268361576,-0.058179211412429536,-1.2070652040554106,-1.2070652040554106,1.45700640684133,-1.7587017357839707,0.0,-1.2070652040554106,-0.01593326069353142,-0.00291401281368266,-0.003869143818724736,-0.058255,-0.0,-0.0,-0.023184,-0.0,-0.022716417325938817,-0.081439,-3.545807881569471,-0.06747227316449944,-0.17162769049043813,72.0
"bracken, boston",0.79,BD,30037448,305.6,0.67,2.0,8.0,112,41.97,45.83,5.0,0.56,-5.93,1.4,-6.51,-0.58,-2.92,-5.11,-8.03,18.0,3.0,Black Desert Resort,Bank of Utah Championship,2026-10-03 02:49:14 UTC,pga:R2026554,2.0,71475,,Boston Bracken,48a2a44c56c09a1a8ce70b1ad92051cbb7f79775d01a9262a5bfaad37bbe6877,76.0,76.0,76.0,1.0,1.196223,-0.278965,-1.225808,-3.16045,-3.469,-0.766454,-2.887334,-1.600109,-2.845111,-3.653788,-5.253897,-8.099008,field_mean_by_category_hole_v1,layout:9002a36d5717676c32bb871d,fe2ce7981b399f3c420a9ad952c34b58185f30f95b2d54dd6929297a43c93752,-0.04720789473684217,-1.8669490701754388,-1.2956469797222228,-2.3539506481635875,-1.914156964912281,-3.209803944634504,-5.563754592798091,validated_pga_2020_2024_plus_2026,5.0,18.0,76.0,"PROVISIONAL R3: current R2 scores assumed final; low 65 and ties (cut -6). Actual holes completed preserved. Missing R3 times generated 2026-10-03 09:20-11:30 America/Denver; better half tee 1 leaders last, lower half tee 10 worst last. Official individual times take precedence. Market coverage may be incomplete.",2026-10-02 09:03,,1.0,5.0,4.0,0.3,-0.5,-1.46,0.81,-0.2173,0.01554535640301,-1.59976627021309,-2.815,0.44999999999999996,-1.02,-1.055,-6.2299999999999995,3.5,2026-10-02 09:03,0.4984312499999996,-0.0580304047457628,-1.80152091381008,0.0,-8.482254231038398,-0.031243202683615745,-0.058030404745762834,-6.770006924657697,-6.770006924657697,45.832993759913165,-310.2896851324051,0.0,-6.770006924657697,-0.0893640914054816,-0.09166598751982634,-0.6826373072912912,-0.09741,-0.0,-0.0,-0.024839999999999997,-0.0,-0.5,-0.12225,-2.22201627021309,0.20175464359699014,-0.42049535640301006,76.0
"chatfield, davis",0.86,BD,30620,293.0,0.78,3.0,7.0,112,32.15,,0.0,0.5,-0.3,0.96,-1.73,-1.44,-2.26,-0.77,-3.03,18.0,3.0,Black Desert Resort,Bank of Utah Championship,2026-10-03 02:49:14 UTC,pga:R2026554,2.0,59006,,Davis Chatfield,48a2a44c56c09a1a8ce70b1ad92051cbb7f79775d01a9262a5bfaad37bbe6877,71.0,71.0,71.0,1.0,1.135552,1.857763,1.266742,-2.729056,1.531001,-0.827125,-0.750606,0.892441,-2.413717,-1.577731,-0.68529,-3.099007,field_mean_by_category_hole_v1,layout:9002a36d5717676c32bb871d,fe2ce7981b399f3c420a9ad952c34b58185f30f95b2d54dd6929297a43c93752,-0.1518788947368419,-0.8172210701754383,0.9011173793395038,-2.4081788886418463,-0.9690999649122802,-0.06798258557277648,-2.4761614742146225,validated_pga_2020_2024_plus_2026,0.0,18.0,71.0,"PROVISIONAL R3: current R2 scores assumed final; low 65 and ties (cut -6). Actual holes completed preserved. Missing R3 times generated 2026-10-03 09:20-11:30 America/Denver; better half tee 1 leaders last, lower half tee 10 worst last. Official individual times take precedence. Market coverage may be incomplete.",2026-10-02 09:03,,1.0,0.0,5.0,-2.31,-1.55,-0.13,-1.88,0.0401499999999999,-0.3750342061984339,-0.1299659912442123,-1.305,-0.29500000000000004,-0.7849999999999999,-2.07,2.0100000000000002,1.5,2026-10-02 09:03,0.4984312499999996,-0.0580304047457628,-0.4648501974426462,0.0,-3.4822542310383984,-0.031243202683615745,-0.058030404745762834,-3.10667764102513,-3.10667764102513,9.651445965245468,-29.983931383790303,0.0,-3.10667764102513,-0.04100814486153172,-0.019302891930490937,-0.06596464904433867,-0.07496749999999999,-0.0,-0.0,0.016284000000000003,0.0,-0.12627568583636134,-0.058683499999999986,-0.31492517708057366,0.33488420619843395,0.14992502036207256,71.0
"shelley, tyson",0.71,BD,31437,290.9,0.61,0.0,12.0,112,33.26,37.45,8.0,0.43,-4.02,-0.49,-6.99,-2.96,-3.55,-7.48,-11.03,18.0,3.0,Black Desert Resort,Bank of Utah Championship,2026-10-03 02:49:14 UTC,pga:R2026554,2.0,65546,,Tyson Shelley,48a2a44c56c09a1a8ce70b1ad92051cbb7f79775d01a9262a5bfaad37bbe6877,79.0,79.0,79.0,1.0,-0.937803,-1.395171,0.030841,-4.166867,-6.469,-2.90048,-4.00354,-0.34346,-3.851528,-6.90402,-7.24748,-11.099008,field_mean_by_category_hole_v1,layout:9002a36d5717676c32bb871d,fe2ce7981b399f3c420a9ad952c34b58185f30f95b2d54dd6929297a43c93752,-1.378233894736842,-3.0529330701754387,-0.2634055904701673,-3.407249006791805,-4.431166964912281,-4.694572555382448,-8.101821562174253,validated_pga_2020_2024_plus_2026,8.0,18.0,79.0,"PROVISIONAL R3: current R2 scores assumed final; low 65 and ties (cut -6). Actual holes completed preserved. Missing R3 times generated 2026-10-03 09:20-11:30 America/Denver; better half tee 1 leaders last, lower half tee 10 worst last. Official individual times take precedence. Market coverage may be incomplete.",2026-10-02 09:03,,1.0,5.0,4.0,1.14,1.21,0.44,-0.65,0.0939,0.2200191440506052,-3.37,-1.44,0.36,-1.26,-2.1,-5.159999999999999,2.5,2026-10-02 09:03,0.4984312499999996,-0.0580304047457628,-3.056080855949395,0.0,-11.482254231038398,-0.031243202683615745,-0.058030404745762834,-8.515446982518382,-8.515446982518382,72.51283731208142,-617.4792216830101,0.0,-8.515446982518382,-0.11240390016924265,-0.14502567462416283,-1.3584542877026222,-0.12033,-0.0,-0.0,-0.019871999999999997,-0.0,-0.5,-0.140202,-4.0102020000000005,-0.31391914405060506,-0.9541211440506054,79.0
"hojgaard, rasmus",0.79,BD,23838,300.4,0.72,2.0,7.0,112,26.39,34.74,2.0,0.86,-3.6,0.28,-5.44,-1.85,0.14,-5.17,-5.03,18.0,3.0,Black Desert Resort,Bank of Utah Championship,2026-10-03 02:49:14 UTC,pga:R2026554,2.0,52686,,Rasmus Højgaard,48a2a44c56c09a1a8ce70b1ad92051cbb7f79775d01a9262a5bfaad37bbe6877,73.0,73.0,73.0,1.0,0.251833,-1.401106,0.744519,-0.064248,-0.469002,-1.710844,-4.009475,0.370218,0.251091,-5.720319,-5.350101,-5.09901,field_mean_by_category_hole_v1,layout:9002a36d5717676c32bb871d,fe2ce7981b399f3c420a9ad952c34b58185f30f95b2d54dd6929297a43c93752,-1.035597894736842,-3.038590070175439,0.33790113527869936,0.1268314463272655,-4.074187964912281,-3.7362868296335816,-3.609455383306316,validated_pga_2020_2024_plus_2026,2.0,18.0,73.0,"PROVISIONAL R3: current R2 scores assumed final; low 65 and ties (cut -6). Actual holes completed preserved. Missing R3 times generated 2026-10-03 09:20-11:30 America/Denver; better half tee 1 leaders last, lower half tee 10 worst last. Official individual times take precedence. Market coverage may be incomplete.",2026-10-02 12:52,,1.0,5.0,7.0,-0.63,0.12,-3.83,0.47,-0.49285,-0.2662799291983611,0.3415803385442992,-2.115,0.2,-2.84,0.305,-2.97,3.5,2026-10-02 12:52,0.5989791666666667,0.0388987219209037,-0.4175495906540619,0.0,-5.482254231038398,0.06930471398305138,0.03889872192090366,-4.956501204480381,-4.956501204480381,24.56690419001547,-121.76589020816581,0.0,-4.956501204480381,-0.06542581589914104,-0.049133808380030945,-0.2678849584579648,-0.27122,0.0,-0.0,-0.011040000000000001,-0.0,-0.3824445827371368,-0.28226,-0.3231242441928376,0.7591299291983611,0.0944253464612243,73.0
"lingmerth, david",0.79,BD,14815,279.5,0.44,2.0,6.0,116,38.29,95.09,4.0,0.58,-4.56,-2.02,-7.02,-2.47,2.01,-9.04,-7.03,18.0,4.0,Black Desert Resort,Bank of Utah Championship,2026-10-03 02:49:14 UTC,pga:R2026554,2.0,34409,,David Lingmerth,48a2a44c56c09a1a8ce70b1ad92051cbb7f79775d01a9262a5bfaad37bbe6877,75.0,75.0,75.0,1.0,-0.608333,-1.967555,-1.500905,1.607792,-2.469001,-2.57101,-4.575924,-1.875206,1.923131,-7.146934,-9.02214,-7.099009,field_mean_by_category_hole_v1,layout:9002a36d5717676c32bb871d,fe2ce7981b399f3c420a9ad952c34b58185f30f95b2d54dd6929297a43c93752,-1.696763894736842,-3.6671220701754383,-1.8160289706195238,1.6376419881162931,-5.3638859649122805,-7.179914935531804,-5.542272947415511,validated_pga_2020_2024_plus_2026,4.0,18.0,75.0,"PROVISIONAL R3: current R2 scores assumed final; low 65 and ties (cut -6). Actual holes completed preserved. Missing R3 times generated 2026-10-03 09:20-11:30 America/Denver; better half tee 1 leaders last, lower half tee 10 worst last. Official individual times take precedence. Market coverage may be incomplete.",2026-10-02 08:52,,1.0,4.0,4.0,-2.79,0.53,0.38,-0.97,0.1097,-0.0806691093145962,-2.273996564309217,-3.675,-0.745,-1.0450000000000002,0.5199999999999999,-1.7699999999999996,3.0,2026-10-02 08:52,0.4888624999999996,-0.0581792114124295,-2.2449656736238133,0.0,-7.482254231038398,-0.04081195268361576,-0.058179211412429536,-5.336279721510631,-5.336279721510631,28.475881266205576,-151.9552677529973,0.0,-5.336279721510631,-0.07043889232394034,-0.05695176253241115,-0.3343015890565941,-0.09979750000000001,0.0,-0.0,0.041124,-0.0,-0.46169224391294555,-0.05867350000000001,-2.7943623082221625,-0.029030890685403765,-0.5493966345983492,75.0
"an, seonghyeon",0.86,BD,29351,317.6,0.61,4.0,8.0,116,25.85,,-1.0,0.45,-2.46,-2.09,-1.3,1.16,1.36,-3.39,-2.03,18.0,4.0,Black Desert Resort,Bank of Utah Championship,2026-10-03 02:49:14 UTC,pga:R2026554,2.0,62798,,Seonghyeon An,48a2a44c56c09a1a8ce70b1ad92051cbb7f79775d01a9262a5bfaad37bbe6877,70.0,70.0,70.0,1.0,3.556311,-0.445136,-1.509124,0.928946,2.530997,1.593634,-3.053505,-1.883425,1.244285,-1.459871,-3.343296,-2.099011,field_mean_by_category_hole_v1,layout:9002a36d5717676c32bb871d,fe2ce7981b399f3c420a9ad952c34b58185f30f95b2d54dd6929297a43c93752,2.268880105263158,-3.120120070175439,-1.7535238852781878,0.8634871670797258,-0.8512399649122808,-2.6047638501904684,-1.7412766831107427,validated_pga_2020_2024_plus_2026,-1.0,18.0,70.0,"PROVISIONAL R3: current R2 scores assumed final; low 65 and ties (cut -6). Actual holes completed preserved. Missing R3 times generated 2026-10-03 09:20-11:30 America/Denver; better half tee 1 leaders last, lower half tee 10 worst last. Official individual times take precedence. Market coverage may be incomplete.",2026-10-02 14:09,,1.0,3.0,7.0,-3.93,-0.08,-0.49,-3.36,0.1813,-0.4867874640547787,-3.0809021379899755,-3.1950000000000003,-1.085,0.33499999999999996,-0.9999999999999999,1.4700000000000002,3.5,2026-10-02 14:09,0.576295833333325,0.086271545254243,-3.3863896020447544,0.0,-2.4822542310383984,0.046621380649709665,0.08627154525424297,1.0370282969103086,1.0370282969103086,1.0754276885926952,1.1152489443514724,0.0,1.0370282969103086,0.013688773519216074,-0.0021508553771853907,0.002453547677573239,0.0319925,-0.0,-0.0,0.059891999999999994,0.0,0.013991465819603923,0.0918845,-2.9750261721703715,0.3054874640547789,0.4113634298743829,70.0
"snyder, matt",0.86,BD,27286,305.2,0.72,0.0,7.0,118,29.12,,5.0,0.12,-1.47,-1.02,-2.02,-0.56,-4.99,-3.04,-8.03,18.0,8.0,Black Desert Resort,Bank of Utah Championship,2026-10-03 02:49:14 UTC,pga:R2026554,2.0,46123,,Matt Snyder,48a2a44c56c09a1a8ce70b1ad92051cbb7f79775d01a9262a5bfaad37bbe6877,76.0,76.0,76.0,1.0,1.39,1.070411,-0.382161,-5.547247,-3.468997,-0.572677,-1.537958,-0.756462,-5.231908,-2.110635,-2.867097,-8.099005,field_mean_by_category_hole_v1,layout:9002a36d5717676c32bb871d,fe2ce7981b399f3c420a9ad952c34b58185f30f95b2d54dd6929297a43c93752,0.14706910526315786,-1.6045730701754388,-0.5959399601390254,-4.721320595986634,-1.457503964912281,-2.0534439250513064,-6.77476452103794,validated_pga_2020_2024_plus_2026,5.0,18.0,76.0,"PROVISIONAL R3: current R2 scores assumed final; low 65 and ties (cut -6). Actual holes completed preserved. Missing R3 times generated 2026-10-03 09:20-11:30 America/Denver; better half tee 1 leaders last, lower half tee 10 worst last. Official individual times take precedence. Market coverage may be incomplete.",2026-10-02 13:58,,1.0,5.0,8.0,-4.33,1.13,-2.04,-0.61,-0.1817,-0.2272159177391902,-3.4916524642435327,-2.9,0.05499999999999994,-1.3,-2.8000000000000003,2.8600000000000003,2.5,2026-10-02 13:58,0.5825791666666672,0.0781892069209033,-3.900568381982723,0.0,-8.482254231038398,0.052904713983051854,0.07818920692090325,-4.45059192815172,-4.45059192815172,19.807768510929247,-88.15629464943952,0.0,-4.45059192815172,-0.0587478134516027,-0.03961553702185849,-0.19394384822876695,-0.12415000000000001,-0.0,-0.0,-0.0030359999999999966,0.0,-0.29230719870222815,-0.127186,-3.911145662945761,0.40891591773919034,-0.010577280963037783,76.0
